{
  "type": "FeatureCollection",
  "generator": "overpass-turbo",
  "copyright": "The data included in this document is from www.openstreetmap.org. The data is made available under ODbL.",
  "timestamp": "2026-09-30T09:56:27Z",
  "features": [
    {
      "type": "Feature",
      "properties": {
        "@id": "way/28823166",
        "highway": "secondary",
        "lanes": "2",
        "name": "Làlana Pasitora Rahajason",
        "name:fr": "Rue du Pasteur Rahajason",
        "oneway": "yes",
        "ref": "N 1"
      },
      "geometry": {
        "type": "LineString",
        "coordinates": [
          [
            47.5131703,
            -18.9262915
          ],
          [
            47.5132364,
            -18.9261714
          ],
          [
            47.5133354,
            -18.9260642
          ],
          [
            47.5136509,
            -18.9257811
          ]
        ]
      },
      "id": "way/28823166"
    },
    {
      "type": "Feature",
      "properties": {
        "@id": "way/28823171",
        "highway": "secondary",
        "lanes": "2",
        "name": "Rue Ravoahangy Andrianavalona",
        "oneway": "yes",
        "ref": "N 1",
        "smoothness": "excellent",
        "surface": "asphalt"
      },
      "geometry": {
        "type": "LineString",
        "coordinates": [
          [
            47.5211723,
            -18.9184562
          ],
          [
            47.5211343,
            -18.9185714
          ],
          [
            47.5210927,
            -18.9186538
          ],
          [
            47.521038,
            -18.9187336
          ],
          [
            47.5209638,
            -18.9188033
          ],
          [
            47.5207614,
            -18.9189933
          ],
          [
            47.5203789,
            -18.9193522
          ],
          [
            47.5198977,
            -18.9198227
          ],
          [
            47.5196388,
            -18.9200623
          ],
          [
            47.519466,
            -18.9202041
          ],
          [
            47.5193748,
            -18.9202742
          ],
          [
            47.5190705,
            -18.9205137
          ],
          [
            47.5176628,
            -18.9218648
          ],
          [
            47.5173469,
            -18.9221437
          ]
        ]
      },
      "id": "way/28823171"
    },
    {
      "type": "Feature",
      "properties": {
        "@id": "way/28823189",
        "bridge": "yes",
        "highway": "secondary",
        "lanes": "2",
        "layer": "1",
        "oneway": "yes",
        "ref": "N 1"
      },
      "geometry": {
        "type": "LineString",
        "coordinates": [
          [
            47.5172384,
            -18.9222583
          ],
          [
            47.5170936,
            -18.9224069
          ]
        ]
      },
      "id": "way/28823189"
    },
    {
      "type": "Feature",
      "properties": {
        "@id": "way/28823190",
        "highway": "secondary",
        "lanes": "2",
        "oneway": "yes",
        "ref": "N 1"
      },
      "geometry": {
        "type": "LineString",
        "coordinates": [
          [
            47.5170936,
            -18.9224069
          ],
          [
            47.5170564,
            -18.9224436
          ],
          [
            47.5168572,
            -18.9226406
          ],
          [
            47.5166849,
            -18.9227478
          ]
        ]
      },
      "id": "way/28823190"
    },
    {
      "type": "Feature",
      "properties": {
        "@id": "way/28823191",
        "highway": "secondary",
        "lanes": "2",
        "name": "Rue Ravoahangy Andrianavalona",
        "oneway": "yes",
        "ref": "N 1",
        "smoothness": "excellent",
        "surface": "asphalt"
      },
      "geometry": {
        "type": "LineString",
        "coordinates": [
          [
            47.5173253,
            -18.9223598
          ],
          [
            47.5177616,
            -18.9219687
          ],
          [
            47.5182174,
            -18.9215561
          ],
          [
            47.5184409,
            -18.9213304
          ],
          [
            47.5185319,
            -18.9212413
          ],
          [
            47.5185354,
            -18.921238
          ],
          [
            47.5193786,
            -18.920459
          ],
          [
            47.5196916,
            -18.9201626
          ],
          [
            47.5200837,
            -18.9197945
          ],
          [
            47.5204688,
            -18.919433
          ],
          [
            47.5205242,
            -18.919381
          ]
        ]
      },
      "id": "way/28823191"
    },
    {
      "type": "Feature",
      "properties": {
        "@id": "way/28823193",
        "bridge": "yes",
        "highway": "secondary",
        "lanes": "2",
        "layer": "1",
        "oneway": "yes",
        "ref": "N 1"
      },
      "geometry": {
        "type": "LineString",
        "coordinates": [
          [
            47.5171123,
            -18.9225709
          ],
          [
            47.5172494,
            -18.922438
          ],
          [
            47.5173253,
            -18.9223598
          ]
        ]
      },
      "id": "way/28823193"
    },
    {
      "type": "Feature",
      "properties": {
        "@id": "way/28823195",
        "highway": "secondary",
        "lanes": "2",
        "name": "Avenue Rainibetsimisaraka",
        "oneway": "yes",
        "ref": "N 1"
      },
      "geometry": {
        "type": "LineString",
        "coordinates": [
          [
            47.5168023,
            -18.9228524
          ],
          [
            47.5169333,
            -18.9227219
          ],
          [
            47.5171123,
            -18.9225709
          ]
        ]
      },
      "id": "way/28823195"
    },
    {
      "type": "Feature",
      "properties": {
        "@id": "way/28823196",
        "highway": "secondary",
        "junction": "roundabout",
        "lanes": "2",
        "ref": "N 1"
      },
      "geometry": {
        "type": "LineString",
        "coordinates": [
          [
            47.5166849,
            -18.9227478
          ],
          [
            47.5166321,
            -18.9227467
          ],
          [
            47.516582,
            -18.9227627
          ],
          [
            47.5165487,
            -18.9227861
          ],
          [
            47.5165418,
            -18.9227952
          ],
          [
            47.5165178,
            -18.9228267
          ],
          [
            47.5165037,
            -18.9228749
          ],
          [
            47.5165085,
            -18.9229276
          ]
        ]
      },
      "id": "way/28823196"
    },
    {
      "type": "Feature",
      "properties": {
        "@id": "way/28823203",
        "highway": "secondary",
        "lanes": "2",
        "oneway": "yes",
        "ref": "N 1"
      },
      "geometry": {
        "type": "LineString",
        "coordinates": [
          [
            47.5165085,
            -18.9229276
          ],
          [
            47.5164157,
            -18.9230658
          ],
          [
            47.516384,
            -18.9230952
          ],
          [
            47.5162135,
            -18.9232534
          ],
          [
            47.5160228,
            -18.9234504
          ]
        ]
      },
      "id": "way/28823203"
    },
    {
      "type": "Feature",
      "properties": {
        "@id": "way/28823204",
        "highway": "secondary",
        "lanes": "2",
        "oneway": "yes",
        "ref": "N 1"
      },
      "geometry": {
        "type": "LineString",
        "coordinates": [
          [
            47.5160637,
            -18.923485
          ],
          [
            47.5162617,
            -18.923302
          ],
          [
            47.5164766,
            -18.923115
          ],
          [
            47.5166144,
            -18.9230277
          ]
        ]
      },
      "id": "way/28823204"
    },
    {
      "type": "Feature",
      "properties": {
        "@id": "way/28823205",
        "bridge": "yes",
        "highway": "secondary",
        "lanes": "1",
        "layer": "1",
        "oneway": "yes",
        "ref": "N 1"
      },
      "geometry": {
        "type": "LineString",
        "coordinates": [
          [
            47.5156569,
            -18.9238562
          ],
          [
            47.5157216,
            -18.9237931
          ]
        ]
      },
      "id": "way/28823205"
    },
    {
      "type": "Feature",
      "properties": {
        "@id": "way/28823206",
        "highway": "secondary",
        "lanes": "1",
        "name": "Làlana Pasitora Rahajason",
        "name:fr": "Rue du Pasteur Rahajason",
        "oneway": "yes",
        "ref": "N 1",
        "smoothness": "excellent",
        "surface": "asphalt",
        "width": "4.75 m"
      },
      "geometry": {
        "type": "LineString",
        "coordinates": [
          [
            47.5156279,
            -18.923823
          ],
          [
            47.5136099,
            -18.9257347
          ]
        ]
      },
      "id": "way/28823206"
    },
    {
      "type": "Feature",
      "properties": {
        "@id": "way/28823207",
        "bridge": "yes",
        "highway": "secondary",
        "lanes": "1",
        "layer": "1",
        "oneway": "yes",
        "ref": "N 1"
      },
      "geometry": {
        "type": "LineString",
        "coordinates": [
          [
            47.5157009,
            -18.9237555
          ],
          [
            47.5156279,
            -18.923823
          ]
        ]
      },
      "id": "way/28823207"
    },
    {
      "type": "Feature",
      "properties": {
        "@id": "way/28823311",
        "highway": "secondary",
        "ref": "N 1",
        "smoothness": "excellent",
        "surface": "asphalt"
      },
      "geometry": {
        "type": "LineString",
        "coordinates": [
          [
            46.7163362,
            -18.9745548
          ],
          [
            46.7164927,
            -18.9745974
          ],
          [
            46.7174288,
            -18.9748567
          ],
          [
            46.717689,
            -18.9748821
          ],
          [
            46.717862,
            -18.9748338
          ],
          [
            46.7180471,
            -18.9746854
          ],
          [
            46.7192728,
            -18.972825
          ],
          [
            46.7196315,
            -18.9722718
          ],
          [
            46.7201207,
            -18.9715713
          ],
          [
            46.720452,
            -18.971097
          ],
          [
            46.7208127,
            -18.9706087
          ],
          [
            46.7209818,
            -18.970487
          ],
          [
            46.7211641,
            -18.9704349
          ],
          [
            46.721368,
            -18.9703766
          ],
          [
            46.7218175,
            -18.9703127
          ],
          [
            46.7225418,
            -18.9702194
          ],
          [
            46.7229263,
            -18.9701597
          ],
          [
            46.7240006,
            -18.9700596
          ],
          [
            46.7260525,
            -18.9697666
          ],
          [
            46.7274352,
            -18.9695719
          ],
          [
            46.7278462,
            -18.9695177
          ],
          [
            46.730358,
            -18.9691571
          ],
          [
            46.7335117,
            -18.9687469
          ],
          [
            46.733847,
            -18.9686923
          ],
          [
            46.7344733,
            -18.9685795
          ],
          [
            46.7348059,
            -18.968497
          ],
          [
            46.7350338,
            -18.9684362
          ],
          [
            46.7352337,
            -18.968374
          ],
          [
            46.7355032,
            -18.9682586
          ],
          [
            46.7358077,
            -18.9681406
          ],
          [
            46.7366901,
            -18.9677817
          ],
          [
            46.7369328,
            -18.9677082
          ],
          [
            46.737362,
            -18.967608
          ],
          [
            46.737531,
            -18.9675864
          ],
          [
            46.7380366,
            -18.9675458
          ],
          [
            46.7382659,
            -18.9675572
          ],
          [
            46.7386146,
            -18.9675966
          ],
          [
            46.7388721,
            -18.9676283
          ],
          [
            46.7416636,
            -18.9682865
          ],
          [
            46.7417371,
            -18.9683046
          ],
          [
            46.7440461,
            -18.9688737
          ],
          [
            46.7445034,
            -18.968965
          ],
          [
            46.7448799,
            -18.9690025
          ],
          [
            46.7452329,
            -18.9690043
          ],
          [
            46.7455696,
            -18.9689714
          ],
          [
            46.7458457,
            -18.9689262
          ],
          [
            46.7461181,
            -18.9688762
          ],
          [
            46.7469066,
            -18.9686365
          ],
          [
            46.7477851,
            -18.9683626
          ],
          [
            46.7509983,
            -18.967348
          ],
          [
            46.7513028,
            -18.967263
          ],
          [
            46.7518312,
            -18.9671514
          ],
          [
            46.7521772,
            -18.9670981
          ],
          [
            46.7524239,
            -18.9670829
          ],
          [
            46.7526962,
            -18.9670702
          ],
          [
            46.7530382,
            -18.9671222
          ],
          [
            46.7531119,
            -18.9671273
          ],
          [
            46.7532554,
            -18.9671476
          ],
          [
            46.753812,
            -18.9672985
          ],
          [
            46.753934,
            -18.9673391
          ],
          [
            46.7551477,
            -18.9678819
          ],
          [
            46.7555983,
            -18.9680734
          ],
          [
            46.7558384,
            -18.9681571
          ],
          [
            46.756002,
            -18.9681989
          ],
          [
            46.7561616,
            -18.9682396
          ],
          [
            46.7564043,
            -18.9682738
          ],
          [
            46.7567289,
            -18.9683157
          ],
          [
            46.7569891,
            -18.968322
          ],
          [
            46.7576864,
            -18.9683753
          ],
          [
            46.7597343,
            -18.9684983
          ],
          [
            46.7600857,
            -18.968511
          ],
          [
            46.7602976,
            -18.9684856
          ],
          [
            46.7605188,
            -18.9684653
          ],
          [
            46.7606261,
            -18.9684412
          ],
          [
            46.7607596,
            -18.9684133
          ],
          [
            46.7609259,
            -18.9683423
          ],
          [
            46.7610814,
            -18.9682744
          ],
          [
            46.7612632,
            -18.9681787
          ],
          [
            46.7620171,
            -18.9676853
          ]
        ]
      },
      "id": "way/28823311"
    },
    {
      "type": "Feature",
      "properties": {
        "@id": "way/28823370",
        "bridge": "yes",
        "highway": "secondary",
        "lane_markings": "no",
        "layer": "1",
        "maxweight:signed": "no",
        "ref": "N 1",
        "smoothness": "excellent",
        "surface": "asphalt"
      },
      "geometry": {
        "type": "LineString",
        "coordinates": [
          [
            47.4101512,
            -18.9397194
          ],
          [
            47.4106061,
            -18.9399142
          ]
        ]
      },
      "id": "way/28823370"
    },
    {
      "type": "Feature",
      "properties": {
        "@id": "way/28823372",
        "highway": "secondary",
        "lane_markings": "no",
        "ref": "N 1",
        "smoothness": "excellent",
        "surface": "asphalt"
      },
      "geometry": {
        "type": "LineString",
        "coordinates": [
          [
            47.4170376,
            -18.9411049
          ],
          [
            47.4179757,
            -18.9408982
          ],
          [
            47.4180584,
            -18.9408894
          ],
          [
            47.4181462,
            -18.9408881
          ],
          [
            47.4182227,
            -18.9408888
          ],
          [
            47.4182866,
            -18.9408969
          ],
          [
            47.41834,
            -18.9409052
          ],
          [
            47.418403,
            -18.9409224
          ],
          [
            47.4185217,
            -18.9409744
          ],
          [
            47.4187504,
            -18.9410632
          ],
          [
            47.418977,
            -18.9411558
          ],
          [
            47.4190903,
            -18.9412008
          ],
          [
            47.4192378,
            -18.9412433
          ],
          [
            47.4193009,
            -18.9412477
          ],
          [
            47.4193993,
            -18.9412432
          ],
          [
            47.4196076,
            -18.9412299
          ],
          [
            47.4215004,
            -18.9408586
          ],
          [
            47.4218651,
            -18.9407434
          ],
          [
            47.4222775,
            -18.9405614
          ],
          [
            47.422557,
            -18.9404415
          ],
          [
            47.4229111,
            -18.940294
          ],
          [
            47.4231277,
            -18.9402336
          ],
          [
            47.4233347,
            -18.9401942
          ],
          [
            47.4236959,
            -18.9401275
          ],
          [
            47.4241071,
            -18.940078
          ],
          [
            47.4244004,
            -18.9400522
          ],
          [
            47.4246858,
            -18.9400454
          ],
          [
            47.4248303,
            -18.9400293
          ],
          [
            47.4249141,
            -18.9400071
          ],
          [
            47.4250031,
            -18.9399723
          ],
          [
            47.4251274,
            -18.9399024
          ]
        ]
      },
      "id": "way/28823372"
    },
    {
      "type": "Feature",
      "properties": {
        "@id": "way/28823400",
        "highway": "secondary",
        "lane_markings": "no",
        "ref": "N 1",
        "smoothness": "excellent",
        "surface": "asphalt"
      },
      "geometry": {
        "type": "LineString",
        "coordinates": [
          [
            47.4251274,
            -18.9399024
          ],
          [
            47.4252582,
            -18.9397894
          ],
          [
            47.4255008,
            -18.9396019
          ],
          [
            47.4257346,
            -18.9393892
          ],
          [
            47.425767,
            -18.9393545
          ],
          [
            47.4257945,
            -18.9393158
          ],
          [
            47.4258187,
            -18.9392454
          ],
          [
            47.42582,
            -18.9391775
          ],
          [
            47.4258193,
            -18.9391097
          ],
          [
            47.4258189,
            -18.9390648
          ],
          [
            47.4257751,
            -18.9387412
          ],
          [
            47.4257509,
            -18.9385801
          ],
          [
            47.4257403,
            -18.9384146
          ],
          [
            47.4257483,
            -18.9383283
          ],
          [
            47.4257717,
            -18.9382528
          ],
          [
            47.4258133,
            -18.9381685
          ],
          [
            47.4258596,
            -18.938097
          ],
          [
            47.4259011,
            -18.9380549
          ],
          [
            47.4259441,
            -18.9380238
          ],
          [
            47.4260084,
            -18.9379845
          ],
          [
            47.4261112,
            -18.9379333
          ],
          [
            47.4262813,
            -18.9378488
          ],
          [
            47.4265416,
            -18.9377192
          ],
          [
            47.4268065,
            -18.9375629
          ],
          [
            47.4269425,
            -18.9374657
          ],
          [
            47.4270847,
            -18.9373427
          ],
          [
            47.4273434,
            -18.9371692
          ],
          [
            47.4274226,
            -18.9371378
          ],
          [
            47.4275199,
            -18.9371232
          ],
          [
            47.4275688,
            -18.9371226
          ],
          [
            47.4276206,
            -18.9371278
          ],
          [
            47.4276949,
            -18.9371448
          ],
          [
            47.4277659,
            -18.9371809
          ],
          [
            47.4278263,
            -18.9372196
          ],
          [
            47.4278818,
            -18.9372654
          ],
          [
            47.4280764,
            -18.937441
          ],
          [
            47.4282838,
            -18.9376214
          ],
          [
            47.428356,
            -18.9376636
          ],
          [
            47.4284003,
            -18.9376839
          ],
          [
            47.4284479,
            -18.9376966
          ],
          [
            47.4284922,
            -18.9376978
          ],
          [
            47.4285398,
            -18.9377004
          ],
          [
            47.4285874,
            -18.937701
          ],
          [
            47.4286353,
            -18.9376938
          ],
          [
            47.4287,
            -18.9376871
          ],
          [
            47.4287678,
            -18.9376623
          ],
          [
            47.4288422,
            -18.9376217
          ],
          [
            47.4289119,
            -18.9375729
          ],
          [
            47.4289644,
            -18.9375183
          ],
          [
            47.4290024,
            -18.9374651
          ],
          [
            47.429034,
            -18.9373826
          ],
          [
            47.4290574,
            -18.9372729
          ],
          [
            47.4290889,
            -18.9371467
          ],
          [
            47.4291118,
            -18.9370229
          ],
          [
            47.4291359,
            -18.9368416
          ],
          [
            47.4291714,
            -18.9366304
          ],
          [
            47.4292431,
            -18.9363401
          ],
          [
            47.4292559,
            -18.9363069
          ],
          [
            47.429272,
            -18.9362822
          ],
          [
            47.4293049,
            -18.9362314
          ],
          [
            47.4293471,
            -18.9361883
          ],
          [
            47.4294263,
            -18.936127
          ],
          [
            47.4294993,
            -18.936083
          ],
          [
            47.429551,
            -18.9360557
          ],
          [
            47.4295876,
            -18.9360436
          ],
          [
            47.4297018,
            -18.9360069
          ],
          [
            47.4298134,
            -18.9359784
          ],
          [
            47.4316867,
            -18.9355021
          ],
          [
            47.4324065,
            -18.9352512
          ]
        ]
      },
      "id": "way/28823400"
    },
    {
      "type": "Feature",
      "properties": {
        "@id": "way/28823406",
        "bridge": "yes",
        "highway": "secondary",
        "lane_markings": "no",
        "layer": "1",
        "maxweight:signed": "no",
        "ref": "N 1",
        "smoothness": "excellent",
        "surface": "asphalt"
      },
      "geometry": {
        "type": "LineString",
        "coordinates": [
          [
            47.439984,
            -18.9315064
          ],
          [
            47.4402316,
            -18.9316094
          ]
        ]
      },
      "id": "way/28823406"
    },
    {
      "type": "Feature",
      "properties": {
        "@id": "way/28823407",
        "highway": "secondary",
        "lane_markings": "no",
        "ref": "N 1",
        "smoothness": "excellent",
        "surface": "asphalt"
      },
      "geometry": {
        "type": "LineString",
        "coordinates": [
          [
            47.4786863,
            -18.9366829
          ],
          [
            47.4786582,
            -18.9367341
          ]
        ]
      },
      "id": "way/28823407"
    },
    {
      "type": "Feature",
      "properties": {
        "@id": "way/28823413",
        "highway": "secondary",
        "lane_markings": "no",
        "ref": "N 1",
        "surface": "asphalt"
      },
      "geometry": {
        "type": "LineString",
        "coordinates": [
          [
            47.4790248,
            -18.93601
          ],
          [
            47.4791136,
            -18.9358894
          ],
          [
            47.4792864,
            -18.9356678
          ],
          [
            47.479456,
            -18.9354824
          ],
          [
            47.4795972,
            -18.9353781
          ],
          [
            47.4799099,
            -18.9354148
          ],
          [
            47.4808623,
            -18.9359345
          ],
          [
            47.48091,
            -18.9359605
          ],
          [
            47.4809753,
            -18.9360123
          ],
          [
            47.4810872,
            -18.9361011
          ],
          [
            47.4819743,
            -18.9368048
          ],
          [
            47.4824034,
            -18.9369672
          ],
          [
            47.482824,
            -18.9371052
          ],
          [
            47.4843518,
            -18.9374462
          ],
          [
            47.4847981,
            -18.937568
          ],
          [
            47.4853731,
            -18.9378184
          ],
          [
            47.4854504,
            -18.9378521
          ]
        ]
      },
      "id": "way/28823413"
    },
    {
      "type": "Feature",
      "properties": {
        "@id": "way/28823414",
        "bridge": "yes",
        "highway": "secondary",
        "lane_markings": "no",
        "layer": "1",
        "maxweight:signed": "no",
        "name": "Pont Ampitatafika",
        "ref": "N 1",
        "smoothness": "excellent",
        "surface": "asphalt"
      },
      "geometry": {
        "type": "LineString",
        "coordinates": [
          [
            47.4786863,
            -18.9366829
          ],
          [
            47.4790078,
            -18.9360439
          ],
          [
            47.4790248,
            -18.93601
          ]
        ]
      },
      "id": "way/28823414"
    },
    {
      "type": "Feature",
      "properties": {
        "@id": "way/28823429",
        "highway": "secondary",
        "lane_markings": "no",
        "ref": "N 1",
        "smoothness": "good",
        "surface": "asphalt"
      },
      "geometry": {
        "type": "LineString",
        "coordinates": [
          [
            47.4917708,
            -18.9393241
          ],
          [
            47.492632,
            -18.9391091
          ],
          [
            47.4950663,
            -18.9384874
          ],
          [
            47.4951585,
            -18.9384645
          ],
          [
            47.4952012,
            -18.9384539
          ],
          [
            47.4956739,
            -18.9383367
          ],
          [
            47.4956825,
            -18.9383345
          ],
          [
            47.4959157,
            -18.9382739
          ]
        ]
      },
      "id": "way/28823429"
    },
    {
      "type": "Feature",
      "properties": {
        "@id": "way/28823439",
        "bridge": "yes",
        "highway": "secondary",
        "lane_markings": "no",
        "layer": "1",
        "maxweight:signed": "no",
        "ref": "N 1",
        "smoothness": "excellent",
        "surface": "asphalt"
      },
      "geometry": {
        "type": "LineString",
        "coordinates": [
          [
            47.4983788,
            -18.9379336
          ],
          [
            47.4987711,
            -18.937884
          ]
        ]
      },
      "id": "way/28823439"
    },
    {
      "type": "Feature",
      "properties": {
        "@id": "way/28823449",
        "highway": "secondary",
        "lane_markings": "no",
        "oneway": "yes",
        "ref": "N 1",
        "surface": "asphalt"
      },
      "geometry": {
        "type": "LineString",
        "coordinates": [
          [
            47.4993776,
            -18.9378144
          ],
          [
            47.4994876,
            -18.9377955
          ],
          [
            47.4995979,
            -18.9377931
          ],
          [
            47.4997056,
            -18.9378009
          ]
        ]
      },
      "id": "way/28823449"
    },
    {
      "type": "Feature",
      "properties": {
        "@id": "way/28823463",
        "highway": "secondary",
        "lane_markings": "no",
        "oneway": "yes",
        "ref": "N 1",
        "surface": "asphalt"
      },
      "geometry": {
        "type": "LineString",
        "coordinates": [
          [
            47.4996439,
            -18.9376541
          ],
          [
            47.4995735,
            -18.9377284
          ],
          [
            47.4994812,
            -18.9377801
          ],
          [
            47.4993776,
            -18.9378144
          ]
        ]
      },
      "id": "way/28823463"
    },
    {
      "type": "Feature",
      "properties": {
        "@id": "way/28823519",
        "highway": "secondary",
        "lanes": "2",
        "name": "Làlana Pasitora Rahajason",
        "name:fr": "Rue du Pasteur Rahajason",
        "oneway": "yes",
        "ref": "N 1",
        "surface": "asphalt"
      },
      "geometry": {
        "type": "LineString",
        "coordinates": [
          [
            47.5000394,
            -18.9377514
          ],
          [
            47.5001986,
            -18.9377188
          ],
          [
            47.5003629,
            -18.9376861
          ],
          [
            47.5005519,
            -18.9376539
          ],
          [
            47.5007615,
            -18.9375845
          ],
          [
            47.5009152,
            -18.9375334
          ],
          [
            47.5009431,
            -18.9375241
          ],
          [
            47.50117,
            -18.937411
          ],
          [
            47.5013971,
            -18.9372125
          ],
          [
            47.5017419,
            -18.9369487
          ],
          [
            47.501762,
            -18.9369307
          ],
          [
            47.5028108,
            -18.9359528
          ],
          [
            47.5029147,
            -18.9358595
          ]
        ]
      },
      "id": "way/28823519"
    },
    {
      "type": "Feature",
      "properties": {
        "@id": "way/28823520",
        "highway": "secondary",
        "lanes": "2",
        "name": "Làlana Pasitora Rahajason",
        "name:fr": "Rue du Pasteur Rahajason",
        "oneway": "yes",
        "ref": "N 1",
        "surface": "asphalt"
      },
      "geometry": {
        "type": "LineString",
        "coordinates": [
          [
            47.5052256,
            -18.9335595
          ],
          [
            47.5050696,
            -18.9337515
          ],
          [
            47.5049191,
            -18.9338972
          ]
        ]
      },
      "id": "way/28823520"
    },
    {
      "type": "Feature",
      "properties": {
        "@id": "way/28823528",
        "highway": "secondary",
        "junction": "roundabout",
        "lanes": "2",
        "ref": "N 1",
        "surface": "asphalt"
      },
      "geometry": {
        "type": "LineString",
        "coordinates": [
          [
            47.5054108,
            -18.9333818
          ],
          [
            47.5053652,
            -18.9333759
          ],
          [
            47.5053198,
            -18.9333834
          ],
          [
            47.505279,
            -18.9334036
          ],
          [
            47.5052467,
            -18.9334346
          ],
          [
            47.5052259,
            -18.9334735
          ],
          [
            47.5052187,
            -18.9335165
          ],
          [
            47.5052256,
            -18.9335595
          ]
        ]
      },
      "id": "way/28823528"
    },
    {
      "type": "Feature",
      "properties": {
        "@id": "way/28823535",
        "highway": "secondary",
        "lanes": "1",
        "name": "Làlana Pasitora Rahajason",
        "name:fr": "Rue du Pasteur Rahajason",
        "oneway": "yes",
        "ref": "N 1"
      },
      "geometry": {
        "type": "LineString",
        "coordinates": [
          [
            47.5059001,
            -18.9330642
          ],
          [
            47.5059417,
            -18.9330227
          ],
          [
            47.5080991,
            -18.9309875
          ],
          [
            47.5087197,
            -18.9303956
          ]
        ]
      },
      "id": "way/28823535"
    },
    {
      "type": "Feature",
      "properties": {
        "@id": "way/28823540",
        "highway": "secondary",
        "junction": "roundabout",
        "lanes": "2",
        "ref": "N 1",
        "surface": "asphalt"
      },
      "geometry": {
        "type": "LineString",
        "coordinates": [
          [
            47.5092334,
            -18.9297024
          ],
          [
            47.5091813,
            -18.9297133
          ],
          [
            47.5091362,
            -18.9297403
          ],
          [
            47.5091037,
            -18.9297804
          ],
          [
            47.5090876,
            -18.9298285
          ],
          [
            47.5090899,
            -18.9298789
          ]
        ]
      },
      "id": "way/28823540"
    },
    {
      "type": "Feature",
      "properties": {
        "@id": "way/28823541",
        "highway": "secondary",
        "lanes": "2",
        "name": "Làlana Pasitora Rahajason",
        "name:fr": "Rue du Pasteur Rahajason",
        "oneway": "yes",
        "ref": "N 1",
        "surface": "asphalt"
      },
      "geometry": {
        "type": "LineString",
        "coordinates": [
          [
            47.5090899,
            -18.9298789
          ],
          [
            47.5090295,
            -18.9299464
          ],
          [
            47.5086921,
            -18.9303662
          ]
        ]
      },
      "id": "way/28823541"
    },
    {
      "type": "Feature",
      "properties": {
        "@id": "way/28823560",
        "highway": "secondary",
        "lanes": "1",
        "name": "Làlana Pasitora Rahajason",
        "name:fr": "Rue du Pasteur Rahajason",
        "oneway": "yes",
        "ref": "N 1",
        "surface": "asphalt"
      },
      "geometry": {
        "type": "LineString",
        "coordinates": [
          [
            47.5097979,
            -18.9293611
          ],
          [
            47.5101243,
            -18.9290683
          ],
          [
            47.5124492,
            -18.9268799
          ],
          [
            47.5125702,
            -18.9267706
          ]
        ]
      },
      "id": "way/28823560"
    },
    {
      "type": "Feature",
      "properties": {
        "@id": "way/28823563",
        "highway": "secondary",
        "lanes": "1",
        "name": "Làlana Pasitora Rahajason",
        "name:fr": "Rue du Pasteur Rahajason",
        "oneway": "yes",
        "ref": "N 1",
        "surface": "asphalt"
      },
      "geometry": {
        "type": "LineString",
        "coordinates": [
          [
            47.5125222,
            -18.9267356
          ],
          [
            47.5123872,
            -18.9268745
          ],
          [
            47.5119295,
            -18.9273015
          ],
          [
            47.509738,
            -18.929338
          ]
        ]
      },
      "id": "way/28823563"
    },
    {
      "type": "Feature",
      "properties": {
        "@id": "way/30443312",
        "highway": "secondary",
        "ref": "N 1",
        "surface": "asphalt"
      },
      "geometry": {
        "type": "LineString",
        "coordinates": [
          [
            46.7163362,
            -18.9745548
          ],
          [
            46.7155709,
            -18.9743592
          ],
          [
            46.7154899,
            -18.97435
          ],
          [
            46.7153847,
            -18.9743432
          ],
          [
            46.7153022,
            -18.9743488
          ],
          [
            46.7152141,
            -18.9743982
          ],
          [
            46.7151466,
            -18.9744807
          ],
          [
            46.7150866,
            -18.9745882
          ],
          [
            46.7147804,
            -18.9753105
          ],
          [
            46.7144269,
            -18.9761337
          ],
          [
            46.7142347,
            -18.9763456
          ],
          [
            46.7140784,
            -18.976461
          ],
          [
            46.7139249,
            -18.9765337
          ],
          [
            46.7138123,
            -18.9765513
          ],
          [
            46.7136421,
            -18.9765663
          ],
          [
            46.7134836,
            -18.976558
          ],
          [
            46.7133198,
            -18.9765248
          ],
          [
            46.7131634,
            -18.9764678
          ],
          [
            46.7129434,
            -18.9763303
          ],
          [
            46.7124654,
            -18.9759008
          ],
          [
            46.7120528,
            -18.9755234
          ],
          [
            46.7118884,
            -18.9753559
          ],
          [
            46.7117668,
            -18.9751588
          ],
          [
            46.7116839,
            -18.9749499
          ],
          [
            46.7116034,
            -18.9746633
          ],
          [
            46.7114751,
            -18.9741487
          ],
          [
            46.7114417,
            -18.9740457
          ],
          [
            46.7112766,
            -18.9733724
          ],
          [
            46.711234,
            -18.9731551
          ],
          [
            46.7111531,
            -18.9724508
          ],
          [
            46.7111438,
            -18.9723696
          ],
          [
            46.7111215,
            -18.9721752
          ],
          [
            46.7110902,
            -18.9719026
          ],
          [
            46.7110436,
            -18.971497
          ],
          [
            46.710865,
            -18.970818
          ],
          [
            46.7106424,
            -18.9705255
          ],
          [
            46.709953,
            -18.9696199
          ],
          [
            46.7095649,
            -18.9691833
          ],
          [
            46.7090221,
            -18.9680853
          ],
          [
            46.7085397,
            -18.9671098
          ],
          [
            46.7075328,
            -18.9650909
          ],
          [
            46.7067869,
            -18.9636808
          ],
          [
            46.7060592,
            -18.9629893
          ],
          [
            46.7041154,
            -18.9618442
          ],
          [
            46.7026544,
            -18.9610158
          ],
          [
            46.701445,
            -18.9606913
          ],
          [
            46.7002659,
            -18.9606053
          ],
          [
            46.6964169,
            -18.9608798
          ],
          [
            46.6927632,
            -18.96136
          ],
          [
            46.689474,
            -18.9618125
          ],
          [
            46.688752,
            -18.9618848
          ],
          [
            46.6880927,
            -18.9618556
          ],
          [
            46.6874335,
            -18.9618214
          ]
        ]
      },
      "id": "way/30443312"
    },
    {
      "type": "Feature",
      "properties": {
        "@id": "way/30444044",
        "highway": "tertiary",
        "maxspeed": "20",
        "ref": "N 1",
        "smoothness": "very_bad",
        "surface": "unpaved"
      },
      "geometry": {
        "type": "LineString",
        "coordinates": [
          [
            46.6874335,
            -18.9618214
          ],
          [
            46.6869991,
            -18.9614177
          ],
          [
            46.6859912,
            -18.9603268
          ],
          [
            46.6858364,
            -18.9600602
          ],
          [
            46.6853011,
            -18.958995
          ],
          [
            46.6852305,
            -18.9588559
          ],
          [
            46.6851048,
            -18.9587091
          ],
          [
            46.6837227,
            -18.9581126
          ],
          [
            46.6822954,
            -18.9575339
          ],
          [
            46.681282,
            -18.9573
          ],
          [
            46.6804364,
            -18.957142
          ],
          [
            46.6792465,
            -18.9570346
          ],
          [
            46.6787859,
            -18.9569631
          ],
          [
            46.6780821,
            -18.9567249
          ],
          [
            46.676617,
            -18.956051
          ],
          [
            46.676048,
            -18.955517
          ],
          [
            46.6746285,
            -18.9549568
          ],
          [
            46.6745729,
            -18.9548452
          ],
          [
            46.674559,
            -18.9546904
          ],
          [
            46.6745592,
            -18.9541765
          ],
          [
            46.6745429,
            -18.9540384
          ],
          [
            46.6744982,
            -18.9539046
          ],
          [
            46.6744222,
            -18.9538264
          ],
          [
            46.6742981,
            -18.9537902
          ],
          [
            46.673836,
            -18.9538753
          ],
          [
            46.6737075,
            -18.9538796
          ],
          [
            46.6735503,
            -18.9538404
          ],
          [
            46.672799,
            -18.9534561
          ],
          [
            46.6726045,
            -18.953414
          ],
          [
            46.6721562,
            -18.9534327
          ],
          [
            46.6717005,
            -18.953421
          ],
          [
            46.671549,
            -18.9533742
          ],
          [
            46.6715182,
            -18.9533022
          ],
          [
            46.6715281,
            -18.9531858
          ],
          [
            46.6715749,
            -18.9531065
          ],
          [
            46.6716882,
            -18.9529994
          ],
          [
            46.6716929,
            -18.9529008
          ],
          [
            46.6716723,
            -18.9528601
          ],
          [
            46.6715722,
            -18.9527868
          ],
          [
            46.6714599,
            -18.95273
          ],
          [
            46.6713444,
            -18.9526977
          ],
          [
            46.6704976,
            -18.9529212
          ],
          [
            46.668949,
            -18.952749
          ],
          [
            46.6680085,
            -18.9531168
          ],
          [
            46.6678493,
            -18.9531195
          ],
          [
            46.667199,
            -18.9529518
          ]
        ]
      },
      "id": "way/30444044"
    },
    {
      "type": "Feature",
      "properties": {
        "@id": "way/71080591",
        "highway": "secondary",
        "lanes": "1",
        "name": "Làlana Pasitora Rahajason",
        "name:fr": "Rue du Pasteur Rahajason",
        "oneway": "yes",
        "ref": "N 1",
        "surface": "asphalt"
      },
      "geometry": {
        "type": "LineString",
        "coordinates": [
          [
            47.503498,
            -18.9353194
          ],
          [
            47.5042739,
            -18.9345899
          ],
          [
            47.5045547,
            -18.9343298
          ],
          [
            47.5048137,
            -18.9340852
          ],
          [
            47.5049901,
            -18.9339228
          ]
        ]
      },
      "id": "way/71080591"
    },
    {
      "type": "Feature",
      "properties": {
        "@id": "way/71080592",
        "highway": "secondary",
        "lanes": "2",
        "name": "Làlana Pasitora Rahajason",
        "name:fr": "Rue du Pasteur Rahajason",
        "oneway": "yes",
        "ref": "N 1",
        "surface": "asphalt"
      },
      "geometry": {
        "type": "LineString",
        "coordinates": [
          [
            47.50206,
            -18.9365247
          ],
          [
            47.5016979,
            -18.9368688
          ],
          [
            47.501346,
            -18.9371378
          ],
          [
            47.5010746,
            -18.9373301
          ],
          [
            47.5008769,
            -18.937442
          ],
          [
            47.5007087,
            -18.9375058
          ],
          [
            47.500497,
            -18.9375707
          ],
          [
            47.5003403,
            -18.937595
          ],
          [
            47.5001816,
            -18.9375831
          ],
          [
            47.5000168,
            -18.9375363
          ]
        ]
      },
      "id": "way/71080592"
    },
    {
      "type": "Feature",
      "properties": {
        "@id": "way/169765977",
        "highway": "secondary",
        "ref": "N 1",
        "smoothness": "excellent"
      },
      "geometry": {
        "type": "LineString",
        "coordinates": [
          [
            47.1066522,
            -18.9972536
          ],
          [
            47.1074231,
            -18.9975346
          ],
          [
            47.1076514,
            -18.9976404
          ],
          [
            47.1078926,
            -18.9977952
          ],
          [
            47.1080778,
            -18.9979825
          ],
          [
            47.1082673,
            -18.9982147
          ],
          [
            47.1086808,
            -18.9988296
          ],
          [
            47.108866,
            -18.9990821
          ],
          [
            47.109077,
            -18.9992857
          ],
          [
            47.1092967,
            -18.9994951
          ],
          [
            47.1095637,
            -18.9996255
          ],
          [
            47.109848,
            -18.9997232
          ],
          [
            47.110227,
            -18.9997843
          ],
          [
            47.1105802,
            -18.9998087
          ],
          [
            47.1114459,
            -18.9997558
          ],
          [
            47.1116785,
            -18.9997761
          ],
          [
            47.1139567,
            -19.0004133
          ],
          [
            47.115515,
            -19.0007937
          ],
          [
            47.1159151,
            -19.0009447
          ],
          [
            47.1161452,
            -19.001074
          ],
          [
            47.1163691,
            -19.0012269
          ],
          [
            47.1165681,
            -19.0014269
          ],
          [
            47.1167732,
            -19.0016774
          ],
          [
            47.1168414,
            -19.0018105
          ],
          [
            47.1169073,
            -19.001939
          ],
          [
            47.1169967,
            -19.002249
          ],
          [
            47.1171053,
            -19.0030884
          ],
          [
            47.1172279,
            -19.0043554
          ],
          [
            47.1172901,
            -19.0047436
          ],
          [
            47.117371,
            -19.0051258
          ],
          [
            47.1174954,
            -19.0054433
          ],
          [
            47.1176503,
            -19.0057374
          ],
          [
            47.1178369,
            -19.0059785
          ],
          [
            47.1180789,
            -19.0062154
          ],
          [
            47.1184091,
            -19.0064489
          ],
          [
            47.1188675,
            -19.0066914
          ],
          [
            47.1195183,
            -19.0070071
          ],
          [
            47.1198127,
            -19.007098
          ],
          [
            47.1201902,
            -19.0071617
          ],
          [
            47.1205764,
            -19.0071284
          ],
          [
            47.1208964,
            -19.0070297
          ],
          [
            47.1212756,
            -19.0068517
          ],
          [
            47.1232346,
            -19.0056834
          ],
          [
            47.1233794,
            -19.005597
          ],
          [
            47.1237028,
            -19.0053559
          ],
          [
            47.123877,
            -19.0051854
          ],
          [
            47.1240013,
            -19.0049619
          ],
          [
            47.1243329,
            -19.0041035
          ]
        ]
      },
      "id": "way/169765977"
    },
    {
      "type": "Feature",
      "properties": {
        "@id": "way/169765978",
        "bridge": "yes",
        "highway": "secondary",
        "layer": "1",
        "ref": "N 1",
        "smoothness": "excellent"
      },
      "geometry": {
        "type": "LineString",
        "coordinates": [
          [
            47.1063036,
            -18.9971347
          ],
          [
            47.1066522,
            -18.9972536
          ]
        ]
      },
      "id": "way/169765978"
    },
    {
      "type": "Feature",
      "properties": {
        "@id": "way/169766795",
        "highway": "secondary",
        "ref": "N 1",
        "smoothness": "excellent",
        "surface": "asphalt"
      },
      "geometry": {
        "type": "LineString",
        "coordinates": [
          [
            47.1244652,
            -19.003783
          ],
          [
            47.124642,
            -19.0033934
          ],
          [
            47.1247788,
            -19.0031464
          ],
          [
            47.1250151,
            -19.0029288
          ],
          [
            47.1253012,
            -19.0027583
          ],
          [
            47.1256591,
            -19.0026329
          ],
          [
            47.1264262,
            -19.0024619
          ],
          [
            47.1269538,
            -19.0024091
          ],
          [
            47.1270663,
            -19.0023979
          ],
          [
            47.1274309,
            -19.0023973
          ],
          [
            47.1277758,
            -19.002456
          ],
          [
            47.128149,
            -19.0025736
          ],
          [
            47.1284538,
            -19.0027383
          ],
          [
            47.1294489,
            -19.0034466
          ],
          [
            47.1297599,
            -19.0035936
          ],
          [
            47.1300833,
            -19.0037113
          ],
          [
            47.1303819,
            -19.0037407
          ],
          [
            47.1308608,
            -19.0037113
          ],
          [
            47.1313839,
            -19.0035806
          ],
          [
            47.1321508,
            -19.0033491
          ],
          [
            47.1329216,
            -19.0031165
          ],
          [
            47.1333814,
            -19.0030342
          ],
          [
            47.1338198,
            -19.003052
          ],
          [
            47.1342735,
            -19.0031721
          ],
          [
            47.135042,
            -19.0035244
          ],
          [
            47.1353318,
            -19.0036085
          ],
          [
            47.1354404,
            -19.0036195
          ],
          [
            47.1356872,
            -19.0036446
          ],
          [
            47.1364328,
            -19.0036144
          ],
          [
            47.1368266,
            -19.0037045
          ],
          [
            47.1370489,
            -19.0038186
          ],
          [
            47.1372521,
            -19.0039807
          ],
          [
            47.1374109,
            -19.0041909
          ],
          [
            47.13783,
            -19.0050676
          ],
          [
            47.1380015,
            -19.0052897
          ],
          [
            47.1381683,
            -19.0054665
          ],
          [
            47.139767,
            -19.0064306
          ],
          [
            47.1401862,
            -19.0066228
          ],
          [
            47.1410054,
            -19.006917
          ],
          [
            47.1412785,
            -19.0070491
          ],
          [
            47.1416278,
            -19.0073133
          ],
          [
            47.1420152,
            -19.0075775
          ],
          [
            47.1424725,
            -19.0077937
          ],
          [
            47.143171,
            -19.0080879
          ],
          [
            47.1433781,
            -19.0082099
          ],
          [
            47.1443144,
            -19.0088647
          ],
          [
            47.1445307,
            -19.0089832
          ],
          [
            47.1447717,
            -19.0090749
          ],
          [
            47.1452281,
            -19.0091835
          ],
          [
            47.1478347,
            -19.0096682
          ],
          [
            47.1480668,
            -19.0097114
          ],
          [
            47.149018,
            -19.0098847
          ],
          [
            47.1506904,
            -19.0101894
          ],
          [
            47.1536239,
            -19.0107993
          ],
          [
            47.1538488,
            -19.0108408
          ],
          [
            47.154127,
            -19.0108422
          ],
          [
            47.1545764,
            -19.0107815
          ],
          [
            47.1554677,
            -19.0104188
          ],
          [
            47.1559079,
            -19.0102627
          ],
          [
            47.1563158,
            -19.0102121
          ],
          [
            47.1567525,
            -19.0102353
          ],
          [
            47.1570401,
            -19.0103029
          ],
          [
            47.1580456,
            -19.0108216
          ],
          [
            47.1584855,
            -19.0110248
          ],
          [
            47.1587652,
            -19.0111275
          ],
          [
            47.1593144,
            -19.0112362
          ],
          [
            47.1616157,
            -19.011524
          ],
          [
            47.1626501,
            -19.0116696
          ],
          [
            47.163049,
            -19.0117563
          ],
          [
            47.1634525,
            -19.011882
          ]
        ]
      },
      "id": "way/169766795"
    },
    {
      "type": "Feature",
      "properties": {
        "@id": "way/169766800",
        "bridge": "yes",
        "highway": "secondary",
        "layer": "1",
        "ref": "N 1",
        "smoothness": "excellent"
      },
      "geometry": {
        "type": "LineString",
        "coordinates": [
          [
            47.1243329,
            -19.0041035
          ],
          [
            47.1244652,
            -19.003783
          ]
        ]
      },
      "id": "way/169766800"
    },
    {
      "type": "Feature",
      "properties": {
        "@id": "way/169772600",
        "bridge": "yes",
        "highway": "secondary",
        "layer": "1",
        "ref": "N 1",
        "smoothness": "excellent"
      },
      "geometry": {
        "type": "LineString",
        "coordinates": [
          [
            47.2285378,
            -19.0243055
          ],
          [
            47.2288632,
            -19.0243268
          ]
        ]
      },
      "id": "way/169772600"
    },
    {
      "type": "Feature",
      "properties": {
        "@id": "way/169772601",
        "bridge": "yes",
        "highway": "secondary",
        "layer": "1",
        "ref": "N 1",
        "smoothness": "excellent"
      },
      "geometry": {
        "type": "LineString",
        "coordinates": [
          [
            47.2272135,
            -19.024062
          ],
          [
            47.2273292,
            -19.0240975
          ]
        ]
      },
      "id": "way/169772601"
    },
    {
      "type": "Feature",
      "properties": {
        "@id": "way/169772602",
        "bridge": "yes",
        "highway": "secondary",
        "layer": "1",
        "ref": "N 1",
        "smoothness": "excellent"
      },
      "geometry": {
        "type": "LineString",
        "coordinates": [
          [
            47.2325287,
            -19.0231275
          ],
          [
            47.2327265,
            -19.0230146
          ]
        ]
      },
      "id": "way/169772602"
    },
    {
      "type": "Feature",
      "properties": {
        "@id": "way/169772603",
        "highway": "secondary",
        "ref": "N 1",
        "smoothness": "excellent"
      },
      "geometry": {
        "type": "LineString",
        "coordinates": [
          [
            47.2273292,
            -19.0240975
          ],
          [
            47.2274203,
            -19.024122
          ],
          [
            47.2275397,
            -19.0241563
          ],
          [
            47.2276832,
            -19.0241905
          ],
          [
            47.2279458,
            -19.0242378
          ],
          [
            47.2282532,
            -19.0242831
          ],
          [
            47.2285378,
            -19.0243055
          ]
        ]
      },
      "id": "way/169772603"
    },
    {
      "type": "Feature",
      "properties": {
        "@id": "way/169772604",
        "highway": "secondary",
        "ref": "N 1",
        "smoothness": "excellent"
      },
      "geometry": {
        "type": "LineString",
        "coordinates": [
          [
            47.2288632,
            -19.0243268
          ],
          [
            47.2291262,
            -19.0243275
          ],
          [
            47.2293517,
            -19.0243155
          ],
          [
            47.2296345,
            -19.024297
          ],
          [
            47.2299107,
            -19.0242554
          ],
          [
            47.230327,
            -19.0241638
          ],
          [
            47.2306873,
            -19.0240634
          ],
          [
            47.2309823,
            -19.0239585
          ],
          [
            47.2312564,
            -19.0238452
          ],
          [
            47.2315362,
            -19.0237126
          ],
          [
            47.2317792,
            -19.0235854
          ],
          [
            47.2319929,
            -19.0234504
          ],
          [
            47.232251,
            -19.0232878
          ],
          [
            47.2325287,
            -19.0231275
          ]
        ]
      },
      "id": "way/169772604"
    },
    {
      "type": "Feature",
      "properties": {
        "@id": "way/169772605",
        "highway": "secondary",
        "ref": "N 1",
        "smoothness": "excellent"
      },
      "geometry": {
        "type": "LineString",
        "coordinates": [
          [
            47.2566426,
            -19.0121102
          ],
          [
            47.2570948,
            -19.0118538
          ],
          [
            47.2580295,
            -19.0114131
          ],
          [
            47.2582591,
            -19.0113023
          ],
          [
            47.2584343,
            -19.0112
          ],
          [
            47.2586716,
            -19.0110548
          ],
          [
            47.258969,
            -19.0108328
          ],
          [
            47.2592624,
            -19.0105924
          ],
          [
            47.2602005,
            -19.0097828
          ],
          [
            47.2605458,
            -19.0094937
          ],
          [
            47.2610078,
            -19.009135
          ],
          [
            47.2613439,
            -19.0088944
          ],
          [
            47.2619308,
            -19.0085356
          ],
          [
            47.2623453,
            -19.0082837
          ],
          [
            47.2628971,
            -19.0080182
          ],
          [
            47.2635228,
            -19.0077552
          ],
          [
            47.2639588,
            -19.0075694
          ],
          [
            47.2643624,
            -19.0074008
          ],
          [
            47.2651278,
            -19.0070886
          ],
          [
            47.2668503,
            -19.0063644
          ],
          [
            47.2673731,
            -19.0061678
          ],
          [
            47.2675341,
            -19.006115
          ],
          [
            47.2678854,
            -19.0060223
          ],
          [
            47.268253,
            -19.0059248
          ],
          [
            47.2689155,
            -19.0057803
          ],
          [
            47.2691689,
            -19.0057321
          ],
          [
            47.2696665,
            -19.0056319
          ],
          [
            47.2698784,
            -19.0055698
          ],
          [
            47.2699776,
            -19.0055355
          ],
          [
            47.2700769,
            -19.0054988
          ],
          [
            47.270325,
            -19.0053846
          ],
          [
            47.2705414,
            -19.005264
          ],
          [
            47.2709687,
            -19.005022
          ],
          [
            47.271376,
            -19.0047862
          ],
          [
            47.2734578,
            -19.0036018
          ],
          [
            47.2741739,
            -19.0031961
          ],
          [
            47.274882,
            -19.0027852
          ],
          [
            47.2752267,
            -19.0025798
          ],
          [
            47.2754011,
            -19.0024847
          ],
          [
            47.2756228,
            -19.0023399
          ],
          [
            47.2760494,
            -19.0020242
          ],
          [
            47.2772364,
            -19.001068
          ],
          [
            47.2777867,
            -19.0006247
          ],
          [
            47.2781342,
            -19.0003785
          ],
          [
            47.2782526,
            -19.0003053
          ],
          [
            47.2786358,
            -19.000078
          ],
          [
            47.2791255,
            -18.9998148
          ],
          [
            47.2793828,
            -18.9996621
          ],
          [
            47.2795633,
            -18.9995455
          ],
          [
            47.2797932,
            -18.9993742
          ],
          [
            47.2800153,
            -18.9991939
          ],
          [
            47.280217,
            -18.9990027
          ],
          [
            47.2804195,
            -18.9988112
          ],
          [
            47.2806206,
            -18.9985893
          ],
          [
            47.2808257,
            -18.9983658
          ],
          [
            47.2815,
            -18.9976597
          ],
          [
            47.2817592,
            -18.9974176
          ],
          [
            47.2819175,
            -18.9972743
          ],
          [
            47.2820406,
            -18.9971836
          ],
          [
            47.2825908,
            -18.9967346
          ],
          [
            47.2835286,
            -18.995992
          ],
          [
            47.2837266,
            -18.9958503
          ],
          [
            47.2838312,
            -18.9957844
          ],
          [
            47.2839744,
            -18.9957155
          ],
          [
            47.2843061,
            -18.9955664
          ],
          [
            47.2846127,
            -18.995463
          ],
          [
            47.2848786,
            -18.9954153
          ],
          [
            47.2850181,
            -18.9953913
          ],
          [
            47.2851434,
            -18.9953825
          ],
          [
            47.2855855,
            -18.9954028
          ],
          [
            47.2860214,
            -18.9954537
          ]
        ]
      },
      "id": "way/169772605"
    },
    {
      "type": "Feature",
      "properties": {
        "@id": "way/169776696",
        "highway": "secondary",
        "lane_markings": "no",
        "maxspeed": "90",
        "ref": "N 1",
        "smoothness": "good",
        "surface": "asphalt"
      },
      "geometry": {
        "type": "LineString",
        "coordinates": [
          [
            47.3605407,
            -18.9517595
          ],
          [
            47.3605731,
            -18.9517041
          ],
          [
            47.360702,
            -18.9514733
          ],
          [
            47.3608412,
            -18.9512548
          ],
          [
            47.3609348,
            -18.9511473
          ],
          [
            47.3610131,
            -18.9510573
          ],
          [
            47.3611815,
            -18.9508926
          ],
          [
            47.361335,
            -18.9507795
          ],
          [
            47.3614707,
            -18.9506938
          ],
          [
            47.361694,
            -18.9505612
          ],
          [
            47.361983,
            -18.9504198
          ],
          [
            47.3621504,
            -18.9503584
          ],
          [
            47.3623342,
            -18.9503044
          ],
          [
            47.3625514,
            -18.9502582
          ],
          [
            47.3627329,
            -18.9502322
          ],
          [
            47.3639314,
            -18.9500869
          ],
          [
            47.3651488,
            -18.9499478
          ],
          [
            47.365302,
            -18.9499309
          ],
          [
            47.3654734,
            -18.9498908
          ],
          [
            47.3655649,
            -18.9498612
          ],
          [
            47.3656861,
            -18.9498085
          ],
          [
            47.3659098,
            -18.9496802
          ],
          [
            47.3661375,
            -18.9495339
          ],
          [
            47.3663802,
            -18.9493627
          ],
          [
            47.3668349,
            -18.9490532
          ],
          [
            47.3670743,
            -18.9488981
          ],
          [
            47.3677558,
            -18.9484566
          ],
          [
            47.3678588,
            -18.9484045
          ],
          [
            47.3681394,
            -18.9481968
          ],
          [
            47.3682927,
            -18.9480676
          ],
          [
            47.3684368,
            -18.9479301
          ],
          [
            47.3685877,
            -18.9477746
          ],
          [
            47.3687399,
            -18.9476195
          ],
          [
            47.3688143,
            -18.9475437
          ],
          [
            47.3688841,
            -18.947455
          ],
          [
            47.369013,
            -18.9472699
          ],
          [
            47.3691939,
            -18.947025
          ],
          [
            47.369383,
            -18.9467357
          ],
          [
            47.3697384,
            -18.946184
          ],
          [
            47.3704508,
            -18.9450625
          ],
          [
            47.3706714,
            -18.9447326
          ],
          [
            47.3708381,
            -18.944469
          ],
          [
            47.3710124,
            -18.94419
          ],
          [
            47.3713634,
            -18.9436582
          ],
          [
            47.3714354,
            -18.9435409
          ],
          [
            47.3715729,
            -18.9433296
          ],
          [
            47.3717993,
            -18.9430516
          ],
          [
            47.371911,
            -18.9429443
          ],
          [
            47.3720103,
            -18.9428564
          ],
          [
            47.372147,
            -18.9427376
          ],
          [
            47.3722771,
            -18.9426525
          ],
          [
            47.3725778,
            -18.9424453
          ],
          [
            47.372825,
            -18.9423155
          ],
          [
            47.3731621,
            -18.9421942
          ],
          [
            47.3735049,
            -18.942102
          ],
          [
            47.3737728,
            -18.9420659
          ],
          [
            47.3738828,
            -18.9420562
          ],
          [
            47.3741423,
            -18.9420541
          ],
          [
            47.3743122,
            -18.9420539
          ],
          [
            47.3744786,
            -18.9420617
          ],
          [
            47.3747371,
            -18.9420989
          ],
          [
            47.3749358,
            -18.9421414
          ],
          [
            47.3751474,
            -18.9422033
          ],
          [
            47.3754934,
            -18.9423349
          ],
          [
            47.3756399,
            -18.9424078
          ],
          [
            47.3757914,
            -18.9424957
          ],
          [
            47.3760965,
            -18.9426984
          ],
          [
            47.3763454,
            -18.9429108
          ],
          [
            47.3763788,
            -18.9429367
          ],
          [
            47.376407,
            -18.9429709
          ],
          [
            47.3775419,
            -18.9443828
          ],
          [
            47.3775979,
            -18.9444595
          ],
          [
            47.377654,
            -18.9445416
          ],
          [
            47.3777702,
            -18.9447373
          ],
          [
            47.3778734,
            -18.9449382
          ],
          [
            47.3779258,
            -18.9450322
          ],
          [
            47.377991,
            -18.9451046
          ],
          [
            47.3780306,
            -18.9451449
          ],
          [
            47.3781028,
            -18.9452111
          ],
          [
            47.3781978,
            -18.9452686
          ],
          [
            47.3783402,
            -18.9453303
          ],
          [
            47.3784998,
            -18.945395
          ],
          [
            47.378819,
            -18.9455168
          ],
          [
            47.3794539,
            -18.9457706
          ],
          [
            47.3797357,
            -18.9458831
          ],
          [
            47.3799596,
            -18.9459328
          ],
          [
            47.3800622,
            -18.9459354
          ],
          [
            47.3801755,
            -18.9459288
          ],
          [
            47.3802365,
            -18.9459189
          ],
          [
            47.3803744,
            -18.945869
          ],
          [
            47.3804685,
            -18.9458174
          ],
          [
            47.380555,
            -18.9457398
          ],
          [
            47.3806335,
            -18.9456373
          ],
          [
            47.3807287,
            -18.9455003
          ],
          [
            47.380917,
            -18.9452723
          ],
          [
            47.3810852,
            -18.9451249
          ],
          [
            47.3811673,
            -18.9450627
          ],
          [
            47.3812469,
            -18.945014
          ],
          [
            47.3813389,
            -18.9449701
          ],
          [
            47.381429,
            -18.9449484
          ],
          [
            47.3815092,
            -18.9449282
          ],
          [
            47.3815947,
            -18.9449246
          ],
          [
            47.3818523,
            -18.9449645
          ],
          [
            47.3820532,
            -18.9450064
          ],
          [
            47.3821329,
            -18.9450145
          ],
          [
            47.3822187,
            -18.9450049
          ],
          [
            47.3823072,
            -18.944984
          ],
          [
            47.3824031,
            -18.9449456
          ],
          [
            47.3824708,
            -18.9448876
          ],
          [
            47.382514,
            -18.9448269
          ],
          [
            47.3825754,
            -18.944724
          ],
          [
            47.3826452,
            -18.9445919
          ],
          [
            47.3827323,
            -18.9444069
          ],
          [
            47.3828141,
            -18.9442217
          ],
          [
            47.3829965,
            -18.9438272
          ],
          [
            47.3833421,
            -18.9430925
          ],
          [
            47.383371,
            -18.9430247
          ],
          [
            47.3835144,
            -18.9428085
          ],
          [
            47.3837174,
            -18.9425542
          ],
          [
            47.3843628,
            -18.9418386
          ],
          [
            47.3844577,
            -18.9417589
          ],
          [
            47.3845429,
            -18.9417037
          ],
          [
            47.3845824,
            -18.9416828
          ],
          [
            47.3846193,
            -18.9416739
          ],
          [
            47.384695,
            -18.941656
          ],
          [
            47.3847581,
            -18.9416454
          ],
          [
            47.3848177,
            -18.9416456
          ],
          [
            47.3849083,
            -18.9416498
          ],
          [
            47.3849937,
            -18.9416675
          ],
          [
            47.3851148,
            -18.9417031
          ],
          [
            47.3852484,
            -18.9417382
          ],
          [
            47.3853294,
            -18.9417386
          ],
          [
            47.3854148,
            -18.941725
          ],
          [
            47.3854782,
            -18.9417139
          ],
          [
            47.3855497,
            -18.9416896
          ],
          [
            47.385615,
            -18.9416416
          ],
          [
            47.3856778,
            -18.9415844
          ],
          [
            47.3857221,
            -18.9415304
          ],
          [
            47.3857828,
            -18.9414421
          ],
          [
            47.3858289,
            -18.9413454
          ],
          [
            47.3858895,
            -18.9411991
          ],
          [
            47.3859396,
            -18.9410904
          ],
          [
            47.3859844,
            -18.940932
          ],
          [
            47.3859979,
            -18.9408881
          ],
          [
            47.386004,
            -18.9408399
          ],
          [
            47.3860158,
            -18.9407065
          ],
          [
            47.38602,
            -18.9406103
          ],
          [
            47.3860288,
            -18.9404942
          ],
          [
            47.3860346,
            -18.9403466
          ],
          [
            47.3860469,
            -18.9402888
          ],
          [
            47.386077,
            -18.9401835
          ],
          [
            47.3861156,
            -18.9401038
          ],
          [
            47.3862157,
            -18.9399183
          ],
          [
            47.3863889,
            -18.9396583
          ],
          [
            47.3864868,
            -18.9395359
          ],
          [
            47.3865344,
            -18.9394833
          ],
          [
            47.386581,
            -18.9394516
          ],
          [
            47.3866443,
            -18.9394103
          ],
          [
            47.3867042,
            -18.9393795
          ],
          [
            47.3867679,
            -18.9393578
          ],
          [
            47.3868495,
            -18.9393431
          ],
          [
            47.3869672,
            -18.9393265
          ],
          [
            47.3870561,
            -18.9393114
          ],
          [
            47.3871023,
            -18.9393
          ],
          [
            47.3871524,
            -18.9392861
          ],
          [
            47.3871841,
            -18.9392632
          ],
          [
            47.3872183,
            -18.939241
          ],
          [
            47.3873049,
            -18.9391685
          ],
          [
            47.3874593,
            -18.9389852
          ],
          [
            47.3875623,
            -18.9388433
          ],
          [
            47.3876843,
            -18.9386762
          ]
        ]
      },
      "id": "way/169776696"
    },
    {
      "type": "Feature",
      "properties": {
        "@id": "way/169776697",
        "bridge": "yes",
        "highway": "secondary",
        "layer": "1",
        "maxspeed": "90",
        "oneway": "no",
        "ref": "N 1",
        "smoothness": "good"
      },
      "geometry": {
        "type": "LineString",
        "coordinates": [
          [
            47.3563683,
            -18.9560082
          ],
          [
            47.3568557,
            -18.9558325
          ]
        ]
      },
      "id": "way/169776697"
    },
    {
      "type": "Feature",
      "properties": {
        "@id": "way/169828740",
        "bridge": "yes",
        "highway": "secondary",
        "layer": "1",
        "ref": "N 1",
        "smoothness": "intermediate"
      },
      "geometry": {
        "type": "LineString",
        "coordinates": [
          [
            47.0212365,
            -18.9816593
          ],
          [
            47.0215231,
            -18.9816228
          ]
        ]
      },
      "id": "way/169828740"
    },
    {
      "type": "Feature",
      "properties": {
        "@id": "way/169828741",
        "highway": "secondary",
        "ref": "N 1",
        "smoothness": "excellent"
      },
      "geometry": {
        "type": "LineString",
        "coordinates": [
          [
            47.0215231,
            -18.9816228
          ],
          [
            47.0216587,
            -18.9816055
          ],
          [
            47.0220428,
            -18.9815951
          ],
          [
            47.0223501,
            -18.981621
          ],
          [
            47.0226135,
            -18.9816937
          ],
          [
            47.0229372,
            -18.9818442
          ],
          [
            47.0252584,
            -18.983349
          ],
          [
            47.0255437,
            -18.9835046
          ],
          [
            47.0258236,
            -18.9835773
          ],
          [
            47.0261474,
            -18.9836136
          ],
          [
            47.0273765,
            -18.9837018
          ],
          [
            47.027618,
            -18.9837537
          ],
          [
            47.0279088,
            -18.9838679
          ],
          [
            47.0280899,
            -18.9840028
          ],
          [
            47.0282984,
            -18.9842052
          ],
          [
            47.0285453,
            -18.9845891
          ],
          [
            47.0288417,
            -18.9852066
          ],
          [
            47.0290392,
            -18.9855231
          ],
          [
            47.0293685,
            -18.985959
          ],
          [
            47.0296154,
            -18.9862133
          ],
          [
            47.0298239,
            -18.9865038
          ],
          [
            47.0301038,
            -18.9869968
          ],
          [
            47.0311189,
            -18.9889011
          ],
          [
            47.0319914,
            -18.990577
          ],
          [
            47.0325896,
            -18.9917653
          ],
          [
            47.0332985,
            -18.9933834
          ],
          [
            47.0334017,
            -18.9935398
          ],
          [
            47.0335553,
            -18.9937006
          ],
          [
            47.0337364,
            -18.9938148
          ],
          [
            47.0339943,
            -18.9939393
          ],
          [
            47.03426,
            -18.9939732
          ],
          [
            47.0355802,
            -18.9941417
          ],
          [
            47.0360302,
            -18.9942351
          ],
          [
            47.0364746,
            -18.9943907
          ],
          [
            47.0370837,
            -18.9946605
          ],
          [
            47.03783,
            -18.9950549
          ],
          [
            47.0383404,
            -18.9953506
          ],
          [
            47.0386206,
            -18.995556
          ],
          [
            47.0388287,
            -18.9957086
          ],
          [
            47.0394714,
            -18.9961842
          ],
          [
            47.0395947,
            -18.9963431
          ],
          [
            47.0396787,
            -18.9965285
          ],
          [
            47.0397908,
            -18.9971325
          ],
          [
            47.0398692,
            -18.9973709
          ],
          [
            47.0400009,
            -18.9976006
          ],
          [
            47.0401158,
            -18.9977365
          ],
          [
            47.0403119,
            -18.9978742
          ],
          [
            47.0405192,
            -18.9979484
          ],
          [
            47.0421049,
            -18.9982504
          ],
          [
            47.0423178,
            -18.9982663
          ],
          [
            47.0424355,
            -18.9982186
          ],
          [
            47.0425419,
            -18.9981073
          ],
          [
            47.0427885,
            -18.9976358
          ],
          [
            47.0429005,
            -18.9975087
          ],
          [
            47.0430462,
            -18.9974027
          ],
          [
            47.0435505,
            -18.9971166
          ],
          [
            47.0438026,
            -18.9970371
          ],
          [
            47.0440716,
            -18.9970265
          ],
          [
            47.0448224,
            -18.9971007
          ],
          [
            47.0455004,
            -18.9972014
          ],
          [
            47.0457974,
            -18.9972067
          ],
          [
            47.0466609,
            -18.9970651
          ],
          [
            47.0479434,
            -18.9967775
          ],
          [
            47.0482235,
            -18.9967405
          ],
          [
            47.0485317,
            -18.9967934
          ],
          [
            47.0496174,
            -18.9972965
          ],
          [
            47.0498316,
            -18.9973762
          ],
          [
            47.0500221,
            -18.9973868
          ],
          [
            47.0502182,
            -18.9973073
          ],
          [
            47.050504,
            -18.9970742
          ],
          [
            47.0507674,
            -18.9968033
          ],
          [
            47.0508271,
            -18.9967612
          ]
        ]
      },
      "id": "way/169828741"
    },
    {
      "type": "Feature",
      "properties": {
        "@id": "way/171731073",
        "highway": "tertiary",
        "ref": "N 1",
        "smoothness": "very_bad",
        "surface": "unpaved"
      },
      "geometry": {
        "type": "LineString",
        "coordinates": [
          [
            46.0962665,
            -18.7635444
          ],
          [
            46.0963247,
            -18.7635267
          ],
          [
            46.0963918,
            -18.7635293
          ],
          [
            46.0964643,
            -18.763561
          ],
          [
            46.0965589,
            -18.7636113
          ],
          [
            46.0967958,
            -18.7638293
          ],
          [
            46.0971688,
            -18.7644603
          ],
          [
            46.0972573,
            -18.7646799
          ],
          [
            46.0974252,
            -18.7648886
          ],
          [
            46.0980753,
            -18.7654621
          ],
          [
            46.098913,
            -18.7658775
          ],
          [
            46.0990889,
            -18.7659426
          ],
          [
            46.0992417,
            -18.7659089
          ],
          [
            46.0997053,
            -18.7656732
          ],
          [
            46.0999042,
            -18.7656473
          ],
          [
            46.1001513,
            -18.7656737
          ],
          [
            46.1002287,
            -18.7657413
          ],
          [
            46.1002774,
            -18.7658601
          ],
          [
            46.1002421,
            -18.7659775
          ],
          [
            46.1000936,
            -18.7661059
          ],
          [
            46.099872,
            -18.7662035
          ],
          [
            46.099602,
            -18.7662997
          ],
          [
            46.0991211,
            -18.7664612
          ],
          [
            46.0989305,
            -18.7665819
          ],
          [
            46.0988269,
            -18.7667213
          ],
          [
            46.0988045,
            -18.7668206
          ],
          [
            46.0988459,
            -18.766932
          ],
          [
            46.0989703,
            -18.7671027
          ],
          [
            46.0994225,
            -18.7674675
          ],
          [
            46.0994976,
            -18.7675281
          ],
          [
            46.1007202,
            -18.7683016
          ],
          [
            46.1011568,
            -18.7684917
          ],
          [
            46.1015967,
            -18.7684891
          ],
          [
            46.1020634,
            -18.7683266
          ],
          [
            46.1025971,
            -18.7679888
          ],
          [
            46.103139,
            -18.7672576
          ],
          [
            46.103496,
            -18.7665983
          ],
          [
            46.1035813,
            -18.7660711
          ],
          [
            46.1036167,
            -18.7655473
          ],
          [
            46.1036808,
            -18.7645994
          ],
          [
            46.104534,
            -18.7620087
          ],
          [
            46.1049224,
            -18.7609202
          ],
          [
            46.1054701,
            -18.7603658
          ],
          [
            46.1062976,
            -18.7603622
          ],
          [
            46.1067927,
            -18.7602369
          ],
          [
            46.1070255,
            -18.760139
          ],
          [
            46.1072656,
            -18.7600201
          ],
          [
            46.107469,
            -18.7598707
          ],
          [
            46.1076576,
            -18.7597424
          ],
          [
            46.1079003,
            -18.7596472
          ],
          [
            46.1083659,
            -18.7595168
          ],
          [
            46.1086432,
            -18.7594179
          ],
          [
            46.1091927,
            -18.7590656
          ],
          [
            46.1098014,
            -18.7588357
          ],
          [
            46.1106836,
            -18.7587133
          ],
          [
            46.1108517,
            -18.7586688
          ],
          [
            46.1109546,
            -18.7585746
          ],
          [
            46.1113095,
            -18.7580227
          ],
          [
            46.1113806,
            -18.7578865
          ],
          [
            46.1113828,
            -18.7577636
          ],
          [
            46.1113471,
            -18.7575819
          ],
          [
            46.1113482,
            -18.7574211
          ],
          [
            46.1114071,
            -18.7572644
          ],
          [
            46.1115454,
            -18.7569966
          ]
        ]
      },
      "id": "way/171731073"
    },
    {
      "type": "Feature",
      "properties": {
        "@id": "way/181264650",
        "highway": "tertiary",
        "maxspeed": "20",
        "ref": "N 1",
        "smoothness": "very_bad",
        "surface": "unpaved"
      },
      "geometry": {
        "type": "LineString",
        "coordinates": [
          [
            46.6493173,
            -18.9363022
          ],
          [
            46.6494091,
            -18.9361053
          ],
          [
            46.6496553,
            -18.9358305
          ],
          [
            46.6499079,
            -18.9357806
          ],
          [
            46.6504444,
            -18.9358364
          ],
          [
            46.6507067,
            -18.9357646
          ],
          [
            46.6508998,
            -18.9356935
          ],
          [
            46.6509647,
            -18.9355116
          ],
          [
            46.6509213,
            -18.9351912
          ],
          [
            46.6507282,
            -18.9349477
          ],
          [
            46.6503419,
            -18.9346381
          ],
          [
            46.6500631,
            -18.934195
          ],
          [
            46.6499278,
            -18.9340477
          ],
          [
            46.6497787,
            -18.9339328
          ],
          [
            46.6496987,
            -18.9338811
          ],
          [
            46.6496392,
            -18.9338161
          ],
          [
            46.6496026,
            -18.9337612
          ],
          [
            46.6495423,
            -18.9335375
          ],
          [
            46.6494999,
            -18.9334768
          ]
        ]
      },
      "id": "way/181264650"
    },
    {
      "type": "Feature",
      "properties": {
        "@id": "way/181264651",
        "bridge": "yes",
        "highway": "tertiary",
        "layer": "1",
        "maxspeed": "20",
        "ref": "N 1",
        "smoothness": "very_bad",
        "surface": "concrete:plates"
      },
      "geometry": {
        "type": "LineString",
        "coordinates": [
          [
            46.6492571,
            -18.9365619
          ],
          [
            46.6493173,
            -18.9363022
          ]
        ]
      },
      "id": "way/181264651"
    },
    {
      "type": "Feature",
      "properties": {
        "@id": "way/181264652",
        "bridge": "yes",
        "highway": "tertiary",
        "maxspeed": "20",
        "ref": "N 1",
        "smoothness": "very_bad",
        "surface": "concrete:plates"
      },
      "geometry": {
        "type": "LineString",
        "coordinates": [
          [
            46.667199,
            -18.9529518
          ],
          [
            46.6671144,
            -18.9529258
          ]
        ]
      },
      "id": "way/181264652"
    },
    {
      "type": "Feature",
      "properties": {
        "@id": "way/181264653",
        "bridge": "yes",
        "highway": "tertiary",
        "maxspeed": "20",
        "ref": "N 1",
        "smoothness": "very_bad",
        "surface": "concrete:plates"
      },
      "geometry": {
        "type": "LineString",
        "coordinates": [
          [
            46.6494999,
            -18.9334768
          ],
          [
            46.6494673,
            -18.9334489
          ]
        ]
      },
      "id": "way/181264653"
    },
    {
      "type": "Feature",
      "properties": {
        "@id": "way/181264654",
        "highway": "tertiary",
        "maxspeed": "20",
        "ref": "N 1",
        "smoothness": "very_bad",
        "surface": "unpaved"
      },
      "geometry": {
        "type": "LineString",
        "coordinates": [
          [
            46.6671144,
            -18.9529258
          ],
          [
            46.6669572,
            -18.9528829
          ],
          [
            46.666317,
            -18.952534
          ],
          [
            46.6656595,
            -18.9518439
          ],
          [
            46.6649908,
            -18.951731
          ],
          [
            46.6643339,
            -18.9511899
          ],
          [
            46.6637975,
            -18.9511047
          ],
          [
            46.662251,
            -18.951017
          ],
          [
            46.6616662,
            -18.950937
          ],
          [
            46.6608353,
            -18.9504517
          ],
          [
            46.6599748,
            -18.9501483
          ],
          [
            46.6581433,
            -18.949525
          ],
          [
            46.657383,
            -18.949066
          ],
          [
            46.6560601,
            -18.9481191
          ],
          [
            46.6540023,
            -18.9455723
          ],
          [
            46.6533184,
            -18.9435795
          ],
          [
            46.6516187,
            -18.9411431
          ],
          [
            46.6500697,
            -18.9402986
          ],
          [
            46.6497115,
            -18.9401033
          ],
          [
            46.6496191,
            -18.9399883
          ],
          [
            46.6496142,
            -18.9399301
          ],
          [
            46.6496229,
            -18.939865
          ],
          [
            46.6500222,
            -18.9393717
          ],
          [
            46.650051,
            -18.939167
          ],
          [
            46.6499964,
            -18.9390045
          ],
          [
            46.64968,
            -18.9380631
          ],
          [
            46.6493669,
            -18.9377592
          ],
          [
            46.6492851,
            -18.9374035
          ],
          [
            46.6493066,
            -18.9370179
          ],
          [
            46.6492571,
            -18.9365619
          ]
        ]
      },
      "id": "way/181264654"
    },
    {
      "type": "Feature",
      "properties": {
        "@id": "way/181264655",
        "highway": "tertiary",
        "maxspeed": "20",
        "ref": "N 1",
        "smoothness": "very_bad",
        "surface": "unpaved"
      },
      "geometry": {
        "type": "LineString",
        "coordinates": [
          [
            46.6494673,
            -18.9334489
          ],
          [
            46.649414,
            -18.9334087
          ],
          [
            46.6493281,
            -18.933382
          ],
          [
            46.6492433,
            -18.9333799
          ],
          [
            46.6491296,
            -18.9334153
          ],
          [
            46.6490223,
            -18.933532
          ],
          [
            46.6489204,
            -18.9338313
          ],
          [
            46.6487916,
            -18.9339836
          ],
          [
            46.6486523,
            -18.9340652
          ],
          [
            46.6484858,
            -18.9341206
          ],
          [
            46.6484097,
            -18.9341164
          ],
          [
            46.6483356,
            -18.9341003
          ],
          [
            46.6482459,
            -18.9340256
          ],
          [
            46.6481578,
            -18.933923
          ],
          [
            46.6478269,
            -18.9333044
          ],
          [
            46.6478129,
            -18.9332425
          ],
          [
            46.6478043,
            -18.9331544
          ],
          [
            46.6478463,
            -18.9330727
          ],
          [
            46.6479313,
            -18.9329855
          ],
          [
            46.6482605,
            -18.9327607
          ],
          [
            46.6485592,
            -18.9325646
          ],
          [
            46.6486634,
            -18.9325128
          ],
          [
            46.6488257,
            -18.9324484
          ],
          [
            46.6489584,
            -18.9324113
          ],
          [
            46.6491278,
            -18.9324039
          ],
          [
            46.649306,
            -18.9324203
          ],
          [
            46.649511,
            -18.9324443
          ],
          [
            46.6496592,
            -18.9324368
          ],
          [
            46.6497392,
            -18.9324155
          ],
          [
            46.6498162,
            -18.9323706
          ],
          [
            46.6498637,
            -18.9323166
          ],
          [
            46.6500415,
            -18.9320097
          ],
          [
            46.6505728,
            -18.931045
          ],
          [
            46.6506962,
            -18.9309763
          ],
          [
            46.650879,
            -18.9309571
          ],
          [
            46.6509052,
            -18.9309543
          ],
          [
            46.651034,
            -18.9309404
          ],
          [
            46.6511841,
            -18.9308274
          ],
          [
            46.6515661,
            -18.929955
          ],
          [
            46.6522737,
            -18.9283621
          ],
          [
            46.6523114,
            -18.9282907
          ],
          [
            46.6524394,
            -18.9280568
          ],
          [
            46.6528959,
            -18.9274893
          ],
          [
            46.6529613,
            -18.9273134
          ],
          [
            46.653051,
            -18.9270318
          ],
          [
            46.6533299,
            -18.926093
          ],
          [
            46.6535338,
            -18.9256668
          ],
          [
            46.654215,
            -18.924383
          ],
          [
            46.6550145,
            -18.9229612
          ],
          [
            46.6553308,
            -18.9223988
          ],
          [
            46.6558088,
            -18.9221104
          ],
          [
            46.6559746,
            -18.921932
          ],
          [
            46.6569348,
            -18.9208207
          ],
          [
            46.6571977,
            -18.920506
          ],
          [
            46.6576595,
            -18.9202226
          ],
          [
            46.6581632,
            -18.9199529
          ],
          [
            46.65863,
            -18.9198311
          ],
          [
            46.6589845,
            -18.9197253
          ],
          [
            46.6592206,
            -18.919502
          ],
          [
            46.6599448,
            -18.9184922
          ],
          [
            46.6600837,
            -18.9182428
          ],
          [
            46.6600145,
            -18.918005
          ],
          [
            46.6598048,
            -18.9170502
          ],
          [
            46.6597779,
            -18.9167508
          ],
          [
            46.6599067,
            -18.916563
          ],
          [
            46.6602237,
            -18.9164928
          ],
          [
            46.6602559,
            -18.9162492
          ],
          [
            46.6600086,
            -18.916015
          ],
          [
            46.6595741,
            -18.9159592
          ],
          [
            46.6592469,
            -18.9158729
          ],
          [
            46.6588445,
            -18.9155785
          ],
          [
            46.6572996,
            -18.9143251
          ],
          [
            46.6567041,
            -18.9137973
          ],
          [
            46.6560872,
            -18.913366
          ],
          [
            46.655642,
            -18.9132188
          ],
          [
            46.6552504,
            -18.9131173
          ],
          [
            46.6551431,
            -18.9129904
          ],
          [
            46.6549076,
            -18.9122604
          ],
          [
            46.6547032,
            -18.9119095
          ],
          [
            46.6547359,
            -18.911687
          ],
          [
            46.6551597,
            -18.9114789
          ],
          [
            46.6552134,
            -18.9112759
          ],
          [
            46.6551543,
            -18.9110932
          ],
          [
            46.65495,
            -18.9109554
          ],
          [
            46.6541453,
            -18.9104631
          ],
          [
            46.6537805,
            -18.9103667
          ],
          [
            46.6537966,
            -18.9101688
          ],
          [
            46.6540171,
            -18.9100325
          ],
          [
            46.6544838,
            -18.9097281
          ],
          [
            46.6547788,
            -18.9093982
          ],
          [
            46.6548856,
            -18.9091589
          ],
          [
            46.6548003,
            -18.908779
          ],
          [
            46.6546549,
            -18.9086057
          ],
          [
            46.6543491,
            -18.9084738
          ],
          [
            46.6541453,
            -18.9083571
          ],
          [
            46.6539313,
            -18.9079011
          ],
          [
            46.6537644,
            -18.9075095
          ],
          [
            46.6536416,
            -18.9070891
          ],
          [
            46.653625,
            -18.9064235
          ],
          [
            46.6535928,
            -18.9059617
          ],
          [
            46.6537108,
            -18.9056013
          ],
          [
            46.653883,
            -18.9053534
          ],
          [
            46.6542097,
            -18.9051243
          ],
          [
            46.6546018,
            -18.9049931
          ],
          [
            46.654811,
            -18.904917
          ],
          [
            46.6549607,
            -18.9048147
          ],
          [
            46.6550363,
            -18.9046175
          ],
          [
            46.6550143,
            -18.9043986
          ],
          [
            46.6549124,
            -18.9041144
          ],
          [
            46.6545423,
            -18.9036779
          ],
          [
            46.6539629,
            -18.9032617
          ],
          [
            46.6535498,
            -18.9030384
          ],
          [
            46.6533138,
            -18.9027745
          ],
          [
            46.6533197,
            -18.9025469
          ],
          [
            46.6535069,
            -18.9023028
          ],
          [
            46.6537966,
            -18.9022368
          ],
          [
            46.6547998,
            -18.9022774
          ],
          [
            46.6552504,
            -18.9021455
          ],
          [
            46.6555669,
            -18.9021962
          ],
          [
            46.6559966,
            -18.9020292
          ],
          [
            46.6561253,
            -18.9020597
          ],
          [
            46.6564794,
            -18.9022982
          ],
          [
            46.656688,
            -18.9023028
          ],
          [
            46.6570694,
            -18.9021511
          ],
          [
            46.6575522,
            -18.9024302
          ],
          [
            46.6577448,
            -18.9024345
          ],
          [
            46.6580506,
            -18.9023434
          ],
          [
            46.6584422,
            -18.9021455
          ],
          [
            46.6587485,
            -18.9023033
          ],
          [
            46.6596122,
            -18.9028159
          ],
          [
            46.6598589,
            -18.902821
          ],
          [
            46.660036,
            -18.9027956
          ],
          [
            46.6604753,
            -18.9023535
          ],
          [
            46.6605349,
            -18.9021917
          ],
          [
            46.6605241,
            -18.9019988
          ],
          [
            46.660331,
            -18.9017704
          ],
          [
            46.6602232,
            -18.9016177
          ],
          [
            46.6600837,
            -18.9011964
          ],
          [
            46.6598423,
            -18.9009528
          ],
          [
            46.6597404,
            -18.9007549
          ],
          [
            46.6598107,
            -18.9005372
          ],
          [
            46.6600301,
            -18.9004199
          ],
          [
            46.6604329,
            -18.9003341
          ],
          [
            46.6615697,
            -18.8999936
          ],
          [
            46.6619559,
            -18.8998769
          ],
          [
            46.6623695,
            -18.8996388
          ],
          [
            46.6626914,
            -18.8994663
          ],
          [
            46.6627536,
            -18.8994223
          ],
          [
            46.6628786,
            -18.8993338
          ],
          [
            46.6630508,
            -18.8990755
          ],
          [
            46.6632434,
            -18.898334
          ],
          [
            46.6633673,
            -18.8974007
          ],
          [
            46.6632385,
            -18.8970454
          ],
          [
            46.6629542,
            -18.8967053
          ],
          [
            46.6627284,
            -18.8964104
          ],
          [
            46.6626611,
            -18.8962098
          ],
          [
            46.6626217,
            -18.8959999
          ],
          [
            46.6622461,
            -18.8945534
          ],
          [
            46.6618384,
            -18.892843
          ],
          [
            46.6616453,
            -18.8919472
          ],
          [
            46.6616124,
            -18.8917231
          ],
          [
            46.6616104,
            -18.8914803
          ],
          [
            46.6615507,
            -18.8913805
          ],
          [
            46.6614195,
            -18.8912996
          ],
          [
            46.6605611,
            -18.890924
          ],
          [
            46.6596712,
            -18.8904981
          ],
          [
            46.6593005,
            -18.8904672
          ],
          [
            46.6588284,
            -18.890452
          ],
          [
            46.658498,
            -18.8902855
          ],
          [
            46.6581042,
            -18.890254
          ],
          [
            46.6578521,
            -18.8902946
          ],
          [
            46.6574932,
            -18.8904474
          ],
          [
            46.657026,
            -18.8905281
          ],
          [
            46.6563233,
            -18.8905738
          ],
          [
            46.6559638,
            -18.8904672
          ],
          [
            46.6556747,
            -18.8902444
          ],
          [
            46.655444,
            -18.8899398
          ],
          [
            46.6552557,
            -18.8894216
          ],
          [
            46.6552455,
            -18.8886202
          ],
          [
            46.6552665,
            -18.8870412
          ],
          [
            46.655524,
            -18.8857926
          ],
          [
            46.6555781,
            -18.8850571
          ],
          [
            46.6554923,
            -18.8848237
          ],
          [
            46.6552933,
            -18.8846201
          ],
          [
            46.6548856,
            -18.8843968
          ],
          [
            46.6540166,
            -18.8840669
          ],
          [
            46.6535552,
            -18.8839146
          ],
          [
            46.6535289,
            -18.8836512
          ],
          [
            46.6540064,
            -18.8824482
          ],
          [
            46.6540225,
            -18.8820117
          ],
          [
            46.65392,
            -18.8816458
          ],
          [
            46.6532655,
            -18.8813514
          ],
          [
            46.6528257,
            -18.8814833
          ],
          [
            46.6522093,
            -18.881966
          ],
          [
            46.6518279,
            -18.8822548
          ],
          [
            46.6514416,
            -18.8825391
          ],
          [
            46.6510661,
            -18.883067
          ],
          [
            46.6507684,
            -18.8833015
          ],
          [
            46.6503312,
            -18.8833867
          ],
          [
            46.6481479,
            -18.883605
          ],
          [
            46.6463669,
            -18.8837319
          ],
          [
            46.6456963,
            -18.8837725
          ],
          [
            46.6452565,
            -18.8836304
          ],
          [
            46.6450365,
            -18.883402
          ],
          [
            46.6448171,
            -18.8828594
          ],
          [
            46.6449561,
            -18.8816965
          ],
          [
            46.6451551,
            -18.880423
          ],
          [
            46.6454608,
            -18.8778952
          ],
          [
            46.6452034,
            -18.8772658
          ],
          [
            46.644881,
            -18.8762755
          ],
          [
            46.6448332,
            -18.8758852
          ],
          [
            46.6450424,
            -18.8753725
          ],
          [
            46.6453428,
            -18.874672
          ],
          [
            46.6453691,
            -18.8743517
          ],
          [
            46.6450794,
            -18.8734381
          ],
          [
            46.644801,
            -18.8726569
          ],
          [
            46.6445113,
            -18.8720173
          ],
          [
            46.6440178,
            -18.8707736
          ],
          [
            46.6436525,
            -18.8697376
          ],
          [
            46.6433521,
            -18.8687224
          ],
          [
            46.6430892,
            -18.8676158
          ],
          [
            46.6429283,
            -18.8669457
          ],
          [
            46.642607,
            -18.8664082
          ],
          [
            46.6423763,
            -18.8659818
          ],
          [
            46.6422363,
            -18.8656665
          ],
          [
            46.6422476,
            -18.8651899
          ],
          [
            46.6422685,
            -18.8647883
          ],
          [
            46.6419681,
            -18.8639
          ],
          [
            46.6417374,
            -18.8636512
          ],
          [
            46.6416763,
            -18.863589
          ],
          [
            46.6414585,
            -18.863367
          ],
          [
            46.6413463,
            -18.8631695
          ],
          [
            46.641201,
            -18.862702
          ],
          [
            46.6406377,
            -18.8616258
          ],
          [
            46.6402413,
            -18.8607887
          ],
          [
            46.6399564,
            -18.8602501
          ],
          [
            46.6397794,
            -18.8595445
          ],
          [
            46.6395278,
            -18.8588952
          ],
          [
            46.6393025,
            -18.8584332
          ],
          [
            46.6390015,
            -18.8580165
          ],
          [
            46.6387065,
            -18.8577271
          ],
          [
            46.6383846,
            -18.8574225
          ],
          [
            46.6378273,
            -18.8565499
          ],
          [
            46.6374249,
            -18.8560117
          ],
          [
            46.6370811,
            -18.8558082
          ],
          [
            46.6368343,
            -18.855732
          ],
          [
            46.6364105,
            -18.8558234
          ],
          [
            46.6360297,
            -18.855996
          ],
          [
            46.6359116,
            -18.8559452
          ],
          [
            46.6358585,
            -18.8557021
          ],
          [
            46.6360409,
            -18.855367
          ],
          [
            46.6360672,
            -18.8551888
          ],
          [
            46.6359438,
            -18.8550568
          ],
          [
            46.6356166,
            -18.8550365
          ],
          [
            46.6341367,
            -18.8549488
          ]
        ]
      },
      "id": "way/181264655"
    },
    {
      "type": "Feature",
      "properties": {
        "@id": "way/187035141",
        "highway": "secondary",
        "ref": "N 1",
        "surface": "asphalt"
      },
      "geometry": {
        "type": "LineString",
        "coordinates": [
          [
            46.7997841,
            -18.958903
          ],
          [
            46.8000094,
            -18.9588952
          ],
          [
            46.8007949,
            -18.958868
          ],
          [
            46.8027301,
            -18.9587614
          ],
          [
            46.8034926,
            -18.9586972
          ],
          [
            46.803921,
            -18.9586435
          ],
          [
            46.8041906,
            -18.9585839
          ],
          [
            46.8045004,
            -18.9584773
          ],
          [
            46.8047042,
            -18.9583974
          ],
          [
            46.8048694,
            -18.9583221
          ],
          [
            46.805191,
            -18.9581755
          ],
          [
            46.8057784,
            -18.9578875
          ],
          [
            46.8061055,
            -18.9577211
          ],
          [
            46.8067306,
            -18.957403
          ],
          [
            46.8081083,
            -18.9567204
          ],
          [
            46.8092124,
            -18.9561734
          ],
          [
            46.8109683,
            -18.9553034
          ],
          [
            46.8115613,
            -18.9550096
          ],
          [
            46.8120012,
            -18.9548662
          ],
          [
            46.8124867,
            -18.9547622
          ],
          [
            46.8129239,
            -18.9546925
          ],
          [
            46.8145761,
            -18.9544172
          ],
          [
            46.816962,
            -18.9540278
          ],
          [
            46.8173696,
            -18.953934
          ],
          [
            46.8175856,
            -18.9538579
          ],
          [
            46.8178189,
            -18.9537513
          ],
          [
            46.8180402,
            -18.9536182
          ],
          [
            46.8182145,
            -18.953504
          ],
          [
            46.8183862,
            -18.9533505
          ],
          [
            46.818472,
            -18.9532592
          ],
          [
            46.8186088,
            -18.9531006
          ],
          [
            46.8187295,
            -18.9529269
          ],
          [
            46.8188328,
            -18.9527455
          ],
          [
            46.8191158,
            -18.9523016
          ],
          [
            46.8193612,
            -18.9519883
          ],
          [
            46.8195087,
            -18.9518284
          ],
          [
            46.8197139,
            -18.9516636
          ],
          [
            46.8198494,
            -18.9515735
          ],
          [
            46.8200693,
            -18.9514568
          ],
          [
            46.8202745,
            -18.9513807
          ],
          [
            46.8205896,
            -18.9513033
          ],
          [
            46.8209598,
            -18.9512665
          ],
          [
            46.8213769,
            -18.9512606
          ],
          [
            46.8217618,
            -18.9512551
          ],
          [
            46.8219978,
            -18.9512691
          ],
          [
            46.8222633,
            -18.9513021
          ],
          [
            46.8224645,
            -18.951349
          ],
          [
            46.8228226,
            -18.9514619
          ],
          [
            46.8230948,
            -18.9515722
          ],
          [
            46.8232759,
            -18.9516686
          ],
          [
            46.8238242,
            -18.95203
          ],
          [
            46.8243018,
            -18.9523447
          ],
          [
            46.8244141,
            -18.9524034
          ],
          [
            46.8245539,
            -18.9524766
          ],
          [
            46.8248195,
            -18.952592
          ],
          [
            46.8249791,
            -18.9526237
          ],
          [
            46.8250877,
            -18.9526504
          ],
          [
            46.8252527,
            -18.9526757
          ],
          [
            46.8254994,
            -18.9527024
          ],
          [
            46.8260345,
            -18.952743
          ],
          [
            46.8263846,
            -18.952729
          ],
          [
            46.8266729,
            -18.9526669
          ],
          [
            46.8268311,
            -18.9526149
          ],
          [
            46.8269277,
            -18.9525552
          ],
          [
            46.8270377,
            -18.9524905
          ],
          [
            46.8271302,
            -18.9524119
          ],
          [
            46.8272737,
            -18.9522889
          ],
          [
            46.8274226,
            -18.9520872
          ],
          [
            46.8275379,
            -18.9519439
          ],
          [
            46.8276345,
            -18.951765
          ],
          [
            46.8277726,
            -18.951491
          ],
          [
            46.827908,
            -18.9511993
          ],
          [
            46.8279791,
            -18.9510699
          ],
          [
            46.828077,
            -18.9509088
          ],
          [
            46.8281602,
            -18.950796
          ],
          [
            46.8282411,
            -18.9506886
          ],
          [
            46.8283493,
            -18.9505981
          ],
          [
            46.8285209,
            -18.9504941
          ],
          [
            46.8287338,
            -18.9503961
          ],
          [
            46.8288535,
            -18.9503723
          ],
          [
            46.828993,
            -18.950352
          ],
          [
            46.8291928,
            -18.9503558
          ],
          [
            46.8293363,
            -18.9503736
          ],
          [
            46.8294758,
            -18.950404
          ],
          [
            46.8296327,
            -18.950456
          ],
          [
            46.8301061,
            -18.9505994
          ],
          [
            46.8302939,
            -18.9506273
          ],
          [
            46.8304763,
            -18.9506209
          ],
          [
            46.8305943,
            -18.9505676
          ],
          [
            46.8307351,
            -18.9504903
          ],
          [
            46.8309822,
            -18.9502735
          ],
          [
            46.8312541,
            -18.9500349
          ],
          [
            46.8313761,
            -18.9499918
          ],
          [
            46.8315223,
            -18.949941
          ],
          [
            46.8317315,
            -18.9499017
          ],
          [
            46.8320574,
            -18.949898
          ],
          [
            46.8324624,
            -18.9498992
          ],
          [
            46.8327823,
            -18.9498243
          ],
          [
            46.833078,
            -18.9496062
          ],
          [
            46.8332129,
            -18.9494274
          ],
          [
            46.8333315,
            -18.9492701
          ],
          [
            46.8335407,
            -18.9489581
          ],
          [
            46.8337915,
            -18.9487487
          ],
          [
            46.8339524,
            -18.9486726
          ],
          [
            46.8341764,
            -18.9486193
          ],
          [
            46.8344121,
            -18.9485968
          ],
          [
            46.8347404,
            -18.9485655
          ],
          [
            46.835378,
            -18.9483872
          ],
          [
            46.8355564,
            -18.9483111
          ],
          [
            46.8357817,
            -18.9481868
          ],
          [
            46.8359252,
            -18.9480828
          ],
          [
            46.8360512,
            -18.9479724
          ],
          [
            46.8362229,
            -18.9477834
          ],
          [
            46.8363409,
            -18.9476338
          ],
          [
            46.8365967,
            -18.947323
          ],
          [
            46.8366919,
            -18.9472073
          ],
          [
            46.836939,
            -18.946907
          ],
          [
            46.837108,
            -18.9467788
          ],
          [
            46.8372797,
            -18.9467154
          ],
          [
            46.8374755,
            -18.9466469
          ],
          [
            46.8378497,
            -18.946581
          ],
          [
            46.8382118,
            -18.9465632
          ],
          [
            46.8383848,
            -18.946548
          ],
          [
            46.8385309,
            -18.9465112
          ],
          [
            46.838661,
            -18.9464541
          ],
          [
            46.8387898,
            -18.9463983
          ],
          [
            46.8389423,
            -18.9462814
          ],
          [
            46.8390245,
            -18.9461763
          ],
          [
            46.8391143,
            -18.9460368
          ],
          [
            46.8393182,
            -18.9457387
          ],
          [
            46.8394536,
            -18.9455358
          ],
          [
            46.8395864,
            -18.9453886
          ],
          [
            46.8396642,
            -18.9453062
          ],
          [
            46.8397496,
            -18.945246
          ],
          [
            46.8398667,
            -18.9451717
          ],
          [
            46.8400732,
            -18.945069
          ],
          [
            46.8402087,
            -18.9450068
          ],
          [
            46.840438,
            -18.9449168
          ],
          [
            46.8406432,
            -18.9448571
          ],
          [
            46.8408497,
            -18.9448127
          ],
          [
            46.8410281,
            -18.9447557
          ],
          [
            46.8412038,
            -18.9446694
          ],
          [
            46.8413249,
            -18.944573
          ],
          [
            46.8414492,
            -18.9444474
          ],
          [
            46.8415712,
            -18.9442863
          ],
          [
            46.8416624,
            -18.9441405
          ],
          [
            46.8417509,
            -18.9439299
          ],
          [
            46.8418287,
            -18.9437713
          ],
          [
            46.841877,
            -18.9436927
          ],
          [
            46.8419534,
            -18.9436107
          ],
          [
            46.8421017,
            -18.9434334
          ]
        ]
      },
      "id": "way/187035141"
    },
    {
      "type": "Feature",
      "properties": {
        "@id": "way/187035147",
        "bridge": "yes",
        "highway": "secondary",
        "layer": "1",
        "ref": "N 1",
        "surface": "asphalt"
      },
      "geometry": {
        "type": "LineString",
        "coordinates": [
          [
            46.7994054,
            -18.9589126
          ],
          [
            46.7997841,
            -18.958903
          ]
        ]
      },
      "id": "way/187035147"
    },
    {
      "type": "Feature",
      "properties": {
        "@id": "way/187035148",
        "bridge": "yes",
        "highway": "secondary",
        "layer": "1",
        "ref": "N 1"
      },
      "geometry": {
        "type": "LineString",
        "coordinates": [
          [
            46.9198894,
            -18.9430466
          ],
          [
            46.9201184,
            -18.9431554
          ]
        ]
      },
      "id": "way/187035148"
    },
    {
      "type": "Feature",
      "properties": {
        "@id": "way/187035149",
        "highway": "secondary",
        "ref": "N 1",
        "smoothness": "good",
        "surface": "asphalt"
      },
      "geometry": {
        "type": "LineString",
        "coordinates": [
          [
            46.9290749,
            -18.958053
          ],
          [
            46.9291083,
            -18.9581395
          ],
          [
            46.9291206,
            -18.9582209
          ],
          [
            46.9291048,
            -18.9582857
          ],
          [
            46.9290591,
            -18.9583705
          ],
          [
            46.9289712,
            -18.9584403
          ],
          [
            46.92885,
            -18.9584868
          ],
          [
            46.9286496,
            -18.9585234
          ],
          [
            46.9283825,
            -18.9585483
          ],
          [
            46.9282349,
            -18.9585832
          ],
          [
            46.9281558,
            -18.9586397
          ],
          [
            46.9281014,
            -18.9587012
          ],
          [
            46.9280434,
            -18.9588391
          ],
          [
            46.92801,
            -18.9589388
          ],
          [
            46.9279784,
            -18.9590818
          ],
          [
            46.9280047,
            -18.9599377
          ],
          [
            46.9280258,
            -18.9601437
          ],
          [
            46.9280522,
            -18.9603747
          ],
          [
            46.9280961,
            -18.9605974
          ],
          [
            46.9281102,
            -18.960737
          ],
          [
            46.928126,
            -18.96086
          ],
          [
            46.9281242,
            -18.9610046
          ],
          [
            46.9280961,
            -18.9611026
          ],
          [
            46.9280516,
            -18.9612092
          ],
          [
            46.9279889,
            -18.9613004
          ],
          [
            46.927914,
            -18.96138
          ],
          [
            46.9277891,
            -18.9614377
          ],
          [
            46.9275703,
            -18.961555
          ],
          [
            46.9274638,
            -18.9616221
          ],
          [
            46.9273716,
            -18.9617362
          ],
          [
            46.9273574,
            -18.9618571
          ],
          [
            46.9273702,
            -18.9619882
          ],
          [
            46.9276684,
            -18.962391
          ],
          [
            46.9278246,
            -18.9625253
          ],
          [
            46.9280446,
            -18.9626461
          ],
          [
            46.9281717,
            -18.9626864
          ],
          [
            46.9283854,
            -18.9626998
          ],
          [
            46.928618,
            -18.9627147
          ],
          [
            46.9287428,
            -18.9626964
          ],
          [
            46.9289097,
            -18.9626632
          ],
          [
            46.9291786,
            -18.9625718
          ],
          [
            46.9293771,
            -18.9625335
          ],
          [
            46.9297936,
            -18.962487
          ],
          [
            46.929943,
            -18.962487
          ],
          [
            46.9301175,
            -18.9624917
          ],
          [
            46.9304684,
            -18.9625684
          ],
          [
            46.9306318,
            -18.9626216
          ],
          [
            46.9309235,
            -18.962713
          ],
          [
            46.9313048,
            -18.9628177
          ],
          [
            46.9315016,
            -18.9628576
          ],
          [
            46.9317406,
            -18.9628692
          ],
          [
            46.932621,
            -18.9629108
          ],
          [
            46.9328354,
            -18.9629224
          ],
          [
            46.9329654,
            -18.9629407
          ],
          [
            46.9331605,
            -18.9629906
          ],
          [
            46.933461,
            -18.9630554
          ],
          [
            46.9356365,
            -18.9635988
          ],
          [
            46.9361215,
            -18.9637268
          ],
          [
            46.9363007,
            -18.9637982
          ],
          [
            46.9364536,
            -18.9638863
          ],
          [
            46.9365854,
            -18.9639794
          ],
          [
            46.9367101,
            -18.9640924
          ],
          [
            46.9368419,
            -18.9642419
          ],
          [
            46.9369111,
            -18.9643715
          ],
          [
            46.9369808,
            -18.9645012
          ],
          [
            46.9370212,
            -18.9646391
          ],
          [
            46.937044,
            -18.9647571
          ],
          [
            46.9370405,
            -18.9648585
          ],
          [
            46.9370106,
            -18.9649981
          ],
          [
            46.9367549,
            -18.9655128
          ],
          [
            46.9366732,
            -18.9656894
          ],
          [
            46.9366413,
            -18.9657813
          ],
          [
            46.9366363,
            -18.9658506
          ],
          [
            46.9366398,
            -18.9659337
          ],
          [
            46.9366627,
            -18.9660501
          ],
          [
            46.9369386,
            -18.9667929
          ],
          [
            46.9370121,
            -18.9669845
          ],
          [
            46.9370616,
            -18.9671818
          ],
          [
            46.9370915,
            -18.9673646
          ],
          [
            46.9371494,
            -18.9677634
          ],
          [
            46.9371688,
            -18.9680011
          ],
          [
            46.9371758,
            -18.9682088
          ],
          [
            46.9371809,
            -18.9684063
          ],
          [
            46.9371723,
            -18.9685312
          ],
          [
            46.9371266,
            -18.9687057
          ],
          [
            46.9370177,
            -18.9690414
          ],
          [
            46.9369192,
            -18.9692674
          ],
          [
            46.9368103,
            -18.9694585
          ],
          [
            46.9364044,
            -18.9700069
          ],
          [
            46.9362691,
            -18.9701814
          ],
          [
            46.9361443,
            -18.9702993
          ],
          [
            46.9360125,
            -18.9703725
          ],
          [
            46.9358087,
            -18.9704622
          ],
          [
            46.9354836,
            -18.9705802
          ],
          [
            46.9346014,
            -18.9709458
          ],
          [
            46.9339987,
            -18.9711984
          ],
          [
            46.933772,
            -18.9712781
          ],
          [
            46.9335805,
            -18.9713197
          ],
          [
            46.9331851,
            -18.9713779
          ],
          [
            46.9330902,
            -18.9714061
          ],
          [
            46.9330287,
            -18.9714593
          ],
          [
            46.932976,
            -18.971559
          ],
          [
            46.9329744,
            -18.9717088
          ],
          [
            46.9330581,
            -18.9722337
          ],
          [
            46.933089,
            -18.9723462
          ],
          [
            46.9331507,
            -18.9724795
          ],
          [
            46.9333225,
            -18.972667
          ],
          [
            46.9336925,
            -18.972992
          ],
          [
            46.9337895,
            -18.9731336
          ],
          [
            46.9337983,
            -18.9732294
          ],
          [
            46.9337762,
            -18.9733586
          ],
          [
            46.9335956,
            -18.9738419
          ],
          [
            46.933578,
            -18.9740085
          ],
          [
            46.9335868,
            -18.9741668
          ],
          [
            46.9336529,
            -18.9743335
          ],
          [
            46.9337762,
            -18.9744751
          ],
          [
            46.9340846,
            -18.9747834
          ],
          [
            46.9341772,
            -18.9749001
          ],
          [
            46.9342829,
            -18.9750709
          ],
          [
            46.9345164,
            -18.9755042
          ],
          [
            46.9347587,
            -18.9760499
          ],
          [
            46.9348688,
            -18.9763374
          ],
          [
            46.9348908,
            -18.9764957
          ],
          [
            46.9348953,
            -18.9766623
          ],
          [
            46.9348556,
            -18.9769456
          ],
          [
            46.9347939,
            -18.9771039
          ],
          [
            46.9347102,
            -18.9772289
          ],
          [
            46.9346353,
            -18.9773331
          ],
          [
            46.9345296,
            -18.9774247
          ],
          [
            46.9343666,
            -18.9775081
          ],
          [
            46.9337895,
            -18.977733
          ],
          [
            46.9337014,
            -18.9777955
          ],
          [
            46.9336265,
            -18.9778747
          ],
          [
            46.9336088,
            -18.977983
          ],
          [
            46.9336221,
            -18.9780705
          ],
          [
            46.9336793,
            -18.9781871
          ],
          [
            46.9338996,
            -18.9784954
          ],
          [
            46.9339569,
            -18.9786037
          ],
          [
            46.9340362,
            -18.9788329
          ],
          [
            46.9341067,
            -18.9789787
          ],
          [
            46.934371,
            -18.9793911
          ],
          [
            46.9344415,
            -18.9795411
          ],
          [
            46.9344547,
            -18.9796286
          ],
          [
            46.9344459,
            -18.9797536
          ],
          [
            46.9344106,
            -18.979866
          ],
          [
            46.9343534,
            -18.9799869
          ],
          [
            46.934252,
            -18.9801493
          ],
          [
            46.9341948,
            -18.9803035
          ],
          [
            46.9341639,
            -18.9807201
          ],
          [
            46.9341816,
            -18.9808492
          ],
          [
            46.9342344,
            -18.9809617
          ],
          [
            46.9344106,
            -18.9812075
          ],
          [
            46.9344635,
            -18.9813283
          ],
          [
            46.9344767,
            -18.9814741
          ],
          [
            46.9344177,
            -18.9816494
          ],
          [
            46.9341992,
            -18.9820948
          ],
          [
            46.9341639,
            -18.9822323
          ],
          [
            46.9341948,
            -18.9823615
          ],
          [
            46.934252,
            -18.9824656
          ],
          [
            46.9343313,
            -18.9825281
          ],
          [
            46.9347102,
            -18.9827531
          ],
          [
            46.9348071,
            -18.9828697
          ],
          [
            46.9349525,
            -18.9830655
          ],
          [
            46.9350627,
            -18.983253
          ],
          [
            46.9351596,
            -18.9835029
          ],
          [
            46.9354459,
            -18.9839279
          ],
          [
            46.9355886,
            -18.9841036
          ],
          [
            46.9356354,
            -18.9841612
          ],
          [
            46.9357323,
            -18.9842361
          ],
          [
            46.9358248,
            -18.9842778
          ],
          [
            46.9359614,
            -18.9842945
          ],
          [
            46.9361112,
            -18.9842736
          ],
          [
            46.9366002,
            -18.9841737
          ],
          [
            46.9367073,
            -18.984123
          ],
          [
            46.93675,
            -18.9841028
          ],
          [
            46.9368513,
            -18.9840029
          ],
          [
            46.936913,
            -18.9838945
          ],
          [
            46.9369174,
            -18.9837821
          ],
          [
            46.9368689,
            -18.9835946
          ],
          [
            46.9367676,
            -18.9833071
          ],
          [
            46.9367588,
            -18.9831947
          ],
          [
            46.936794,
            -18.9830863
          ],
          [
            46.9368634,
            -18.9829444
          ],
          [
            46.9370222,
            -18.9827353
          ],
          [
            46.9372933,
            -18.9824702
          ],
          [
            46.9374148,
            -18.9823847
          ],
          [
            46.9375269,
            -18.9823465
          ],
          [
            46.9377138,
            -18.9823494
          ],
          [
            46.9380503,
            -18.9823995
          ],
          [
            46.9381873,
            -18.9824496
          ],
          [
            46.9382932,
            -18.9825173
          ],
          [
            46.9383992,
            -18.9826027
          ],
          [
            46.9389568,
            -18.9831831
          ],
          [
            46.9390752,
            -18.9832891
          ],
          [
            46.9392527,
            -18.9833834
          ],
          [
            46.9394614,
            -18.9835041
          ],
          [
            46.9396515,
            -18.9836426
          ],
          [
            46.9397412,
            -18.9837109
          ],
          [
            46.9397973,
            -18.9837535
          ],
          [
            46.9400191,
            -18.9839224
          ],
          [
            46.9401904,
            -18.9839814
          ],
          [
            46.9416123,
            -18.9841678
          ],
          [
            46.9418072,
            -18.9841934
          ],
          [
            46.9423504,
            -18.9842733
          ]
        ]
      },
      "id": "way/187035149"
    },
    {
      "type": "Feature",
      "properties": {
        "@id": "way/187631946",
        "highway": "secondary",
        "ref": "N 1"
      },
      "geometry": {
        "type": "LineString",
        "coordinates": [
          [
            46.8423017,
            -18.9432626
          ],
          [
            46.8423759,
            -18.9431181
          ],
          [
            46.8429445,
            -18.9427122
          ],
          [
            46.8431698,
            -18.9426132
          ],
          [
            46.8433294,
            -18.9425422
          ],
          [
            46.8436392,
            -18.9424483
          ],
          [
            46.8438685,
            -18.9423887
          ],
          [
            46.844067,
            -18.9422936
          ],
          [
            46.8442642,
            -18.9421921
          ],
          [
            46.8444081,
            -18.9421
          ],
          [
            46.8445579,
            -18.9419764
          ],
          [
            46.8446517,
            -18.9418762
          ],
          [
            46.8447724,
            -18.9417291
          ],
          [
            46.8448583,
            -18.9415984
          ],
          [
            46.8449401,
            -18.9414526
          ],
          [
            46.8450205,
            -18.9412154
          ],
          [
            46.8453692,
            -18.9403388
          ],
          [
            46.8455248,
            -18.9401295
          ],
          [
            46.8457394,
            -18.9399253
          ],
          [
            46.8458949,
            -18.9398289
          ],
          [
            46.8460545,
            -18.9397388
          ],
          [
            46.8462208,
            -18.9396741
          ],
          [
            46.8463831,
            -18.9396297
          ],
          [
            46.8466178,
            -18.9396145
          ],
          [
            46.8469184,
            -18.9396282
          ],
          [
            46.8471904,
            -18.9396881
          ],
          [
            46.8474681,
            -18.9397718
          ],
          [
            46.8477695,
            -18.9398786
          ],
          [
            46.848073,
            -18.9400065
          ],
          [
            46.8482191,
            -18.9400915
          ],
          [
            46.8483679,
            -18.9402132
          ],
          [
            46.8485327,
            -18.9403835
          ],
          [
            46.8488724,
            -18.9407918
          ],
          [
            46.8489267,
            -18.9408571
          ],
          [
            46.8489942,
            -18.9409388
          ],
          [
            46.8490774,
            -18.941034
          ],
          [
            46.8492276,
            -18.9411722
          ],
          [
            46.8494447,
            -18.9413384
          ],
          [
            46.8496701,
            -18.941466
          ],
          [
            46.8498579,
            -18.9415439
          ],
          [
            46.850972,
            -18.9418849
          ],
          [
            46.851195,
            -18.9419764
          ],
          [
            46.851463,
            -18.9421277
          ],
          [
            46.8517904,
            -18.9423595
          ],
          [
            46.8520439,
            -18.9425967
          ],
          [
            46.8526331,
            -18.9431483
          ],
          [
            46.853086,
            -18.9434087
          ],
          [
            46.8535055,
            -18.9435612
          ],
          [
            46.8537847,
            -18.9436318
          ],
          [
            46.8539536,
            -18.9436648
          ],
          [
            46.8542272,
            -18.9436762
          ],
          [
            46.8544964,
            -18.9436607
          ],
          [
            46.8548401,
            -18.9436242
          ],
          [
            46.8550367,
            -18.9435868
          ],
          [
            46.8553055,
            -18.9435392
          ],
          [
            46.8559787,
            -18.9434403
          ],
          [
            46.8568437,
            -18.9433946
          ],
          [
            46.8571897,
            -18.9434098
          ],
          [
            46.8574432,
            -18.9434403
          ],
          [
            46.8576605,
            -18.94351
          ],
          [
            46.8579287,
            -18.9436052
          ],
          [
            46.8582774,
            -18.9437536
          ],
          [
            46.8586146,
            -18.943915
          ],
          [
            46.8587387,
            -18.943973
          ],
          [
            46.8588585,
            -18.9440523
          ],
          [
            46.8590244,
            -18.944162
          ],
          [
            46.8592698,
            -18.944365
          ],
          [
            46.8596989,
            -18.944724
          ],
          [
            46.8601402,
            -18.9450867
          ],
          [
            46.860499,
            -18.9454161
          ],
          [
            46.8606543,
            -18.9455288
          ],
          [
            46.8609651,
            -18.9457545
          ],
          [
            46.8611058,
            -18.9458567
          ],
          [
            46.8616328,
            -18.9462106
          ],
          [
            46.8620016,
            -18.9464199
          ],
          [
            46.8624827,
            -18.9466826
          ],
          [
            46.8632931,
            -18.9469716
          ],
          [
            46.8638792,
            -18.9471454
          ],
          [
            46.8645953,
            -18.9473471
          ],
          [
            46.864659,
            -18.9473627
          ],
          [
            46.8651559,
            -18.9474841
          ],
          [
            46.8657247,
            -18.9476
          ],
          [
            46.8661134,
            -18.9476414
          ],
          [
            46.8665721,
            -18.947649
          ],
          [
            46.8666391,
            -18.9476466
          ],
          [
            46.8669235,
            -18.9476363
          ],
          [
            46.8671179,
            -18.9476097
          ],
          [
            46.867539,
            -18.9475374
          ],
          [
            46.8678998,
            -18.9474613
          ],
          [
            46.8682136,
            -18.947356
          ],
          [
            46.8686602,
            -18.947186
          ],
          [
            46.8694636,
            -18.9468161
          ],
          [
            46.8700241,
            -18.9465556
          ],
          [
            46.8703098,
            -18.9464909
          ],
          [
            46.8706195,
            -18.9464414
          ],
          [
            46.8710648,
            -18.9464224
          ],
          [
            46.8714014,
            -18.9464452
          ],
          [
            46.8719566,
            -18.9465264
          ],
          [
            46.8724114,
            -18.9466203
          ],
          [
            46.8728257,
            -18.9467598
          ],
          [
            46.8731389,
            -18.9468927
          ],
          [
            46.873409,
            -18.947096
          ],
          [
            46.8736109,
            -18.9473007
          ],
          [
            46.8738087,
            -18.9476325
          ],
          [
            46.8739415,
            -18.9479116
          ],
          [
            46.8743264,
            -18.948717
          ],
          [
            46.8746268,
            -18.9492599
          ],
          [
            46.8748156,
            -18.9495322
          ],
          [
            46.8750573,
            -18.9497318
          ],
          [
            46.875393,
            -18.9499197
          ],
          [
            46.8756608,
            -18.95004
          ],
          [
            46.8759142,
            -18.9501158
          ],
          [
            46.8770126,
            -18.9501186
          ],
          [
            46.8772741,
            -18.9501389
          ],
          [
            46.8774739,
            -18.9501858
          ],
          [
            46.8776912,
            -18.9502734
          ],
          [
            46.8786863,
            -18.9508201
          ],
          [
            46.8788995,
            -18.950905
          ],
          [
            46.8791785,
            -18.9509697
          ],
          [
            46.8793783,
            -18.9509888
          ],
          [
            46.8795513,
            -18.9509888
          ],
          [
            46.8796868,
            -18.9509723
          ],
          [
            46.8798598,
            -18.9509456
          ],
          [
            46.879965,
            -18.9509132
          ],
          [
            46.8800408,
            -18.9508898
          ],
          [
            46.880183,
            -18.9508289
          ],
          [
            46.8804445,
            -18.9507097
          ],
          [
            46.8814169,
            -18.9501465
          ],
          [
            46.8815817,
            -18.9501085
          ],
          [
            46.8817588,
            -18.9500933
          ],
          [
            46.88226,
            -18.9500628
          ],
          [
            46.8824467,
            -18.9500298
          ],
          [
            46.8826305,
            -18.9499728
          ],
          [
            46.8827606,
            -18.9498946
          ],
          [
            46.8830006,
            -18.9497381
          ],
          [
            46.883306,
            -18.9495052
          ],
          [
            46.8836442,
            -18.9493297
          ],
          [
            46.8838053,
            -18.9492726
          ],
          [
            46.8839659,
            -18.949248
          ]
        ]
      },
      "id": "way/187631946"
    },
    {
      "type": "Feature",
      "properties": {
        "@id": "way/187631947",
        "bridge": "yes",
        "highway": "secondary",
        "layer": "1",
        "ref": "N 1",
        "surface": "asphalt"
      },
      "geometry": {
        "type": "LineString",
        "coordinates": [
          [
            46.8421017,
            -18.9434334
          ],
          [
            46.8423017,
            -18.9432626
          ]
        ]
      },
      "id": "way/187631947"
    },
    {
      "type": "Feature",
      "properties": {
        "@id": "way/190027395",
        "highway": "tertiary",
        "ref": "N 1",
        "smoothness": "very_bad",
        "surface": "unpaved"
      },
      "geometry": {
        "type": "LineString",
        "coordinates": [
          [
            46.3746129,
            -18.7381998
          ],
          [
            46.374447,
            -18.7385422
          ],
          [
            46.3743237,
            -18.7388801
          ],
          [
            46.3741326,
            -18.7394606
          ],
          [
            46.3740914,
            -18.7395857
          ],
          [
            46.3733822,
            -18.7421313
          ],
          [
            46.3730282,
            -18.7434114
          ],
          [
            46.3727239,
            -18.7446724
          ],
          [
            46.3726768,
            -18.7466803
          ],
          [
            46.3727456,
            -18.7486997
          ],
          [
            46.3724501,
            -18.7500822
          ],
          [
            46.3730585,
            -18.7536864
          ],
          [
            46.3731765,
            -18.7544188
          ],
          [
            46.3730809,
            -18.7551676
          ],
          [
            46.3728185,
            -18.7562433
          ],
          [
            46.3719338,
            -18.7581382
          ],
          [
            46.3714805,
            -18.7592575
          ],
          [
            46.3709977,
            -18.7603699
          ],
          [
            46.3706383,
            -18.7611293
          ],
          [
            46.3694752,
            -18.7631995
          ],
          [
            46.3685446,
            -18.7647046
          ],
          [
            46.3679015,
            -18.7657331
          ],
          [
            46.3675469,
            -18.7661983
          ],
          [
            46.3670499,
            -18.7662844
          ],
          [
            46.3662069,
            -18.7662103
          ],
          [
            46.3651033,
            -18.7660046
          ],
          [
            46.3642082,
            -18.7659388
          ],
          [
            46.3630176,
            -18.7660129
          ],
          [
            46.3625124,
            -18.7662961
          ],
          [
            46.361801,
            -18.7668933
          ],
          [
            46.3601846,
            -18.7686953
          ],
          [
            46.3600083,
            -18.7690984
          ],
          [
            46.3601238,
            -18.7694605
          ],
          [
            46.3607929,
            -18.770489
          ],
          [
            46.3617575,
            -18.7711801
          ],
          [
            46.3621834,
            -18.7714681
          ],
          [
            46.3627022,
            -18.7719351
          ],
          [
            46.3627221,
            -18.772365
          ],
          [
            46.3627135,
            -18.7730973
          ],
          [
            46.3628351,
            -18.7736897
          ],
          [
            46.3628611,
            -18.7745366
          ],
          [
            46.3629742,
            -18.7749239
          ],
          [
            46.3633131,
            -18.7751213
          ],
          [
            46.3639301,
            -18.7752859
          ],
          [
            46.3641387,
            -18.7754998
          ],
          [
            46.3642343,
            -18.7757549
          ],
          [
            46.3645667,
            -18.7768772
          ],
          [
            46.3647117,
            -18.7777013
          ],
          [
            46.3646509,
            -18.7785487
          ],
          [
            46.3644776,
            -18.7804282
          ],
          [
            46.3644858,
            -18.7809759
          ],
          [
            46.3647197,
            -18.7828244
          ],
          [
            46.3640794,
            -18.7836999
          ],
          [
            46.3640794,
            -18.7839711
          ],
          [
            46.3643289,
            -18.7846011
          ],
          [
            46.3640702,
            -18.7850823
          ],
          [
            46.3636912,
            -18.7856686
          ],
          [
            46.3630351,
            -18.786001
          ],
          [
            46.3620376,
            -18.7863551
          ],
          [
            46.3618429,
            -18.7865173
          ],
          [
            46.3610665,
            -18.7880309
          ],
          [
            46.3605952,
            -18.7890721
          ],
          [
            46.3595509,
            -18.7899033
          ],
          [
            46.3590518,
            -18.790227
          ],
          [
            46.3584511,
            -18.7906907
          ],
          [
            46.3576748,
            -18.7907432
          ],
          [
            46.3570925,
            -18.7911194
          ],
          [
            46.3564733,
            -18.7919681
          ],
          [
            46.3564549,
            -18.7924406
          ],
          [
            46.3565935,
            -18.7932368
          ],
          [
            46.3563347,
            -18.7938055
          ],
          [
            46.355734,
            -18.7939542
          ],
          [
            46.355429,
            -18.7942079
          ],
          [
            46.3550778,
            -18.7945841
          ],
          [
            46.354773,
            -18.7948146
          ],
          [
            46.3543569,
            -18.7947941
          ],
          [
            46.35371,
            -18.7944529
          ],
          [
            46.3532757,
            -18.7944004
          ],
          [
            46.3527858,
            -18.7945141
          ],
          [
            46.3518801,
            -18.7950741
          ],
          [
            46.3507434,
            -18.7953015
          ],
          [
            46.3503645,
            -18.7951441
          ],
          [
            46.350078,
            -18.7948028
          ],
          [
            46.3498839,
            -18.7943304
          ],
          [
            46.3497268,
            -18.7939192
          ],
          [
            46.349468,
            -18.7937705
          ],
          [
            46.3492185,
            -18.7938667
          ],
          [
            46.3490891,
            -18.7941379
          ],
          [
            46.3488765,
            -18.7942342
          ],
          [
            46.348285,
            -18.7942429
          ],
          [
            46.3479138,
            -18.7939979
          ],
          [
            46.3475827,
            -18.7938142
          ],
          [
            46.3469912,
            -18.7937705
          ],
          [
            46.3464274,
            -18.7939192
          ],
          [
            46.3449949,
            -18.7947941
          ],
          [
            46.3445497,
            -18.7949428
          ],
          [
            46.3424719,
            -18.7948728
          ],
          [
            46.3409932,
            -18.7948203
          ],
          [
            46.3377586,
            -18.7952403
          ],
          [
            46.337315,
            -18.7951508
          ],
          [
            46.3369175,
            -18.7949603
          ],
          [
            46.3365756,
            -18.7945316
          ],
          [
            46.3356976,
            -18.7930793
          ],
          [
            46.3353187,
            -18.7924143
          ],
          [
            46.334986,
            -18.7908045
          ],
          [
            46.3348104,
            -18.7904982
          ],
          [
            46.3344869,
            -18.790332
          ],
          [
            46.3335258,
            -18.7902883
          ],
          [
            46.3332485,
            -18.7901045
          ],
          [
            46.332731,
            -18.7891771
          ],
          [
            46.3321765,
            -18.7887659
          ],
          [
            46.3319264,
            -18.7886666
          ],
          [
            46.3308826,
            -18.7887309
          ],
          [
            46.3296997,
            -18.7888446
          ],
          [
            46.3287385,
            -18.7882759
          ],
          [
            46.3273968,
            -18.7883372
          ],
          [
            46.3269641,
            -18.7881359
          ],
          [
            46.326696,
            -18.787611
          ],
          [
            46.326465,
            -18.787261
          ],
          [
            46.3254669,
            -18.7866748
          ],
          [
            46.323942,
            -18.7865085
          ],
          [
            46.3235723,
            -18.7863685
          ],
          [
            46.3230363,
            -18.7858261
          ],
          [
            46.3226296,
            -18.7856248
          ],
          [
            46.3221937,
            -18.7856773
          ],
          [
            46.3214374,
            -18.7859223
          ],
          [
            46.3209476,
            -18.7860185
          ],
          [
            46.3202545,
            -18.7858086
          ],
          [
            46.3192563,
            -18.7859573
          ],
          [
            46.3172009,
            -18.7860172
          ],
          [
            46.3166259,
            -18.7857324
          ],
          [
            46.315345,
            -18.7845817
          ],
          [
            46.314404,
            -18.7840125
          ],
          [
            46.3140119,
            -18.7835546
          ],
          [
            46.313659,
            -18.7825895
          ],
          [
            46.3131101,
            -18.7818842
          ],
          [
            46.3121037,
            -18.780622
          ],
          [
            46.3116985,
            -18.7802384
          ],
          [
            46.3098948,
            -18.7803993
          ],
          [
            46.3095289,
            -18.7802631
          ],
          [
            46.309176,
            -18.7798548
          ],
          [
            46.3089669,
            -18.778704
          ],
          [
            46.3087447,
            -18.7783451
          ],
          [
            46.3076076,
            -18.7776769
          ],
          [
            46.3067439,
            -18.7767943
          ],
          [
            46.3065751,
            -18.7757837
          ],
          [
            46.3063529,
            -18.7753505
          ],
          [
            46.3054772,
            -18.7750288
          ],
          [
            46.3044969,
            -18.7745338
          ],
          [
            46.3040003,
            -18.7738656
          ],
          [
            46.3020529,
            -18.7726776
          ],
          [
            46.301713,
            -18.7722693
          ],
          [
            46.3015084,
            -18.7717277
          ],
          [
            46.3017937,
            -18.7694728
          ],
          [
            46.3017,
            -18.7689404
          ],
          [
            46.2987592,
            -18.765166
          ],
          [
            46.297792,
            -18.7635944
          ],
          [
            46.2966288,
            -18.7621836
          ],
          [
            46.2964667,
            -18.7616949
          ],
          [
            46.296472,
            -18.759956
          ],
          [
            46.2965504,
            -18.7593743
          ],
          [
            46.2964197,
            -18.7590897
          ],
          [
            46.2953087,
            -18.7585947
          ],
          [
            46.2951258,
            -18.7583595
          ],
          [
            46.2948905,
            -18.7568249
          ],
          [
            46.2949214,
            -18.7555033
          ],
          [
            46.2952434,
            -18.7548695
          ],
          [
            46.2959622,
            -18.7540898
          ],
          [
            46.2966027,
            -18.7522953
          ],
          [
            46.297091,
            -18.7507138
          ],
          [
            46.2968902,
            -18.7491641
          ],
          [
            46.2965896,
            -18.7483101
          ],
          [
            46.2961202,
            -18.7477437
          ],
          [
            46.2952027,
            -18.7467857
          ],
          [
            46.2944633,
            -18.7460944
          ],
          [
            46.2938903,
            -18.7458143
          ],
          [
            46.29293,
            -18.7456749
          ]
        ]
      },
      "id": "way/190027395"
    },
    {
      "type": "Feature",
      "properties": {
        "@id": "way/190027396",
        "highway": "tertiary",
        "ref": "N 1",
        "smoothness": "very_bad",
        "surface": "unpaved"
      },
      "geometry": {
        "type": "LineString",
        "coordinates": [
          [
            46.3814755,
            -18.7359799
          ],
          [
            46.3813624,
            -18.7359899
          ],
          [
            46.3812076,
            -18.7361076
          ],
          [
            46.381047,
            -18.7362081
          ],
          [
            46.3808602,
            -18.7362994
          ],
          [
            46.3806939,
            -18.7363552
          ],
          [
            46.3805692,
            -18.7364327
          ],
          [
            46.3804532,
            -18.7365561
          ],
          [
            46.3803754,
            -18.7368525
          ],
          [
            46.3805154,
            -18.7377451
          ],
          [
            46.3804753,
            -18.7378793
          ],
          [
            46.3803255,
            -18.7379605
          ],
          [
            46.3801548,
            -18.7379098
          ],
          [
            46.3800237,
            -18.7377974
          ],
          [
            46.3796774,
            -18.73713
          ],
          [
            46.3793282,
            -18.7365548
          ],
          [
            46.3791221,
            -18.7362917
          ],
          [
            46.3790256,
            -18.7361774
          ],
          [
            46.3789034,
            -18.7361367
          ],
          [
            46.378715,
            -18.7360874
          ],
          [
            46.3771213,
            -18.7364157
          ],
          [
            46.3759719,
            -18.7369141
          ],
          [
            46.3755626,
            -18.7372647
          ],
          [
            46.3746129,
            -18.7381998
          ]
        ]
      },
      "id": "way/190027396"
    },
    {
      "type": "Feature",
      "properties": {
        "@id": "way/232415291",
        "highway": "secondary",
        "ref": "N 1",
        "surface": "asphalt"
      },
      "geometry": {
        "type": "LineString",
        "coordinates": [
          [
            46.7621802,
            -18.9675463
          ],
          [
            46.7626171,
            -18.9672519
          ],
          [
            46.7629124,
            -18.9670529
          ],
          [
            46.7631961,
            -18.9668617
          ],
          [
            46.7636624,
            -18.9665908
          ],
          [
            46.7641754,
            -18.9663282
          ],
          [
            46.7642192,
            -18.9663099
          ],
          [
            46.7645499,
            -18.966172
          ],
          [
            46.7646468,
            -18.9661316
          ],
          [
            46.7648842,
            -18.9660454
          ],
          [
            46.7651135,
            -18.9659744
          ],
          [
            46.7652529,
            -18.9659441
          ],
          [
            46.7666572,
            -18.9657201
          ],
          [
            46.767096,
            -18.9656501
          ],
          [
            46.7678681,
            -18.9655457
          ],
          [
            46.7684484,
            -18.9654648
          ],
          [
            46.7687412,
            -18.965396
          ],
          [
            46.768811,
            -18.9653765
          ],
          [
            46.7695892,
            -18.9651136
          ],
          [
            46.7701636,
            -18.9649195
          ],
          [
            46.7702568,
            -18.964888
          ],
          [
            46.7704859,
            -18.9648095
          ],
          [
            46.7711299,
            -18.9645895
          ],
          [
            46.7724352,
            -18.9641411
          ],
          [
            46.7724963,
            -18.9641201
          ],
          [
            46.7747243,
            -18.9633505
          ],
          [
            46.7756215,
            -18.9630435
          ],
          [
            46.777976,
            -18.9622379
          ],
          [
            46.7799092,
            -18.9615669
          ],
          [
            46.7800779,
            -18.9615093
          ]
        ]
      },
      "id": "way/232415291"
    },
    {
      "type": "Feature",
      "properties": {
        "@id": "way/232415292",
        "bridge": "yes",
        "highway": "secondary",
        "layer": "1",
        "ref": "N 1",
        "surface": "asphalt"
      },
      "geometry": {
        "type": "LineString",
        "coordinates": [
          [
            46.7620171,
            -18.9676853
          ],
          [
            46.7621802,
            -18.9675463
          ]
        ]
      },
      "id": "way/232415292"
    },
    {
      "type": "Feature",
      "properties": {
        "@id": "way/307465329",
        "bridge": "yes",
        "highway": "tertiary",
        "layer": "1",
        "maxspeed": "20",
        "ref": "N 1",
        "smoothness": "very_bad",
        "surface": "concrete:plates"
      },
      "geometry": {
        "type": "LineString",
        "coordinates": [
          [
            46.6341367,
            -18.8549488
          ],
          [
            46.6339845,
            -18.8549401
          ]
        ]
      },
      "id": "way/307465329"
    },
    {
      "type": "Feature",
      "properties": {
        "@id": "way/307465331",
        "highway": "tertiary",
        "maxspeed": "20",
        "ref": "N 1",
        "smoothness": "very_bad",
        "surface": "unpaved"
      },
      "geometry": {
        "type": "LineString",
        "coordinates": [
          [
            46.6339845,
            -18.8549401
          ],
          [
            46.6324301,
            -18.8548081
          ],
          [
            46.6322477,
            -18.8548639
          ],
          [
            46.6319956,
            -18.8550467
          ],
          [
            46.6317596,
            -18.8553614
          ],
          [
            46.6316255,
            -18.8554528
          ],
          [
            46.6314324,
            -18.8554579
          ],
          [
            46.6312231,
            -18.8553614
          ],
          [
            46.6299357,
            -18.8540568
          ],
          [
            46.6294851,
            -18.8539146
          ],
          [
            46.6291578,
            -18.8539298
          ],
          [
            46.6289331,
            -18.8540217
          ],
          [
            46.6284986,
            -18.8543669
          ],
          [
            46.6280957,
            -18.8549807
          ],
          [
            46.627688,
            -18.8556102
          ],
          [
            46.6275002,
            -18.8558082
          ],
          [
            46.6272535,
            -18.8559097
          ],
          [
            46.6269209,
            -18.8558437
          ],
          [
            46.6254832,
            -18.8552244
          ],
          [
            46.6246088,
            -18.8548792
          ],
          [
            46.6242172,
            -18.8549452
          ],
          [
            46.6238685,
            -18.8548639
          ],
          [
            46.6232033,
            -18.8550975
          ],
          [
            46.6222807,
            -18.8553716
          ],
          [
            46.6216053,
            -18.8557376
          ],
          [
            46.6212721,
            -18.8559909
          ],
          [
            46.6212131,
            -18.8562092
          ],
          [
            46.6211863,
            -18.8571382
          ],
          [
            46.6210098,
            -18.8574941
          ],
          [
            46.6207362,
            -18.8578393
          ],
          [
            46.6202368,
            -18.8580571
          ],
          [
            46.6198779,
            -18.8584688
          ],
          [
            46.6197111,
            -18.8584276
          ],
          [
            46.6195614,
            -18.8581489
          ],
          [
            46.6194053,
            -18.8580571
          ],
          [
            46.6188313,
            -18.8578845
          ],
          [
            46.6183598,
            -18.8575804
          ],
          [
            46.617759,
            -18.8574129
          ],
          [
            46.6170235,
            -18.8574124
          ],
          [
            46.6167499,
            -18.8576357
          ],
          [
            46.616235,
            -18.858316
          ],
          [
            46.6157468,
            -18.8590317
          ],
          [
            46.6153445,
            -18.8595343
          ],
          [
            46.6146471,
            -18.8609709
          ],
          [
            46.6139717,
            -18.8614892
          ],
          [
            46.6133704,
            -18.8616106
          ],
          [
            46.6128125,
            -18.8615598
          ],
          [
            46.6124262,
            -18.8611638
          ],
          [
            46.6121795,
            -18.8606968
          ],
          [
            46.6125335,
            -18.8596612
          ],
          [
            46.6125121,
            -18.8592145
          ],
          [
            46.6121902,
            -18.8588795
          ],
          [
            46.6119863,
            -18.8588388
          ],
          [
            46.6115792,
            -18.8580068
          ],
          [
            46.6109778,
            -18.8582297
          ],
          [
            46.610495,
            -18.8579048
          ],
          [
            46.6097124,
            -18.8582606
          ],
          [
            46.6091754,
            -18.8582398
          ],
          [
            46.6085531,
            -18.857854
          ],
          [
            46.6075124,
            -18.8575799
          ],
          [
            46.606461,
            -18.8577322
          ],
          [
            46.6058709,
            -18.8576306
          ],
          [
            46.6050341,
            -18.8575829
          ],
          [
            46.6035656,
            -18.8566395
          ],
          [
            46.6033716,
            -18.8565148
          ],
          [
            46.6020085,
            -18.8554376
          ],
          [
            46.6011502,
            -18.8538943
          ],
          [
            46.6007967,
            -18.8535191
          ],
          [
            46.600131,
            -18.8531734
          ],
          [
            46.5994443,
            -18.8530211
          ],
          [
            46.5988104,
            -18.8529447
          ]
        ]
      },
      "id": "way/307465331"
    },
    {
      "type": "Feature",
      "properties": {
        "@id": "way/307917746",
        "highway": "tertiary",
        "ref": "N 1",
        "smoothness": "very_bad",
        "surface": "unpaved"
      },
      "geometry": {
        "type": "LineString",
        "coordinates": [
          [
            46.5336341,
            -18.7916216
          ],
          [
            46.5358437,
            -18.7919745
          ],
          [
            46.5373361,
            -18.7941075
          ],
          [
            46.5382008,
            -18.79437
          ],
          [
            46.53902,
            -18.7941247
          ],
          [
            46.5397308,
            -18.7943304
          ],
          [
            46.5403729,
            -18.7949505
          ],
          [
            46.5409329,
            -18.7962221
          ],
          [
            46.5416963,
            -18.7970824
          ],
          [
            46.5425685,
            -18.7976963
          ],
          [
            46.5436103,
            -18.7998851
          ],
          [
            46.5435062,
            -18.8007408
          ],
          [
            46.5429344,
            -18.801927
          ],
          [
            46.5433823,
            -18.8041716
          ],
          [
            46.5437423,
            -18.8049876
          ],
          [
            46.5454948,
            -18.8066618
          ],
          [
            46.5467635,
            -18.8077049
          ],
          [
            46.5476674,
            -18.8084371
          ],
          [
            46.5491813,
            -18.8085905
          ],
          [
            46.5500261,
            -18.8088078
          ],
          [
            46.5503566,
            -18.809604
          ],
          [
            46.5504644,
            -18.8103459
          ],
          [
            46.5504768,
            -18.8108537
          ],
          [
            46.5509161,
            -18.8116905
          ],
          [
            46.5514831,
            -18.8120312
          ],
          [
            46.5516065,
            -18.8126497
          ],
          [
            46.5524294,
            -18.8132819
          ],
          [
            46.5528146,
            -18.8133421
          ],
          [
            46.5534637,
            -18.8132606
          ],
          [
            46.5536168,
            -18.812654
          ],
          [
            46.5537646,
            -18.8125221
          ],
          [
            46.5540564,
            -18.8125535
          ],
          [
            46.5542131,
            -18.8129193
          ],
          [
            46.5542635,
            -18.8130369
          ],
          [
            46.5539436,
            -18.8138567
          ],
          [
            46.5538078,
            -18.8143729
          ],
          [
            46.5538829,
            -18.8146958
          ],
          [
            46.554249,
            -18.8150947
          ],
          [
            46.5550438,
            -18.8154743
          ],
          [
            46.555162,
            -18.8157807
          ],
          [
            46.555272,
            -18.8168204
          ],
          [
            46.5555831,
            -18.817434
          ],
          [
            46.5558892,
            -18.8182726
          ],
          [
            46.5563977,
            -18.8189725
          ],
          [
            46.5569787,
            -18.8193186
          ],
          [
            46.5575382,
            -18.8195887
          ],
          [
            46.5595611,
            -18.8216045
          ],
          [
            46.5614322,
            -18.8234609
          ],
          [
            46.561823,
            -18.8236244
          ],
          [
            46.5620988,
            -18.8235677
          ],
          [
            46.5621924,
            -18.8230803
          ],
          [
            46.5624013,
            -18.8229942
          ],
          [
            46.5625832,
            -18.8230905
          ],
          [
            46.5627623,
            -18.8235182
          ],
          [
            46.5628466,
            -18.8242946
          ],
          [
            46.5625212,
            -18.8254048
          ],
          [
            46.562573,
            -18.8256546
          ],
          [
            46.5631338,
            -18.8263703
          ],
          [
            46.5632924,
            -18.8269806
          ],
          [
            46.5634943,
            -18.8269234
          ],
          [
            46.5641045,
            -18.826436
          ],
          [
            46.5643312,
            -18.8263964
          ],
          [
            46.5648853,
            -18.8265079
          ],
          [
            46.5654059,
            -18.8267419
          ],
          [
            46.5655339,
            -18.8269709
          ],
          [
            46.5656897,
            -18.8274226
          ],
          [
            46.5660309,
            -18.8277384
          ],
          [
            46.5668069,
            -18.8282504
          ],
          [
            46.5667819,
            -18.8283768
          ],
          [
            46.5657865,
            -18.828549
          ],
          [
            46.5656731,
            -18.828747
          ],
          [
            46.5657661,
            -18.8289573
          ],
          [
            46.5659156,
            -18.8290778
          ],
          [
            46.5660265,
            -18.8294377
          ]
        ]
      },
      "id": "way/307917746"
    },
    {
      "type": "Feature",
      "properties": {
        "@id": "way/307917747",
        "bridge": "yes",
        "highway": "tertiary",
        "layer": "1",
        "ref": "N 1",
        "smoothness": "very_bad",
        "surface": "unpaved"
      },
      "geometry": {
        "type": "LineString",
        "coordinates": [
          [
            46.3814755,
            -18.7359799
          ],
          [
            46.3816367,
            -18.7359923
          ]
        ]
      },
      "id": "way/307917747"
    },
    {
      "type": "Feature",
      "properties": {
        "@id": "way/307917748",
        "bridge": "yes",
        "highway": "tertiary",
        "layer": "1",
        "ref": "N 1",
        "smoothness": "very_bad",
        "surface": "unpaved"
      },
      "geometry": {
        "type": "LineString",
        "coordinates": [
          [
            46.4295798,
            -18.7392814
          ],
          [
            46.429714,
            -18.7392407
          ]
        ]
      },
      "id": "way/307917748"
    },
    {
      "type": "Feature",
      "properties": {
        "@id": "way/307917749",
        "bridge": "yes",
        "highway": "tertiary",
        "layer": "1",
        "ref": "N 1",
        "smoothness": "very_bad",
        "surface": "unpaved"
      },
      "geometry": {
        "type": "LineString",
        "coordinates": [
          [
            46.1814564,
            -18.7441331
          ],
          [
            46.1815806,
            -18.7438294
          ]
        ]
      },
      "id": "way/307917749"
    },
    {
      "type": "Feature",
      "properties": {
        "@id": "way/307917750",
        "bridge": "yes",
        "highway": "tertiary",
        "layer": "1",
        "ref": "N 1",
        "smoothness": "very_bad",
        "surface": "unpaved"
      },
      "geometry": {
        "type": "LineString",
        "coordinates": [
          [
            46.5660265,
            -18.8294377
          ],
          [
            46.5661353,
            -18.8298352
          ]
        ]
      },
      "id": "way/307917750"
    },
    {
      "type": "Feature",
      "properties": {
        "@id": "way/307917751",
        "highway": "tertiary",
        "ref": "N 1",
        "smoothness": "very_bad",
        "surface": "unpaved"
      },
      "geometry": {
        "type": "LineString",
        "coordinates": [
          [
            46.4295798,
            -18.7392814
          ],
          [
            46.4294082,
            -18.7392357
          ],
          [
            46.4292258,
            -18.7390883
          ],
          [
            46.4288342,
            -18.7387835
          ],
          [
            46.4286411,
            -18.7387327
          ],
          [
            46.4277559,
            -18.7388191
          ],
          [
            46.4275521,
            -18.7388191
          ],
          [
            46.4273816,
            -18.738879
          ],
          [
            46.4272249,
            -18.7392306
          ],
          [
            46.4269566,
            -18.7396217
          ],
          [
            46.4267421,
            -18.7397284
          ],
          [
            46.4263934,
            -18.7400281
          ],
          [
            46.4255136,
            -18.7406174
          ],
          [
            46.4254171,
            -18.7406479
          ],
          [
            46.4249718,
            -18.7406784
          ],
          [
            46.4245695,
            -18.7407597
          ],
          [
            46.4237702,
            -18.7407597
          ],
          [
            46.4224351,
            -18.7408835
          ],
          [
            46.419777,
            -18.7407057
          ],
          [
            46.4181071,
            -18.7407149
          ],
          [
            46.4157877,
            -18.7403849
          ],
          [
            46.4154828,
            -18.7403415
          ],
          [
            46.4121021,
            -18.7385381
          ],
          [
            46.4120514,
            -18.7384977
          ],
          [
            46.4115013,
            -18.7380585
          ],
          [
            46.4100358,
            -18.735138
          ],
          [
            46.4083149,
            -18.7320959
          ],
          [
            46.4067989,
            -18.7310931
          ],
          [
            46.405365,
            -18.7307339
          ],
          [
            46.4011973,
            -18.7284919
          ],
          [
            46.3999571,
            -18.727991
          ],
          [
            46.399006,
            -18.7280164
          ],
          [
            46.3978151,
            -18.7284864
          ],
          [
            46.3973098,
            -18.7288943
          ],
          [
            46.3968398,
            -18.729539
          ],
          [
            46.3962975,
            -18.7306292
          ],
          [
            46.3951903,
            -18.7315899
          ],
          [
            46.393891,
            -18.7324658
          ],
          [
            46.3916025,
            -18.7336373
          ],
          [
            46.390734,
            -18.7344471
          ],
          [
            46.3899417,
            -18.7350257
          ],
          [
            46.3878092,
            -18.7357904
          ],
          [
            46.3877487,
            -18.7358121
          ],
          [
            46.3859415,
            -18.736316
          ],
          [
            46.3842629,
            -18.7366452
          ],
          [
            46.3836911,
            -18.7368031
          ],
          [
            46.3832466,
            -18.7370713
          ],
          [
            46.3830322,
            -18.7369883
          ],
          [
            46.3825468,
            -18.7364283
          ],
          [
            46.3821137,
            -18.7363015
          ],
          [
            46.3818349,
            -18.7360769
          ],
          [
            46.3816367,
            -18.7359923
          ]
        ]
      },
      "id": "way/307917751"
    },
    {
      "type": "Feature",
      "properties": {
        "@id": "way/307917752",
        "highway": "tertiary",
        "ref": "N 1",
        "smoothness": "very_bad",
        "surface": "unpaved"
      },
      "geometry": {
        "type": "LineString",
        "coordinates": [
          [
            46.5661353,
            -18.8298352
          ],
          [
            46.5662837,
            -18.8299592
          ],
          [
            46.5669777,
            -18.8299965
          ],
          [
            46.5677142,
            -18.830439
          ],
          [
            46.568336,
            -18.8311493
          ],
          [
            46.5680463,
            -18.831932
          ],
          [
            46.568347,
            -18.8325537
          ],
          [
            46.5683845,
            -18.8328832
          ],
          [
            46.5680822,
            -18.8335554
          ],
          [
            46.5678459,
            -18.8338034
          ],
          [
            46.5676585,
            -18.8344444
          ],
          [
            46.5674959,
            -18.8351144
          ],
          [
            46.5675597,
            -18.8358295
          ],
          [
            46.5678382,
            -18.836273
          ],
          [
            46.5683628,
            -18.8365672
          ],
          [
            46.570379,
            -18.837177
          ],
          [
            46.5712867,
            -18.8376334
          ],
          [
            46.5713576,
            -18.8376932
          ],
          [
            46.5719119,
            -18.8381606
          ],
          [
            46.5726139,
            -18.8384188
          ],
          [
            46.5735014,
            -18.8385422
          ],
          [
            46.5742159,
            -18.8385673
          ],
          [
            46.5752427,
            -18.8383581
          ],
          [
            46.57693,
            -18.8378113
          ],
          [
            46.5773308,
            -18.8379076
          ],
          [
            46.5775105,
            -18.8380449
          ],
          [
            46.5774123,
            -18.838912
          ],
          [
            46.5773984,
            -18.839419
          ],
          [
            46.5777312,
            -18.8398348
          ],
          [
            46.5794089,
            -18.8406085
          ],
          [
            46.580241,
            -18.8409693
          ],
          [
            46.5817135,
            -18.8412736
          ],
          [
            46.5827268,
            -18.8417498
          ],
          [
            46.5837809,
            -18.8423959
          ],
          [
            46.5850778,
            -18.8430351
          ],
          [
            46.585581,
            -18.8435065
          ],
          [
            46.5858403,
            -18.8443754
          ],
          [
            46.5865468,
            -18.8453702
          ],
          [
            46.5877855,
            -18.8466742
          ],
          [
            46.5885395,
            -18.847366
          ],
          [
            46.5888369,
            -18.8476388
          ],
          [
            46.590829,
            -18.8489189
          ],
          [
            46.5912522,
            -18.8491455
          ],
          [
            46.5916452,
            -18.849356
          ],
          [
            46.5923986,
            -18.849441
          ],
          [
            46.5935713,
            -18.8495743
          ],
          [
            46.5950768,
            -18.8504107
          ],
          [
            46.5968932,
            -18.8516435
          ],
          [
            46.5988104,
            -18.8529447
          ]
        ]
      },
      "id": "way/307917752"
    },
    {
      "type": "Feature",
      "properties": {
        "@id": "way/307917753",
        "highway": "tertiary",
        "ref": "N 1",
        "smoothness": "very_bad",
        "surface": "unpaved"
      },
      "geometry": {
        "type": "LineString",
        "coordinates": [
          [
            46.1815806,
            -18.7438294
          ],
          [
            46.1816883,
            -18.7436562
          ],
          [
            46.1819506,
            -18.7434182
          ],
          [
            46.1823404,
            -18.7432599
          ],
          [
            46.1830718,
            -18.7433852
          ],
          [
            46.1833969,
            -18.7436826
          ],
          [
            46.1836308,
            -18.7436229
          ],
          [
            46.1838727,
            -18.7433062
          ],
          [
            46.1844883,
            -18.7432455
          ],
          [
            46.1852436,
            -18.7433778
          ],
          [
            46.1857816,
            -18.7436613
          ],
          [
            46.1861418,
            -18.7436422
          ],
          [
            46.1867547,
            -18.7430689
          ],
          [
            46.1898216,
            -18.7413204
          ],
          [
            46.19423,
            -18.7402048
          ],
          [
            46.2003219,
            -18.7376369
          ],
          [
            46.202568,
            -18.7359747
          ],
          [
            46.2037401,
            -18.7353539
          ],
          [
            46.2040046,
            -18.7345817
          ],
          [
            46.2051778,
            -18.7339914
          ],
          [
            46.205218,
            -18.7335037
          ],
          [
            46.2048854,
            -18.7322778
          ],
          [
            46.2049878,
            -18.7320625
          ],
          [
            46.2052636,
            -18.7319308
          ],
          [
            46.2076009,
            -18.7305109
          ],
          [
            46.2086234,
            -18.7296224
          ],
          [
            46.208758,
            -18.7295055
          ],
          [
            46.2096385,
            -18.7283141
          ],
          [
            46.2111875,
            -18.7262179
          ],
          [
            46.2112596,
            -18.7261244
          ],
          [
            46.2117497,
            -18.725489
          ],
          [
            46.2136224,
            -18.7230614
          ],
          [
            46.2148391,
            -18.7218238
          ],
          [
            46.2161196,
            -18.7208971
          ],
          [
            46.2177483,
            -18.7197742
          ],
          [
            46.2180835,
            -18.7195431
          ],
          [
            46.2187695,
            -18.7191705
          ],
          [
            46.2200935,
            -18.7184513
          ],
          [
            46.2221578,
            -18.7180997
          ],
          [
            46.222638,
            -18.7179277
          ],
          [
            46.2235433,
            -18.7176034
          ],
          [
            46.2243566,
            -18.7173843
          ],
          [
            46.2248468,
            -18.7173799
          ],
          [
            46.2270957,
            -18.7177685
          ],
          [
            46.2285843,
            -18.7175088
          ],
          [
            46.2306512,
            -18.7175698
          ],
          [
            46.231847,
            -18.7174092
          ],
          [
            46.2335748,
            -18.7169124
          ],
          [
            46.2341017,
            -18.716797
          ],
          [
            46.2345189,
            -18.7167803
          ],
          [
            46.2350135,
            -18.7168763
          ],
          [
            46.2355006,
            -18.7172274
          ],
          [
            46.2358134,
            -18.7175469
          ],
          [
            46.2361121,
            -18.717893
          ],
          [
            46.2368595,
            -18.7184371
          ],
          [
            46.2377804,
            -18.7186907
          ],
          [
            46.2384295,
            -18.7186551
          ],
          [
            46.2389499,
            -18.7185637
          ],
          [
            46.2394355,
            -18.7186209
          ],
          [
            46.2402052,
            -18.7190819
          ],
          [
            46.2404805,
            -18.7191855
          ],
          [
            46.2424207,
            -18.720413
          ],
          [
            46.2444571,
            -18.7215571
          ],
          [
            46.2451276,
            -18.7221266
          ],
          [
            46.2462933,
            -18.7228242
          ],
          [
            46.2471935,
            -18.7235141
          ],
          [
            46.2480153,
            -18.7248264
          ],
          [
            46.2486623,
            -18.7253563
          ],
          [
            46.2488499,
            -18.7254327
          ],
          [
            46.2490766,
            -18.7254916
          ],
          [
            46.2492487,
            -18.7254916
          ],
          [
            46.2494113,
            -18.7254656
          ],
          [
            46.2495606,
            -18.7254097
          ],
          [
            46.2497345,
            -18.7253337
          ],
          [
            46.250073,
            -18.7251608
          ],
          [
            46.2503188,
            -18.7250084
          ],
          [
            46.2505205,
            -18.724916
          ],
          [
            46.2524189,
            -18.7241655
          ],
          [
            46.2532215,
            -18.7241327
          ],
          [
            46.2535089,
            -18.7241636
          ],
          [
            46.2537124,
            -18.7242311
          ],
          [
            46.2546495,
            -18.7249006
          ],
          [
            46.255116,
            -18.7256556
          ],
          [
            46.2553699,
            -18.7260666
          ],
          [
            46.2559783,
            -18.7265019
          ],
          [
            46.2584909,
            -18.7275592
          ],
          [
            46.2592082,
            -18.7279976
          ],
          [
            46.2605048,
            -18.7285544
          ],
          [
            46.2619049,
            -18.7304941
          ],
          [
            46.2624021,
            -18.7305992
          ],
          [
            46.264447,
            -18.7304774
          ],
          [
            46.2649106,
            -18.7306317
          ],
          [
            46.2658069,
            -18.7317286
          ],
          [
            46.2658846,
            -18.732032
          ],
          [
            46.2661739,
            -18.7323332
          ],
          [
            46.2680176,
            -18.732953
          ],
          [
            46.2698737,
            -18.7338476
          ],
          [
            46.2702125,
            -18.7339075
          ],
          [
            46.2707819,
            -18.7340081
          ],
          [
            46.2717738,
            -18.7346924
          ],
          [
            46.2721279,
            -18.7349129
          ],
          [
            46.2725398,
            -18.7353681
          ],
          [
            46.2752333,
            -18.7368576
          ],
          [
            46.2756479,
            -18.737229
          ],
          [
            46.2758088,
            -18.7374779
          ],
          [
            46.2761414,
            -18.7382958
          ],
          [
            46.2764403,
            -18.7388612
          ],
          [
            46.28005,
            -18.7418833
          ],
          [
            46.2812001,
            -18.7425091
          ],
          [
            46.2820123,
            -18.7424202
          ],
          [
            46.2843775,
            -18.7414068
          ],
          [
            46.2853098,
            -18.7412005
          ],
          [
            46.2861413,
            -18.7412737
          ],
          [
            46.2871364,
            -18.7415368
          ],
          [
            46.290074,
            -18.7436994
          ],
          [
            46.2907257,
            -18.7447839
          ],
          [
            46.2915851,
            -18.7454438
          ],
          [
            46.29293,
            -18.7456749
          ]
        ]
      },
      "id": "way/307917753"
    },
    {
      "type": "Feature",
      "properties": {
        "@id": "way/408268167",
        "highway": "secondary",
        "lane_markings": "no",
        "ref": "N 1",
        "smoothness": "excellent",
        "surface": "asphalt"
      },
      "geometry": {
        "type": "LineString",
        "coordinates": [
          [
            47.4066238,
            -18.9348432
          ],
          [
            47.4066858,
            -18.93502
          ],
          [
            47.4067703,
            -18.9352509
          ],
          [
            47.4069199,
            -18.9356409
          ],
          [
            47.4077406,
            -18.9379155
          ],
          [
            47.407815,
            -18.9380949
          ],
          [
            47.4078552,
            -18.9381824
          ],
          [
            47.4079032,
            -18.9382578
          ],
          [
            47.4079679,
            -18.9383422
          ],
          [
            47.4080443,
            -18.9384082
          ],
          [
            47.4081856,
            -18.9385178
          ],
          [
            47.4099337,
            -18.9395926
          ],
          [
            47.4100739,
            -18.9396788
          ],
          [
            47.4101512,
            -18.9397194
          ]
        ]
      },
      "id": "way/408268167"
    },
    {
      "type": "Feature",
      "properties": {
        "@id": "way/408268168",
        "highway": "secondary",
        "lane_markings": "no",
        "maxspeed": "90",
        "ref": "N 1",
        "smoothness": "good",
        "surface": "asphalt"
      },
      "geometry": {
        "type": "LineString",
        "coordinates": [
          [
            47.4054609,
            -18.9344458
          ],
          [
            47.4059082,
            -18.9343627
          ],
          [
            47.40603,
            -18.9343565
          ],
          [
            47.4061266,
            -18.934368
          ],
          [
            47.4062218,
            -18.9343832
          ],
          [
            47.406306,
            -18.934418
          ],
          [
            47.4063747,
            -18.9344504
          ],
          [
            47.406435,
            -18.9345037
          ],
          [
            47.406512,
            -18.9346128
          ],
          [
            47.4065785,
            -18.9347168
          ],
          [
            47.4066238,
            -18.9348432
          ]
        ]
      },
      "id": "way/408268168"
    },
    {
      "type": "Feature",
      "properties": {
        "@id": "way/411304381",
        "highway": "secondary",
        "maxspeed": "30",
        "ref": "N 1",
        "smoothness": "good",
        "surface": "asphalt"
      },
      "geometry": {
        "type": "LineString",
        "coordinates": [
          [
            47.4324065,
            -18.9352512
          ],
          [
            47.4324399,
            -18.9352418
          ],
          [
            47.4324546,
            -18.9352361
          ],
          [
            47.4324856,
            -18.9352249
          ],
          [
            47.4325249,
            -18.9352154
          ],
          [
            47.4326091,
            -18.9351831
          ],
          [
            47.4327435,
            -18.9350809
          ],
          [
            47.4328951,
            -18.9349325
          ],
          [
            47.4331176,
            -18.9346914
          ],
          [
            47.4333358,
            -18.9344465
          ],
          [
            47.4334261,
            -18.9343388
          ],
          [
            47.4335439,
            -18.9342326
          ],
          [
            47.4335991,
            -18.9341967
          ],
          [
            47.43365,
            -18.9341764
          ],
          [
            47.4337573,
            -18.9341371
          ],
          [
            47.4339454,
            -18.9340769
          ],
          [
            47.4340671,
            -18.9340115
          ],
          [
            47.4341943,
            -18.9339321
          ],
          [
            47.4344467,
            -18.9337117
          ],
          [
            47.4347841,
            -18.9334024
          ],
          [
            47.4348542,
            -18.9333443
          ],
          [
            47.4348931,
            -18.9332937
          ],
          [
            47.4350053,
            -18.9330635
          ],
          [
            47.4350649,
            -18.9329142
          ],
          [
            47.4351288,
            -18.9327946
          ],
          [
            47.4351615,
            -18.9327423
          ],
          [
            47.4351903,
            -18.93271
          ],
          [
            47.4352275,
            -18.9326759
          ],
          [
            47.4352621,
            -18.9326529
          ],
          [
            47.4352994,
            -18.9326362
          ],
          [
            47.4353948,
            -18.9325958
          ],
          [
            47.4354865,
            -18.9325665
          ],
          [
            47.4358127,
            -18.9324325
          ],
          [
            47.4360778,
            -18.9323146
          ],
          [
            47.4362223,
            -18.9322152
          ],
          [
            47.4363761,
            -18.9321003
          ],
          [
            47.4366031,
            -18.9319094
          ],
          [
            47.4368788,
            -18.9316737
          ],
          [
            47.4371504,
            -18.9315289
          ],
          [
            47.4372724,
            -18.9314807
          ],
          [
            47.4373926,
            -18.931441
          ]
        ]
      },
      "id": "way/411304381"
    },
    {
      "type": "Feature",
      "properties": {
        "@id": "way/411304382",
        "highway": "secondary",
        "lane_markings": "no",
        "ref": "N 1",
        "smoothness": "excellent",
        "surface": "asphalt"
      },
      "geometry": {
        "type": "LineString",
        "coordinates": [
          [
            47.4373926,
            -18.931441
          ],
          [
            47.4376398,
            -18.9313615
          ],
          [
            47.4378727,
            -18.9313047
          ],
          [
            47.4379992,
            -18.9312803
          ],
          [
            47.4381199,
            -18.9312727
          ],
          [
            47.4383619,
            -18.9312518
          ],
          [
            47.4386658,
            -18.9312587
          ],
          [
            47.4389637,
            -18.9312804
          ],
          [
            47.4394141,
            -18.9313412
          ],
          [
            47.4395442,
            -18.9313666
          ],
          [
            47.4396665,
            -18.9313962
          ],
          [
            47.4397521,
            -18.9314173
          ],
          [
            47.4398299,
            -18.931449
          ],
          [
            47.439984,
            -18.9315064
          ]
        ]
      },
      "id": "way/411304382"
    },
    {
      "type": "Feature",
      "properties": {
        "@id": "way/411976318",
        "highway": "secondary",
        "lane_markings": "no",
        "maxspeed": "90",
        "ref": "N 1",
        "smoothness": "good",
        "surface": "asphalt"
      },
      "geometry": {
        "type": "LineString",
        "coordinates": [
          [
            47.3266755,
            -18.9752701
          ],
          [
            47.3272498,
            -18.9746973
          ],
          [
            47.3277953,
            -18.9741801
          ],
          [
            47.3283715,
            -18.9736589
          ],
          [
            47.3285586,
            -18.9734833
          ],
          [
            47.3294462,
            -18.9726519
          ],
          [
            47.3303182,
            -18.9717955
          ],
          [
            47.3306701,
            -18.9714845
          ],
          [
            47.3308611,
            -18.9713494
          ],
          [
            47.3310612,
            -18.9712141
          ],
          [
            47.332081,
            -18.9705647
          ],
          [
            47.332979,
            -18.9699724
          ],
          [
            47.3330246,
            -18.9699386
          ],
          [
            47.3330925,
            -18.9699055
          ],
          [
            47.333957,
            -18.9693199
          ],
          [
            47.3342648,
            -18.9690842
          ],
          [
            47.3346207,
            -18.9687955
          ],
          [
            47.334867,
            -18.9685871
          ],
          [
            47.3351447,
            -18.9683077
          ],
          [
            47.3354686,
            -18.967959
          ],
          [
            47.3356569,
            -18.9677373
          ],
          [
            47.335844,
            -18.9675055
          ],
          [
            47.336031,
            -18.9672541
          ],
          [
            47.3362163,
            -18.9669975
          ],
          [
            47.3363663,
            -18.9667646
          ],
          [
            47.3365311,
            -18.9665225
          ],
          [
            47.3367431,
            -18.9661102
          ],
          [
            47.3368169,
            -18.9659795
          ],
          [
            47.3368911,
            -18.9658552
          ],
          [
            47.3369926,
            -18.9656827
          ],
          [
            47.3371034,
            -18.9655384
          ],
          [
            47.3372287,
            -18.9653923
          ],
          [
            47.3373493,
            -18.9652652
          ],
          [
            47.3375183,
            -18.9651208
          ],
          [
            47.3376865,
            -18.9649997
          ],
          [
            47.3380233,
            -18.9648095
          ],
          [
            47.3384516,
            -18.9646383
          ],
          [
            47.3386468,
            -18.9645701
          ],
          [
            47.339467,
            -18.9642495
          ],
          [
            47.3402973,
            -18.9639158
          ],
          [
            47.3407072,
            -18.9637476
          ],
          [
            47.3415966,
            -18.9634008
          ],
          [
            47.3417413,
            -18.9633238
          ],
          [
            47.3418474,
            -18.9632754
          ],
          [
            47.341957,
            -18.9632132
          ],
          [
            47.3420466,
            -18.9631559
          ],
          [
            47.3422654,
            -18.9630058
          ],
          [
            47.3424187,
            -18.9628721
          ],
          [
            47.3425574,
            -18.9627352
          ],
          [
            47.3439868,
            -18.9612427
          ],
          [
            47.3440872,
            -18.961139
          ],
          [
            47.3442017,
            -18.9610189
          ],
          [
            47.344459,
            -18.9607615
          ],
          [
            47.3448431,
            -18.9604558
          ],
          [
            47.3450104,
            -18.9603374
          ],
          [
            47.3451822,
            -18.9602258
          ],
          [
            47.345461,
            -18.9600543
          ],
          [
            47.3456182,
            -18.959973
          ],
          [
            47.345706,
            -18.9599321
          ],
          [
            47.3461559,
            -18.9597384
          ],
          [
            47.3465198,
            -18.9595947
          ],
          [
            47.3469139,
            -18.9594516
          ],
          [
            47.3469956,
            -18.9594225
          ],
          [
            47.3471569,
            -18.9593652
          ],
          [
            47.347413,
            -18.9592586
          ],
          [
            47.3479253,
            -18.9590709
          ],
          [
            47.3489646,
            -18.9586922
          ],
          [
            47.3494137,
            -18.9585211
          ],
          [
            47.3497032,
            -18.9584059
          ],
          [
            47.3500215,
            -18.9582947
          ],
          [
            47.3503299,
            -18.9581742
          ],
          [
            47.3509145,
            -18.9579491
          ],
          [
            47.351388,
            -18.9577721
          ],
          [
            47.3518547,
            -18.9576085
          ],
          [
            47.352815,
            -18.9572623
          ],
          [
            47.3531958,
            -18.9571341
          ],
          [
            47.3536049,
            -18.9569832
          ],
          [
            47.3544471,
            -18.9566851
          ],
          [
            47.3561211,
            -18.9561062
          ],
          [
            47.3562687,
            -18.9560411
          ],
          [
            47.3563683,
            -18.9560082
          ]
        ]
      },
      "id": "way/411976318"
    },
    {
      "type": "Feature",
      "properties": {
        "@id": "way/411976319",
        "highway": "secondary",
        "maxspeed": "90",
        "ref": "N 1",
        "smoothness": "good"
      },
      "geometry": {
        "type": "LineString",
        "coordinates": [
          [
            47.3045513,
            -18.9862541
          ],
          [
            47.3048605,
            -18.98588
          ],
          [
            47.3050607,
            -18.9856378
          ],
          [
            47.305846,
            -18.9846878
          ],
          [
            47.3059845,
            -18.984605
          ],
          [
            47.3061327,
            -18.9845708
          ],
          [
            47.306815,
            -18.9845363
          ]
        ]
      },
      "id": "way/411976319"
    },
    {
      "type": "Feature",
      "properties": {
        "@id": "way/414264377",
        "highway": "secondary",
        "lane_markings": "no",
        "ref": "N 1",
        "smoothness": "excellent",
        "surface": "asphalt"
      },
      "geometry": {
        "type": "LineString",
        "coordinates": [
          [
            47.4992296,
            -18.9378347
          ],
          [
            47.4993776,
            -18.9378144
          ]
        ]
      },
      "id": "way/414264377"
    },
    {
      "type": "Feature",
      "properties": {
        "@id": "way/422878087",
        "highway": "tertiary",
        "ref": "N 1",
        "smoothness": "very_bad",
        "surface": "unpaved"
      },
      "geometry": {
        "type": "LineString",
        "coordinates": [
          [
            46.5143131,
            -18.7634111
          ],
          [
            46.5142353,
            -18.7638454
          ],
          [
            46.5141167,
            -18.7643061
          ],
          [
            46.514108,
            -18.7643617
          ],
          [
            46.5140784,
            -18.7645502
          ],
          [
            46.5139309,
            -18.7650048
          ],
          [
            46.5136653,
            -18.7654962
          ],
          [
            46.5133716,
            -18.765872
          ],
          [
            46.5132772,
            -18.7660996
          ],
          [
            46.513263,
            -18.7663761
          ],
          [
            46.5132105,
            -18.7667587
          ],
          [
            46.5131455,
            -18.7672325
          ],
          [
            46.5130095,
            -18.7682237
          ],
          [
            46.5130014,
            -18.7686898
          ],
          [
            46.5129975,
            -18.7687989
          ],
          [
            46.512976,
            -18.7694072
          ],
          [
            46.5126729,
            -18.7702237
          ],
          [
            46.5124234,
            -18.7710808
          ],
          [
            46.5122378,
            -18.7716103
          ],
          [
            46.5122665,
            -18.7721982
          ],
          [
            46.5122775,
            -18.7723772
          ],
          [
            46.5122548,
            -18.7725314
          ],
          [
            46.5122733,
            -18.7727461
          ],
          [
            46.5123031,
            -18.773075
          ],
          [
            46.5123292,
            -18.7732569
          ],
          [
            46.5124167,
            -18.7738666
          ],
          [
            46.5124436,
            -18.7740393
          ]
        ]
      },
      "id": "way/422878087"
    },
    {
      "type": "Feature",
      "properties": {
        "@id": "way/422878088",
        "highway": "tertiary",
        "ref": "N 1",
        "smoothness": "very_bad",
        "surface": "unpaved"
      },
      "geometry": {
        "type": "LineString",
        "coordinates": [
          [
            46.5124436,
            -18.7740393
          ],
          [
            46.5125939,
            -18.7744282
          ],
          [
            46.5129211,
            -18.7746669
          ],
          [
            46.5132912,
            -18.77519
          ],
          [
            46.514112,
            -18.7767594
          ],
          [
            46.5143266,
            -18.7770438
          ],
          [
            46.5142729,
            -18.7773638
          ],
          [
            46.5144607,
            -18.7776888
          ],
          [
            46.5147772,
            -18.778085
          ],
          [
            46.5153565,
            -18.7784151
          ],
          [
            46.5166279,
            -18.7791922
          ],
          [
            46.5180548,
            -18.7798778
          ],
          [
            46.518248,
            -18.7801115
          ],
          [
            46.5183392,
            -18.7805635
          ],
          [
            46.5184572,
            -18.7812085
          ],
          [
            46.5185806,
            -18.7815488
          ],
          [
            46.5186986,
            -18.7820008
          ]
        ]
      },
      "id": "way/422878088"
    },
    {
      "type": "Feature",
      "properties": {
        "@id": "way/422878090",
        "highway": "tertiary",
        "ref": "N 1",
        "smoothness": "very_bad",
        "surface": "unpaved"
      },
      "geometry": {
        "type": "LineString",
        "coordinates": [
          [
            46.5186986,
            -18.7820008
          ],
          [
            46.5190897,
            -18.7827147
          ],
          [
            46.519829,
            -18.7838278
          ],
          [
            46.5204511,
            -18.7846387
          ],
          [
            46.5205488,
            -18.7848268
          ],
          [
            46.5205781,
            -18.784984
          ],
          [
            46.5206057,
            -18.7859904
          ],
          [
            46.5206861,
            -18.7862646
          ],
          [
            46.5208471,
            -18.7864221
          ],
          [
            46.5210294,
            -18.7865744
          ],
          [
            46.5216356,
            -18.7870417
          ],
          [
            46.5219038,
            -18.7873515
          ],
          [
            46.5220481,
            -18.7878916
          ],
          [
            46.5220657,
            -18.7883601
          ],
          [
            46.5218625,
            -18.7887114
          ],
          [
            46.5215356,
            -18.7890126
          ],
          [
            46.5211468,
            -18.7894141
          ],
          [
            46.5211114,
            -18.7897069
          ],
          [
            46.5211998,
            -18.7902841
          ],
          [
            46.5212086,
            -18.7906689
          ],
          [
            46.5212086,
            -18.7908947
          ],
          [
            46.5212705,
            -18.7910453
          ],
          [
            46.5214737,
            -18.7912293
          ],
          [
            46.521783,
            -18.7914301
          ],
          [
            46.5226042,
            -18.7918466
          ],
          [
            46.5230012,
            -18.7919228
          ],
          [
            46.5232104,
            -18.7920193
          ],
          [
            46.5233606,
            -18.7920345
          ],
          [
            46.5239213,
            -18.7920324
          ],
          [
            46.5244496,
            -18.7920549
          ],
          [
            46.5246856,
            -18.7921513
          ],
          [
            46.525163,
            -18.7923646
          ],
          [
            46.5257639,
            -18.7925932
          ],
          [
            46.5259248,
            -18.7926033
          ],
          [
            46.5261716,
            -18.7925627
          ],
          [
            46.5304071,
            -18.7913548
          ],
          [
            46.5307428,
            -18.7912795
          ],
          [
            46.5314409,
            -18.7912879
          ],
          [
            46.5317237,
            -18.7913632
          ],
          [
            46.5336341,
            -18.7916216
          ]
        ]
      },
      "id": "way/422878090"
    },
    {
      "type": "Feature",
      "properties": {
        "@id": "way/430100379",
        "highway": "secondary",
        "lanes": "2",
        "name": "Làlana Pasitora Rahajason",
        "name:fr": "Rue du Pasteur Rahajason",
        "oneway": "yes",
        "ref": "N 1",
        "surface": "asphalt"
      },
      "geometry": {
        "type": "LineString",
        "coordinates": [
          [
            47.5029147,
            -18.9358595
          ],
          [
            47.503498,
            -18.9353194
          ]
        ]
      },
      "id": "way/430100379"
    },
    {
      "type": "Feature",
      "properties": {
        "@id": "way/430100380",
        "highway": "secondary",
        "lanes": "1",
        "name": "Làlana Pasitora Rahajason",
        "name:fr": "Rue du Pasteur Rahajason",
        "oneway": "yes",
        "ref": "N 1",
        "surface": "asphalt"
      },
      "geometry": {
        "type": "LineString",
        "coordinates": [
          [
            47.5136509,
            -18.9257811
          ],
          [
            47.5153276,
            -18.9241821
          ],
          [
            47.5156569,
            -18.9238562
          ]
        ]
      },
      "id": "way/430100380"
    },
    {
      "type": "Feature",
      "properties": {
        "@id": "way/430100381",
        "highway": "secondary",
        "lanes": "2",
        "name": "Làlana Pasitora Rahajason",
        "name:fr": "Rue du Pasteur Rahajason",
        "oneway": "yes",
        "ref": "N 1",
        "surface": "asphalt"
      },
      "geometry": {
        "type": "LineString",
        "coordinates": [
          [
            47.503042,
            -18.9356116
          ],
          [
            47.5028527,
            -18.9357803
          ],
          [
            47.5027508,
            -18.9358712
          ]
        ]
      },
      "id": "way/430100381"
    },
    {
      "type": "Feature",
      "properties": {
        "@id": "way/430100382",
        "highway": "secondary",
        "lanes": "2",
        "name": "Làlana Pasitora Rahajason",
        "name:de": "Pastor-Rahajason-Straße",
        "name:fr": "Rue du Pasteur Rahajason",
        "oneway": "yes",
        "ref": "N 1",
        "surface": "asphalt"
      },
      "geometry": {
        "type": "LineString",
        "coordinates": [
          [
            47.5125702,
            -18.9267706
          ],
          [
            47.5128076,
            -18.9265525
          ],
          [
            47.51283,
            -18.9265335
          ],
          [
            47.5129992,
            -18.9264446
          ]
        ]
      },
      "id": "way/430100382"
    },
    {
      "type": "Feature",
      "properties": {
        "@id": "way/430100383",
        "highway": "secondary",
        "lanes": "2",
        "name": "Làlana Pasitora Rahajason",
        "name:fr": "Rue du Pasteur Rahajason",
        "oneway": "yes",
        "ref": "N 1",
        "surface": "asphalt"
      },
      "geometry": {
        "type": "LineString",
        "coordinates": [
          [
            47.5136099,
            -18.9257347
          ],
          [
            47.513288,
            -18.9260297
          ],
          [
            47.5130631,
            -18.9261687
          ]
        ]
      },
      "id": "way/430100383"
    },
    {
      "type": "Feature",
      "properties": {
        "@id": "way/430100384",
        "highway": "secondary",
        "lanes": "2",
        "name": "Làlana Pasitora Rahajason",
        "name:fr": "Rue du Pasteur Rahajason",
        "oneway": "yes",
        "ref": "N 1",
        "surface": "asphalt"
      },
      "geometry": {
        "type": "LineString",
        "coordinates": [
          [
            47.5093925,
            -18.9298244
          ],
          [
            47.5094476,
            -18.9297049
          ],
          [
            47.5095288,
            -18.9296172
          ],
          [
            47.5097979,
            -18.9293611
          ]
        ]
      },
      "id": "way/430100384"
    },
    {
      "type": "Feature",
      "properties": {
        "@id": "way/430100385",
        "highway": "secondary",
        "lanes": "2",
        "name": "Làlana Pasitora Rahajason",
        "name:fr": "Rue du Pasteur Rahajason",
        "oneway": "yes",
        "ref": "N 1",
        "surface": "asphalt"
      },
      "geometry": {
        "type": "LineString",
        "coordinates": [
          [
            47.5055084,
            -18.9334694
          ],
          [
            47.5056869,
            -18.9332726
          ],
          [
            47.5059001,
            -18.9330642
          ]
        ]
      },
      "id": "way/430100385"
    },
    {
      "type": "Feature",
      "properties": {
        "@id": "way/430100386",
        "highway": "secondary",
        "lanes": "2",
        "name": "Làlana Pasitora Rahajason",
        "name:fr": "Rue du Pasteur Rahajason",
        "oneway": "yes",
        "ref": "N 1"
      },
      "geometry": {
        "type": "LineString",
        "coordinates": [
          [
            47.5058639,
            -18.9330347
          ],
          [
            47.5056199,
            -18.9332235
          ],
          [
            47.5054108,
            -18.9333818
          ]
        ]
      },
      "id": "way/430100386"
    },
    {
      "type": "Feature",
      "properties": {
        "@id": "way/430100387",
        "highway": "secondary",
        "lanes": "2",
        "name": "Làlana Pasitora Rahajason",
        "name:fr": "Rue du Pasteur Rahajason",
        "oneway": "yes",
        "ref": "N 1",
        "surface": "asphalt"
      },
      "geometry": {
        "type": "LineString",
        "coordinates": [
          [
            47.5049901,
            -18.9339228
          ],
          [
            47.5051493,
            -18.9337835
          ],
          [
            47.5053257,
            -18.9336525
          ]
        ]
      },
      "id": "way/430100387"
    },
    {
      "type": "Feature",
      "properties": {
        "@id": "way/430100388",
        "highway": "secondary",
        "lanes": "2",
        "name": "Làlana Pasitora Rahajason",
        "name:fr": "Rue du Pasteur Rahajason",
        "oneway": "yes",
        "ref": "N 1",
        "surface": "asphalt"
      },
      "geometry": {
        "type": "LineString",
        "coordinates": [
          [
            47.5128718,
            -18.9262979
          ],
          [
            47.5128368,
            -18.9264043
          ],
          [
            47.5127831,
            -18.9264949
          ],
          [
            47.5125222,
            -18.9267356
          ]
        ]
      },
      "id": "way/430100388"
    },
    {
      "type": "Feature",
      "properties": {
        "@id": "way/430100389",
        "highway": "secondary",
        "lanes": "1",
        "name": "Làlana Pasitora Rahajason",
        "name:fr": "Rue du Pasteur Rahajason",
        "oneway": "yes",
        "ref": "N 1",
        "surface": "asphalt"
      },
      "geometry": {
        "type": "LineString",
        "coordinates": [
          [
            47.5049191,
            -18.9338972
          ],
          [
            47.5047734,
            -18.9340458
          ],
          [
            47.5034245,
            -18.9352846
          ],
          [
            47.503042,
            -18.9356116
          ]
        ]
      },
      "id": "way/430100389"
    },
    {
      "type": "Feature",
      "properties": {
        "@id": "way/430100390",
        "highway": "secondary",
        "lanes": "1",
        "name": "Làlana Pasitora Rahajason",
        "name:fr": "Rue du Pasteur Rahajason",
        "oneway": "yes",
        "ref": "N 1"
      },
      "geometry": {
        "type": "LineString",
        "coordinates": [
          [
            47.5086921,
            -18.9303662
          ],
          [
            47.5072464,
            -18.9317044
          ],
          [
            47.5063737,
            -18.9325269
          ],
          [
            47.5058639,
            -18.9330347
          ]
        ]
      },
      "id": "way/430100390"
    },
    {
      "type": "Feature",
      "properties": {
        "@id": "way/430100391",
        "highway": "secondary",
        "lanes": "2",
        "name": "Làlana Pasitora Rahajason",
        "name:fr": "Rue du Pasteur Rahajason",
        "oneway": "yes",
        "ref": "N 1",
        "surface": "asphalt"
      },
      "geometry": {
        "type": "LineString",
        "coordinates": [
          [
            47.5087197,
            -18.9303956
          ],
          [
            47.5089509,
            -18.9301703
          ],
          [
            47.5091118,
            -18.9300353
          ],
          [
            47.5092018,
            -18.9299885
          ]
        ]
      },
      "id": "way/430100391"
    },
    {
      "type": "Feature",
      "properties": {
        "@id": "way/430100392",
        "highway": "secondary",
        "lanes": "2",
        "name": "Làlana Pasitora Rahajason",
        "name:fr": "Rue du Pasteur Rahajason",
        "oneway": "yes",
        "ref": "N 1",
        "surface": "asphalt"
      },
      "geometry": {
        "type": "LineString",
        "coordinates": [
          [
            47.509738,
            -18.929338
          ],
          [
            47.5094829,
            -18.929557
          ],
          [
            47.5093876,
            -18.9296224
          ],
          [
            47.509289,
            -18.9296646
          ],
          [
            47.5092334,
            -18.9297024
          ]
        ]
      },
      "id": "way/430100392"
    },
    {
      "type": "Feature",
      "properties": {
        "@id": "way/430100407",
        "highway": "secondary",
        "lanes": "1",
        "oneway": "yes",
        "ref": "N 1",
        "surface": "asphalt"
      },
      "geometry": {
        "type": "LineString",
        "coordinates": [
          [
            47.5157216,
            -18.9237931
          ],
          [
            47.5160637,
            -18.923485
          ]
        ]
      },
      "id": "way/430100407"
    },
    {
      "type": "Feature",
      "properties": {
        "@id": "way/430100408",
        "highway": "secondary",
        "lanes": "1",
        "oneway": "yes",
        "ref": "N 1",
        "surface": "asphalt"
      },
      "geometry": {
        "type": "LineString",
        "coordinates": [
          [
            47.5160228,
            -18.9234504
          ],
          [
            47.5157009,
            -18.9237555
          ]
        ]
      },
      "id": "way/430100408"
    },
    {
      "type": "Feature",
      "properties": {
        "@id": "way/448757708",
        "bridge": "yes",
        "highway": "secondary",
        "layer": "1",
        "ref": "N 1"
      },
      "geometry": {
        "type": "LineString",
        "coordinates": [
          [
            46.9036431,
            -18.9502889
          ],
          [
            46.9037627,
            -18.9502836
          ],
          [
            46.9038461,
            -18.95028
          ]
        ]
      },
      "id": "way/448757708"
    },
    {
      "type": "Feature",
      "properties": {
        "@id": "way/448757709",
        "bridge": "yes",
        "highway": "secondary",
        "layer": "1",
        "ref": "N 1"
      },
      "geometry": {
        "type": "LineString",
        "coordinates": [
          [
            46.909811,
            -18.946501
          ],
          [
            46.9099121,
            -18.9464274
          ]
        ]
      },
      "id": "way/448757709"
    },
    {
      "type": "Feature",
      "properties": {
        "@id": "way/448757710",
        "highway": "secondary",
        "ref": "N 1",
        "smoothness": "excellent",
        "surface": "asphalt"
      },
      "geometry": {
        "type": "LineString",
        "coordinates": [
          [
            46.9099121,
            -18.9464274
          ],
          [
            46.9100017,
            -18.9463593
          ],
          [
            46.9101265,
            -18.9462745
          ],
          [
            46.9102776,
            -18.9461798
          ],
          [
            46.9105113,
            -18.9460684
          ],
          [
            46.9109014,
            -18.9459222
          ],
          [
            46.9111105,
            -18.9458557
          ],
          [
            46.9112581,
            -18.9458274
          ],
          [
            46.9114339,
            -18.9458158
          ],
          [
            46.9115498,
            -18.9458291
          ],
          [
            46.9118925,
            -18.9458657
          ],
          [
            46.9120682,
            -18.9458756
          ],
          [
            46.9122194,
            -18.945864
          ],
          [
            46.9123318,
            -18.9458291
          ],
          [
            46.9124056,
            -18.9457809
          ],
          [
            46.912497,
            -18.9456895
          ],
          [
            46.9127694,
            -18.9452989
          ],
          [
            46.9128274,
            -18.9452224
          ],
          [
            46.9129205,
            -18.9451377
          ],
          [
            46.9130365,
            -18.9450679
          ],
          [
            46.9132622,
            -18.9449364
          ],
          [
            46.9133616,
            -18.9448801
          ],
          [
            46.9139046,
            -18.9446008
          ],
          [
            46.9140996,
            -18.9444911
          ],
          [
            46.9149976,
            -18.9440972
          ],
          [
            46.9151344,
            -18.9440174
          ],
          [
            46.9153473,
            -18.9438463
          ],
          [
            46.915588,
            -18.9436152
          ],
          [
            46.9158164,
            -18.9433676
          ],
          [
            46.9159588,
            -18.9432645
          ],
          [
            46.9161784,
            -18.9431382
          ],
          [
            46.9174489,
            -18.9425947
          ],
          [
            46.917716,
            -18.9424833
          ],
          [
            46.9178724,
            -18.9424351
          ],
          [
            46.91802,
            -18.9424086
          ],
          [
            46.9181782,
            -18.9424135
          ],
          [
            46.9182801,
            -18.9424318
          ],
          [
            46.9184312,
            -18.9424767
          ],
          [
            46.9185964,
            -18.9425415
          ],
          [
            46.9198894,
            -18.9430466
          ]
        ]
      },
      "id": "way/448757710"
    },
    {
      "type": "Feature",
      "properties": {
        "@id": "way/448757711",
        "highway": "secondary",
        "ref": "N 1",
        "smoothness": "good",
        "surface": "asphalt"
      },
      "geometry": {
        "type": "LineString",
        "coordinates": [
          [
            46.9038461,
            -18.95028
          ],
          [
            46.9045157,
            -18.9502472
          ],
          [
            46.9053239,
            -18.9502019
          ],
          [
            46.9058757,
            -18.9501687
          ],
          [
            46.9060725,
            -18.9501637
          ],
          [
            46.9063586,
            -18.9501009
          ],
          [
            46.9066402,
            -18.9500831
          ],
          [
            46.9068843,
            -18.9500603
          ],
          [
            46.9070828,
            -18.9499994
          ],
          [
            46.9071874,
            -18.9499538
          ],
          [
            46.9073269,
            -18.9498497
          ],
          [
            46.9077397,
            -18.9494801
          ],
          [
            46.9079037,
            -18.9493578
          ],
          [
            46.9079861,
            -18.9492728
          ],
          [
            46.9080406,
            -18.9491465
          ],
          [
            46.908067,
            -18.9490302
          ],
          [
            46.9082286,
            -18.948269
          ],
          [
            46.9082655,
            -18.9481427
          ],
          [
            46.9083235,
            -18.9479615
          ],
          [
            46.908385,
            -18.947792
          ],
          [
            46.9084571,
            -18.9476723
          ],
          [
            46.9086082,
            -18.9474994
          ],
          [
            46.9088788,
            -18.9472584
          ],
          [
            46.9089878,
            -18.9471604
          ],
          [
            46.9092988,
            -18.9469011
          ],
          [
            46.9096502,
            -18.9466352
          ],
          [
            46.909811,
            -18.946501
          ]
        ]
      },
      "id": "way/448757711"
    },
    {
      "type": "Feature",
      "properties": {
        "@id": "way/476926188",
        "bridge": "yes",
        "highway": "secondary",
        "layer": "1",
        "ref": "N 1"
      },
      "geometry": {
        "type": "LineString",
        "coordinates": [
          [
            46.8839659,
            -18.949248
          ],
          [
            46.8844024,
            -18.9493364
          ]
        ]
      },
      "id": "way/476926188"
    },
    {
      "type": "Feature",
      "properties": {
        "@id": "way/476926189",
        "highway": "secondary",
        "ref": "N 1"
      },
      "geometry": {
        "type": "LineString",
        "coordinates": [
          [
            46.8844024,
            -18.9493364
          ],
          [
            46.8850385,
            -18.9495709
          ],
          [
            46.8851759,
            -18.9495885
          ],
          [
            46.8853636,
            -18.9495834
          ],
          [
            46.8855178,
            -18.9495517
          ],
          [
            46.885651,
            -18.9495141
          ],
          [
            46.886403,
            -18.9490887
          ],
          [
            46.8872549,
            -18.9485533
          ],
          [
            46.8875559,
            -18.9484496
          ],
          [
            46.8878353,
            -18.948424
          ],
          [
            46.888082,
            -18.9484393
          ],
          [
            46.8883932,
            -18.9484875
          ],
          [
            46.8887055,
            -18.9485694
          ],
          [
            46.8890181,
            -18.9487183
          ],
          [
            46.8894312,
            -18.9490253
          ],
          [
            46.8895841,
            -18.949142
          ],
          [
            46.8898787,
            -18.9493071
          ],
          [
            46.8901339,
            -18.9493804
          ],
          [
            46.8904182,
            -18.9494413
          ],
          [
            46.891121,
            -18.949454
          ],
          [
            46.8914294,
            -18.9494083
          ],
          [
            46.891652,
            -18.9493373
          ],
          [
            46.891813,
            -18.9492105
          ],
          [
            46.8919525,
            -18.9491014
          ],
          [
            46.8920812,
            -18.9488655
          ],
          [
            46.8921053,
            -18.9485534
          ],
          [
            46.8922153,
            -18.9477137
          ],
          [
            46.8923387,
            -18.9471937
          ],
          [
            46.8924758,
            -18.946854
          ],
          [
            46.8926465,
            -18.9466072
          ],
          [
            46.8928472,
            -18.9464078
          ],
          [
            46.8933017,
            -18.9460469
          ],
          [
            46.8936531,
            -18.9457906
          ],
          [
            46.8939743,
            -18.9456671
          ],
          [
            46.8942655,
            -18.9456386
          ],
          [
            46.8945867,
            -18.9456956
          ],
          [
            46.8951897,
            -18.9459501
          ],
          [
            46.8955144,
            -18.946047
          ],
          [
            46.8956847,
            -18.9460584
          ],
          [
            46.8958054,
            -18.9460584
          ],
          [
            46.8959865,
            -18.9460178
          ],
          [
            46.8961139,
            -18.9459658
          ],
          [
            46.8962507,
            -18.9458783
          ],
          [
            46.8964921,
            -18.9456639
          ],
          [
            46.8966584,
            -18.9455586
          ],
          [
            46.8968113,
            -18.9454927
          ],
          [
            46.8970124,
            -18.9454267
          ],
          [
            46.8972485,
            -18.9453861
          ],
          [
            46.8974845,
            -18.9453709
          ],
          [
            46.8976857,
            -18.9453912
          ],
          [
            46.89782,
            -18.9454088
          ],
          [
            46.8980277,
            -18.9454622
          ],
          [
            46.8982015,
            -18.9455228
          ],
          [
            46.8985529,
            -18.9456557
          ],
          [
            46.8986928,
            -18.9457489
          ],
          [
            46.8987838,
            -18.9458266
          ],
          [
            46.8988806,
            -18.9459252
          ],
          [
            46.8989772,
            -18.9460876
          ],
          [
            46.8990469,
            -18.9462474
          ],
          [
            46.8990979,
            -18.946378
          ],
          [
            46.8991341,
            -18.9465024
          ],
          [
            46.8991461,
            -18.946647
          ],
          [
            46.8992253,
            -18.9472241
          ],
          [
            46.8992668,
            -18.9474131
          ],
          [
            46.8993124,
            -18.9475577
          ],
          [
            46.8993916,
            -18.9477086
          ],
          [
            46.8994506,
            -18.9477924
          ],
          [
            46.8995458,
            -18.9478964
          ],
          [
            46.8996911,
            -18.9480152
          ],
          [
            46.8998809,
            -18.9481388
          ],
          [
            46.900887,
            -18.9487939
          ],
          [
            46.9010666,
            -18.9489466
          ],
          [
            46.9011778,
            -18.949075
          ],
          [
            46.9013,
            -18.9492587
          ],
          [
            46.901371,
            -18.9493944
          ],
          [
            46.9014394,
            -18.9495162
          ],
          [
            46.9015239,
            -18.9496937
          ],
          [
            46.9016004,
            -18.9498396
          ],
          [
            46.9016889,
            -18.9499918
          ],
          [
            46.9017707,
            -18.9500958
          ],
          [
            46.9018592,
            -18.9501846
          ],
          [
            46.9019625,
            -18.9502671
          ],
          [
            46.902059,
            -18.950333
          ],
          [
            46.9022213,
            -18.9504155
          ],
          [
            46.9023621,
            -18.9504637
          ],
          [
            46.9025177,
            -18.9504916
          ],
          [
            46.9026504,
            -18.9504903
          ],
          [
            46.9028087,
            -18.9504637
          ],
          [
            46.9030588,
            -18.9503914
          ],
          [
            46.9034626,
            -18.9503091
          ],
          [
            46.9036431,
            -18.9502889
          ]
        ]
      },
      "id": "way/476926189"
    },
    {
      "type": "Feature",
      "properties": {
        "@id": "way/479324920",
        "highway": "secondary",
        "maxspeed": "90",
        "ref": "N 1",
        "smoothness": "good"
      },
      "geometry": {
        "type": "LineString",
        "coordinates": [
          [
            47.3229278,
            -18.9803751
          ],
          [
            47.3232913,
            -18.9790026
          ],
          [
            47.3233281,
            -18.9789042
          ],
          [
            47.323365,
            -18.9787956
          ],
          [
            47.3235165,
            -18.9783922
          ],
          [
            47.3235802,
            -18.9782714
          ],
          [
            47.323645,
            -18.9781726
          ],
          [
            47.3237774,
            -18.9779937
          ],
          [
            47.3238552,
            -18.9779076
          ],
          [
            47.3239213,
            -18.9778411
          ],
          [
            47.3240029,
            -18.9777729
          ],
          [
            47.3242738,
            -18.9775189
          ],
          [
            47.3244089,
            -18.9773932
          ],
          [
            47.3245332,
            -18.9772769
          ],
          [
            47.3249891,
            -18.9768261
          ],
          [
            47.3253507,
            -18.9764991
          ],
          [
            47.3256841,
            -18.9761882
          ],
          [
            47.3260376,
            -18.975866
          ],
          [
            47.3260797,
            -18.9758176
          ],
          [
            47.3261846,
            -18.9757194
          ],
          [
            47.3266755,
            -18.9752701
          ]
        ]
      },
      "id": "way/479324920"
    },
    {
      "type": "Feature",
      "properties": {
        "@id": "way/479324921",
        "highway": "secondary",
        "lanes": "2",
        "maxspeed": "90",
        "ref": "N 1",
        "smoothness": "good",
        "surface": "asphalt"
      },
      "geometry": {
        "type": "LineString",
        "coordinates": [
          [
            47.3068962,
            -18.9845311
          ],
          [
            47.3071504,
            -18.9845149
          ],
          [
            47.3079012,
            -18.9844671
          ],
          [
            47.3088764,
            -18.984405
          ],
          [
            47.3090938,
            -18.9843579
          ],
          [
            47.3092794,
            -18.984268
          ],
          [
            47.3094741,
            -18.9841096
          ],
          [
            47.3098274,
            -18.9838312
          ],
          [
            47.309886,
            -18.9838041
          ],
          [
            47.3100221,
            -18.9837413
          ],
          [
            47.3102304,
            -18.9836814
          ],
          [
            47.3104477,
            -18.9836557
          ],
          [
            47.3106787,
            -18.9836814
          ],
          [
            47.3109878,
            -18.9837288
          ],
          [
            47.3124027,
            -18.9840433
          ],
          [
            47.3126066,
            -18.9840766
          ],
          [
            47.3128333,
            -18.9841038
          ],
          [
            47.3128923,
            -18.984105
          ],
          [
            47.313102,
            -18.9840739
          ],
          [
            47.3133685,
            -18.9839683
          ],
          [
            47.3136923,
            -18.9838121
          ],
          [
            47.3140023,
            -18.9836523
          ],
          [
            47.3143923,
            -18.9834595
          ],
          [
            47.314893,
            -18.9831933
          ],
          [
            47.3151237,
            -18.9830843
          ],
          [
            47.3163037,
            -18.9825274
          ],
          [
            47.3164149,
            -18.9824653
          ],
          [
            47.3166326,
            -18.9823527
          ],
          [
            47.3167595,
            -18.9822991
          ],
          [
            47.3170797,
            -18.9822453
          ],
          [
            47.3177692,
            -18.982166
          ],
          [
            47.3197783,
            -18.9821249
          ],
          [
            47.3208056,
            -18.9820945
          ],
          [
            47.3214332,
            -18.9820759
          ],
          [
            47.3219479,
            -18.9820607
          ],
          [
            47.3221744,
            -18.9820039
          ],
          [
            47.3223594,
            -18.9819077
          ],
          [
            47.3225029,
            -18.9818043
          ],
          [
            47.322571,
            -18.9816874
          ],
          [
            47.3226207,
            -18.9815516
          ],
          [
            47.3226972,
            -18.9812789
          ],
          [
            47.3227856,
            -18.9809238
          ],
          [
            47.3229278,
            -18.9803751
          ]
        ]
      },
      "id": "way/479324921"
    },
    {
      "type": "Feature",
      "properties": {
        "@id": "way/479325673",
        "highway": "secondary",
        "ref": "N 1",
        "smoothness": "excellent",
        "surface": "asphalt"
      },
      "geometry": {
        "type": "LineString",
        "coordinates": [
          [
            47.1891306,
            -19.018482
          ],
          [
            47.1893696,
            -19.0185426
          ],
          [
            47.1900312,
            -19.0187968
          ],
          [
            47.1902675,
            -19.0188742
          ],
          [
            47.1906946,
            -19.0189214
          ],
          [
            47.1937997,
            -19.0188154
          ],
          [
            47.1953738,
            -19.0188113
          ],
          [
            47.1960159,
            -19.0188701
          ],
          [
            47.196722,
            -19.0190527
          ],
          [
            47.1967522,
            -19.0190591
          ],
          [
            47.1978745,
            -19.0192965
          ],
          [
            47.1984646,
            -19.0194157
          ],
          [
            47.1987113,
            -19.0194664
          ],
          [
            47.1990188,
            -19.0195318
          ],
          [
            47.1992263,
            -19.0195818
          ],
          [
            47.1994382,
            -19.0196477
          ],
          [
            47.19964,
            -19.0197167
          ],
          [
            47.1997384,
            -19.0197491
          ],
          [
            47.199862,
            -19.0197898
          ],
          [
            47.1999953,
            -19.0198192
          ],
          [
            47.2002563,
            -19.0199749
          ],
          [
            47.2004486,
            -19.0200853
          ],
          [
            47.2015665,
            -19.0208332
          ],
          [
            47.2021312,
            -19.0212301
          ],
          [
            47.2027306,
            -19.0216277
          ],
          [
            47.2050451,
            -19.0231002
          ],
          [
            47.2051795,
            -19.0231889
          ],
          [
            47.2052975,
            -19.0232599
          ],
          [
            47.205378,
            -19.0233132
          ],
          [
            47.2054343,
            -19.0233525
          ],
          [
            47.2054673,
            -19.0233867
          ],
          [
            47.205563,
            -19.0234704
          ],
          [
            47.205669,
            -19.0235921
          ],
          [
            47.2057901,
            -19.0237375
          ],
          [
            47.2059318,
            -19.0239408
          ],
          [
            47.2059989,
            -19.0240599
          ],
          [
            47.2060873,
            -19.0242148
          ],
          [
            47.2067877,
            -19.0258589
          ],
          [
            47.2070552,
            -19.0264869
          ],
          [
            47.2081391,
            -19.0290324
          ],
          [
            47.2082533,
            -19.029272
          ],
          [
            47.2083739,
            -19.0294892
          ],
          [
            47.2085135,
            -19.0296739
          ],
          [
            47.2086393,
            -19.0298311
          ],
          [
            47.2087884,
            -19.0299807
          ],
          [
            47.208938,
            -19.0301174
          ],
          [
            47.2091062,
            -19.0302533
          ],
          [
            47.2091974,
            -19.0303142
          ],
          [
            47.209309,
            -19.0303818
          ],
          [
            47.2094576,
            -19.0304511
          ],
          [
            47.2095568,
            -19.0304828
          ],
          [
            47.2096607,
            -19.0305164
          ],
          [
            47.2098479,
            -19.0305677
          ],
          [
            47.209984,
            -19.0305985
          ],
          [
            47.2102301,
            -19.0306552
          ],
          [
            47.2105187,
            -19.0307016
          ],
          [
            47.2108068,
            -19.03073
          ],
          [
            47.2109328,
            -19.0307389
          ],
          [
            47.2110052,
            -19.0307351
          ],
          [
            47.2110846,
            -19.0307276
          ],
          [
            47.2112761,
            -19.0306894
          ],
          [
            47.2114728,
            -19.0306339
          ],
          [
            47.2117013,
            -19.030555
          ],
          [
            47.2118826,
            -19.0304842
          ],
          [
            47.2121237,
            -19.0303674
          ],
          [
            47.2123606,
            -19.0302217
          ],
          [
            47.2125247,
            -19.0300986
          ],
          [
            47.2126642,
            -19.029977
          ]
        ]
      },
      "id": "way/479325673"
    },
    {
      "type": "Feature",
      "properties": {
        "@id": "way/479325674",
        "highway": "secondary",
        "ref": "N 1",
        "smoothness": "excellent",
        "surface": "asphalt"
      },
      "geometry": {
        "type": "LineString",
        "coordinates": [
          [
            47.2126642,
            -19.029977
          ],
          [
            47.2128171,
            -19.0298121
          ],
          [
            47.2129362,
            -19.0296657
          ],
          [
            47.213143,
            -19.0293988
          ],
          [
            47.2133115,
            -19.0291245
          ],
          [
            47.2137156,
            -19.0285595
          ],
          [
            47.2140765,
            -19.0279917
          ],
          [
            47.2145216,
            -19.0271979
          ],
          [
            47.2147496,
            -19.0267909
          ],
          [
            47.2147644,
            -19.0267643
          ],
          [
            47.2148797,
            -19.0265576
          ],
          [
            47.2149882,
            -19.0263761
          ],
          [
            47.2151715,
            -19.0260956
          ],
          [
            47.2153481,
            -19.0258528
          ],
          [
            47.2155757,
            -19.0255725
          ],
          [
            47.2158022,
            -19.0253135
          ],
          [
            47.2159955,
            -19.0251173
          ],
          [
            47.2161657,
            -19.024955
          ],
          [
            47.2164018,
            -19.0247421
          ],
          [
            47.2166355,
            -19.0245461
          ],
          [
            47.217015,
            -19.0242539
          ],
          [
            47.2174399,
            -19.0239737
          ],
          [
            47.2178763,
            -19.0237195
          ],
          [
            47.2182485,
            -19.0235236
          ],
          [
            47.2186843,
            -19.0233409
          ],
          [
            47.2192745,
            -19.0231251
          ],
          [
            47.2199455,
            -19.0229359
          ],
          [
            47.2202347,
            -19.0228745
          ],
          [
            47.220448,
            -19.0228301
          ],
          [
            47.2206819,
            -19.0227946
          ],
          [
            47.2208292,
            -19.0227825
          ],
          [
            47.2211574,
            -19.0227515
          ],
          [
            47.2215318,
            -19.022725
          ],
          [
            47.2218615,
            -19.0227071
          ],
          [
            47.2221789,
            -19.0227174
          ],
          [
            47.2225602,
            -19.0227363
          ],
          [
            47.2229866,
            -19.0227815
          ],
          [
            47.2234069,
            -19.0228364
          ],
          [
            47.2236264,
            -19.0228783
          ],
          [
            47.224074,
            -19.022997
          ],
          [
            47.2246188,
            -19.0231724
          ],
          [
            47.2249219,
            -19.023284
          ],
          [
            47.2252146,
            -19.0233851
          ],
          [
            47.2256622,
            -19.0235312
          ],
          [
            47.2260746,
            -19.023679
          ],
          [
            47.2272135,
            -19.024062
          ]
        ]
      },
      "id": "way/479325674"
    },
    {
      "type": "Feature",
      "properties": {
        "@id": "way/479325675",
        "bridge": "yes",
        "highway": "secondary",
        "layer": "1",
        "ref": "N 1",
        "smoothness": "excellent"
      },
      "geometry": {
        "type": "LineString",
        "coordinates": [
          [
            47.2564181,
            -19.0122532
          ],
          [
            47.2566426,
            -19.0121102
          ]
        ]
      },
      "id": "way/479325675"
    },
    {
      "type": "Feature",
      "properties": {
        "@id": "way/479325676",
        "highway": "secondary",
        "ref": "N 1",
        "smoothness": "excellent"
      },
      "geometry": {
        "type": "LineString",
        "coordinates": [
          [
            47.2327265,
            -19.0230146
          ],
          [
            47.2333883,
            -19.0226159
          ],
          [
            47.2336927,
            -19.0224193
          ],
          [
            47.2339922,
            -19.0222408
          ],
          [
            47.234268,
            -19.0221049
          ],
          [
            47.2345338,
            -19.021971
          ],
          [
            47.2349077,
            -19.021807
          ],
          [
            47.2353116,
            -19.0216524
          ],
          [
            47.2358933,
            -19.0214607
          ],
          [
            47.2382055,
            -19.0209182
          ],
          [
            47.2394018,
            -19.0206481
          ],
          [
            47.2400026,
            -19.0204947
          ],
          [
            47.2405489,
            -19.020358
          ],
          [
            47.2428511,
            -19.0198215
          ],
          [
            47.2439897,
            -19.0195565
          ],
          [
            47.2450828,
            -19.0192988
          ],
          [
            47.2457832,
            -19.0191359
          ],
          [
            47.2473662,
            -19.0187709
          ],
          [
            47.2486943,
            -19.0184509
          ],
          [
            47.2494185,
            -19.0182873
          ],
          [
            47.2497739,
            -19.0181985
          ],
          [
            47.2500698,
            -19.0181178
          ],
          [
            47.2503773,
            -19.0180337
          ],
          [
            47.2505759,
            -19.0179614
          ],
          [
            47.2507399,
            -19.0179057
          ],
          [
            47.2508581,
            -19.0178499
          ]
        ]
      },
      "id": "way/479325676"
    },
    {
      "type": "Feature",
      "properties": {
        "@id": "way/479325677",
        "highway": "secondary",
        "ref": "N 1",
        "smoothness": "excellent"
      },
      "geometry": {
        "type": "LineString",
        "coordinates": [
          [
            47.2860214,
            -18.9954537
          ],
          [
            47.2879657,
            -18.995934
          ],
          [
            47.2884678,
            -18.9960312
          ],
          [
            47.2885176,
            -18.9960408
          ],
          [
            47.2889754,
            -18.9960882
          ],
          [
            47.2895273,
            -18.9960823
          ],
          [
            47.2901106,
            -18.9960526
          ],
          [
            47.2907691,
            -18.9959933
          ],
          [
            47.2913461,
            -18.9958569
          ],
          [
            47.2918572,
            -18.9957099
          ],
          [
            47.2919231,
            -18.9956909
          ],
          [
            47.2922143,
            -18.9955838
          ],
          [
            47.292356,
            -18.9955317
          ],
          [
            47.2924876,
            -18.9954833
          ],
          [
            47.2927426,
            -18.9953666
          ],
          [
            47.2930336,
            -18.9952335
          ],
          [
            47.2930993,
            -18.9951911
          ],
          [
            47.293629,
            -18.9948488
          ],
          [
            47.2940555,
            -18.9945345
          ],
          [
            47.2942859,
            -18.9943291
          ],
          [
            47.2943574,
            -18.9942654
          ],
          [
            47.2946011,
            -18.9940482
          ],
          [
            47.2965079,
            -18.9919387
          ],
          [
            47.2965612,
            -18.9918797
          ],
          [
            47.2967774,
            -18.9916405
          ],
          [
            47.2971349,
            -18.9912906
          ],
          [
            47.2974987,
            -18.9910594
          ],
          [
            47.2979126,
            -18.9908637
          ],
          [
            47.2979264,
            -18.9908594
          ],
          [
            47.298314,
            -18.9907391
          ],
          [
            47.2986019,
            -18.9906969
          ],
          [
            47.2987593,
            -18.9906739
          ],
          [
            47.2992165,
            -18.9906694
          ],
          [
            47.2999697,
            -18.990662
          ],
          [
            47.3003784,
            -18.9905997
          ],
          [
            47.3005929,
            -18.9905321
          ],
          [
            47.3007452,
            -18.9904841
          ],
          [
            47.3011392,
            -18.9903086
          ],
          [
            47.3014562,
            -18.990133
          ],
          [
            47.3017278,
            -18.9898847
          ],
          [
            47.3020086,
            -18.9895806
          ],
          [
            47.3022231,
            -18.9893
          ],
          [
            47.3029611,
            -18.9883345
          ],
          [
            47.3031002,
            -18.9881525
          ],
          [
            47.3040968,
            -18.9868487
          ],
          [
            47.3043283,
            -18.9865458
          ],
          [
            47.3045513,
            -18.9862541
          ]
        ]
      },
      "id": "way/479325677"
    },
    {
      "type": "Feature",
      "properties": {
        "@id": "way/479326458",
        "highway": "secondary",
        "ref": "N 1",
        "smoothness": "good",
        "surface": "asphalt"
      },
      "geometry": {
        "type": "LineString",
        "coordinates": [
          [
            46.9423504,
            -18.9842733
          ],
          [
            46.9425754,
            -18.9843118
          ],
          [
            46.9429318,
            -18.9843172
          ],
          [
            46.9430875,
            -18.9843496
          ],
          [
            46.9432059,
            -18.9844144
          ],
          [
            46.9437324,
            -18.984871
          ],
          [
            46.9439535,
            -18.9850507
          ],
          [
            46.9441186,
            -18.985142
          ],
          [
            46.9447012,
            -18.9853482
          ],
          [
            46.9449005,
            -18.9854454
          ],
          [
            46.945184,
            -18.985628
          ],
          [
            46.9454893,
            -18.9859217
          ],
          [
            46.9459257,
            -18.9863415
          ],
          [
            46.9462027,
            -18.9865088
          ],
          [
            46.9464644,
            -18.9866679
          ],
          [
            46.9479379,
            -18.9873424
          ],
          [
            46.9481185,
            -18.9874544
          ],
          [
            46.9482556,
            -18.987584
          ],
          [
            46.948374,
            -18.9877843
          ],
          [
            46.9484799,
            -18.9880081
          ],
          [
            46.948564,
            -18.9883174
          ],
          [
            46.9486014,
            -18.9885737
          ],
          [
            46.9485983,
            -18.9887475
          ],
          [
            46.9485547,
            -18.9889184
          ],
          [
            46.9484986,
            -18.9890892
          ],
          [
            46.9484363,
            -18.9891952
          ],
          [
            46.9483397,
            -18.9892807
          ],
          [
            46.9482089,
            -18.9893573
          ],
          [
            46.9479815,
            -18.9894957
          ],
          [
            46.9478787,
            -18.9895929
          ],
          [
            46.947807,
            -18.9896931
          ],
          [
            46.9477572,
            -18.9897932
          ],
          [
            46.9477416,
            -18.9898993
          ],
          [
            46.9477572,
            -18.9900082
          ],
          [
            46.9477883,
            -18.9901172
          ],
          [
            46.9478475,
            -18.9901997
          ],
          [
            46.947969,
            -18.990291
          ],
          [
            46.9481185,
            -18.9903588
          ],
          [
            46.9483241,
            -18.9904089
          ],
          [
            46.9484892,
            -18.9904177
          ],
          [
            46.9487011,
            -18.9903971
          ],
          [
            46.9489503,
            -18.9903382
          ],
          [
            46.9491185,
            -18.9903205
          ],
          [
            46.9492618,
            -18.9903293
          ],
          [
            46.9493646,
            -18.9903706
          ],
          [
            46.9494581,
            -18.9904265
          ],
          [
            46.9499845,
            -18.9909243
          ],
          [
            46.9501278,
            -18.9910392
          ],
          [
            46.950268,
            -18.9911305
          ],
          [
            46.950402,
            -18.9911953
          ],
          [
            46.9508599,
            -18.9913397
          ],
          [
            46.9514798,
            -18.9916166
          ],
          [
            46.9516387,
            -18.9916696
          ],
          [
            46.9517695,
            -18.9916843
          ],
          [
            46.9519409,
            -18.9916519
          ],
          [
            46.9528567,
            -18.9912277
          ],
          [
            46.9530156,
            -18.9911836
          ],
          [
            46.9532087,
            -18.99116
          ],
          [
            46.954215,
            -18.9911629
          ],
          [
            46.9543738,
            -18.9911423
          ],
          [
            46.9545639,
            -18.9910775
          ],
          [
            46.9548972,
            -18.9908802
          ],
          [
            46.9550997,
            -18.9908036
          ],
          [
            46.9553831,
            -18.9907535
          ],
          [
            46.9556261,
            -18.990724
          ],
          [
            46.9557632,
            -18.9907388
          ],
          [
            46.9559034,
            -18.9907829
          ],
          [
            46.9560809,
            -18.9908831
          ],
          [
            46.9566168,
            -18.9911659
          ],
          [
            46.9567414,
            -18.9912454
          ],
          [
            46.9568348,
            -18.9913485
          ],
          [
            46.9569252,
            -18.9914899
          ],
          [
            46.9569968,
            -18.9916254
          ],
          [
            46.9570435,
            -18.9917815
          ],
          [
            46.9570903,
            -18.9920348
          ],
          [
            46.9571463,
            -18.9921497
          ],
          [
            46.9572242,
            -18.9922469
          ],
          [
            46.957327,
            -18.9923323
          ],
          [
            46.9574766,
            -18.9923795
          ],
          [
            46.957623,
            -18.9923677
          ],
          [
            46.9584111,
            -18.9922587
          ],
          [
            46.9586011,
            -18.9922528
          ],
          [
            46.9587818,
            -18.9922616
          ],
          [
            46.9589812,
            -18.9923147
          ],
          [
            46.9591214,
            -18.9923677
          ],
          [
            46.9596323,
            -18.9925709
          ],
          [
            46.9607292,
            -18.9931475
          ],
          [
            46.9609586,
            -18.9932454
          ],
          [
            46.9617593,
            -18.9934325
          ],
          [
            46.9619617,
            -18.9935346
          ],
          [
            46.9621372,
            -18.9936622
          ],
          [
            46.9628614,
            -18.9943683
          ],
          [
            46.9633383,
            -18.9948872
          ],
          [
            46.9634994,
            -18.995026
          ],
          [
            46.9636171,
            -18.9951012
          ],
          [
            46.9637698,
            -18.9951554
          ],
          [
            46.9639861,
            -18.9951975
          ],
          [
            46.9641865,
            -18.9952185
          ],
          [
            46.9644123,
            -18.9951885
          ],
          [
            46.9646032,
            -18.9951343
          ],
          [
            46.9647972,
            -18.9950712
          ],
          [
            46.9649562,
            -18.9949659
          ],
          [
            46.9650708,
            -18.9948215
          ],
          [
            46.965163,
            -18.9946832
          ],
          [
            46.9652807,
            -18.9943613
          ],
          [
            46.9653888,
            -18.9941628
          ],
          [
            46.9655256,
            -18.9940004
          ],
          [
            46.9657165,
            -18.993844
          ],
          [
            46.9659232,
            -18.9937357
          ],
          [
            46.9661332,
            -18.9936545
          ],
          [
            46.9664131,
            -18.9935763
          ],
          [
            46.9665721,
            -18.9935102
          ],
          [
            46.9666866,
            -18.9934169
          ],
          [
            46.9667853,
            -18.9932545
          ],
          [
            46.9669348,
            -18.9929628
          ],
          [
            46.9670525,
            -18.9927763
          ],
          [
            46.967202,
            -18.9925928
          ],
          [
            46.9674183,
            -18.9924154
          ],
          [
            46.9676314,
            -18.992262
          ],
          [
            46.9678922,
            -18.9921356
          ],
          [
            46.9681721,
            -18.9920244
          ],
          [
            46.9684839,
            -18.9919582
          ],
          [
            46.9688242,
            -18.9919131
          ],
          [
            46.9691677,
            -18.991889
          ],
          [
            46.9694508,
            -18.991889
          ],
          [
            46.9696671,
            -18.9919131
          ],
          [
            46.9698835,
            -18.9919702
          ],
          [
            46.9701379,
            -18.9920845
          ],
          [
            46.9705801,
            -18.9923432
          ],
          [
            46.9709745,
            -18.9925898
          ],
          [
            46.9714421,
            -18.9928064
          ],
          [
            46.9723535,
            -18.9931432
          ]
        ]
      },
      "id": "way/479326458"
    },
    {
      "type": "Feature",
      "properties": {
        "@id": "way/479326463",
        "highway": "secondary",
        "ref": "N 1",
        "smoothness": "good",
        "surface": "asphalt"
      },
      "geometry": {
        "type": "LineString",
        "coordinates": [
          [
            46.9201184,
            -18.9431554
          ],
          [
            46.9203906,
            -18.9432795
          ],
          [
            46.9206208,
            -18.9434008
          ],
          [
            46.9207736,
            -18.9434956
          ],
          [
            46.9211778,
            -18.9437574
          ],
          [
            46.9212945,
            -18.9438487
          ],
          [
            46.9221478,
            -18.944541
          ],
          [
            46.9222796,
            -18.9446507
          ],
          [
            46.9224167,
            -18.9447355
          ],
          [
            46.9225362,
            -18.944792
          ],
          [
            46.9237498,
            -18.9453242
          ],
          [
            46.9238365,
            -18.945377
          ],
          [
            46.9239557,
            -18.9454517
          ],
          [
            46.924021,
            -18.9455033
          ],
          [
            46.9241054,
            -18.9456147
          ],
          [
            46.9241563,
            -18.9457061
          ],
          [
            46.9241845,
            -18.9457942
          ],
          [
            46.9242073,
            -18.9459305
          ],
          [
            46.9242635,
            -18.946356
          ],
          [
            46.924304,
            -18.9465886
          ],
          [
            46.9243496,
            -18.9466884
          ],
          [
            46.9243971,
            -18.9467549
          ],
          [
            46.9244621,
            -18.9468679
          ],
          [
            46.9245733,
            -18.9469893
          ],
          [
            46.924673,
            -18.9470407
          ],
          [
            46.9247863,
            -18.9470631
          ],
          [
            46.9248891,
            -18.9470823
          ],
          [
            46.9250719,
            -18.9470873
          ],
          [
            46.9251791,
            -18.9470956
          ],
          [
            46.9252757,
            -18.9471305
          ],
          [
            46.9253847,
            -18.9472302
          ],
          [
            46.9254494,
            -18.9473495
          ],
          [
            46.9254901,
            -18.947433
          ],
          [
            46.9255059,
            -18.9475443
          ],
          [
            46.9254778,
            -18.9479881
          ],
          [
            46.9254567,
            -18.9481692
          ],
          [
            46.9254848,
            -18.948377
          ],
          [
            46.9255257,
            -18.9485027
          ],
          [
            46.9255943,
            -18.9486167
          ],
          [
            46.9256303,
            -18.9486765
          ],
          [
            46.9259588,
            -18.9491166
          ],
          [
            46.9261858,
            -18.9493346
          ],
          [
            46.9263196,
            -18.9494629
          ],
          [
            46.9264282,
            -18.9495808
          ],
          [
            46.9265074,
            -18.9496975
          ],
          [
            46.9265422,
            -18.9497965
          ],
          [
            46.9265905,
            -18.9499817
          ],
          [
            46.9268171,
            -18.9507958
          ],
          [
            46.9268359,
            -18.9508632
          ],
          [
            46.9268448,
            -18.9508947
          ],
          [
            46.9268595,
            -18.9509468
          ],
          [
            46.9268802,
            -18.9510205
          ],
          [
            46.9269036,
            -18.9511254
          ],
          [
            46.926911,
            -18.9511588
          ],
          [
            46.9269137,
            -18.9512265
          ],
          [
            46.9269164,
            -18.9512945
          ],
          [
            46.9269138,
            -18.951329
          ],
          [
            46.926903,
            -18.9514721
          ],
          [
            46.9268717,
            -18.9516184
          ],
          [
            46.9268555,
            -18.9516945
          ],
          [
            46.9268263,
            -18.951831
          ],
          [
            46.9267898,
            -18.9520016
          ],
          [
            46.9267742,
            -18.9520745
          ],
          [
            46.9267502,
            -18.9521794
          ],
          [
            46.9267286,
            -18.9522737
          ],
          [
            46.9267152,
            -18.9524754
          ],
          [
            46.9267273,
            -18.9525667
          ],
          [
            46.9269888,
            -18.9537602
          ],
          [
            46.9270277,
            -18.9539137
          ],
          [
            46.9270612,
            -18.9540177
          ],
          [
            46.9271108,
            -18.9541547
          ],
          [
            46.9276219,
            -18.9551691
          ],
          [
            46.9284884,
            -18.9568889
          ],
          [
            46.9285197,
            -18.956951
          ],
          [
            46.9290749,
            -18.958053
          ]
        ]
      },
      "id": "way/479326463"
    },
    {
      "type": "Feature",
      "properties": {
        "@id": "way/479326467",
        "highway": "secondary",
        "ref": "N 1",
        "smoothness": "good",
        "surface": "asphalt"
      },
      "geometry": {
        "type": "LineString",
        "coordinates": [
          [
            46.9757466,
            -18.99825
          ],
          [
            46.9758951,
            -18.9984377
          ],
          [
            46.9763152,
            -18.9987706
          ],
          [
            46.9764488,
            -18.9988488
          ],
          [
            46.976592,
            -18.9989029
          ],
          [
            46.976821,
            -18.998951
          ],
          [
            46.97712,
            -18.998957
          ],
          [
            46.9772886,
            -18.998924
          ],
          [
            46.9774985,
            -18.9988428
          ],
          [
            46.9776894,
            -18.9987285
          ],
          [
            46.9778007,
            -18.9986984
          ],
          [
            46.9779089,
            -18.9986924
          ],
          [
            46.9780297,
            -18.9987225
          ],
          [
            46.9781411,
            -18.9987946
          ],
          [
            46.9782619,
            -18.998948
          ],
          [
            46.9783669,
            -18.9991225
          ],
          [
            46.9784369,
            -18.9992999
          ],
          [
            46.9784814,
            -18.9994954
          ],
          [
            46.9784878,
            -18.9997029
          ],
          [
            46.9784687,
            -18.9999345
          ],
          [
            46.9784751,
            -19.0000458
          ],
          [
            46.97851,
            -19.000133
          ],
          [
            46.9785959,
            -19.0002473
          ],
          [
            46.9790699,
            -19.0006383
          ],
          [
            46.9793084,
            -19.0008609
          ],
          [
            46.9795216,
            -19.0010955
          ],
          [
            46.9798269,
            -19.0015045
          ],
          [
            46.9799319,
            -19.0016398
          ],
          [
            46.9800369,
            -19.00173
          ],
          [
            46.9801673,
            -19.0017992
          ],
          [
            46.9803963,
            -19.0018413
          ],
          [
            46.9806571,
            -19.0018594
          ],
          [
            46.9809689,
            -19.0018443
          ],
          [
            46.9810961,
            -19.0017932
          ],
          [
            46.9812043,
            -19.001712
          ],
          [
            46.9815128,
            -19.0014263
          ],
          [
            46.9816178,
            -19.0013511
          ],
          [
            46.9817259,
            -19.001297
          ],
          [
            46.9818532,
            -19.0012819
          ],
          [
            46.9819836,
            -19.001294
          ],
          [
            46.9821235,
            -19.0013631
          ],
          [
            46.9822762,
            -19.0014684
          ],
          [
            46.9823748,
            -19.0015857
          ],
          [
            46.9824232,
            -19.0016771
          ],
          [
            46.9824544,
            -19.0017361
          ],
          [
            46.9825752,
            -19.002094
          ],
          [
            46.9827311,
            -19.0024519
          ],
          [
            46.9828297,
            -19.0026203
          ],
          [
            46.9829251,
            -19.0027255
          ],
          [
            46.9830555,
            -19.0028459
          ],
          [
            46.9832337,
            -19.0029631
          ],
          [
            46.9835104,
            -19.0030865
          ],
          [
            46.9839112,
            -19.0032308
          ],
          [
            46.9840639,
            -19.0033301
          ],
          [
            46.9843374,
            -19.0035857
          ],
          [
            46.9847891,
            -19.0040188
          ],
          [
            46.9849259,
            -19.0041601
          ],
          [
            46.9850468,
            -19.0043346
          ],
          [
            46.9851867,
            -19.0046233
          ],
          [
            46.9853362,
            -19.0050113
          ],
          [
            46.9854476,
            -19.0052098
          ],
          [
            46.9856193,
            -19.0054083
          ],
          [
            46.9857434,
            -19.0055195
          ],
          [
            46.9859502,
            -19.0056158
          ],
          [
            46.9861601,
            -19.0056819
          ],
          [
            46.9864082,
            -19.005703
          ],
          [
            46.9866468,
            -19.0056579
          ],
          [
            46.9868853,
            -19.0055767
          ],
          [
            46.9870507,
            -19.0054865
          ],
          [
            46.9871674,
            -19.0053501
          ],
          [
            46.9872193,
            -19.0051526
          ],
          [
            46.9873211,
            -19.0044398
          ],
          [
            46.9873625,
            -19.0042955
          ],
          [
            46.9874484,
            -19.004118
          ],
          [
            46.9875183,
            -19.0040278
          ],
          [
            46.9876201,
            -19.0039586
          ],
          [
            46.9876971,
            -19.003935
          ],
          [
            46.9877378,
            -19.0039225
          ],
          [
            46.9878841,
            -19.0039225
          ],
          [
            46.9880559,
            -19.0039496
          ],
          [
            46.9884217,
            -19.0040489
          ],
          [
            46.9884515,
            -19.0040613
          ],
          [
            46.9886666,
            -19.0041511
          ],
          [
            46.9890102,
            -19.0043556
          ],
          [
            46.9891851,
            -19.004488
          ],
          [
            46.9893315,
            -19.0046203
          ],
          [
            46.989446,
            -19.0047466
          ],
          [
            46.9895796,
            -19.0048368
          ],
          [
            46.9899899,
            -19.0049571
          ],
          [
            46.990114,
            -19.0049692
          ],
          [
            46.9903016,
            -19.0049541
          ],
          [
            46.990467,
            -19.004903
          ],
          [
            46.9906738,
            -19.0047977
          ],
          [
            46.9908774,
            -19.0046444
          ],
          [
            46.9909493,
            -19.004573
          ],
          [
            46.9910078,
            -19.004515
          ],
          [
            46.9911,
            -19.0043466
          ],
          [
            46.9911636,
            -19.0041632
          ],
          [
            46.9911923,
            -19.0039436
          ],
          [
            46.991135,
            -19.0033962
          ],
          [
            46.9911318,
            -19.0031647
          ],
          [
            46.9911668,
            -19.0029962
          ],
          [
            46.9912495,
            -19.0028338
          ],
          [
            46.9916758,
            -19.0022714
          ],
          [
            46.9918126,
            -19.0021541
          ],
          [
            46.9920002,
            -19.0020458
          ],
          [
            46.992805,
            -19.0016458
          ],
          [
            46.992929,
            -19.0016278
          ],
          [
            46.9930245,
            -19.0016428
          ],
          [
            46.9931358,
            -19.0016789
          ],
          [
            46.993209,
            -19.0017481
          ],
          [
            46.9932599,
            -19.0018263
          ],
          [
            46.9933362,
            -19.0020067
          ],
          [
            46.9934412,
            -19.0021992
          ]
        ]
      },
      "id": "way/479326467"
    },
    {
      "type": "Feature",
      "properties": {
        "@id": "way/479326471",
        "highway": "secondary",
        "ref": "N 1",
        "smoothness": "good",
        "surface": "asphalt"
      },
      "geometry": {
        "type": "LineString",
        "coordinates": [
          [
            46.9934412,
            -19.0021992
          ],
          [
            46.993782,
            -19.002634
          ],
          [
            46.993877,
            -19.0027015
          ],
          [
            46.9939787,
            -19.0027376
          ],
          [
            46.9941155,
            -19.0027406
          ],
          [
            46.9942237,
            -19.0027135
          ],
          [
            46.9943668,
            -19.0026383
          ],
          [
            46.9955533,
            -19.0018293
          ],
          [
            46.9957092,
            -19.001706
          ],
          [
            46.9958491,
            -19.0015586
          ],
          [
            46.9959024,
            -19.0014911
          ],
          [
            46.9960082,
            -19.0013571
          ],
          [
            46.9961449,
            -19.0011466
          ],
          [
            46.9967398,
            -19.0000608
          ],
          [
            46.9968097,
            -18.9999586
          ],
          [
            46.9968893,
            -18.9998834
          ],
          [
            46.9969814,
            -18.9998298
          ],
          [
            46.9971672,
            -18.999795
          ],
          [
            46.9976446,
            -18.9997981
          ],
          [
            46.9978882,
            -18.9997889
          ],
          [
            46.9993953,
            -18.9995371
          ],
          [
            46.9995349,
            -18.9995217
          ],
          [
            46.9996977,
            -18.999542
          ],
          [
            46.9998532,
            -18.9996046
          ],
          [
            47.0002462,
            -18.9998227
          ],
          [
            47.0003892,
            -18.9998841
          ],
          [
            47.0005668,
            -18.9999235
          ],
          [
            47.0008011,
            -18.9999504
          ],
          [
            47.0010169,
            -18.9998868
          ],
          [
            47.001273,
            -18.9997327
          ],
          [
            47.0015335,
            -18.9995003
          ],
          [
            47.0016921,
            -18.9991971
          ],
          [
            47.0022507,
            -18.9978008
          ],
          [
            47.0023827,
            -18.9976122
          ],
          [
            47.0028949,
            -18.9970105
          ],
          [
            47.0030812,
            -18.9969078
          ],
          [
            47.003345,
            -18.9968417
          ],
          [
            47.0037495,
            -18.9967968
          ],
          [
            47.0051855,
            -18.9966374
          ],
          [
            47.0053721,
            -18.9965855
          ],
          [
            47.0055422,
            -18.996461
          ],
          [
            47.0056574,
            -18.9962845
          ],
          [
            47.0058714,
            -18.9958072
          ],
          [
            47.0059866,
            -18.9956412
          ],
          [
            47.0065299,
            -18.9952105
          ],
          [
            47.0066561,
            -18.995086
          ],
          [
            47.0067439,
            -18.9949148
          ],
          [
            47.0068591,
            -18.9946294
          ],
          [
            47.0070823,
            -18.9943787
          ],
          [
            47.0071884,
            -18.9942818
          ],
          [
            47.0074682,
            -18.9941935
          ],
          [
            47.0078798,
            -18.9941209
          ],
          [
            47.0108924,
            -18.9941105
          ],
          [
            47.0112436,
            -18.9940483
          ],
          [
            47.0116167,
            -18.9939082
          ],
          [
            47.0118801,
            -18.9937577
          ],
          [
            47.0122148,
            -18.9935138
          ],
          [
            47.0123685,
            -18.9933115
          ],
          [
            47.0124626,
            -18.9931309
          ]
        ]
      },
      "id": "way/479326471"
    },
    {
      "type": "Feature",
      "properties": {
        "@id": "way/479326472",
        "highway": "secondary",
        "ref": "N 1",
        "smoothness": "good",
        "surface": "asphalt"
      },
      "geometry": {
        "type": "LineString",
        "coordinates": [
          [
            47.0124626,
            -18.9931309
          ],
          [
            47.0125551,
            -18.9929535
          ],
          [
            47.0126923,
            -18.9927096
          ],
          [
            47.0128898,
            -18.9924969
          ],
          [
            47.0131148,
            -18.9923671
          ],
          [
            47.0139379,
            -18.9921181
          ],
          [
            47.0140784,
            -18.992069
          ],
          [
            47.0141903,
            -18.9920299
          ],
          [
            47.0144592,
            -18.9918846
          ],
          [
            47.0157158,
            -18.9909454
          ],
          [
            47.0158249,
            -18.9908832
          ],
          [
            47.0158804,
            -18.9908572
          ],
          [
            47.016089,
            -18.9908417
          ],
          [
            47.016506,
            -18.9908936
          ],
          [
            47.0167035,
            -18.9908624
          ],
          [
            47.0168407,
            -18.9907535
          ],
          [
            47.016956,
            -18.9905719
          ],
          [
            47.0170492,
            -18.9903591
          ],
          [
            47.01722,
            -18.9893108
          ],
          [
            47.0173181,
            -18.9887091
          ],
          [
            47.0173511,
            -18.9883355
          ],
          [
            47.0173443,
            -18.9880859
          ],
          [
            47.0172742,
            -18.9855076
          ],
          [
            47.0173072,
            -18.9852326
          ],
          [
            47.0173895,
            -18.9850146
          ],
          [
            47.0175486,
            -18.9847656
          ],
          [
            47.0181906,
            -18.9839094
          ],
          [
            47.0183443,
            -18.9836448
          ],
          [
            47.0185144,
            -18.9832919
          ],
          [
            47.0187339,
            -18.9828457
          ],
          [
            47.0190137,
            -18.9824305
          ],
          [
            47.019129,
            -18.9823008
          ],
          [
            47.0193046,
            -18.9821659
          ]
        ]
      },
      "id": "way/479326472"
    },
    {
      "type": "Feature",
      "properties": {
        "@id": "way/479326473",
        "highway": "secondary",
        "ref": "N 1",
        "smoothness": "excellent"
      },
      "geometry": {
        "type": "LineString",
        "coordinates": [
          [
            47.0508271,
            -18.9967612
          ],
          [
            47.0509018,
            -18.9967299
          ],
          [
            47.0510251,
            -18.9967405
          ],
          [
            47.0511428,
            -18.9967881
          ],
          [
            47.0512505,
            -18.9969158
          ],
          [
            47.0515518,
            -18.997467
          ],
          [
            47.0516431,
            -18.9975771
          ],
          [
            47.0517887,
            -18.9976345
          ],
          [
            47.0522904,
            -18.9977722
          ],
          [
            47.0525048,
            -18.9977875
          ],
          [
            47.0526706,
            -18.9977454
          ],
          [
            47.0528567,
            -18.9976307
          ],
          [
            47.0530752,
            -18.9974318
          ],
          [
            47.0532613,
            -18.9972328
          ],
          [
            47.0539153,
            -18.9964802
          ],
          [
            47.0541635,
            -18.9961541
          ],
          [
            47.0542727,
            -18.9960623
          ],
          [
            47.0543981,
            -18.9960126
          ],
          [
            47.0545519,
            -18.9959973
          ],
          [
            47.0547056,
            -18.9960279
          ],
          [
            47.0548431,
            -18.9960967
          ],
          [
            47.0563926,
            -18.9970531
          ],
          [
            47.0565747,
            -18.9971296
          ],
          [
            47.0567446,
            -18.9971563
          ],
          [
            47.0569469,
            -18.9971602
          ],
          [
            47.0589939,
            -18.9967126
          ],
          [
            47.0591922,
            -18.996705
          ],
          [
            47.0593742,
            -18.9967279
          ],
          [
            47.0595199,
            -18.9967815
          ],
          [
            47.0597464,
            -18.996923
          ],
          [
            47.0599932,
            -18.9970913
          ],
          [
            47.0601065,
            -18.9972022
          ],
          [
            47.0601753,
            -18.9973247
          ],
          [
            47.06024,
            -18.9975733
          ],
          [
            47.0604504,
            -18.9983613
          ],
          [
            47.060503,
            -18.9984914
          ],
          [
            47.060592,
            -18.9986176
          ],
          [
            47.0608226,
            -18.9987706
          ],
          [
            47.0611583,
            -18.9989886
          ],
          [
            47.061304,
            -18.9990537
          ],
          [
            47.0613849,
            -18.9990728
          ],
          [
            47.061482,
            -18.999069
          ],
          [
            47.0615548,
            -18.9990345
          ],
          [
            47.0616519,
            -18.9989733
          ],
          [
            47.0626876,
            -18.9979812
          ]
        ]
      },
      "id": "way/479326473"
    },
    {
      "type": "Feature",
      "properties": {
        "@id": "way/479326474",
        "highway": "secondary",
        "ref": "N 1",
        "smoothness": "excellent"
      },
      "geometry": {
        "type": "LineString",
        "coordinates": [
          [
            47.0626876,
            -18.9979812
          ],
          [
            47.0635008,
            -18.9972022
          ],
          [
            47.0638244,
            -18.9969307
          ],
          [
            47.0653091,
            -18.9958022
          ],
          [
            47.0656449,
            -18.9956033
          ],
          [
            47.0658391,
            -18.9955115
          ],
          [
            47.0660616,
            -18.9954541
          ],
          [
            47.0662761,
            -18.995435
          ],
          [
            47.0664945,
            -18.9954426
          ],
          [
            47.066713,
            -18.9954847
          ],
          [
            47.0669234,
            -18.9955688
          ],
          [
            47.0671499,
            -18.9957066
          ],
          [
            47.067336,
            -18.9958787
          ],
          [
            47.0675316,
            -18.9961338
          ],
          [
            47.0676475,
            -18.9963683
          ],
          [
            47.0680238,
            -18.9974432
          ],
          [
            47.068137,
            -18.9976804
          ],
          [
            47.0682341,
            -18.9978219
          ],
          [
            47.0684162,
            -18.9980056
          ],
          [
            47.0685942,
            -18.9981471
          ],
          [
            47.0688426,
            -18.9982866
          ],
          [
            47.0691289,
            -18.9983529
          ],
          [
            47.0694502,
            -18.9983694
          ],
          [
            47.0698065,
            -18.9983087
          ],
          [
            47.0701395,
            -18.9982092
          ],
          [
            47.0708815,
            -18.9979717
          ],
          [
            47.0713021,
            -18.9978668
          ],
          [
            47.0716585,
            -18.9978612
          ],
          [
            47.0720382,
            -18.997911
          ],
          [
            47.0723712,
            -18.9980049
          ],
          [
            47.0726984,
            -18.9981982
          ]
        ]
      },
      "id": "way/479326474"
    },
    {
      "type": "Feature",
      "properties": {
        "@id": "way/479326475",
        "highway": "secondary",
        "ref": "N 1",
        "smoothness": "excellent"
      },
      "geometry": {
        "type": "LineString",
        "coordinates": [
          [
            47.0726984,
            -18.9981982
          ],
          [
            47.0730723,
            -18.9984689
          ],
          [
            47.0734871,
            -18.9988279
          ],
          [
            47.0737616,
            -18.9990102
          ],
          [
            47.074007,
            -18.9991152
          ],
          [
            47.0742933,
            -18.9991759
          ],
          [
            47.0746146,
            -18.9992035
          ],
          [
            47.0749534,
            -18.999187
          ],
          [
            47.0752747,
            -18.9991041
          ],
          [
            47.0755727,
            -18.9989881
          ],
          [
            47.0759174,
            -18.9988003
          ],
          [
            47.0763847,
            -18.9984744
          ],
          [
            47.0767177,
            -18.9983087
          ],
          [
            47.0770215,
            -18.9982148
          ],
          [
            47.0773837,
            -18.9981761
          ],
          [
            47.0778452,
            -18.9981816
          ],
          [
            47.0800536,
            -18.9984026
          ],
          [
            47.0806319,
            -18.9984357
          ],
          [
            47.0811051,
            -18.998386
          ],
          [
            47.0816134,
            -18.9982866
          ],
          [
            47.0820749,
            -18.9981098
          ],
          [
            47.0831849,
            -18.9976237
          ],
          [
            47.0836698,
            -18.9974746
          ],
          [
            47.0840671,
            -18.9974249
          ],
          [
            47.0845403,
            -18.9974138
          ],
          [
            47.0855042,
            -18.9975243
          ],
          [
            47.085884,
            -18.9975353
          ],
          [
            47.0869916,
            -18.9974049
          ],
          [
            47.0878995,
            -18.9971873
          ],
          [
            47.0883026,
            -18.997121
          ],
          [
            47.0889043,
            -18.9971321
          ],
          [
            47.0901772,
            -18.9972928
          ],
          [
            47.090565,
            -18.9973211
          ],
          [
            47.0909587,
            -18.9972985
          ],
          [
            47.0913758,
            -18.9972506
          ],
          [
            47.0917976,
            -18.997135
          ],
          [
            47.092173,
            -18.9969954
          ],
          [
            47.0936409,
            -18.9963094
          ],
          [
            47.0939994,
            -18.9960621
          ],
          [
            47.0942188,
            -18.9958467
          ],
          [
            47.0943959,
            -18.9956114
          ],
          [
            47.0945225,
            -18.9953761
          ],
          [
            47.0946195,
            -18.995073
          ],
          [
            47.0947418,
            -18.9948097
          ],
          [
            47.0949401,
            -18.9944907
          ],
          [
            47.0950877,
            -18.9943192
          ],
          [
            47.0952944,
            -18.9941596
          ],
          [
            47.0954969,
            -18.9940639
          ],
          [
            47.0957499,
            -18.9939921
          ],
          [
            47.0959946,
            -18.9939801
          ],
          [
            47.0962308,
            -18.994028
          ],
          [
            47.0964333,
            -18.9940958
          ],
          [
            47.0966273,
            -18.9942115
          ],
          [
            47.0968087,
            -18.9943551
          ],
          [
            47.0970365,
            -18.9945984
          ],
          [
            47.100044,
            -18.998152
          ],
          [
            47.1003181,
            -18.9984511
          ],
          [
            47.1005417,
            -18.9986386
          ],
          [
            47.100837,
            -18.9988539
          ],
          [
            47.1012082,
            -18.9990494
          ],
          [
            47.1015287,
            -18.9991371
          ],
          [
            47.1018493,
            -18.999177
          ],
          [
            47.1020982,
            -18.999165
          ],
          [
            47.1024355,
            -18.9991065
          ],
          [
            47.1027586,
            -18.9989884
          ],
          [
            47.1030385,
            -18.9988337
          ],
          [
            47.1032797,
            -18.998626
          ],
          [
            47.1035295,
            -18.9983816
          ],
          [
            47.1040593,
            -18.9976608
          ],
          [
            47.1043091,
            -18.9974002
          ],
          [
            47.1045115,
            -18.9972332
          ],
          [
            47.1047613,
            -18.9970825
          ],
          [
            47.1050112,
            -18.996997
          ],
          [
            47.105304,
            -18.9969522
          ],
          [
            47.105584,
            -18.9969603
          ],
          [
            47.1059329,
            -18.9970255
          ],
          [
            47.1063036,
            -18.9971347
          ]
        ]
      },
      "id": "way/479326475"
    },
    {
      "type": "Feature",
      "properties": {
        "@id": "way/479326476",
        "highway": "secondary",
        "ref": "N 1",
        "smoothness": "excellent",
        "surface": "asphalt"
      },
      "geometry": {
        "type": "LineString",
        "coordinates": [
          [
            47.1634525,
            -19.011882
          ],
          [
            47.1638246,
            -19.0120633
          ],
          [
            47.1639406,
            -19.0121403
          ],
          [
            47.1641937,
            -19.0123165
          ],
          [
            47.1644106,
            -19.0124995
          ],
          [
            47.1645777,
            -19.0126542
          ],
          [
            47.1647676,
            -19.0128839
          ],
          [
            47.1665639,
            -19.0154639
          ],
          [
            47.1672781,
            -19.0164897
          ],
          [
            47.1677514,
            -19.0172044
          ],
          [
            47.1680303,
            -19.0175477
          ],
          [
            47.1683766,
            -19.0178798
          ],
          [
            47.1689908,
            -19.0183613
          ],
          [
            47.1698702,
            -19.0190096
          ],
          [
            47.1703371,
            -19.0193959
          ],
          [
            47.1707327,
            -19.0198373
          ],
          [
            47.1707748,
            -19.0198881
          ],
          [
            47.1728475,
            -19.0223885
          ],
          [
            47.1730348,
            -19.0226145
          ],
          [
            47.1733608,
            -19.0230041
          ],
          [
            47.1736897,
            -19.0232459
          ],
          [
            47.1740955,
            -19.023542
          ],
          [
            47.1744392,
            -19.0236703
          ],
          [
            47.1748113,
            -19.0237513
          ],
          [
            47.1753085,
            -19.0237787
          ],
          [
            47.1755603,
            -19.023756
          ],
          [
            47.1758033,
            -19.0237136
          ],
          [
            47.1758914,
            -19.0236934
          ],
          [
            47.1762626,
            -19.0236081
          ],
          [
            47.1776877,
            -19.0231856
          ],
          [
            47.1786446,
            -19.0228735
          ],
          [
            47.1793897,
            -19.0225515
          ],
          [
            47.1798124,
            -19.0223428
          ],
          [
            47.1798732,
            -19.022322
          ],
          [
            47.1806032,
            -19.0219994
          ],
          [
            47.1827447,
            -19.0210168
          ],
          [
            47.183737,
            -19.0205512
          ],
          [
            47.185252,
            -19.0198692
          ],
          [
            47.1866417,
            -19.0193139
          ],
          [
            47.1868019,
            -19.0192509
          ],
          [
            47.1885841,
            -19.0185503
          ],
          [
            47.1888821,
            -19.0184885
          ],
          [
            47.1891306,
            -19.018482
          ]
        ]
      },
      "id": "way/479326476"
    },
    {
      "type": "Feature",
      "properties": {
        "@id": "way/514841220",
        "highway": "secondary",
        "ref": "N 1",
        "smoothness": "excellent"
      },
      "geometry": {
        "type": "LineString",
        "coordinates": [
          [
            47.2531301,
            -19.0158669
          ],
          [
            47.2536478,
            -19.0152311
          ],
          [
            47.2539095,
            -19.014913
          ],
          [
            47.2541041,
            -19.0146764
          ],
          [
            47.254142,
            -19.0146303
          ],
          [
            47.2544147,
            -19.0142989
          ],
          [
            47.2550133,
            -19.0135591
          ],
          [
            47.2553694,
            -19.013167
          ],
          [
            47.2555926,
            -19.0129416
          ],
          [
            47.2557137,
            -19.0128193
          ],
          [
            47.256015,
            -19.0125529
          ],
          [
            47.2561323,
            -19.012458
          ],
          [
            47.2564181,
            -19.0122532
          ]
        ]
      },
      "id": "way/514841220"
    },
    {
      "type": "Feature",
      "properties": {
        "@id": "way/514841222",
        "highway": "secondary",
        "ref": "N 1",
        "smoothness": "excellent"
      },
      "geometry": {
        "type": "LineString",
        "coordinates": [
          [
            47.2508581,
            -19.0178499
          ],
          [
            47.2510926,
            -19.0177452
          ],
          [
            47.2513752,
            -19.0175849
          ],
          [
            47.2516192,
            -19.0174277
          ],
          [
            47.2517279,
            -19.0173465
          ],
          [
            47.2518294,
            -19.0172715
          ],
          [
            47.2520229,
            -19.0171196
          ],
          [
            47.2521906,
            -19.0169696
          ],
          [
            47.2525484,
            -19.0165813
          ],
          [
            47.2531301,
            -19.0158669
          ]
        ]
      },
      "id": "way/514841222"
    },
    {
      "type": "Feature",
      "properties": {
        "@id": "way/520536078",
        "highway": "secondary",
        "lane_markings": "no",
        "ref": "N 1",
        "smoothness": "good",
        "surface": "asphalt"
      },
      "geometry": {
        "type": "LineString",
        "coordinates": [
          [
            47.4854504,
            -18.9378521
          ],
          [
            47.485647,
            -18.9379655
          ],
          [
            47.4858436,
            -18.9380788
          ],
          [
            47.4863517,
            -18.9383717
          ],
          [
            47.4876767,
            -18.9389205
          ]
        ]
      },
      "id": "way/520536078"
    },
    {
      "type": "Feature",
      "properties": {
        "@id": "way/543087619",
        "highway": "secondary",
        "lane_markings": "no",
        "ref": "N 1",
        "smoothness": "good",
        "surface": "asphalt"
      },
      "geometry": {
        "type": "LineString",
        "coordinates": [
          [
            47.496461,
            -18.9382034
          ],
          [
            47.4968462,
            -18.9381494
          ],
          [
            47.4970112,
            -18.9381215
          ],
          [
            47.4971422,
            -18.9381024
          ],
          [
            47.4975937,
            -18.9380367
          ],
          [
            47.4976766,
            -18.9380268
          ],
          [
            47.4979363,
            -18.9379912
          ],
          [
            47.4983351,
            -18.9379393
          ],
          [
            47.4983788,
            -18.9379336
          ]
        ]
      },
      "id": "way/543087619"
    },
    {
      "type": "Feature",
      "properties": {
        "@id": "way/543087623",
        "bridge": "yes",
        "highway": "secondary",
        "lane_markings": "no",
        "layer": "1",
        "maxweight:signed": "no",
        "ref": "N 1",
        "smoothness": "excellent",
        "surface": "asphalt"
      },
      "geometry": {
        "type": "LineString",
        "coordinates": [
          [
            47.4987711,
            -18.937884
          ],
          [
            47.4992296,
            -18.9378347
          ]
        ]
      },
      "id": "way/543087623"
    },
    {
      "type": "Feature",
      "properties": {
        "@id": "way/543098490",
        "highway": "secondary",
        "lane_markings": "no",
        "ref": "N 1",
        "smoothness": "good",
        "surface": "asphalt"
      },
      "geometry": {
        "type": "LineString",
        "coordinates": [
          [
            47.4876767,
            -18.9389205
          ],
          [
            47.4881956,
            -18.9390979
          ],
          [
            47.4889276,
            -18.9393249
          ],
          [
            47.4893824,
            -18.9394777
          ]
        ]
      },
      "id": "way/543098490"
    },
    {
      "type": "Feature",
      "properties": {
        "@id": "way/543098503",
        "highway": "secondary",
        "lane_markings": "no",
        "ref": "N 1",
        "smoothness": "good",
        "surface": "asphalt"
      },
      "geometry": {
        "type": "LineString",
        "coordinates": [
          [
            47.4896581,
            -18.9395482
          ],
          [
            47.4896883,
            -18.9395494
          ],
          [
            47.490281,
            -18.9395711
          ],
          [
            47.4908811,
            -18.9395438
          ],
          [
            47.4910582,
            -18.9394999
          ],
          [
            47.4917708,
            -18.9393241
          ]
        ]
      },
      "id": "way/543098503"
    },
    {
      "type": "Feature",
      "properties": {
        "@id": "way/543860794",
        "highway": "secondary",
        "lane_markings": "no",
        "maxspeed": "90",
        "ref": "N 1",
        "smoothness": "good",
        "surface": "asphalt"
      },
      "geometry": {
        "type": "LineString",
        "coordinates": [
          [
            47.3568557,
            -18.9558325
          ],
          [
            47.3569836,
            -18.9558
          ],
          [
            47.3573421,
            -18.9556564
          ],
          [
            47.3576349,
            -18.9555436
          ],
          [
            47.357923,
            -18.9554073
          ],
          [
            47.357978,
            -18.9553825
          ],
          [
            47.3580503,
            -18.9553478
          ],
          [
            47.3582424,
            -18.9552176
          ],
          [
            47.3584276,
            -18.9550987
          ],
          [
            47.3587285,
            -18.9548423
          ]
        ]
      },
      "id": "way/543860794"
    },
    {
      "type": "Feature",
      "properties": {
        "@id": "way/543860795",
        "cutting": "yes",
        "highway": "secondary",
        "lane_markings": "no",
        "maxspeed": "90",
        "ref": "N 1",
        "smoothness": "good",
        "surface": "asphalt"
      },
      "geometry": {
        "type": "LineString",
        "coordinates": [
          [
            47.3587285,
            -18.9548423
          ],
          [
            47.3590362,
            -18.9545542
          ],
          [
            47.3591866,
            -18.954397
          ],
          [
            47.359349,
            -18.954216
          ],
          [
            47.3596135,
            -18.9538583
          ],
          [
            47.3597512,
            -18.9536309
          ],
          [
            47.3598941,
            -18.953386
          ],
          [
            47.3600006,
            -18.9531337
          ],
          [
            47.3600981,
            -18.9528698
          ],
          [
            47.3602018,
            -18.9525921
          ],
          [
            47.3603144,
            -18.9523016
          ],
          [
            47.3605407,
            -18.9517595
          ]
        ]
      },
      "id": "way/543860795"
    },
    {
      "type": "Feature",
      "properties": {
        "@id": "way/564210418",
        "highway": "secondary",
        "junction": "roundabout",
        "lanes": "2",
        "ref": "N 1"
      },
      "geometry": {
        "type": "LineString",
        "coordinates": [
          [
            47.5168023,
            -18.9228524
          ],
          [
            47.5167802,
            -18.922807
          ]
        ]
      },
      "id": "way/564210418"
    },
    {
      "type": "Feature",
      "properties": {
        "@id": "way/564210420",
        "highway": "secondary",
        "junction": "roundabout",
        "lanes": "2",
        "ref": "N 1"
      },
      "geometry": {
        "type": "LineString",
        "coordinates": [
          [
            47.5166144,
            -18.9230277
          ],
          [
            47.516667,
            -18.9230325
          ],
          [
            47.5167182,
            -18.9230199
          ],
          [
            47.5167618,
            -18.9229917
          ],
          [
            47.5167854,
            -18.9229634
          ],
          [
            47.5168044,
            -18.9229167
          ],
          [
            47.5168023,
            -18.9228524
          ]
        ]
      },
      "id": "way/564210420"
    },
    {
      "type": "Feature",
      "properties": {
        "@id": "way/564210422",
        "highway": "secondary",
        "junction": "roundabout",
        "lanes": "2",
        "ref": "N 1"
      },
      "geometry": {
        "type": "LineString",
        "coordinates": [
          [
            47.516548,
            -18.9229913
          ],
          [
            47.5166144,
            -18.9230277
          ]
        ]
      },
      "id": "way/564210422"
    },
    {
      "type": "Feature",
      "properties": {
        "@id": "way/564210430",
        "highway": "secondary",
        "junction": "roundabout",
        "lanes": "2",
        "ref": "N 1",
        "surface": "asphalt"
      },
      "geometry": {
        "type": "LineString",
        "coordinates": [
          [
            47.5093925,
            -18.9298244
          ],
          [
            47.5093821,
            -18.9297875
          ],
          [
            47.5093632,
            -18.9297606
          ],
          [
            47.5093275,
            -18.9297281
          ],
          [
            47.5092826,
            -18.9297079
          ],
          [
            47.5092334,
            -18.9297024
          ]
        ]
      },
      "id": "way/564210430"
    },
    {
      "type": "Feature",
      "properties": {
        "@id": "way/564210432",
        "highway": "secondary",
        "junction": "roundabout",
        "lanes": "2",
        "ref": "N 1",
        "surface": "asphalt"
      },
      "geometry": {
        "type": "LineString",
        "coordinates": [
          [
            47.5092296,
            -18.9299927
          ],
          [
            47.5092778,
            -18.9299886
          ],
          [
            47.5093223,
            -18.9299705
          ],
          [
            47.5093587,
            -18.9299401
          ]
        ]
      },
      "id": "way/564210432"
    },
    {
      "type": "Feature",
      "properties": {
        "@id": "way/564210435",
        "highway": "secondary",
        "junction": "roundabout",
        "lanes": "2",
        "ref": "N 1",
        "surface": "asphalt"
      },
      "geometry": {
        "type": "LineString",
        "coordinates": [
          [
            47.5090899,
            -18.9298789
          ],
          [
            47.5091118,
            -18.9299279
          ],
          [
            47.5091508,
            -18.9299661
          ],
          [
            47.5092018,
            -18.9299885
          ]
        ]
      },
      "id": "way/564210435"
    },
    {
      "type": "Feature",
      "properties": {
        "@id": "way/564210436",
        "highway": "secondary",
        "junction": "roundabout",
        "lanes": "2",
        "ref": "N 1",
        "surface": "asphalt"
      },
      "geometry": {
        "type": "LineString",
        "coordinates": [
          [
            47.5055084,
            -18.9334694
          ],
          [
            47.5054862,
            -18.933431
          ]
        ]
      },
      "id": "way/564210436"
    },
    {
      "type": "Feature",
      "properties": {
        "@id": "way/564210437",
        "highway": "secondary",
        "junction": "roundabout",
        "lanes": "2",
        "ref": "N 1",
        "surface": "asphalt"
      },
      "geometry": {
        "type": "LineString",
        "coordinates": [
          [
            47.5053257,
            -18.9336525
          ],
          [
            47.5053721,
            -18.9336582
          ],
          [
            47.505418,
            -18.93365
          ],
          [
            47.5054591,
            -18.9336288
          ],
          [
            47.5054911,
            -18.9335967
          ],
          [
            47.5055111,
            -18.9335567
          ],
          [
            47.5055171,
            -18.9335129
          ],
          [
            47.5055084,
            -18.9334694
          ]
        ]
      },
      "id": "way/564210437"
    },
    {
      "type": "Feature",
      "properties": {
        "@id": "way/564210438",
        "highway": "secondary",
        "junction": "roundabout",
        "lanes": "2",
        "ref": "N 1",
        "surface": "asphalt"
      },
      "geometry": {
        "type": "LineString",
        "coordinates": [
          [
            47.5052821,
            -18.9336325
          ],
          [
            47.5053257,
            -18.9336525
          ]
        ]
      },
      "id": "way/564210438"
    },
    {
      "type": "Feature",
      "properties": {
        "@id": "way/564210443",
        "highway": "secondary",
        "lane_markings": "no",
        "ref": "N 1",
        "smoothness": "good",
        "surface": "asphalt"
      },
      "geometry": {
        "type": "LineString",
        "coordinates": [
          [
            47.4959157,
            -18.9382739
          ],
          [
            47.4960111,
            -18.9382561
          ]
        ]
      },
      "id": "way/564210443"
    },
    {
      "type": "Feature",
      "properties": {
        "@id": "way/564210444",
        "highway": "secondary",
        "lane_markings": "no",
        "ref": "N 1",
        "smoothness": "good",
        "surface": "asphalt"
      },
      "geometry": {
        "type": "LineString",
        "coordinates": [
          [
            47.4960111,
            -18.9382561
          ],
          [
            47.496118,
            -18.9382419
          ],
          [
            47.4961389,
            -18.9382391
          ],
          [
            47.496461,
            -18.9382034
          ]
        ]
      },
      "id": "way/564210444"
    },
    {
      "type": "Feature",
      "properties": {
        "@id": "way/564931050",
        "highway": "secondary",
        "junction": "roundabout",
        "lanes": "2",
        "ref": "N 1",
        "surface": "asphalt"
      },
      "geometry": {
        "type": "LineString",
        "coordinates": [
          [
            47.5052256,
            -18.9335595
          ],
          [
            47.5052475,
            -18.9336004
          ],
          [
            47.5052821,
            -18.9336325
          ]
        ]
      },
      "id": "way/564931050"
    },
    {
      "type": "Feature",
      "properties": {
        "@id": "way/564931051",
        "highway": "secondary",
        "junction": "roundabout",
        "lanes": "2",
        "ref": "N 1",
        "surface": "asphalt"
      },
      "geometry": {
        "type": "LineString",
        "coordinates": [
          [
            47.5054862,
            -18.933431
          ],
          [
            47.5054526,
            -18.9334008
          ],
          [
            47.5054108,
            -18.9333818
          ]
        ]
      },
      "id": "way/564931051"
    },
    {
      "type": "Feature",
      "properties": {
        "@id": "way/564931056",
        "highway": "secondary",
        "junction": "roundabout",
        "lanes": "2",
        "ref": "N 1"
      },
      "geometry": {
        "type": "LineString",
        "coordinates": [
          [
            47.5165085,
            -18.9229276
          ],
          [
            47.516548,
            -18.9229913
          ]
        ]
      },
      "id": "way/564931056"
    },
    {
      "type": "Feature",
      "properties": {
        "@id": "way/564931057",
        "highway": "secondary",
        "junction": "roundabout",
        "lanes": "2",
        "ref": "N 1"
      },
      "geometry": {
        "type": "LineString",
        "coordinates": [
          [
            47.5167802,
            -18.922807
          ],
          [
            47.5167593,
            -18.922784
          ],
          [
            47.516715,
            -18.9227567
          ],
          [
            47.5166849,
            -18.9227478
          ]
        ]
      },
      "id": "way/564931057"
    },
    {
      "type": "Feature",
      "properties": {
        "@id": "way/564942677",
        "highway": "secondary",
        "lane_markings": "no",
        "ref": "N 1",
        "smoothness": "good",
        "surface": "asphalt"
      },
      "geometry": {
        "type": "LineString",
        "coordinates": [
          [
            47.4893824,
            -18.9394777
          ],
          [
            47.4895818,
            -18.9395294
          ],
          [
            47.4896016,
            -18.9395345
          ],
          [
            47.4896442,
            -18.9395456
          ],
          [
            47.4896581,
            -18.9395482
          ]
        ]
      },
      "id": "way/564942677"
    },
    {
      "type": "Feature",
      "properties": {
        "@id": "way/565316470",
        "highway": "secondary",
        "lane_markings": "no",
        "ref": "N 1",
        "smoothness": "excellent",
        "surface": "asphalt"
      },
      "geometry": {
        "type": "LineString",
        "coordinates": [
          [
            47.460621,
            -18.9372633
          ],
          [
            47.4605259,
            -18.9372718
          ]
        ]
      },
      "id": "way/565316470"
    },
    {
      "type": "Feature",
      "properties": {
        "@id": "way/565439304",
        "highway": "secondary",
        "lane_markings": "no",
        "ref": "N 1",
        "smoothness": "excellent",
        "surface": "asphalt"
      },
      "geometry": {
        "type": "LineString",
        "coordinates": [
          [
            47.4786582,
            -18.9367341
          ],
          [
            47.4786379,
            -18.9367656
          ],
          [
            47.4786341,
            -18.9367715
          ],
          [
            47.4786323,
            -18.9367743
          ],
          [
            47.4786149,
            -18.9368012
          ]
        ]
      },
      "id": "way/565439304"
    },
    {
      "type": "Feature",
      "properties": {
        "@id": "way/565439305",
        "highway": "secondary",
        "lane_markings": "no",
        "ref": "N 1",
        "smoothness": "excellent",
        "surface": "asphalt"
      },
      "geometry": {
        "type": "LineString",
        "coordinates": [
          [
            47.4786149,
            -18.9368012
          ],
          [
            47.4785673,
            -18.93688
          ],
          [
            47.4785391,
            -18.9369128
          ],
          [
            47.478505,
            -18.936934
          ],
          [
            47.4784384,
            -18.9369686
          ],
          [
            47.4783698,
            -18.9369817
          ]
        ]
      },
      "id": "way/565439305"
    },
    {
      "type": "Feature",
      "properties": {
        "@id": "way/566974045",
        "highway": "secondary",
        "junction": "roundabout",
        "lanes": "2",
        "ref": "N 1",
        "surface": "asphalt"
      },
      "geometry": {
        "type": "LineString",
        "coordinates": [
          [
            47.5093587,
            -18.9299401
          ],
          [
            47.5093842,
            -18.929898
          ],
          [
            47.5093937,
            -18.9298503
          ],
          [
            47.5093925,
            -18.9298244
          ]
        ]
      },
      "id": "way/566974045"
    },
    {
      "type": "Feature",
      "properties": {
        "@id": "way/575613938",
        "highway": "tertiary",
        "ref": "N 1",
        "smoothness": "good",
        "surface": "asphalt"
      },
      "geometry": {
        "type": "LineString",
        "coordinates": [
          [
            46.0518807,
            -18.7733689
          ],
          [
            46.0519359,
            -18.7734585
          ],
          [
            46.0521306,
            -18.7737768
          ],
          [
            46.0523771,
            -18.7740657
          ],
          [
            46.0525766,
            -18.774259
          ],
          [
            46.0528921,
            -18.774458
          ],
          [
            46.0532944,
            -18.7746104
          ],
          [
            46.0539784,
            -18.77479
          ],
          [
            46.0542877,
            -18.7748633
          ],
          [
            46.0545524,
            -18.7748821
          ],
          [
            46.0548053,
            -18.7748582
          ],
          [
            46.0551345,
            -18.7747678
          ],
          [
            46.0553917,
            -18.7746608
          ],
          [
            46.0555429,
            -18.7745979
          ],
          [
            46.0556571,
            -18.7745371
          ],
          [
            46.055771,
            -18.7744595
          ],
          [
            46.0560194,
            -18.774214
          ],
          [
            46.0563288,
            -18.7738831
          ],
          [
            46.0574545,
            -18.7727097
          ],
          [
            46.0586489,
            -18.771468
          ],
          [
            46.0591102,
            -18.7709905
          ],
          [
            46.0594322,
            -18.770635
          ],
          [
            46.0595796,
            -18.7704141
          ],
          [
            46.059741,
            -18.7700738
          ]
        ]
      },
      "id": "way/575613938"
    },
    {
      "type": "Feature",
      "properties": {
        "@id": "way/575613939",
        "highway": "tertiary",
        "oneway": "yes",
        "ref": "N 1",
        "smoothness": "good",
        "surface": "asphalt"
      },
      "geometry": {
        "type": "LineString",
        "coordinates": [
          [
            46.0518807,
            -18.7733689
          ],
          [
            46.0514763,
            -18.7727116
          ],
          [
            46.0513328,
            -18.7724785
          ]
        ]
      },
      "id": "way/575613939"
    },
    {
      "type": "Feature",
      "properties": {
        "@id": "way/577465786",
        "highway": "secondary",
        "lanes": "2",
        "name": "Làlana Pasitora Rahajason",
        "name:fr": "Rue du Pasteur Rahajason",
        "oneway": "yes",
        "ref": "N 1",
        "surface": "asphalt"
      },
      "geometry": {
        "type": "LineString",
        "coordinates": [
          [
            47.5027508,
            -18.9358712
          ],
          [
            47.5022124,
            -18.9363809
          ]
        ]
      },
      "id": "way/577465786"
    },
    {
      "type": "Feature",
      "properties": {
        "@id": "way/577693628",
        "highway": "secondary",
        "lanes": "2",
        "name": "Làlana Pasitora Rahajason",
        "name:fr": "Rue du Pasteur Rahajason",
        "oneway": "yes",
        "ref": "N 1",
        "surface": "asphalt"
      },
      "geometry": {
        "type": "LineString",
        "coordinates": [
          [
            47.5022124,
            -18.9363809
          ],
          [
            47.50206,
            -18.9365247
          ]
        ]
      },
      "id": "way/577693628"
    },
    {
      "type": "Feature",
      "properties": {
        "@id": "way/578726945",
        "highway": "secondary",
        "lane_markings": "no",
        "ref": "N 1",
        "smoothness": "excellent",
        "surface": "asphalt"
      },
      "geometry": {
        "type": "LineString",
        "coordinates": [
          [
            47.4605259,
            -18.9372718
          ],
          [
            47.4599026,
            -18.9373871
          ],
          [
            47.4595427,
            -18.9374581
          ],
          [
            47.4591807,
            -18.9375507
          ],
          [
            47.458832,
            -18.9376547
          ],
          [
            47.4584845,
            -18.9377487
          ],
          [
            47.4582084,
            -18.9377879
          ],
          [
            47.4579111,
            -18.937825
          ],
          [
            47.457519,
            -18.9378894
          ],
          [
            47.4573407,
            -18.9379414
          ],
          [
            47.4571811,
            -18.9379756
          ],
          [
            47.457,
            -18.938015
          ],
          [
            47.4568353,
            -18.938032
          ],
          [
            47.4566728,
            -18.9380416
          ],
          [
            47.4565186,
            -18.9380302
          ],
          [
            47.4562168,
            -18.9380035
          ],
          [
            47.4556436,
            -18.9379338
          ],
          [
            47.4549937,
            -18.9378589
          ],
          [
            47.4543521,
            -18.9377818
          ],
          [
            47.4525859,
            -18.937365
          ],
          [
            47.4498702,
            -18.9361024
          ],
          [
            47.4475219,
            -18.9350106
          ],
          [
            47.4471614,
            -18.9348077
          ],
          [
            47.4465863,
            -18.9344748
          ],
          [
            47.4465528,
            -18.9344549
          ],
          [
            47.4464885,
            -18.9344141
          ],
          [
            47.4462055,
            -18.9342399
          ],
          [
            47.4455054,
            -18.9338796
          ],
          [
            47.4446916,
            -18.9335247
          ],
          [
            47.4432741,
            -18.9329964
          ],
          [
            47.4419429,
            -18.932437
          ],
          [
            47.4410331,
            -18.9319905
          ],
          [
            47.4402316,
            -18.9316094
          ]
        ]
      },
      "id": "way/578726945"
    },
    {
      "type": "Feature",
      "properties": {
        "@id": "way/579219234",
        "highway": "secondary",
        "lane_markings": "no",
        "ref": "N 1",
        "smoothness": "excellent",
        "surface": "asphalt"
      },
      "geometry": {
        "type": "LineString",
        "coordinates": [
          [
            47.477911,
            -18.9367957
          ],
          [
            47.4771423,
            -18.9364023
          ],
          [
            47.4770476,
            -18.9363569
          ],
          [
            47.4767386,
            -18.9362041
          ],
          [
            47.4763867,
            -18.9360904
          ],
          [
            47.4760108,
            -18.9360331
          ],
          [
            47.475564,
            -18.9359141
          ],
          [
            47.4749553,
            -18.9358239
          ],
          [
            47.4746655,
            -18.9357754
          ],
          [
            47.4743611,
            -18.9357234
          ],
          [
            47.4738256,
            -18.9356474
          ],
          [
            47.4735888,
            -18.9356128
          ],
          [
            47.4733483,
            -18.9355782
          ],
          [
            47.4721662,
            -18.9355445
          ],
          [
            47.4715733,
            -18.9355276
          ],
          [
            47.4709731,
            -18.9355245
          ],
          [
            47.4704613,
            -18.9355352
          ],
          [
            47.4702017,
            -18.9355439
          ],
          [
            47.4699385,
            -18.9355492
          ],
          [
            47.4689714,
            -18.9356664
          ],
          [
            47.4684734,
            -18.9357319
          ],
          [
            47.4679753,
            -18.935794
          ],
          [
            47.4675726,
            -18.9358513
          ],
          [
            47.4673712,
            -18.9358731
          ],
          [
            47.4671807,
            -18.9358949
          ],
          [
            47.464303,
            -18.9366265
          ],
          [
            47.462691,
            -18.9370294
          ],
          [
            47.4618603,
            -18.9372075
          ],
          [
            47.4610984,
            -18.9372244
          ],
          [
            47.4607674,
            -18.9372435
          ],
          [
            47.460621,
            -18.9372633
          ]
        ]
      },
      "id": "way/579219234"
    },
    {
      "type": "Feature",
      "properties": {
        "@id": "way/581582017",
        "highway": "secondary",
        "lanes": "2",
        "name": "Rue Ravoahangy Andrianavalona",
        "oneway": "yes",
        "ref": "N 1",
        "smoothness": "excellent",
        "surface": "asphalt"
      },
      "geometry": {
        "type": "LineString",
        "coordinates": [
          [
            47.5205242,
            -18.919381
          ],
          [
            47.5211447,
            -18.9187985
          ],
          [
            47.5212617,
            -18.9187376
          ],
          [
            47.5214031,
            -18.9187182
          ]
        ]
      },
      "id": "way/581582017"
    },
    {
      "type": "Feature",
      "properties": {
        "@id": "way/581582018",
        "highway": "secondary",
        "lane_markings": "no",
        "maxspeed": "90",
        "ref": "N 1",
        "surface": "asphalt"
      },
      "geometry": {
        "type": "LineString",
        "coordinates": [
          [
            47.3876843,
            -18.9386762
          ],
          [
            47.3877756,
            -18.938582
          ],
          [
            47.3878379,
            -18.9385205
          ],
          [
            47.3879056,
            -18.9384736
          ],
          [
            47.3879392,
            -18.9384589
          ],
          [
            47.3879841,
            -18.9384463
          ],
          [
            47.3880342,
            -18.9384327
          ],
          [
            47.388082,
            -18.9384253
          ],
          [
            47.388132,
            -18.9384216
          ],
          [
            47.3883254,
            -18.9384234
          ],
          [
            47.3885331,
            -18.938423
          ],
          [
            47.3886171,
            -18.9384044
          ],
          [
            47.3887006,
            -18.9383833
          ],
          [
            47.3887318,
            -18.9383644
          ],
          [
            47.388766,
            -18.9383467
          ],
          [
            47.3888022,
            -18.9383188
          ],
          [
            47.3888362,
            -18.9382862
          ],
          [
            47.3888645,
            -18.9382541
          ],
          [
            47.3888846,
            -18.9382186
          ],
          [
            47.3889134,
            -18.9381454
          ],
          [
            47.3890087,
            -18.9378101
          ],
          [
            47.3890244,
            -18.9377329
          ],
          [
            47.3890369,
            -18.9376826
          ],
          [
            47.3890509,
            -18.9376312
          ],
          [
            47.3890685,
            -18.9375664
          ],
          [
            47.3891012,
            -18.9375063
          ],
          [
            47.3891254,
            -18.9374714
          ],
          [
            47.3891884,
            -18.937408
          ],
          [
            47.3892414,
            -18.9373642
          ],
          [
            47.3892859,
            -18.9373287
          ],
          [
            47.3893229,
            -18.9373051
          ],
          [
            47.3893572,
            -18.9372948
          ],
          [
            47.389455,
            -18.9372883
          ],
          [
            47.3898103,
            -18.9372968
          ],
          [
            47.3899706,
            -18.9373054
          ],
          [
            47.3901568,
            -18.9373375
          ],
          [
            47.3903357,
            -18.9373725
          ],
          [
            47.3907207,
            -18.9374095
          ],
          [
            47.3908346,
            -18.9374086
          ],
          [
            47.3909724,
            -18.9373928
          ],
          [
            47.3910297,
            -18.9373813
          ],
          [
            47.3910894,
            -18.9373706
          ],
          [
            47.3911504,
            -18.9373427
          ],
          [
            47.3912142,
            -18.9373082
          ],
          [
            47.3912698,
            -18.9372735
          ],
          [
            47.3913194,
            -18.9372361
          ],
          [
            47.3914187,
            -18.9371604
          ],
          [
            47.3919323,
            -18.9366796
          ],
          [
            47.3920094,
            -18.9366082
          ],
          [
            47.3920557,
            -18.9365796
          ],
          [
            47.3920968,
            -18.9365562
          ],
          [
            47.3922367,
            -18.9364832
          ],
          [
            47.3924218,
            -18.9363786
          ],
          [
            47.3928077,
            -18.9361691
          ],
          [
            47.3931578,
            -18.9359837
          ],
          [
            47.3932667,
            -18.935913
          ],
          [
            47.3933901,
            -18.9358458
          ],
          [
            47.3936207,
            -18.9356678
          ],
          [
            47.393712,
            -18.9355965
          ],
          [
            47.3938092,
            -18.9355204
          ],
          [
            47.3939996,
            -18.9353657
          ],
          [
            47.3943717,
            -18.9350375
          ],
          [
            47.3948331,
            -18.9346698
          ],
          [
            47.3950923,
            -18.9344444
          ],
          [
            47.3951778,
            -18.9343768
          ],
          [
            47.3952556,
            -18.9343311
          ],
          [
            47.3953387,
            -18.9342754
          ],
          [
            47.3954188,
            -18.9342349
          ],
          [
            47.3956533,
            -18.9341588
          ],
          [
            47.3959918,
            -18.9340597
          ],
          [
            47.3964041,
            -18.9339476
          ],
          [
            47.3965001,
            -18.9339214
          ],
          [
            47.3966161,
            -18.9338822
          ],
          [
            47.3967455,
            -18.9338199
          ],
          [
            47.3968745,
            -18.9337459
          ],
          [
            47.3973555,
            -18.9334335
          ],
          [
            47.3976677,
            -18.933213
          ],
          [
            47.3979614,
            -18.9330386
          ],
          [
            47.3981585,
            -18.9329768
          ],
          [
            47.3982663,
            -18.932951
          ],
          [
            47.398374,
            -18.9329461
          ],
          [
            47.3985212,
            -18.9329649
          ],
          [
            47.3986055,
            -18.9329965
          ],
          [
            47.3987424,
            -18.9330449
          ],
          [
            47.398873,
            -18.9331109
          ],
          [
            47.399649,
            -18.9337223
          ],
          [
            47.4003555,
            -18.9342328
          ],
          [
            47.4004778,
            -18.9343033
          ],
          [
            47.4006119,
            -18.9343616
          ],
          [
            47.4007689,
            -18.9344252
          ],
          [
            47.4016711,
            -18.9347021
          ],
          [
            47.4022193,
            -18.9348856
          ],
          [
            47.4023661,
            -18.9349274
          ],
          [
            47.4024814,
            -18.9349375
          ],
          [
            47.4026115,
            -18.9349434
          ],
          [
            47.4028637,
            -18.9349489
          ],
          [
            47.4030045,
            -18.9349451
          ],
          [
            47.4031482,
            -18.9349218
          ],
          [
            47.4036199,
            -18.9348365
          ],
          [
            47.4040814,
            -18.9347346
          ],
          [
            47.4045239,
            -18.9346432
          ],
          [
            47.4054609,
            -18.9344458
          ]
        ]
      },
      "id": "way/581582018"
    },
    {
      "type": "Feature",
      "properties": {
        "@id": "way/593869796",
        "highway": "secondary",
        "lanes": "2",
        "name": "Rue Ravoahangy Andrianavalona",
        "oneway": "yes",
        "ref": "N 1",
        "smoothness": "excellent"
      },
      "geometry": {
        "type": "LineString",
        "coordinates": [
          [
            47.5173469,
            -18.9221437
          ],
          [
            47.5172928,
            -18.9222047
          ],
          [
            47.5172384,
            -18.9222583
          ]
        ]
      },
      "id": "way/593869796"
    },
    {
      "type": "Feature",
      "properties": {
        "@id": "way/594620454",
        "highway": "secondary",
        "lane_markings": "no",
        "ref": "N 1",
        "smoothness": "excellent",
        "surface": "asphalt"
      },
      "geometry": {
        "type": "LineString",
        "coordinates": [
          [
            47.4783698,
            -18.9369817
          ],
          [
            47.4782365,
            -18.9369611
          ],
          [
            47.4780286,
            -18.9368508
          ],
          [
            47.477911,
            -18.9367957
          ]
        ]
      },
      "id": "way/594620454"
    },
    {
      "type": "Feature",
      "properties": {
        "@id": "way/596294074",
        "highway": "tertiary",
        "ref": "N 1",
        "smoothness": "very_bad",
        "surface": "unpaved"
      },
      "geometry": {
        "type": "LineString",
        "coordinates": [
          [
            46.0695402,
            -18.7666124
          ],
          [
            46.0697023,
            -18.766686
          ],
          [
            46.0698866,
            -18.7668241
          ],
          [
            46.0702246,
            -18.7673473
          ],
          [
            46.0703074,
            -18.7675127
          ],
          [
            46.0704018,
            -18.7677012
          ],
          [
            46.0705928,
            -18.7680827
          ],
          [
            46.0709254,
            -18.7685297
          ],
          [
            46.0716676,
            -18.7693129
          ],
          [
            46.0718553,
            -18.7694348
          ],
          [
            46.0721611,
            -18.7694754
          ],
          [
            46.0723532,
            -18.7694896
          ],
          [
            46.0728478,
            -18.7695262
          ],
          [
            46.0729641,
            -18.7695228
          ],
          [
            46.0731114,
            -18.7694972
          ],
          [
            46.0732806,
            -18.7693932
          ],
          [
            46.073444,
            -18.7692712
          ],
          [
            46.0735702,
            -18.7691266
          ],
          [
            46.0737015,
            -18.7689234
          ]
        ]
      },
      "id": "way/596294074"
    },
    {
      "type": "Feature",
      "properties": {
        "@id": "way/596294078",
        "bridge": "yes",
        "highway": "tertiary",
        "layer": "1",
        "ref": "N 1",
        "smoothness": "very_bad",
        "surface": "unpaved"
      },
      "geometry": {
        "type": "LineString",
        "coordinates": [
          [
            46.0693738,
            -18.7665386
          ],
          [
            46.0695402,
            -18.7666124
          ]
        ]
      },
      "id": "way/596294078"
    },
    {
      "type": "Feature",
      "properties": {
        "@id": "way/596294083",
        "bridge": "yes",
        "highway": "tertiary",
        "layer": "1",
        "ref": "N 1",
        "smoothness": "very_bad",
        "surface": "unpaved"
      },
      "geometry": {
        "type": "LineString",
        "coordinates": [
          [
            46.0737015,
            -18.7689234
          ],
          [
            46.0737498,
            -18.7688014
          ]
        ]
      },
      "id": "way/596294083"
    },
    {
      "type": "Feature",
      "properties": {
        "@id": "way/596294087",
        "highway": "tertiary",
        "ref": "N 1",
        "smoothness": "very_bad",
        "surface": "unpaved"
      },
      "geometry": {
        "type": "LineString",
        "coordinates": [
          [
            46.059741,
            -18.7700738
          ],
          [
            46.0600359,
            -18.769448
          ],
          [
            46.0606518,
            -18.7681294
          ],
          [
            46.0608779,
            -18.7677678
          ],
          [
            46.0611198,
            -18.7676056
          ],
          [
            46.0620679,
            -18.767139
          ],
          [
            46.0634772,
            -18.7663975
          ],
          [
            46.0639214,
            -18.7661638
          ],
          [
            46.0654644,
            -18.7653755
          ],
          [
            46.065671,
            -18.765307
          ],
          [
            46.0658401,
            -18.7653045
          ],
          [
            46.0660358,
            -18.7653958
          ],
          [
            46.0661851,
            -18.7655391
          ],
          [
            46.0666067,
            -18.7661246
          ],
          [
            46.0667412,
            -18.7662898
          ],
          [
            46.0670113,
            -18.7664127
          ],
          [
            46.0672527,
            -18.7664482
          ],
          [
            46.0675102,
            -18.7663924
          ],
          [
            46.0677121,
            -18.7662644
          ],
          [
            46.0678374,
            -18.7660927
          ],
          [
            46.0679535,
            -18.7658631
          ],
          [
            46.0681896,
            -18.7652384
          ],
          [
            46.0682647,
            -18.7651165
          ],
          [
            46.0684417,
            -18.7650047
          ],
          [
            46.0687582,
            -18.7648422
          ],
          [
            46.0689478,
            -18.7648026
          ],
          [
            46.0691785,
            -18.7648635
          ],
          [
            46.0693268,
            -18.7651012
          ],
          [
            46.0693375,
            -18.76534
          ],
          [
            46.0691444,
            -18.7662491
          ],
          [
            46.0692249,
            -18.7664168
          ],
          [
            46.0692999,
            -18.7664984
          ],
          [
            46.0693738,
            -18.7665386
          ]
        ]
      },
      "id": "way/596294087"
    },
    {
      "type": "Feature",
      "properties": {
        "@id": "way/605946716",
        "highway": "secondary",
        "junction": "roundabout",
        "lanes": "2",
        "ref": "N 1",
        "surface": "asphalt"
      },
      "geometry": {
        "type": "LineString",
        "coordinates": [
          [
            47.5092018,
            -18.9299885
          ],
          [
            47.5092296,
            -18.9299927
          ]
        ]
      },
      "id": "way/605946716"
    },
    {
      "type": "Feature",
      "properties": {
        "@id": "way/610254659",
        "bridge": "yes",
        "highway": "tertiary",
        "layer": "1",
        "ref": "N 1",
        "smoothness": "very_bad",
        "surface": "unpaved"
      },
      "geometry": {
        "type": "LineString",
        "coordinates": [
          [
            46.1115454,
            -18.7569966
          ],
          [
            46.1116459,
            -18.7567972
          ]
        ]
      },
      "id": "way/610254659"
    },
    {
      "type": "Feature",
      "properties": {
        "@id": "way/610254660",
        "highway": "tertiary",
        "ref": "N 1",
        "smoothness": "very_bad",
        "surface": "unpaved"
      },
      "geometry": {
        "type": "LineString",
        "coordinates": [
          [
            46.1116459,
            -18.7567972
          ],
          [
            46.1117304,
            -18.7563593
          ],
          [
            46.111844,
            -18.756199
          ],
          [
            46.1120335,
            -18.7560909
          ],
          [
            46.112241,
            -18.7560648
          ],
          [
            46.1129976,
            -18.7561863
          ],
          [
            46.1132917,
            -18.7562097
          ],
          [
            46.113616,
            -18.7562312
          ],
          [
            46.1139472,
            -18.7562069
          ],
          [
            46.1144877,
            -18.756132
          ],
          [
            46.114663,
            -18.7561518
          ],
          [
            46.1148176,
            -18.75625
          ],
          [
            46.1163253,
            -18.7585902
          ],
          [
            46.11677,
            -18.7590669
          ],
          [
            46.1171474,
            -18.7593547
          ],
          [
            46.1175387,
            -18.7594489
          ],
          [
            46.1180025,
            -18.7594169
          ],
          [
            46.1187862,
            -18.7593661
          ],
          [
            46.1206434,
            -18.7596719
          ],
          [
            46.1220212,
            -18.7600633
          ],
          [
            46.1227135,
            -18.7604437
          ],
          [
            46.1242375,
            -18.76145
          ],
          [
            46.1248099,
            -18.7616468
          ],
          [
            46.1260276,
            -18.7618553
          ],
          [
            46.1295657,
            -18.7626098
          ],
          [
            46.1308838,
            -18.7628714
          ],
          [
            46.1314918,
            -18.7629006
          ],
          [
            46.132063,
            -18.7628511
          ],
          [
            46.1352625,
            -18.7625738
          ],
          [
            46.1369783,
            -18.7623806
          ],
          [
            46.1374053,
            -18.7623325
          ],
          [
            46.1380831,
            -18.7625415
          ],
          [
            46.1401323,
            -18.7636232
          ],
          [
            46.1416727,
            -18.7654288
          ],
          [
            46.1422349,
            -18.7656958
          ],
          [
            46.1452923,
            -18.7666202
          ],
          [
            46.1466997,
            -18.7672015
          ],
          [
            46.147153,
            -18.7673158
          ],
          [
            46.1478678,
            -18.7677211
          ],
          [
            46.1479547,
            -18.7678907
          ],
          [
            46.1479786,
            -18.7686003
          ],
          [
            46.1481207,
            -18.7687672
          ],
          [
            46.1483407,
            -18.7686981
          ],
          [
            46.1483525,
            -18.7679796
          ],
          [
            46.1490134,
            -18.7673346
          ],
          [
            46.1493945,
            -18.7670514
          ],
          [
            46.1494246,
            -18.7654253
          ],
          [
            46.1492411,
            -18.7644356
          ],
          [
            46.1489485,
            -18.7636831
          ],
          [
            46.1487677,
            -18.7631139
          ],
          [
            46.149111,
            -18.7626017
          ],
          [
            46.1491523,
            -18.7618083
          ],
          [
            46.1497161,
            -18.7609095
          ],
          [
            46.1507528,
            -18.7588892
          ],
          [
            46.1512519,
            -18.7578227
          ],
          [
            46.1514204,
            -18.7572292
          ],
          [
            46.1515599,
            -18.7559209
          ],
          [
            46.1519246,
            -18.7546071
          ],
          [
            46.1522267,
            -18.7543064
          ],
          [
            46.1527236,
            -18.7541284
          ],
          [
            46.1553801,
            -18.7536245
          ],
          [
            46.1594549,
            -18.7526073
          ],
          [
            46.1597435,
            -18.7524054
          ],
          [
            46.1605584,
            -18.7511433
          ],
          [
            46.1609688,
            -18.7508045
          ],
          [
            46.1611598,
            -18.7502495
          ],
          [
            46.1620945,
            -18.7491394
          ],
          [
            46.162367,
            -18.748705
          ],
          [
            46.1634416,
            -18.7481489
          ],
          [
            46.1642588,
            -18.7477259
          ],
          [
            46.1644219,
            -18.7474968
          ],
          [
            46.1646388,
            -18.7468822
          ],
          [
            46.1649958,
            -18.7462881
          ],
          [
            46.1652134,
            -18.7460646
          ],
          [
            46.165473,
            -18.7459668
          ],
          [
            46.165771,
            -18.7460409
          ],
          [
            46.1660167,
            -18.747192
          ],
          [
            46.1662452,
            -18.7481465
          ],
          [
            46.1665234,
            -18.7483759
          ],
          [
            46.1676716,
            -18.748146
          ],
          [
            46.1681778,
            -18.7474737
          ],
          [
            46.1690567,
            -18.7470031
          ],
          [
            46.1697246,
            -18.746871
          ],
          [
            46.1699247,
            -18.746729
          ],
          [
            46.1702693,
            -18.7460757
          ],
          [
            46.1703739,
            -18.7455947
          ],
          [
            46.1710284,
            -18.7450844
          ],
          [
            46.1714704,
            -18.7447936
          ],
          [
            46.1717242,
            -18.7445515
          ],
          [
            46.1721018,
            -18.7444852
          ],
          [
            46.1724025,
            -18.7445711
          ],
          [
            46.1734596,
            -18.7451436
          ],
          [
            46.1738356,
            -18.7453473
          ],
          [
            46.1741671,
            -18.74539
          ],
          [
            46.1745413,
            -18.745311
          ],
          [
            46.1749659,
            -18.745107
          ],
          [
            46.1761667,
            -18.7437189
          ],
          [
            46.1764703,
            -18.7435409
          ],
          [
            46.1767289,
            -18.74355
          ],
          [
            46.1769775,
            -18.7437735
          ],
          [
            46.1770746,
            -18.7441614
          ],
          [
            46.177267,
            -18.7442836
          ],
          [
            46.1775118,
            -18.7442564
          ],
          [
            46.1779437,
            -18.7440885
          ],
          [
            46.1782457,
            -18.7440844
          ],
          [
            46.1790863,
            -18.7443778
          ],
          [
            46.1801774,
            -18.7445618
          ],
          [
            46.1806551,
            -18.7446424
          ],
          [
            46.1811524,
            -18.7446488
          ],
          [
            46.1813567,
            -18.7444053
          ],
          [
            46.1814564,
            -18.7441331
          ]
        ]
      },
      "id": "way/610254660"
    },
    {
      "type": "Feature",
      "properties": {
        "@id": "way/644388638",
        "bridge": "yes",
        "highway": "secondary",
        "layer": "1",
        "maxspeed": "90",
        "ref": "N 1",
        "smoothness": "good"
      },
      "geometry": {
        "type": "LineString",
        "coordinates": [
          [
            47.306815,
            -18.9845363
          ],
          [
            47.3068962,
            -18.9845311
          ]
        ]
      },
      "id": "way/644388638"
    },
    {
      "type": "Feature",
      "properties": {
        "@id": "way/685040025",
        "bridge": "yes",
        "highway": "tertiary",
        "layer": "1",
        "ref": "N 1",
        "smoothness": "very_bad",
        "surface": "unpaved"
      },
      "geometry": {
        "type": "LineString",
        "coordinates": [
          [
            46.0961035,
            -18.7636258
          ],
          [
            46.0962665,
            -18.7635444
          ]
        ]
      },
      "id": "way/685040025"
    },
    {
      "type": "Feature",
      "properties": {
        "@id": "way/685040026",
        "highway": "tertiary",
        "ref": "N 1",
        "smoothness": "very_bad",
        "surface": "unpaved"
      },
      "geometry": {
        "type": "LineString",
        "coordinates": [
          [
            46.0737498,
            -18.7688014
          ],
          [
            46.0739404,
            -18.768126
          ],
          [
            46.0740906,
            -18.7680371
          ],
          [
            46.0742908,
            -18.7680431
          ],
          [
            46.0744849,
            -18.7681539
          ],
          [
            46.0747907,
            -18.7683901
          ],
          [
            46.0751152,
            -18.7687761
          ],
          [
            46.0752575,
            -18.7688891
          ],
          [
            46.0754639,
            -18.7690072
          ],
          [
            46.0762791,
            -18.7693228
          ],
          [
            46.0766589,
            -18.7696215
          ],
          [
            46.0774027,
            -18.7704268
          ],
          [
            46.0776848,
            -18.7705792
          ],
          [
            46.0778308,
            -18.7705824
          ],
          [
            46.0783246,
            -18.770702
          ],
          [
            46.0788712,
            -18.7709377
          ],
          [
            46.0791922,
            -18.7709881
          ],
          [
            46.0795141,
            -18.7709636
          ],
          [
            46.0798738,
            -18.7708184
          ],
          [
            46.0805872,
            -18.7703148
          ],
          [
            46.0808256,
            -18.7701576
          ],
          [
            46.0809955,
            -18.7701027
          ],
          [
            46.0825689,
            -18.7698185
          ],
          [
            46.083507,
            -18.7696558
          ],
          [
            46.0838128,
            -18.7696118
          ],
          [
            46.0841254,
            -18.7695527
          ],
          [
            46.0841623,
            -18.7695278
          ],
          [
            46.0841718,
            -18.7694635
          ],
          [
            46.0842409,
            -18.7693934
          ],
          [
            46.0847911,
            -18.7692748
          ],
          [
            46.086129,
            -18.7685683
          ],
          [
            46.0872263,
            -18.7684496
          ],
          [
            46.0876699,
            -18.7684239
          ],
          [
            46.0881203,
            -18.7683529
          ],
          [
            46.0909336,
            -18.766848
          ],
          [
            46.0925816,
            -18.7666608
          ],
          [
            46.0939036,
            -18.7662176
          ],
          [
            46.0941027,
            -18.7660124
          ],
          [
            46.0947919,
            -18.7644537
          ],
          [
            46.0948911,
            -18.7642785
          ],
          [
            46.0950494,
            -18.7641591
          ],
          [
            46.0954061,
            -18.7639534
          ],
          [
            46.0961035,
            -18.7636258
          ]
        ]
      },
      "id": "way/685040026"
    },
    {
      "type": "Feature",
      "properties": {
        "@id": "way/697293457",
        "highway": "secondary",
        "ref": "N 1",
        "smoothness": "good",
        "surface": "asphalt"
      },
      "geometry": {
        "type": "LineString",
        "coordinates": [
          [
            47.0194479,
            -18.9820691
          ],
          [
            47.0199795,
            -18.9818286
          ],
          [
            47.0203966,
            -18.9817663
          ],
          [
            47.0212365,
            -18.9816593
          ]
        ]
      },
      "id": "way/697293457"
    },
    {
      "type": "Feature",
      "properties": {
        "@id": "way/697293458",
        "highway": "secondary",
        "ref": "N 1",
        "smoothness": "good",
        "surface": "asphalt"
      },
      "geometry": {
        "type": "LineString",
        "coordinates": [
          [
            47.0193046,
            -18.9821659
          ],
          [
            47.0194479,
            -18.9820691
          ]
        ]
      },
      "id": "way/697293458"
    },
    {
      "type": "Feature",
      "properties": {
        "@id": "way/710481392",
        "highway": "tertiary",
        "ref": "N 1"
      },
      "geometry": {
        "type": "LineString",
        "coordinates": [
          [
            46.5157266,
            -18.7587182
          ],
          [
            46.5158917,
            -18.7588602
          ],
          [
            46.5159523,
            -18.7589515
          ],
          [
            46.5160462,
            -18.7591229
          ],
          [
            46.5162514,
            -18.7595546
          ],
          [
            46.5163421,
            -18.7598127
          ],
          [
            46.5164379,
            -18.7600765
          ],
          [
            46.5164502,
            -18.7601549
          ]
        ]
      },
      "id": "way/710481392"
    },
    {
      "type": "Feature",
      "properties": {
        "@id": "way/710481400",
        "highway": "tertiary",
        "ref": "N 1",
        "smoothness": "very_bad",
        "surface": "unpaved"
      },
      "geometry": {
        "type": "LineString",
        "coordinates": [
          [
            46.429714,
            -18.7392407
          ],
          [
            46.4298481,
            -18.7392204
          ],
          [
            46.4301753,
            -18.7393982
          ],
          [
            46.4303201,
            -18.7394439
          ],
          [
            46.4305294,
            -18.7394389
          ],
          [
            46.4307654,
            -18.7393779
          ],
          [
            46.4312482,
            -18.7392052
          ],
          [
            46.4314038,
            -18.7391849
          ],
          [
            46.4317095,
            -18.7392509
          ],
          [
            46.4319456,
            -18.7393728
          ],
          [
            46.4321709,
            -18.7396268
          ],
          [
            46.4323372,
            -18.7397691
          ],
          [
            46.4324605,
            -18.7398097
          ],
          [
            46.4326268,
            -18.7397995
          ],
          [
            46.4342844,
            -18.7391849
          ],
          [
            46.4344883,
            -18.7391036
          ],
          [
            46.4348745,
            -18.7389004
          ],
          [
            46.4351749,
            -18.7387988
          ],
          [
            46.4355075,
            -18.7387531
          ],
          [
            46.4369076,
            -18.7387734
          ],
          [
            46.4371651,
            -18.7387175
          ],
          [
            46.4374012,
            -18.738621
          ],
          [
            46.4395148,
            -18.7375541
          ],
          [
            46.4398313,
            -18.7374932
          ],
          [
            46.4421433,
            -18.7372138
          ],
          [
            46.4423525,
            -18.7370512
          ],
          [
            46.4425456,
            -18.7370207
          ],
          [
            46.4427817,
            -18.7370461
          ],
          [
            46.4430016,
            -18.7371122
          ],
          [
            46.443994,
            -18.7370512
          ],
          [
            46.4466119,
            -18.7359183
          ],
          [
            46.4470625,
            -18.7358269
          ],
          [
            46.4474326,
            -18.7358726
          ],
          [
            46.4481308,
            -18.7360596
          ],
          [
            46.449516,
            -18.7364931
          ],
          [
            46.4496256,
            -18.7365274
          ],
          [
            46.4497045,
            -18.7365521
          ],
          [
            46.4501863,
            -18.7367213
          ],
          [
            46.4508274,
            -18.7369463
          ],
          [
            46.4511044,
            -18.7370436
          ],
          [
            46.4512347,
            -18.7370893
          ],
          [
            46.451522,
            -18.7371915
          ],
          [
            46.4528107,
            -18.7376498
          ],
          [
            46.4534374,
            -18.7378727
          ],
          [
            46.4543278,
            -18.7381894
          ],
          [
            46.4547148,
            -18.7383124
          ],
          [
            46.4548999,
            -18.7383733
          ],
          [
            46.4550139,
            -18.7384127
          ],
          [
            46.4551627,
            -18.7384769
          ],
          [
            46.4555269,
            -18.7386136
          ],
          [
            46.4557153,
            -18.738687
          ],
          [
            46.4558739,
            -18.7387439
          ],
          [
            46.4560881,
            -18.7388267
          ],
          [
            46.4563191,
            -18.738925
          ],
          [
            46.4568418,
            -18.7391112
          ],
          [
            46.4571204,
            -18.7391973
          ],
          [
            46.4573635,
            -18.7392725
          ],
          [
            46.4584193,
            -18.7396699
          ],
          [
            46.4587328,
            -18.7398072
          ],
          [
            46.4589971,
            -18.7402007
          ],
          [
            46.4590291,
            -18.7402571
          ],
          [
            46.4594085,
            -18.7409247
          ],
          [
            46.459706,
            -18.7414484
          ],
          [
            46.4599546,
            -18.7418861
          ],
          [
            46.4603528,
            -18.7422811
          ],
          [
            46.4606214,
            -18.7424635
          ],
          [
            46.4607633,
            -18.7425599
          ],
          [
            46.4621174,
            -18.7435352
          ],
          [
            46.4634347,
            -18.7444985
          ],
          [
            46.4635634,
            -18.7445493
          ],
          [
            46.463719,
            -18.7445442
          ],
          [
            46.4650762,
            -18.7441531
          ],
          [
            46.465323,
            -18.7441277
          ],
          [
            46.4655536,
            -18.7441531
          ],
          [
            46.4657736,
            -18.7442598
          ],
          [
            46.4687429,
            -18.7461458
          ],
          [
            46.4694428,
            -18.746693
          ],
          [
            46.4701258,
            -18.7470897
          ],
          [
            46.4706606,
            -18.7473635
          ],
          [
            46.4712399,
            -18.747836
          ],
          [
            46.471492,
            -18.7480595
          ],
          [
            46.4724469,
            -18.7484659
          ],
          [
            46.4728332,
            -18.748664
          ],
          [
            46.4733964,
            -18.7488316
          ],
          [
            46.4739329,
            -18.7489637
          ],
          [
            46.4742601,
            -18.7489688
          ],
          [
            46.4745605,
            -18.7488672
          ],
          [
            46.4754081,
            -18.7484455
          ],
          [
            46.4762127,
            -18.7481255
          ],
          [
            46.4778918,
            -18.7475007
          ],
          [
            46.478793,
            -18.7472112
          ],
          [
            46.4815718,
            -18.7465762
          ],
          [
            46.4826447,
            -18.7464441
          ],
          [
            46.4835459,
            -18.7464085
          ],
          [
            46.4843614,
            -18.7464212
          ],
          [
            46.4848334,
            -18.7464187
          ],
          [
            46.4852571,
            -18.7465051
          ],
          [
            46.4855576,
            -18.7466727
          ],
          [
            46.4857989,
            -18.7469521
          ],
          [
            46.4861101,
            -18.7474601
          ],
          [
            46.4863729,
            -18.7478207
          ],
          [
            46.4867055,
            -18.7480849
          ],
          [
            46.4871615,
            -18.7482881
          ],
          [
            46.4875692,
            -18.7483795
          ],
          [
            46.4880252,
            -18.7483744
          ],
          [
            46.4885616,
            -18.7483135
          ],
          [
            46.4895326,
            -18.7480036
          ],
          [
            46.4902031,
            -18.7477293
          ],
          [
            46.4904928,
            -18.7477242
          ],
          [
            46.4908683,
            -18.7477344
          ],
          [
            46.4925313,
            -18.7479223
          ],
          [
            46.4926976,
            -18.7480036
          ],
          [
            46.4928049,
            -18.74809
          ],
          [
            46.4931321,
            -18.7488773
          ],
          [
            46.4931375,
            -18.7490399
          ],
          [
            46.493057,
            -18.7493243
          ],
          [
            46.4928853,
            -18.7496698
          ],
          [
            46.4929229,
            -18.7499695
          ],
          [
            46.4930892,
            -18.7501117
          ],
          [
            46.4934873,
            -18.7501721
          ],
          [
            46.4938778,
            -18.7500965
          ],
          [
            46.4945322,
            -18.7501676
          ],
          [
            46.4947736,
            -18.7502336
          ],
          [
            46.4957446,
            -18.750579
          ],
          [
            46.496104,
            -18.7506705
          ],
          [
            46.4971125,
            -18.7507822
          ],
          [
            46.4978582,
            -18.7508178
          ],
          [
            46.4982134,
            -18.750806
          ],
          [
            46.4991188,
            -18.7506705
          ],
          [
            46.4998913,
            -18.7506552
          ],
          [
            46.5001756,
            -18.7506197
          ],
          [
            46.5028363,
            -18.7498882
          ],
          [
            46.5031207,
            -18.7499085
          ],
          [
            46.503303,
            -18.7499949
          ],
          [
            46.5060818,
            -18.7517423
          ],
          [
            46.5063018,
            -18.751849
          ],
          [
            46.5088445,
            -18.7528344
          ],
          [
            46.5091556,
            -18.7530681
          ],
          [
            46.5099571,
            -18.7540754
          ],
          [
            46.510427,
            -18.7544091
          ],
          [
            46.5116448,
            -18.7557338
          ],
          [
            46.5121436,
            -18.7560803
          ],
          [
            46.5124779,
            -18.7563017
          ],
          [
            46.5125513,
            -18.7563495
          ],
          [
            46.5135733,
            -18.7568245
          ],
          [
            46.5137545,
            -18.7569052
          ],
          [
            46.5141536,
            -18.7570943
          ],
          [
            46.514284,
            -18.7571419
          ],
          [
            46.5145683,
            -18.7573451
          ],
          [
            46.5146573,
            -18.7574578
          ],
          [
            46.5148583,
            -18.7577126
          ]
        ]
      },
      "id": "way/710481400"
    },
    {
      "type": "Feature",
      "properties": {
        "@id": "way/714757524",
        "highway": "tertiary",
        "ref": "N 1"
      },
      "geometry": {
        "type": "LineString",
        "coordinates": [
          [
            46.5164502,
            -18.7601549
          ],
          [
            46.5163439,
            -18.7601998
          ],
          [
            46.5162098,
            -18.7602099
          ],
          [
            46.5159819,
            -18.7601997
          ],
          [
            46.5157565,
            -18.7602391
          ],
          [
            46.5156224,
            -18.7603216
          ],
          [
            46.5154481,
            -18.7604537
          ],
          [
            46.5152442,
            -18.7606823
          ],
          [
            46.5150176,
            -18.7609032
          ],
          [
            46.5148908,
            -18.7610264
          ],
          [
            46.5148442,
            -18.7611467
          ],
          [
            46.5148127,
            -18.7613382
          ],
          [
            46.5147741,
            -18.7614986
          ],
          [
            46.5146461,
            -18.7619674
          ],
          [
            46.5145777,
            -18.7622493
          ],
          [
            46.5145181,
            -18.7625085
          ],
          [
            46.5144939,
            -18.7626137
          ],
          [
            46.5144557,
            -18.7627801
          ],
          [
            46.5143131,
            -18.7634111
          ]
        ]
      },
      "id": "way/714757524"
    },
    {
      "type": "Feature",
      "properties": {
        "@id": "way/714757525",
        "highway": "tertiary",
        "ref": "N 1"
      },
      "geometry": {
        "type": "LineString",
        "coordinates": [
          [
            46.5157266,
            -18.7587182
          ],
          [
            46.5157,
            -18.7586939
          ],
          [
            46.5150793,
            -18.7581476
          ],
          [
            46.5149855,
            -18.7580143
          ],
          [
            46.5148583,
            -18.7577126
          ]
        ]
      },
      "id": "way/714757525"
    },
    {
      "type": "Feature",
      "properties": {
        "@id": "way/922488538",
        "highway": "secondary",
        "lane_markings": "no",
        "ref": "N 1",
        "smoothness": "excellent",
        "surface": "asphalt"
      },
      "geometry": {
        "type": "LineString",
        "coordinates": [
          [
            47.4106061,
            -18.9399142
          ],
          [
            47.4111435,
            -18.940126
          ],
          [
            47.411842,
            -18.9404013
          ],
          [
            47.4154767,
            -18.941015
          ],
          [
            47.4163825,
            -18.9411563
          ],
          [
            47.4165389,
            -18.9411615
          ],
          [
            47.4167026,
            -18.9411613
          ],
          [
            47.4167857,
            -18.941157
          ],
          [
            47.4168722,
            -18.9411437
          ],
          [
            47.4170376,
            -18.9411049
          ]
        ]
      },
      "id": "way/922488538"
    },
    {
      "type": "Feature",
      "properties": {
        "@id": "way/1091758659",
        "highway": "secondary",
        "ref": "N 1",
        "smoothness": "good",
        "surface": "asphalt"
      },
      "geometry": {
        "type": "LineString",
        "coordinates": [
          [
            46.9723535,
            -18.9931432
          ],
          [
            46.974623,
            -18.9937839
          ],
          [
            46.9748934,
            -18.9938952
          ],
          [
            46.9751097,
            -18.9940245
          ],
          [
            46.9752846,
            -18.9941809
          ],
          [
            46.975485,
            -18.9944125
          ],
          [
            46.975714,
            -18.9947253
          ],
          [
            46.9758126,
            -18.9948997
          ],
          [
            46.9758635,
            -18.9950501
          ],
          [
            46.9759176,
            -18.9953358
          ],
          [
            46.9759844,
            -18.9956456
          ],
          [
            46.9759844,
            -18.995793
          ],
          [
            46.9759399,
            -18.9961239
          ],
          [
            46.9759335,
            -18.9963163
          ],
          [
            46.9759494,
            -18.9965329
          ],
          [
            46.9759749,
            -18.9967374
          ],
          [
            46.9759749,
            -18.9968637
          ],
          [
            46.9759399,
            -18.9970081
          ],
          [
            46.9758095,
            -18.997345
          ],
          [
            46.9757649,
            -18.9975435
          ],
          [
            46.9757097,
            -18.9977555
          ],
          [
            46.975697,
            -18.9979238
          ],
          [
            46.9757067,
            -18.9981169
          ],
          [
            46.9757466,
            -18.99825
          ]
        ]
      },
      "id": "way/1091758659"
    },
    {
      "type": "Feature",
      "properties": {
        "@id": "way/1426842224",
        "bridge": "yes",
        "highway": "secondary",
        "layer": "1",
        "ref": "N 1",
        "surface": "asphalt"
      },
      "geometry": {
        "type": "LineString",
        "coordinates": [
          [
            46.7800779,
            -18.9615093
          ],
          [
            46.7801701,
            -18.9614757
          ]
        ]
      },
      "id": "way/1426842224"
    },
    {
      "type": "Feature",
      "properties": {
        "@id": "way/1426842225",
        "highway": "secondary",
        "ref": "N 1",
        "surface": "asphalt"
      },
      "geometry": {
        "type": "LineString",
        "coordinates": [
          [
            46.7801701,
            -18.9614757
          ],
          [
            46.7812266,
            -18.9611215
          ],
          [
            46.7844179,
            -18.9600227
          ],
          [
            46.7848019,
            -18.95991
          ],
          [
            46.785918,
            -18.9596886
          ],
          [
            46.7862141,
            -18.9596522
          ],
          [
            46.7863228,
            -18.9596388
          ],
          [
            46.7880094,
            -18.9595418
          ],
          [
            46.789558,
            -18.9594527
          ],
          [
            46.7903168,
            -18.9594068
          ],
          [
            46.7910426,
            -18.9593629
          ],
          [
            46.7921524,
            -18.9592957
          ],
          [
            46.7949752,
            -18.9591249
          ],
          [
            46.7980569,
            -18.9589773
          ],
          [
            46.7992958,
            -18.9589179
          ],
          [
            46.7994054,
            -18.9589126
          ]
        ]
      },
      "id": "way/1426842225"
    }
  ]
}