{
  "type": "FeatureCollection",
  "generator": "overpass-turbo",
  "copyright": "The data included in this document is from www.openstreetmap.org. The data is made available under ODbL.",
  "timestamp": "2026-09-30T10:02:35Z",
  "features": [
    {
      "type": "Feature",
      "properties": {
        "@id": "way/28820590",
        "highway": "primary",
        "maxspeed:hgv": "30",
        "ref": "N 2"
      },
      "geometry": {
        "type": "LineString",
        "coordinates": [
          [
            47.6031683,
            -18.8970763
          ],
          [
            47.6031819,
            -18.8970598
          ],
          [
            47.6034929,
            -18.8966843
          ],
          [
            47.6036216,
            -18.8964813
          ],
          [
            47.6037168,
            -18.8962732
          ],
          [
            47.6037759,
            -18.8960956
          ],
          [
            47.6038308,
            -18.8959141
          ],
          [
            47.603855,
            -18.8957606
          ],
          [
            47.6038577,
            -18.8956654
          ],
          [
            47.603851,
            -18.8956033
          ],
          [
            47.6038349,
            -18.8955436
          ],
          [
            47.6038,
            -18.8954358
          ],
          [
            47.6036093,
            -18.8949553
          ],
          [
            47.6035744,
            -18.894841
          ],
          [
            47.6035557,
            -18.8947497
          ],
          [
            47.6035476,
            -18.8946735
          ],
          [
            47.6035449,
            -18.8945899
          ],
          [
            47.6035663,
            -18.8944566
          ],
          [
            47.6036256,
            -18.8942405
          ],
          [
            47.6036592,
            -18.8941466
          ],
          [
            47.6037151,
            -18.8940143
          ],
          [
            47.6037893,
            -18.8938548
          ],
          [
            47.6038627,
            -18.8937093
          ],
          [
            47.60391,
            -18.8936353
          ],
          [
            47.603958,
            -18.8935697
          ],
          [
            47.604194,
            -18.8932981
          ],
          [
            47.6044784,
            -18.8929949
          ],
          [
            47.604597,
            -18.892862
          ],
          [
            47.6049022,
            -18.8925482
          ],
          [
            47.6049772,
            -18.8924455
          ],
          [
            47.6050392,
            -18.8923398
          ],
          [
            47.6050821,
            -18.8922332
          ],
          [
            47.605117,
            -18.8921063
          ],
          [
            47.6052026,
            -18.8917729
          ],
          [
            47.6053419,
            -18.8912325
          ],
          [
            47.6053942,
            -18.8910129
          ],
          [
            47.6054241,
            -18.8909034
          ],
          [
            47.6054643,
            -18.8908172
          ],
          [
            47.6055112,
            -18.8907321
          ],
          [
            47.6055756,
            -18.890637
          ],
          [
            47.6057117,
            -18.8904957
          ],
          [
            47.6059165,
            -18.8903091
          ],
          [
            47.6060568,
            -18.8901754
          ],
          [
            47.6061842,
            -18.8900702
          ],
          [
            47.6062915,
            -18.8899864
          ],
          [
            47.6063881,
            -18.8899255
          ],
          [
            47.6064846,
            -18.88989
          ],
          [
            47.606568,
            -18.889868
          ],
          [
            47.6066941,
            -18.8898554
          ],
          [
            47.6070238,
            -18.8898443
          ],
          [
            47.6073241,
            -18.8898519
          ],
          [
            47.6074505,
            -18.8898617
          ],
          [
            47.6075913,
            -18.8898896
          ],
          [
            47.6076677,
            -18.889915
          ],
          [
            47.6077506,
            -18.8899585
          ],
          [
            47.6078381,
            -18.8900228
          ],
          [
            47.6079842,
            -18.8901612
          ],
          [
            47.6081127,
            -18.8902656
          ],
          [
            47.6082063,
            -18.8903343
          ],
          [
            47.6082911,
            -18.8903849
          ],
          [
            47.6087135,
            -18.8905942
          ],
          [
            47.60879,
            -18.8906437
          ],
          [
            47.6088747,
            -18.8906979
          ],
          [
            47.6090019,
            -18.8907947
          ],
          [
            47.6090828,
            -18.8908699
          ],
          [
            47.6091414,
            -18.8909343
          ],
          [
            47.6091899,
            -18.8909973
          ],
          [
            47.6092406,
            -18.8910819
          ],
          [
            47.6092784,
            -18.8911648
          ],
          [
            47.6092985,
            -18.8912207
          ],
          [
            47.6093186,
            -18.8913031
          ],
          [
            47.6093267,
            -18.8913615
          ],
          [
            47.6093294,
            -18.8914313
          ],
          [
            47.6093237,
            -18.8915357
          ],
          [
            47.6092902,
            -18.8916714
          ],
          [
            47.6092124,
            -18.89191
          ],
          [
            47.6091349,
            -18.8921266
          ],
          [
            47.6091188,
            -18.8922307
          ],
          [
            47.6091242,
            -18.8923144
          ],
          [
            47.6091453,
            -18.8924252
          ],
          [
            47.6091963,
            -18.892514
          ],
          [
            47.60925,
            -18.8925977
          ],
          [
            47.609317,
            -18.8926941
          ],
          [
            47.6094216,
            -18.8928185
          ],
          [
            47.6095128,
            -18.8929061
          ],
          [
            47.6095678,
            -18.8929466
          ],
          [
            47.6096593,
            -18.8929882
          ],
          [
            47.6097666,
            -18.8930034
          ],
          [
            47.6098752,
            -18.8929971
          ],
          [
            47.609961,
            -18.892978
          ],
          [
            47.6100737,
            -18.8929285
          ],
          [
            47.6102639,
            -18.8927957
          ],
          [
            47.6105227,
            -18.8925888
          ],
          [
            47.6106088,
            -18.892539
          ],
          [
            47.6107024,
            -18.8925025
          ],
          [
            47.6107962,
            -18.8924746
          ],
          [
            47.610917,
            -18.8924543
          ],
          [
            47.6110256,
            -18.8924455
          ],
          [
            47.6111383,
            -18.8924505
          ],
          [
            47.6112391,
            -18.8924743
          ],
          [
            47.6113115,
            -18.8925086
          ],
          [
            47.6113511,
            -18.8925396
          ],
          [
            47.6113823,
            -18.8925737
          ],
          [
            47.6114139,
            -18.8926213
          ],
          [
            47.6114443,
            -18.8926837
          ],
          [
            47.6114599,
            -18.8927347
          ],
          [
            47.6114701,
            -18.8928527
          ],
          [
            47.6114616,
            -18.8929936
          ],
          [
            47.6114469,
            -18.8932301
          ],
          [
            47.6114275,
            -18.8933841
          ],
          [
            47.6113625,
            -18.8937863
          ],
          [
            47.6113531,
            -18.8938802
          ],
          [
            47.6113566,
            -18.8939455
          ]
        ]
      },
      "id": "way/28820590"
    },
    {
      "type": "Feature",
      "properties": {
        "@id": "way/28820831",
        "bridge": "yes",
        "highway": "primary",
        "layer": "1",
        "ref": "N 2"
      },
      "geometry": {
        "type": "LineString",
        "coordinates": [
          [
            47.6629207,
            -18.8675041
          ],
          [
            47.6631347,
            -18.8673363
          ]
        ]
      },
      "id": "way/28820831"
    },
    {
      "type": "Feature",
      "properties": {
        "@id": "way/28820908",
        "highway": "primary",
        "lane_markings": "yes",
        "ref": "N 2",
        "surface": "asphalt"
      },
      "geometry": {
        "type": "LineString",
        "coordinates": [
          [
            47.6849131,
            -18.865668
          ],
          [
            47.6855725,
            -18.866212
          ],
          [
            47.6857871,
            -18.8664023
          ],
          [
            47.6859158,
            -18.8665292
          ],
          [
            47.6860338,
            -18.8666714
          ],
          [
            47.6860741,
            -18.8668465
          ],
          [
            47.6860714,
            -18.8672577
          ],
          [
            47.6860965,
            -18.8674042
          ],
          [
            47.6861963,
            -18.8677705
          ],
          [
            47.6865404,
            -18.8690096
          ],
          [
            47.6866078,
            -18.8692272
          ],
          [
            47.6867312,
            -18.8697044
          ],
          [
            47.68675,
            -18.8698592
          ],
          [
            47.6867353,
            -18.8700619
          ],
          [
            47.6865773,
            -18.870914
          ],
          [
            47.6865632,
            -18.8710426
          ],
          [
            47.6865703,
            -18.8711815
          ],
          [
            47.6866188,
            -18.8713361
          ],
          [
            47.6866611,
            -18.8714299
          ],
          [
            47.6869223,
            -18.8717944
          ],
          [
            47.6871963,
            -18.8721769
          ]
        ]
      },
      "id": "way/28820908"
    },
    {
      "type": "Feature",
      "properties": {
        "@id": "way/28821030",
        "highway": "primary",
        "ref": "N 2"
      },
      "geometry": {
        "type": "LineString",
        "coordinates": [
          [
            47.6913393,
            -18.9024041
          ],
          [
            47.6913527,
            -18.9024878
          ],
          [
            47.6913818,
            -18.9025996
          ],
          [
            47.6915019,
            -18.9029244
          ],
          [
            47.6916564,
            -18.9031843
          ],
          [
            47.6918134,
            -18.9033594
          ],
          [
            47.6919912,
            -18.9035578
          ],
          [
            47.6927692,
            -18.9039864
          ],
          [
            47.6930812,
            -18.9042399
          ],
          [
            47.6933559,
            -18.9044835
          ],
          [
            47.6939013,
            -18.9050543
          ],
          [
            47.6940644,
            -18.905373
          ],
          [
            47.6941112,
            -18.905531
          ],
          [
            47.6941985,
            -18.9060607
          ]
        ]
      },
      "id": "way/28821030"
    },
    {
      "type": "Feature",
      "properties": {
        "@id": "way/28821090",
        "highway": "primary",
        "maxspeed": "30",
        "ref": "N 2"
      },
      "geometry": {
        "type": "LineString",
        "coordinates": [
          [
            47.7049997,
            -18.9087174
          ],
          [
            47.7050909,
            -18.9083977
          ],
          [
            47.705209,
            -18.9079612
          ],
          [
            47.705339,
            -18.9075654
          ],
          [
            47.7053618,
            -18.907521
          ],
          [
            47.7057951,
            -18.9068458
          ],
          [
            47.7058048,
            -18.9068187
          ],
          [
            47.7058822,
            -18.9066037
          ],
          [
            47.70594,
            -18.9063586
          ],
          [
            47.7059833,
            -18.9061316
          ],
          [
            47.7060044,
            -18.9060211
          ],
          [
            47.7059706,
            -18.9057213
          ],
          [
            47.7059975,
            -18.9055963
          ],
          [
            47.7060472,
            -18.9054705
          ],
          [
            47.706154,
            -18.9053422
          ],
          [
            47.7067884,
            -18.9048408
          ],
          [
            47.7068599,
            -18.90478
          ]
        ]
      },
      "id": "way/28821090"
    },
    {
      "type": "Feature",
      "properties": {
        "@id": "way/28864052",
        "highway": "primary",
        "ref": "N 2"
      },
      "geometry": {
        "type": "LineString",
        "coordinates": [
          [
            47.6013674,
            -18.8983566
          ],
          [
            47.6012426,
            -18.8984584
          ],
          [
            47.6009969,
            -18.8986429
          ],
          [
            47.6006539,
            -18.8988412
          ],
          [
            47.6005275,
            -18.8989323
          ],
          [
            47.600381,
            -18.8990747
          ],
          [
            47.600364,
            -18.8990957
          ],
          [
            47.6003172,
            -18.8991597
          ],
          [
            47.6002001,
            -18.8993604
          ],
          [
            47.6001784,
            -18.899397
          ],
          [
            47.6000898,
            -18.8995328
          ],
          [
            47.5999745,
            -18.8996749
          ],
          [
            47.5998364,
            -18.8997662
          ],
          [
            47.5997284,
            -18.8998056
          ],
          [
            47.5996178,
            -18.8998132
          ],
          [
            47.5994394,
            -18.8997929
          ],
          [
            47.599257,
            -18.8997624
          ],
          [
            47.5990263,
            -18.8997104
          ],
          [
            47.5988466,
            -18.8996749
          ],
          [
            47.5987612,
            -18.8996752
          ],
          [
            47.5986736,
            -18.8996901
          ],
          [
            47.5985935,
            -18.8997133
          ],
          [
            47.5985006,
            -18.8997599
          ],
          [
            47.5983612,
            -18.8998398
          ],
          [
            47.5982244,
            -18.8999654
          ],
          [
            47.5980084,
            -18.9001951
          ],
          [
            47.597877,
            -18.9003296
          ],
          [
            47.5978372,
            -18.9003475
          ],
          [
            47.5977389,
            -18.9003917
          ],
          [
            47.597647,
            -18.900405
          ],
          [
            47.5976071,
            -18.900402
          ],
          [
            47.5975069,
            -18.9003943
          ],
          [
            47.5972652,
            -18.9003389
          ]
        ]
      },
      "id": "way/28864052"
    },
    {
      "type": "Feature",
      "properties": {
        "@id": "way/28864059",
        "bridge": "yes",
        "created_by": "Potlatch 0.10f",
        "highway": "primary",
        "layer": "1",
        "ref": "N 2"
      },
      "geometry": {
        "type": "LineString",
        "coordinates": [
          [
            47.5972652,
            -18.9003389
          ],
          [
            47.5970628,
            -18.9002868
          ]
        ]
      },
      "id": "way/28864059"
    },
    {
      "type": "Feature",
      "properties": {
        "@id": "way/28864299",
        "highway": "primary",
        "ref": "N 2"
      },
      "geometry": {
        "type": "LineString",
        "coordinates": [
          [
            47.5614159,
            -18.8949352
          ],
          [
            47.5613391,
            -18.8949745
          ],
          [
            47.5612622,
            -18.8950138
          ],
          [
            47.5608102,
            -18.8950506
          ],
          [
            47.5601517,
            -18.8951674
          ],
          [
            47.5598902,
            -18.8951557
          ],
          [
            47.5597253,
            -18.8951483
          ],
          [
            47.5594766,
            -18.8950426
          ],
          [
            47.5594105,
            -18.8949968
          ],
          [
            47.5593711,
            -18.8949512
          ],
          [
            47.55934,
            -18.8948883
          ],
          [
            47.5593286,
            -18.8948451
          ],
          [
            47.5593187,
            -18.8947924
          ],
          [
            47.5593172,
            -18.894729
          ],
          [
            47.559329,
            -18.8946716
          ],
          [
            47.5593766,
            -18.8945736
          ]
        ]
      },
      "id": "way/28864299"
    },
    {
      "type": "Feature",
      "properties": {
        "@id": "way/28864302",
        "highway": "primary",
        "ref": "N 2"
      },
      "geometry": {
        "type": "LineString",
        "coordinates": [
          [
            47.5618992,
            -18.8946002
          ],
          [
            47.5618357,
            -18.8946467
          ],
          [
            47.5616444,
            -18.8947867
          ],
          [
            47.5614816,
            -18.8948925
          ],
          [
            47.5614159,
            -18.8949352
          ]
        ]
      },
      "id": "way/28864302"
    },
    {
      "type": "Feature",
      "properties": {
        "@id": "way/28884803",
        "highway": "primary",
        "name": "Làlana Jaozandry",
        "name:fr": "Rue Jaozandry",
        "oneway": "yes",
        "ref": "N 2"
      },
      "geometry": {
        "type": "LineString",
        "coordinates": [
          [
            47.5304734,
            -18.9021401
          ],
          [
            47.5306877,
            -18.9022366
          ],
          [
            47.5308673,
            -18.9022925
          ],
          [
            47.5309259,
            -18.9022837
          ]
        ]
      },
      "id": "way/28884803"
    },
    {
      "type": "Feature",
      "properties": {
        "@id": "way/28916056",
        "highway": "primary",
        "ref": "N 2"
      },
      "geometry": {
        "type": "LineString",
        "coordinates": [
          [
            47.5306621,
            -18.901
          ],
          [
            47.5306395,
            -18.9010225
          ],
          [
            47.530619,
            -18.9010584
          ],
          [
            47.5306088,
            -18.9010869
          ],
          [
            47.5305966,
            -18.9011466
          ],
          [
            47.5305857,
            -18.9012026
          ],
          [
            47.530584,
            -18.9012426
          ],
          [
            47.5305716,
            -18.9013149
          ],
          [
            47.5305558,
            -18.9013702
          ],
          [
            47.5305207,
            -18.9014752
          ],
          [
            47.5304624,
            -18.9015978
          ],
          [
            47.530422,
            -18.9016908
          ],
          [
            47.5304139,
            -18.9017053
          ],
          [
            47.5303801,
            -18.9017682
          ],
          [
            47.530343,
            -18.9018113
          ],
          [
            47.5302931,
            -18.9018619
          ],
          [
            47.5302269,
            -18.9019161
          ],
          [
            47.5301685,
            -18.9019523
          ],
          [
            47.5300995,
            -18.9019813
          ],
          [
            47.5300197,
            -18.9019963
          ],
          [
            47.52994,
            -18.902008
          ],
          [
            47.5298414,
            -18.9020082
          ],
          [
            47.5294559,
            -18.9020177
          ],
          [
            47.5293783,
            -18.9020347
          ],
          [
            47.5293128,
            -18.9020594
          ]
        ]
      },
      "id": "way/28916056"
    },
    {
      "type": "Feature",
      "properties": {
        "@id": "way/28930214",
        "highway": "secondary",
        "name": "Làlana Rabemanantsoa Naka",
        "name:fr": "Rue Naka Rabemanantsoa",
        "oneway": "yes",
        "ref": "N 2"
      },
      "geometry": {
        "type": "LineString",
        "coordinates": [
          [
            47.5246963,
            -18.9017255
          ],
          [
            47.5247861,
            -18.9015594
          ],
          [
            47.5248082,
            -18.9014581
          ],
          [
            47.5248074,
            -18.9013781
          ],
          [
            47.5247985,
            -18.9012554
          ]
        ]
      },
      "id": "way/28930214"
    },
    {
      "type": "Feature",
      "properties": {
        "@id": "way/44865214",
        "highway": "primary",
        "maxspeed": "30",
        "ref": "N 2"
      },
      "geometry": {
        "type": "LineString",
        "coordinates": [
          [
            47.7118327,
            -18.9003968
          ],
          [
            47.7121407,
            -18.9003283
          ],
          [
            47.7127448,
            -18.9002319
          ],
          [
            47.7131,
            -18.9001152
          ],
          [
            47.7133595,
            -18.9000116
          ],
          [
            47.7137673,
            -18.8998067
          ],
          [
            47.7139215,
            -18.8997052
          ],
          [
            47.7141103,
            -18.8995745
          ],
          [
            47.714295,
            -18.8992808
          ],
          [
            47.7145135,
            -18.8989758
          ],
          [
            47.7147499,
            -18.8987692
          ],
          [
            47.7150205,
            -18.8985469
          ],
          [
            47.7152324,
            -18.8982729
          ],
          [
            47.7154711,
            -18.8976791
          ],
          [
            47.7156401,
            -18.897202
          ],
          [
            47.7156937,
            -18.8969305
          ],
          [
            47.7157178,
            -18.8965447
          ],
          [
            47.7157742,
            -18.8951896
          ],
          [
            47.715778,
            -18.8950176
          ],
          [
            47.7158142,
            -18.8946521
          ],
          [
            47.7158493,
            -18.8945019
          ],
          [
            47.7159516,
            -18.8943517
          ],
          [
            47.7162677,
            -18.8939791
          ],
          [
            47.716383,
            -18.8938294
          ],
          [
            47.7164581,
            -18.8936518
          ],
          [
            47.7165427,
            -18.8932125
          ],
          [
            47.7165721,
            -18.8931544
          ],
          [
            47.7166781,
            -18.8930288
          ],
          [
            47.7167505,
            -18.8929603
          ],
          [
            47.7168283,
            -18.8929006
          ],
          [
            47.7169919,
            -18.8928524
          ],
          [
            47.7171636,
            -18.8928663
          ],
          [
            47.7174425,
            -18.8929653
          ],
          [
            47.7175813,
            -18.892998
          ],
          [
            47.7177422,
            -18.893001
          ],
          [
            47.717806,
            -18.8929932
          ],
          [
            47.7183323,
            -18.8928402
          ]
        ]
      },
      "id": "way/44865214"
    },
    {
      "type": "Feature",
      "properties": {
        "@id": "way/45075191",
        "highway": "primary",
        "ref": "N 2"
      },
      "geometry": {
        "type": "LineString",
        "coordinates": [
          [
            49.0676879,
            -18.819081
          ],
          [
            49.0672869,
            -18.8182572
          ],
          [
            49.0668122,
            -18.8172759
          ],
          [
            49.0666486,
            -18.8169941
          ],
          [
            49.0664742,
            -18.8167148
          ],
          [
            49.0659409,
            -18.8158626
          ],
          [
            49.0658938,
            -18.8157874
          ],
          [
            49.0658328,
            -18.8156893
          ],
          [
            49.0649159,
            -18.8142648
          ],
          [
            49.0648582,
            -18.8141899
          ],
          [
            49.0647898,
            -18.8140922
          ],
          [
            49.0647147,
            -18.8140401
          ],
          [
            49.0645685,
            -18.8139969
          ],
          [
            49.0643781,
            -18.8139956
          ],
          [
            49.064185,
            -18.8140249
          ],
          [
            49.0640935,
            -18.8140362
          ],
          [
            49.0639342,
            -18.814063
          ],
          [
            49.0636981,
            -18.8140706
          ],
          [
            49.0636044,
            -18.8140355
          ],
          [
            49.0634775,
            -18.8139632
          ],
          [
            49.063381,
            -18.813831
          ],
          [
            49.06311,
            -18.813457
          ],
          [
            49.0627952,
            -18.8130024
          ],
          [
            49.0623253,
            -18.8123354
          ],
          [
            49.0620212,
            -18.8118768
          ],
          [
            49.0618515,
            -18.8116033
          ],
          [
            49.0616487,
            -18.8113697
          ],
          [
            49.0615233,
            -18.8112463
          ],
          [
            49.061245,
            -18.8110342
          ],
          [
            49.0610828,
            -18.8109322
          ],
          [
            49.0607895,
            -18.8107485
          ],
          [
            49.0605979,
            -18.8106335
          ],
          [
            49.060524,
            -18.8105891
          ],
          [
            49.0601434,
            -18.8103951
          ],
          [
            49.0598535,
            -18.8102695
          ],
          [
            49.059636,
            -18.8101739
          ],
          [
            49.0587547,
            -18.8098601
          ],
          [
            49.0563606,
            -18.8089964
          ],
          [
            49.0529897,
            -18.807782
          ],
          [
            49.052433,
            -18.8076039
          ],
          [
            49.0522293,
            -18.8075743
          ],
          [
            49.0515761,
            -18.8075146
          ],
          [
            49.0508131,
            -18.807429
          ],
          [
            49.0503986,
            -18.8073906
          ],
          [
            49.0500805,
            -18.8074401
          ],
          [
            49.048799,
            -18.8078709
          ],
          [
            49.0487033,
            -18.8078964
          ],
          [
            49.0485936,
            -18.8078985
          ],
          [
            49.0483052,
            -18.8078502
          ],
          [
            49.0471413,
            -18.8076437
          ],
          [
            49.0469563,
            -18.8075752
          ],
          [
            49.046837,
            -18.807507
          ],
          [
            49.0464071,
            -18.8071713
          ],
          [
            49.045143,
            -18.806183
          ],
          [
            49.0448001,
            -18.8059064
          ],
          [
            49.04475,
            -18.805866
          ],
          [
            49.044621,
            -18.805763
          ],
          [
            49.04425,
            -18.805462
          ],
          [
            49.044128,
            -18.805365
          ],
          [
            49.043797,
            -18.805071
          ],
          [
            49.043701,
            -18.804962
          ],
          [
            49.043327,
            -18.804478
          ],
          [
            49.04324,
            -18.804352
          ],
          [
            49.0428796,
            -18.8038922
          ],
          [
            49.042789,
            -18.80377
          ],
          [
            49.0424632,
            -18.8036194
          ],
          [
            49.0422177,
            -18.8035826
          ],
          [
            49.0408496,
            -18.8035594
          ],
          [
            49.0398226,
            -18.8035726
          ],
          [
            49.0397136,
            -18.803587
          ],
          [
            49.0395927,
            -18.8036366
          ],
          [
            49.039495,
            -18.8037062
          ],
          [
            49.0394369,
            -18.8037836
          ],
          [
            49.0393842,
            -18.8038802
          ],
          [
            49.0391504,
            -18.8045582
          ],
          [
            49.0389285,
            -18.8052286
          ],
          [
            49.0388329,
            -18.8054162
          ],
          [
            49.0387389,
            -18.8055197
          ],
          [
            49.0385467,
            -18.8056319
          ],
          [
            49.0374817,
            -18.8061014
          ],
          [
            49.0369968,
            -18.8063082
          ],
          [
            49.036869,
            -18.806395
          ],
          [
            49.036774,
            -18.806511
          ],
          [
            49.0366826,
            -18.8067816
          ],
          [
            49.036648,
            -18.8069825
          ],
          [
            49.0366339,
            -18.8070644
          ],
          [
            49.0366164,
            -18.8072361
          ],
          [
            49.0366204,
            -18.8073579
          ],
          [
            49.0365986,
            -18.8075552
          ],
          [
            49.036484,
            -18.808073
          ],
          [
            49.036476,
            -18.808184
          ],
          [
            49.03635,
            -18.808649
          ],
          [
            49.036274,
            -18.808762
          ],
          [
            49.035904,
            -18.809158
          ],
          [
            49.035847,
            -18.809277
          ],
          [
            49.035824,
            -18.809406
          ],
          [
            49.035824,
            -18.809982
          ],
          [
            49.035828,
            -18.810135
          ],
          [
            49.035847,
            -18.810623
          ],
          [
            49.035851,
            -18.810797
          ],
          [
            49.03587,
            -18.811323
          ],
          [
            49.035873,
            -18.811501
          ],
          [
            49.035892,
            -18.812006
          ],
          [
            49.035896,
            -18.812162
          ],
          [
            49.035828,
            -18.812721
          ],
          [
            49.035763,
            -18.812851
          ],
          [
            49.035564,
            -18.813082
          ],
          [
            49.035442,
            -18.813189
          ]
        ]
      },
      "id": "way/45075191"
    },
    {
      "type": "Feature",
      "properties": {
        "@id": "way/45092017",
        "highway": "primary",
        "ref": "N 2"
      },
      "geometry": {
        "type": "LineString",
        "coordinates": [
          [
            48.5131745,
            -18.9455664
          ],
          [
            48.5135449,
            -18.945324
          ],
          [
            48.5136707,
            -18.9452827
          ],
          [
            48.5138183,
            -18.9453115
          ],
          [
            48.5138989,
            -18.9453272
          ],
          [
            48.514282,
            -18.945488
          ],
          [
            48.514381,
            -18.945555
          ],
          [
            48.514465,
            -18.945633
          ],
          [
            48.514793,
            -18.946074
          ],
          [
            48.514874,
            -18.946152
          ],
          [
            48.515251,
            -18.946449
          ],
          [
            48.515343,
            -18.946545
          ],
          [
            48.5155043,
            -18.946808
          ],
          [
            48.5156053,
            -18.9471329
          ],
          [
            48.515717,
            -18.947269
          ],
          [
            48.5159132,
            -18.9474242
          ],
          [
            48.5161324,
            -18.9474532
          ],
          [
            48.5163632,
            -18.9474112
          ],
          [
            48.5164994,
            -18.9473586
          ],
          [
            48.5166142,
            -18.9472892
          ],
          [
            48.51672,
            -18.94702
          ],
          [
            48.516842,
            -18.946743
          ],
          [
            48.5169071,
            -18.9466812
          ],
          [
            48.517025,
            -18.946632
          ],
          [
            48.517143,
            -18.946606
          ],
          [
            48.517624,
            -18.946613
          ],
          [
            48.517738,
            -18.946636
          ],
          [
            48.517841,
            -18.946682
          ],
          [
            48.51812,
            -18.946995
          ],
          [
            48.518269,
            -18.947136
          ],
          [
            48.518482,
            -18.947178
          ],
          [
            48.518829,
            -18.947088
          ],
          [
            48.519119,
            -18.946894
          ],
          [
            48.519222,
            -18.946718
          ],
          [
            48.519245,
            -18.946627
          ],
          [
            48.519249,
            -18.946535
          ],
          [
            48.519234,
            -18.946072
          ],
          [
            48.519253,
            -18.945984
          ],
          [
            48.519299,
            -18.945908
          ],
          [
            48.519623,
            -18.945683
          ],
          [
            48.519764,
            -18.94552
          ],
          [
            48.51981,
            -18.945414
          ],
          [
            48.519966,
            -18.944916
          ],
          [
            48.52002,
            -18.94479
          ],
          [
            48.520206,
            -18.94445
          ],
          [
            48.520279,
            -18.944351
          ],
          [
            48.52063,
            -18.944063
          ],
          [
            48.520714,
            -18.944004
          ],
          [
            48.520779,
            -18.943932
          ],
          [
            48.520844,
            -18.943499
          ],
          [
            48.52087,
            -18.943253
          ],
          [
            48.520916,
            -18.943136
          ],
          [
            48.521217,
            -18.942724
          ],
          [
            48.521633,
            -18.942171
          ],
          [
            48.521717,
            -18.942057
          ],
          [
            48.522121,
            -18.941607
          ],
          [
            48.522251,
            -18.941513
          ],
          [
            48.522655,
            -18.941259
          ],
          [
            48.522793,
            -18.941175
          ],
          [
            48.523327,
            -18.940832
          ],
          [
            48.523842,
            -18.940504
          ],
          [
            48.523968,
            -18.94042
          ],
          [
            48.524399,
            -18.940056
          ],
          [
            48.524502,
            -18.939974
          ],
          [
            48.524837,
            -18.939808
          ],
          [
            48.524956,
            -18.939789
          ],
          [
            48.525074,
            -18.939795
          ],
          [
            48.52541,
            -18.939928
          ],
          [
            48.525528,
            -18.939993
          ],
          [
            48.525848,
            -18.940245
          ],
          [
            48.525944,
            -18.940346
          ],
          [
            48.526333,
            -18.940784
          ],
          [
            48.526417,
            -18.940901
          ],
          [
            48.52668,
            -18.941353
          ],
          [
            48.526852,
            -18.941517
          ],
          [
            48.526958,
            -18.941578
          ],
          [
            48.52742,
            -18.941782
          ],
          [
            48.527531,
            -18.941849
          ],
          [
            48.527946,
            -18.942169
          ],
          [
            48.528065,
            -18.942238
          ],
          [
            48.52845,
            -18.942329
          ],
          [
            48.528595,
            -18.942339
          ],
          [
            48.529171,
            -18.942371
          ],
          [
            48.529442,
            -18.94245
          ],
          [
            48.529572,
            -18.942513
          ],
          [
            48.530094,
            -18.94277
          ],
          [
            48.53022,
            -18.942829
          ],
          [
            48.53056,
            -18.942904
          ],
          [
            48.530754,
            -18.942827
          ],
          [
            48.53083,
            -18.942757
          ],
          [
            48.531132,
            -18.942297
          ],
          [
            48.53141,
            -18.942089
          ],
          [
            48.531521,
            -18.942038
          ],
          [
            48.531982,
            -18.941858
          ],
          [
            48.532108,
            -18.941851
          ],
          [
            48.532227,
            -18.941868
          ],
          [
            48.532692,
            -18.942095
          ],
          [
            48.533302,
            -18.942446
          ],
          [
            48.533508,
            -18.942623
          ],
          [
            48.533588,
            -18.94273
          ],
          [
            48.533878,
            -18.943209
          ],
          [
            48.53405,
            -18.943422
          ],
          [
            48.534145,
            -18.943497
          ],
          [
            48.534489,
            -18.943598
          ],
          [
            48.534752,
            -18.943604
          ],
          [
            48.534889,
            -18.943596
          ],
          [
            48.535427,
            -18.943508
          ],
          [
            48.535561,
            -18.943485
          ],
          [
            48.536057,
            -18.943422
          ],
          [
            48.536163,
            -18.943386
          ],
          [
            48.536263,
            -18.943336
          ],
          [
            48.536705,
            -18.94302
          ],
          [
            48.536804,
            -18.942966
          ],
          [
            48.537315,
            -18.94256
          ],
          [
            48.537746,
            -18.942408
          ],
          [
            48.537857,
            -18.942375
          ],
          [
            48.538338,
            -18.942179
          ],
          [
            48.538597,
            -18.942183
          ],
          [
            48.53883,
            -18.942274
          ],
          [
            48.538925,
            -18.942348
          ],
          [
            48.53923,
            -18.942755
          ],
          [
            48.539291,
            -18.942875
          ],
          [
            48.539482,
            -18.943295
          ],
          [
            48.539631,
            -18.943403
          ],
          [
            48.539936,
            -18.94343
          ],
          [
            48.54015,
            -18.943401
          ],
          [
            48.540249,
            -18.943369
          ],
          [
            48.540573,
            -18.943134
          ],
          [
            48.540749,
            -18.943041
          ],
          [
            48.540852,
            -18.943027
          ],
          [
            48.540955,
            -18.943031
          ],
          [
            48.54158,
            -18.943132
          ],
          [
            48.542114,
            -18.943161
          ],
          [
            48.542244,
            -18.94315
          ],
          [
            48.542747,
            -18.943098
          ],
          [
            48.542976,
            -18.943148
          ],
          [
            48.543072,
            -18.943211
          ],
          [
            48.543152,
            -18.943293
          ],
          [
            48.543304,
            -18.943609
          ],
          [
            48.543335,
            -18.943731
          ],
          [
            48.543453,
            -18.944256
          ],
          [
            48.543488,
            -18.944384
          ],
          [
            48.54364,
            -18.944727
          ],
          [
            48.543705,
            -18.944824
          ],
          [
            48.544022,
            -18.945225
          ],
          [
            48.544106,
            -18.945457
          ],
          [
            48.544064,
            -18.945709
          ],
          [
            48.544029,
            -18.945807
          ],
          [
            48.543831,
            -18.946407
          ],
          [
            48.543797,
            -18.946533
          ],
          [
            48.543758,
            -18.947025
          ],
          [
            48.543724,
            -18.947136
          ],
          [
            48.543671,
            -18.947241
          ],
          [
            48.543274,
            -18.947542
          ],
          [
            48.543163,
            -18.94762
          ],
          [
            48.542912,
            -18.947962
          ],
          [
            48.54285,
            -18.948092
          ],
          [
            48.542614,
            -18.948622
          ],
          [
            48.542572,
            -18.948751
          ],
          [
            48.542557,
            -18.949129
          ],
          [
            48.542648,
            -18.94935
          ],
          [
            48.54282,
            -18.949526
          ],
          [
            48.542923,
            -18.949604
          ],
          [
            48.5434479,
            -18.9499813
          ],
          [
            48.543602,
            -18.950092
          ],
          [
            48.543716,
            -18.950171
          ],
          [
            48.544144,
            -18.950434
          ],
          [
            48.54425,
            -18.950485
          ],
          [
            48.5448,
            -18.950603
          ],
          [
            48.544914,
            -18.950636
          ],
          [
            48.545303,
            -18.950897
          ],
          [
            48.545395,
            -18.950964
          ],
          [
            48.545818,
            -18.951096
          ],
          [
            48.545994,
            -18.951176
          ],
          [
            48.546059,
            -18.951248
          ],
          [
            48.546268,
            -18.951653
          ],
          [
            48.546318,
            -18.951761
          ],
          [
            48.546532,
            -18.952291
          ],
          [
            48.546566,
            -18.952393
          ],
          [
            48.546741,
            -18.952854
          ],
          [
            48.546818,
            -18.953033
          ],
          [
            48.546848,
            -18.953119
          ],
          [
            48.546951,
            -18.953568
          ],
          [
            48.546947,
            -18.953787
          ],
          [
            48.546917,
            -18.953903
          ],
          [
            48.546894,
            -18.953957
          ],
          [
            48.546692,
            -18.954388
          ],
          [
            48.546604,
            -18.95467
          ],
          [
            48.546612,
            -18.954908
          ],
          [
            48.546627,
            -18.954987
          ],
          [
            48.54665,
            -18.955063
          ],
          [
            48.546829,
            -18.955536
          ],
          [
            48.546864,
            -18.955614
          ],
          [
            48.547073,
            -18.956051
          ],
          [
            48.547169,
            -18.956202
          ],
          [
            48.547253,
            -18.95628
          ],
          [
            48.547421,
            -18.956371
          ],
          [
            48.547539,
            -18.956398
          ],
          [
            48.547577,
            -18.9564
          ],
          [
            48.548077,
            -18.956387
          ],
          [
            48.548237,
            -18.956427
          ],
          [
            48.548401,
            -18.956526
          ],
          [
            48.548611,
            -18.956808
          ],
          [
            48.548634,
            -18.956844
          ],
          [
            48.548874,
            -18.957254
          ],
          [
            48.548897,
            -18.957296
          ],
          [
            48.549171,
            -18.95776
          ],
          [
            48.549473,
            -18.958179
          ],
          [
            48.54953,
            -18.95826
          ],
          [
            48.549591,
            -18.958342
          ],
          [
            48.549847,
            -18.958757
          ],
          [
            48.550102,
            -18.959328
          ],
          [
            48.550232,
            -18.959549
          ],
          [
            48.550259,
            -18.959581
          ],
          [
            48.550587,
            -18.959932
          ],
          [
            48.5507256,
            -18.9600783
          ],
          [
            48.5507955,
            -18.9601008
          ],
          [
            48.5508706,
            -18.9601008
          ],
          [
            48.5511506,
            -18.9600604
          ],
          [
            48.5512675,
            -18.9600564
          ],
          [
            48.5513625,
            -18.9601089
          ],
          [
            48.5514298,
            -18.9601871
          ],
          [
            48.5514645,
            -18.960297
          ],
          [
            48.5514406,
            -18.9604408
          ],
          [
            48.551247,
            -18.960661
          ],
          [
            48.5511871,
            -18.9607718
          ],
          [
            48.551197,
            -18.960899
          ],
          [
            48.551365,
            -18.961226
          ],
          [
            48.551418,
            -18.961304
          ],
          [
            48.5516538,
            -18.9615947
          ],
          [
            48.5517498,
            -18.961751
          ],
          [
            48.5517817,
            -18.9619272
          ],
          [
            48.5517214,
            -18.9622156
          ],
          [
            48.5516405,
            -18.9627116
          ],
          [
            48.5516905,
            -18.9628336
          ],
          [
            48.551759,
            -18.9628871
          ],
          [
            48.5518005,
            -18.9629196
          ],
          [
            48.5522115,
            -18.9630214
          ],
          [
            48.5523816,
            -18.9630657
          ],
          [
            48.55254,
            -18.96314
          ],
          [
            48.552597,
            -18.963192
          ],
          [
            48.5527802,
            -18.9637066
          ],
          [
            48.5528749,
            -18.9638179
          ],
          [
            48.5529751,
            -18.9638488
          ],
          [
            48.553452,
            -18.963844
          ],
          [
            48.553593,
            -18.963928
          ],
          [
            48.553646,
            -18.963989
          ],
          [
            48.553913,
            -18.964426
          ],
          [
            48.553951,
            -18.964514
          ],
          [
            48.554005,
            -18.965002
          ],
          [
            48.5539592,
            -18.965685
          ],
          [
            48.553982,
            -18.9658571
          ],
          [
            48.5540426,
            -18.9660515
          ],
          [
            48.5545456,
            -18.9666871
          ],
          [
            48.5546365,
            -18.9667632
          ],
          [
            48.5553919,
            -18.9671351
          ],
          [
            48.5555076,
            -18.9671653
          ],
          [
            48.5556202,
            -18.9671463
          ],
          [
            48.5557128,
            -18.9670633
          ],
          [
            48.555771,
            -18.966969
          ],
          [
            48.5561665,
            -18.9659869
          ],
          [
            48.5562733,
            -18.9658555
          ],
          [
            48.5564083,
            -18.9657777
          ],
          [
            48.5565506,
            -18.9657181
          ],
          [
            48.5571612,
            -18.9655277
          ],
          [
            48.5573117,
            -18.9655364
          ],
          [
            48.5574787,
            -18.965592
          ],
          [
            48.5575917,
            -18.9656612
          ],
          [
            48.5581806,
            -18.9660418
          ],
          [
            48.5583096,
            -18.9660847
          ],
          [
            48.5584136,
            -18.9660927
          ],
          [
            48.5589446,
            -18.9660192
          ],
          [
            48.5591116,
            -18.9660662
          ],
          [
            48.5592186,
            -18.9661542
          ],
          [
            48.5592796,
            -18.9662362
          ],
          [
            48.5593255,
            -18.9663492
          ],
          [
            48.559294,
            -18.9665109
          ],
          [
            48.5592001,
            -18.9667729
          ],
          [
            48.5590201,
            -18.9672771
          ],
          [
            48.5590124,
            -18.9673645
          ],
          [
            48.5590321,
            -18.9674561
          ],
          [
            48.5590902,
            -18.967558
          ],
          [
            48.5591877,
            -18.9676094
          ],
          [
            48.5592753,
            -18.9676168
          ],
          [
            48.5596159,
            -18.9676067
          ],
          [
            48.5597607,
            -18.9676029
          ],
          [
            48.5599311,
            -18.9676371
          ],
          [
            48.5608725,
            -18.967991
          ],
          [
            48.5610536,
            -18.9680455
          ],
          [
            48.5612091,
            -18.9680886
          ],
          [
            48.5613553,
            -18.9680988
          ],
          [
            48.5614881,
            -18.968095
          ],
          [
            48.5620956,
            -18.9680227
          ],
          [
            48.5622753,
            -18.9680049
          ],
          [
            48.5624322,
            -18.9680075
          ],
          [
            48.5625315,
            -18.9680506
          ],
          [
            48.5626374,
            -18.9681115
          ],
          [
            48.562738,
            -18.968237
          ],
          [
            48.5632838,
            -18.9691362
          ],
          [
            48.5633911,
            -18.9692428
          ],
          [
            48.5635266,
            -18.9693113
          ],
          [
            48.5643482,
            -18.9696809
          ],
          [
            48.5645056,
            -18.9697227
          ],
          [
            48.5648782,
            -18.9697603
          ],
          [
            48.5654986,
            -18.9698168
          ],
          [
            48.5660205,
            -18.9698798
          ],
          [
            48.5661305,
            -18.9699008
          ],
          [
            48.5667219,
            -18.9701641
          ],
          [
            48.5668936,
            -18.9702098
          ],
          [
            48.5670304,
            -18.9701362
          ],
          [
            48.5674783,
            -18.9698268
          ],
          [
            48.5676071,
            -18.9697836
          ],
          [
            48.5677963,
            -18.9698093
          ],
          [
            48.5680012,
            -18.9698863
          ],
          [
            48.568497,
            -18.970064
          ],
          [
            48.568695,
            -18.970205
          ],
          [
            48.568771,
            -18.970297
          ],
          [
            48.568832,
            -18.970398
          ],
          [
            48.569057,
            -18.97084
          ],
          [
            48.569115,
            -18.970949
          ],
          [
            48.569324,
            -18.971359
          ],
          [
            48.569424,
            -18.971674
          ],
          [
            48.569447,
            -18.971781
          ],
          [
            48.569588,
            -18.972179
          ],
          [
            48.569645,
            -18.972265
          ],
          [
            48.569721,
            -18.972345
          ],
          [
            48.57008,
            -18.972685
          ],
          [
            48.570175,
            -18.972767
          ],
          [
            48.570359,
            -18.9729304
          ],
          [
            48.5706929,
            -18.9730733
          ],
          [
            48.571804,
            -18.973469
          ],
          [
            48.5718951,
            -18.973532
          ],
          [
            48.571991,
            -18.973629
          ],
          [
            48.572277,
            -18.974129
          ],
          [
            48.5724123,
            -18.9742643
          ],
          [
            48.572433,
            -18.974285
          ],
          [
            48.5725584,
            -18.9743742
          ]
        ]
      },
      "id": "way/45092017"
    },
    {
      "type": "Feature",
      "properties": {
        "@id": "way/45094733",
        "highway": "primary",
        "ref": "N 2"
      },
      "geometry": {
        "type": "LineString",
        "coordinates": [
          [
            49.0736109,
            -18.8249722
          ],
          [
            49.0735653,
            -18.825075
          ],
          [
            49.0734331,
            -18.8255586
          ],
          [
            49.0733783,
            -18.8257471
          ],
          [
            49.0733047,
            -18.825886
          ],
          [
            49.0732553,
            -18.825964
          ],
          [
            49.0731799,
            -18.8260195
          ],
          [
            49.0730779,
            -18.8260424
          ],
          [
            49.0729291,
            -18.8260169
          ],
          [
            49.0727936,
            -18.8259662
          ],
          [
            49.0726784,
            -18.8259231
          ]
        ]
      },
      "id": "way/45094733"
    },
    {
      "type": "Feature",
      "properties": {
        "@id": "way/45094818",
        "bridge": "yes",
        "highway": "primary",
        "layer": "1",
        "note": "Pont commun route/rail",
        "ref": "N 2"
      },
      "geometry": {
        "type": "LineString",
        "coordinates": [
          [
            49.0726784,
            -18.8259231
          ],
          [
            49.0706722,
            -18.8248136
          ]
        ]
      },
      "id": "way/45094818"
    },
    {
      "type": "Feature",
      "properties": {
        "@id": "way/45098052",
        "highway": "primary",
        "ref": "N 2"
      },
      "geometry": {
        "type": "LineString",
        "coordinates": [
          [
            49.0801396,
            -18.8134574
          ],
          [
            49.0807353,
            -18.8116318
          ],
          [
            49.0811337,
            -18.8104932
          ],
          [
            49.0814283,
            -18.809761
          ],
          [
            49.0816388,
            -18.8091861
          ],
          [
            49.0817131,
            -18.8090157
          ],
          [
            49.0818636,
            -18.8087694
          ],
          [
            49.0821834,
            -18.8084579
          ],
          [
            49.0823594,
            -18.8083402
          ],
          [
            49.0824867,
            -18.8082667
          ],
          [
            49.0839495,
            -18.8077212
          ],
          [
            49.0840806,
            -18.8076341
          ],
          [
            49.0842502,
            -18.8074883
          ],
          [
            49.0843391,
            -18.8073327
          ],
          [
            49.0843962,
            -18.8071805
          ],
          [
            49.0846272,
            -18.8062977
          ],
          [
            49.0847572,
            -18.8056289
          ],
          [
            49.0848312,
            -18.8053161
          ],
          [
            49.0850026,
            -18.8047604
          ],
          [
            49.0850336,
            -18.8046154
          ],
          [
            49.0851326,
            -18.8041724
          ],
          [
            49.0851636,
            -18.8040234
          ],
          [
            49.0852926,
            -18.8034594
          ],
          [
            49.0852982,
            -18.8032823
          ],
          [
            49.085259,
            -18.802917
          ],
          [
            49.0851982,
            -18.8027245
          ],
          [
            49.0850557,
            -18.8023498
          ],
          [
            49.0850037,
            -18.8022266
          ],
          [
            49.0849825,
            -18.8021683
          ],
          [
            49.0845653,
            -18.8011076
          ],
          [
            49.0844522,
            -18.800736
          ],
          [
            49.0844357,
            -18.8006004
          ],
          [
            49.0844366,
            -18.8003592
          ],
          [
            49.0844623,
            -18.8002252
          ],
          [
            49.0845163,
            -18.8000523
          ],
          [
            49.0845919,
            -18.7999003
          ],
          [
            49.0846716,
            -18.7997664
          ],
          [
            49.0848528,
            -18.799457
          ],
          [
            49.0852377,
            -18.79906
          ],
          [
            49.0854574,
            -18.7989074
          ],
          [
            49.0858492,
            -18.7986854
          ],
          [
            49.0864939,
            -18.7985093
          ],
          [
            49.0869751,
            -18.7983909
          ],
          [
            49.0879335,
            -18.7981603
          ],
          [
            49.0881343,
            -18.7980742
          ],
          [
            49.0883124,
            -18.7979345
          ],
          [
            49.0884156,
            -18.797755
          ],
          [
            49.0884783,
            -18.7976387
          ],
          [
            49.0884861,
            -18.7973655
          ],
          [
            49.0884481,
            -18.7969876
          ],
          [
            49.0883073,
            -18.7950447
          ],
          [
            49.0882116,
            -18.7943384
          ],
          [
            49.0881956,
            -18.7941684
          ],
          [
            49.0881426,
            -18.7936804
          ],
          [
            49.0881236,
            -18.7935234
          ],
          [
            49.0880966,
            -18.7930664
          ],
          [
            49.0880926,
            -18.7929214
          ],
          [
            49.0881156,
            -18.7923894
          ],
          [
            49.0881346,
            -18.7922654
          ],
          [
            49.0882661,
            -18.7915483
          ],
          [
            49.0882945,
            -18.7913518
          ],
          [
            49.0883108,
            -18.7910981
          ],
          [
            49.0882974,
            -18.7908569
          ],
          [
            49.0882131,
            -18.7905521
          ],
          [
            49.0881253,
            -18.7903146
          ],
          [
            49.0879636,
            -18.7899808
          ],
          [
            49.0878423,
            -18.7897855
          ],
          [
            49.0876886,
            -18.7894896
          ],
          [
            49.0875525,
            -18.789176
          ],
          [
            49.0875127,
            -18.7888332
          ],
          [
            49.0875337,
            -18.788604
          ],
          [
            49.0876006,
            -18.7883954
          ],
          [
            49.0876466,
            -18.7882464
          ],
          [
            49.0877836,
            -18.7877944
          ],
          [
            49.0878336,
            -18.7876414
          ],
          [
            49.0878841,
            -18.7874172
          ],
          [
            49.0880219,
            -18.7871845
          ]
        ]
      },
      "id": "way/45098052"
    },
    {
      "type": "Feature",
      "properties": {
        "@id": "way/45098199",
        "highway": "primary",
        "ref": "N 2"
      },
      "geometry": {
        "type": "LineString",
        "coordinates": [
          [
            49.338173,
            -18.198933
          ],
          [
            49.3384044,
            -18.1991215
          ],
          [
            49.3385119,
            -18.1992081
          ]
        ]
      },
      "id": "way/45098199"
    },
    {
      "type": "Feature",
      "properties": {
        "@id": "way/45098249",
        "highway": "primary",
        "ref": "N 2"
      },
      "geometry": {
        "type": "LineString",
        "coordinates": [
          [
            49.121826,
            -18.590544
          ],
          [
            49.121796,
            -18.59045
          ],
          [
            49.121758,
            -18.590355
          ],
          [
            49.12151,
            -18.589886
          ],
          [
            49.121449,
            -18.589788
          ],
          [
            49.1212192,
            -18.5894783
          ],
          [
            49.121105,
            -18.589323
          ],
          [
            49.12101,
            -18.589125
          ],
          [
            49.120987,
            -18.588905
          ],
          [
            49.121086,
            -18.588573
          ],
          [
            49.121151,
            -18.588474
          ],
          [
            49.121449,
            -18.588055
          ],
          [
            49.121529,
            -18.587946
          ],
          [
            49.121853,
            -18.587496
          ],
          [
            49.121937,
            -18.587383
          ],
          [
            49.122215,
            -18.587061
          ],
          [
            49.122326,
            -18.58696
          ],
          [
            49.12278,
            -18.586571
          ],
          [
            49.122894,
            -18.586475
          ],
          [
            49.123325,
            -18.586069
          ],
          [
            49.123421,
            -18.585955
          ],
          [
            49.123508,
            -18.585833
          ],
          [
            49.123802,
            -18.5853
          ],
          [
            49.123878,
            -18.585159
          ],
          [
            49.124088,
            -18.584719
          ],
          [
            49.124149,
            -18.584564
          ],
          [
            49.124207,
            -18.584406
          ],
          [
            49.124378,
            -18.583927
          ],
          [
            49.124447,
            -18.583771
          ],
          [
            49.124607,
            -18.583466
          ],
          [
            49.1249047,
            -18.5829214
          ],
          [
            49.1249822,
            -18.5825667
          ],
          [
            49.1249989,
            -18.582165
          ],
          [
            49.12492,
            -18.5819
          ],
          [
            49.1247884,
            -18.5817572
          ],
          [
            49.124733,
            -18.581697
          ],
          [
            49.1243389,
            -18.581543
          ],
          [
            49.1237627,
            -18.5813757
          ]
        ]
      },
      "id": "way/45098249"
    },
    {
      "type": "Feature",
      "properties": {
        "@id": "way/45098346",
        "highway": "primary",
        "ref": "N 2"
      },
      "geometry": {
        "type": "LineString",
        "coordinates": [
          [
            49.1210409,
            -18.6074231
          ],
          [
            49.1206761,
            -18.6063351
          ],
          [
            49.1206171,
            -18.606086
          ],
          [
            49.1205795,
            -18.6058674
          ],
          [
            49.1205956,
            -18.6056437
          ],
          [
            49.1206278,
            -18.6054352
          ],
          [
            49.1207726,
            -18.6050742
          ],
          [
            49.121014,
            -18.6044082
          ],
          [
            49.1210999,
            -18.6041235
          ],
          [
            49.1211857,
            -18.6037066
          ],
          [
            49.1213037,
            -18.6030864
          ],
          [
            49.1213574,
            -18.6027152
          ],
          [
            49.1213681,
            -18.6024102
          ],
          [
            49.1213145,
            -18.6021865
          ],
          [
            49.1211964,
            -18.6019831
          ],
          [
            49.1208853,
            -18.6015255
          ],
          [
            49.1206546,
            -18.601195
          ],
          [
            49.1205473,
            -18.601012
          ],
          [
            49.1204991,
            -18.60089
          ],
          [
            49.1204937,
            -18.6006205
          ],
          [
            49.1205956,
            -18.6001884
          ],
          [
            49.1206975,
            -18.599741
          ],
          [
            49.120719,
            -18.5993495
          ],
          [
            49.120719,
            -18.5990088
          ],
          [
            49.1206654,
            -18.5985004
          ],
          [
            49.1204508,
            -18.5978496
          ],
          [
            49.1204293,
            -18.5977073
          ],
          [
            49.1204722,
            -18.5976107
          ],
          [
            49.1206171,
            -18.5974124
          ],
          [
            49.1210999,
            -18.5970056
          ],
          [
            49.121175,
            -18.5968836
          ],
          [
            49.1212179,
            -18.5967056
          ],
          [
            49.1213198,
            -18.5952617
          ],
          [
            49.1214003,
            -18.5943821
          ],
          [
            49.1214378,
            -18.5941889
          ],
          [
            49.1215305,
            -18.5938942
          ],
          [
            49.1216448,
            -18.5937266
          ],
          [
            49.1217223,
            -18.5935894
          ],
          [
            49.122103,
            -18.5930805
          ],
          [
            49.1221942,
            -18.5928364
          ],
          [
            49.1222532,
            -18.592572
          ],
          [
            49.122264,
            -18.5923534
          ],
          [
            49.1222103,
            -18.5920483
          ],
          [
            49.1219635,
            -18.5910925
          ],
          [
            49.121826,
            -18.590544
          ]
        ]
      },
      "id": "way/45098346"
    },
    {
      "type": "Feature",
      "properties": {
        "@id": "way/45098434",
        "highway": "primary",
        "ref": "N 2"
      },
      "geometry": {
        "type": "LineString",
        "coordinates": [
          [
            48.0195393,
            -18.8861423
          ],
          [
            48.0199906,
            -18.8858077
          ],
          [
            48.0201352,
            -18.8856986
          ],
          [
            48.0204061,
            -18.8854273
          ],
          [
            48.0205856,
            -18.8852824
          ],
          [
            48.0208138,
            -18.8851363
          ],
          [
            48.0210798,
            -18.8850229
          ],
          [
            48.0213385,
            -18.8849422
          ],
          [
            48.0216408,
            -18.8848819
          ],
          [
            48.0219215,
            -18.884878
          ],
          [
            48.0222725,
            -18.8848993
          ],
          [
            48.0225437,
            -18.8849078
          ],
          [
            48.0231054,
            -18.8849351
          ],
          [
            48.0236879,
            -18.884953
          ],
          [
            48.0240595,
            -18.8849561
          ],
          [
            48.0243161,
            -18.8849135
          ],
          [
            48.0246662,
            -18.8848045
          ],
          [
            48.0251432,
            -18.8846521
          ],
          [
            48.0254599,
            -18.8845381
          ],
          [
            48.0258429,
            -18.8844981
          ],
          [
            48.0265546,
            -18.8844769
          ],
          [
            48.0271003,
            -18.884424
          ],
          [
            48.0275,
            -18.8843079
          ],
          [
            48.0279515,
            -18.8841431
          ],
          [
            48.0282508,
            -18.8840732
          ],
          [
            48.0286284,
            -18.8840394
          ],
          [
            48.0301009,
            -18.8839989
          ],
          [
            48.0304978,
            -18.8840053
          ],
          [
            48.0307446,
            -18.8841088
          ],
          [
            48.031097,
            -18.884344
          ],
          [
            48.031212,
            -18.884422
          ],
          [
            48.031651,
            -18.884737
          ],
          [
            48.031757,
            -18.884815
          ],
          [
            48.032192,
            -18.885124
          ],
          [
            48.032299,
            -18.885197
          ],
          [
            48.03275,
            -18.8854341
          ],
          [
            48.0330733,
            -18.8855612
          ],
          [
            48.0333799,
            -18.8856527
          ],
          [
            48.0337234,
            -18.885713
          ],
          [
            48.0341845,
            -18.8857349
          ],
          [
            48.0347446,
            -18.8857264
          ],
          [
            48.0349739,
            -18.8856977
          ],
          [
            48.0351898,
            -18.8856518
          ],
          [
            48.0354277,
            -18.8855601
          ],
          [
            48.0356355,
            -18.8854409
          ],
          [
            48.0360795,
            -18.8850499
          ],
          [
            48.0364578,
            -18.8847549
          ],
          [
            48.0366374,
            -18.8846361
          ],
          [
            48.0368628,
            -18.8845463
          ],
          [
            48.0371035,
            -18.8844647
          ],
          [
            48.0375274,
            -18.8843813
          ],
          [
            48.0379024,
            -18.8843192
          ],
          [
            48.0381972,
            -18.8842632
          ],
          [
            48.0385042,
            -18.8841906
          ],
          [
            48.039012,
            -18.8840273
          ],
          [
            48.0396036,
            -18.8838155
          ],
          [
            48.0400294,
            -18.8836523
          ],
          [
            48.0407561,
            -18.8833598
          ],
          [
            48.0411043,
            -18.8832324
          ],
          [
            48.0413605,
            -18.8831386
          ],
          [
            48.042141,
            -18.882857
          ],
          [
            48.0426356,
            -18.8826843
          ],
          [
            48.0430006,
            -18.8825283
          ],
          [
            48.0434652,
            -18.882272
          ],
          [
            48.0438746,
            -18.8820432
          ],
          [
            48.0440489,
            -18.881909
          ],
          [
            48.044342,
            -18.881674
          ],
          [
            48.044437,
            -18.881538
          ],
          [
            48.044704,
            -18.881098
          ],
          [
            48.045029,
            -18.880522
          ],
          [
            48.045105,
            -18.880383
          ],
          [
            48.045227,
            -18.880098
          ],
          [
            48.045277,
            -18.879951
          ],
          [
            48.04538,
            -18.879488
          ],
          [
            48.04541,
            -18.87933
          ],
          [
            48.045486,
            -18.878853
          ],
          [
            48.045513,
            -18.878696
          ],
          [
            48.045643,
            -18.878242
          ],
          [
            48.045704,
            -18.878098
          ],
          [
            48.045944,
            -18.877672
          ],
          [
            48.046043,
            -18.877541
          ],
          [
            48.046394,
            -18.877172
          ],
          [
            48.046516,
            -18.87705
          ],
          [
            48.046959,
            -18.876553
          ],
          [
            48.047047,
            -18.876423
          ],
          [
            48.047165,
            -18.87615
          ],
          [
            48.047329,
            -18.875584
          ],
          [
            48.047367,
            -18.875441
          ],
          [
            48.0476278,
            -18.8745622
          ],
          [
            48.0477619,
            -18.8743084
          ],
          [
            48.0479309,
            -18.8741535
          ],
          [
            48.0481616,
            -18.8740013
          ],
          [
            48.0484512,
            -18.8739023
          ],
          [
            48.048908,
            -18.87373
          ],
          [
            48.0490547,
            -18.8736333
          ],
          [
            48.0492103,
            -18.8734784
          ],
          [
            48.049382,
            -18.8732652
          ],
          [
            48.0495509,
            -18.8730368
          ],
          [
            48.0497226,
            -18.8728592
          ],
          [
            48.0499613,
            -18.8727348
          ],
          [
            48.0502403,
            -18.8726713
          ],
          [
            48.0505595,
            -18.8726866
          ],
          [
            48.0508196,
            -18.8727348
          ],
          [
            48.0513105,
            -18.8727779
          ],
          [
            48.0515224,
            -18.87275
          ],
          [
            48.0517906,
            -18.8726282
          ],
          [
            48.0520669,
            -18.8723769
          ],
          [
            48.052319,
            -18.872245
          ],
          [
            48.0526891,
            -18.8721231
          ],
          [
            48.0530003,
            -18.8720039
          ],
          [
            48.0532202,
            -18.8718059
          ],
          [
            48.0533114,
            -18.8716257
          ],
          [
            48.0533221,
            -18.8714429
          ],
          [
            48.0532631,
            -18.8712551
          ],
          [
            48.053177,
            -18.871052
          ],
          [
            48.0530298,
            -18.8706536
          ],
          [
            48.0529654,
            -18.8704633
          ],
          [
            48.0529574,
            -18.8702653
          ],
          [
            48.0529681,
            -18.8700496
          ],
          [
            48.0530915,
            -18.869778
          ],
          [
            48.0532873,
            -18.8695546
          ],
          [
            48.0537432,
            -18.8692323
          ],
          [
            48.0541831,
            -18.8688135
          ],
          [
            48.054337,
            -18.868668
          ],
          [
            48.0545238,
            -18.8685445
          ],
          [
            48.0550307,
            -18.8682653
          ],
          [
            48.0557012,
            -18.8678719
          ],
          [
            48.0560714,
            -18.8675978
          ],
          [
            48.0563356,
            -18.8674227
          ],
          [
            48.0566507,
            -18.8672488
          ],
          [
            48.0567996,
            -18.8671955
          ],
          [
            48.0569418,
            -18.8671689
          ],
          [
            48.0571912,
            -18.86716
          ],
          [
            48.0575131,
            -18.8671473
          ],
          [
            48.0577974,
            -18.8671232
          ],
          [
            48.0582145,
            -18.8670825
          ],
          [
            48.0584277,
            -18.8670458
          ],
          [
            48.0586141,
            -18.8669963
          ],
          [
            48.0587777,
            -18.8669493
          ],
          [
            48.0589414,
            -18.8668668
          ],
          [
            48.059054,
            -18.8667932
          ],
          [
            48.0591546,
            -18.8666993
          ],
          [
            48.0592324,
            -18.8665978
          ],
          [
            48.0592941,
            -18.8664975
          ],
          [
            48.0593531,
            -18.8663402
          ],
          [
            48.0593732,
            -18.8662133
          ],
          [
            48.0593906,
            -18.8660482
          ],
          [
            48.0594014,
            -18.8659341
          ],
          [
            48.0594523,
            -18.8658211
          ],
          [
            48.05951,
            -18.8657094
          ],
          [
            48.0595864,
            -18.8656409
          ],
          [
            48.0597675,
            -18.8654988
          ],
          [
            48.0600331,
            -18.8654328
          ],
          [
            48.0616638,
            -18.8650876
          ],
          [
            48.0620876,
            -18.8650368
          ],
          [
            48.0624336,
            -18.865047
          ],
          [
            48.06319,
            -18.865131
          ],
          [
            48.064693,
            -18.865339
          ],
          [
            48.064838,
            -18.865383
          ],
          [
            48.064976,
            -18.865442
          ],
          [
            48.065567,
            -18.865891
          ],
          [
            48.066097,
            -18.866119
          ],
          [
            48.066231,
            -18.866158
          ],
          [
            48.066784,
            -18.866304
          ],
          [
            48.066933,
            -18.866356
          ],
          [
            48.067387,
            -18.866528
          ],
          [
            48.067539,
            -18.866587
          ],
          [
            48.067997,
            -18.866779
          ],
          [
            48.068146,
            -18.86685
          ],
          [
            48.068588,
            -18.867081
          ],
          [
            48.069157,
            -18.867395
          ],
          [
            48.069298,
            -18.867474
          ],
          [
            48.06971,
            -18.867735
          ],
          [
            48.069843,
            -18.867834
          ],
          [
            48.070087,
            -18.868038
          ],
          [
            48.070202,
            -18.868139
          ],
          [
            48.070641,
            -18.868528
          ],
          [
            48.070744,
            -18.868628
          ],
          [
            48.071022,
            -18.868952
          ],
          [
            48.071098,
            -18.869074
          ],
          [
            48.071327,
            -18.869608
          ],
          [
            48.0714,
            -18.869734
          ],
          [
            48.071587,
            -18.869944
          ],
          [
            48.0718001,
            -18.870063
          ],
          [
            48.0721436,
            -18.8700999
          ],
          [
            48.07251,
            -18.8700235
          ],
          [
            48.0728559,
            -18.8698956
          ],
          [
            48.0734311,
            -18.8697425
          ],
          [
            48.0737295,
            -18.8696442
          ],
          [
            48.0739921,
            -18.8695083
          ],
          [
            48.0742029,
            -18.8693608
          ],
          [
            48.074467,
            -18.8690436
          ],
          [
            48.0752041,
            -18.8681484
          ],
          [
            48.0753199,
            -18.8680387
          ],
          [
            48.0754456,
            -18.8679462
          ],
          [
            48.0756378,
            -18.8678367
          ],
          [
            48.0758744,
            -18.8677515
          ],
          [
            48.0761097,
            -18.8677003
          ],
          [
            48.0763376,
            -18.8676839
          ],
          [
            48.076626,
            -18.8677087
          ],
          [
            48.0827011,
            -18.8685295
          ],
          [
            48.0839576,
            -18.8686993
          ],
          [
            48.0841907,
            -18.8687376
          ],
          [
            48.0850898,
            -18.8689093
          ],
          [
            48.085468,
            -18.869034
          ],
          [
            48.085609,
            -18.869038
          ],
          [
            48.086178,
            -18.869011
          ],
          [
            48.086319,
            -18.869001
          ],
          [
            48.086845,
            -18.869028
          ],
          [
            48.086964,
            -18.869059
          ],
          [
            48.087082,
            -18.869101
          ],
          [
            48.087494,
            -18.869375
          ],
          [
            48.0875552,
            -18.8694876
          ],
          [
            48.0876625,
            -18.8697161
          ],
          [
            48.0877108,
            -18.8700714
          ],
          [
            48.0877108,
            -18.8702592
          ],
          [
            48.0876249,
            -18.8706145
          ],
          [
            48.087582,
            -18.8707567
          ],
          [
            48.0875391,
            -18.8711526
          ],
          [
            48.0875606,
            -18.8713303
          ],
          [
            48.087627,
            -18.871511
          ],
          [
            48.0878878,
            -18.8716348
          ],
          [
            48.0881667,
            -18.8716297
          ],
          [
            48.0882901,
            -18.8715841
          ],
          [
            48.0887729,
            -18.8712795
          ],
          [
            48.0891806,
            -18.8711069
          ],
          [
            48.0894542,
            -18.8710917
          ],
          [
            48.089642,
            -18.8711171
          ],
          [
            48.0900711,
            -18.8712795
          ],
          [
            48.0903715,
            -18.8713607
          ],
          [
            48.0905754,
            -18.8713709
          ],
          [
            48.0910099,
            -18.8713506
          ],
          [
            48.0918521,
            -18.8711881
          ],
          [
            48.092115,
            -18.8711475
          ],
          [
            48.0924368,
            -18.8711272
          ],
          [
            48.0926514,
            -18.8711272
          ],
          [
            48.092861,
            -18.871159
          ],
          [
            48.092945,
            -18.871172
          ],
          [
            48.0933029,
            -18.8712675
          ],
          [
            48.09341,
            -18.871296
          ],
          [
            48.093513,
            -18.871334
          ],
          [
            48.093727,
            -18.87142
          ],
          [
            48.094265,
            -18.871653
          ],
          [
            48.094376,
            -18.8717
          ],
          [
            48.094841,
            -18.871908
          ],
          [
            48.094967,
            -18.871969
          ],
          [
            48.0956134,
            -18.8722415
          ],
          [
            48.0961511,
            -18.8724862
          ],
          [
            48.0967885,
            -18.8727564
          ],
          [
            48.0970821,
            -18.872883
          ],
          [
            48.0974926,
            -18.8729932
          ],
          [
            48.0977597,
            -18.8730385
          ],
          [
            48.0983796,
            -18.8730998
          ],
          [
            48.0989233,
            -18.8731439
          ],
          [
            48.0992946,
            -18.8731965
          ],
          [
            48.0996414,
            -18.8732662
          ],
          [
            48.099777,
            -18.873323
          ],
          [
            48.100376,
            -18.873516
          ],
          [
            48.1011984,
            -18.8737905
          ],
          [
            48.1016298,
            -18.8739246
          ],
          [
            48.1019776,
            -18.8740032
          ],
          [
            48.1022,
            -18.8740165
          ],
          [
            48.1024219,
            -18.8739939
          ],
          [
            48.1027803,
            -18.8739612
          ],
          [
            48.1035702,
            -18.8738931
          ],
          [
            48.1041884,
            -18.873902
          ],
          [
            48.1046313,
            -18.8739597
          ],
          [
            48.1050273,
            -18.8740058
          ],
          [
            48.1059533,
            -18.8741235
          ],
          [
            48.1062401,
            -18.8741935
          ],
          [
            48.1064455,
            -18.8742807
          ],
          [
            48.1066263,
            -18.8743992
          ],
          [
            48.1067598,
            -18.8745292
          ],
          [
            48.1068828,
            -18.8747269
          ],
          [
            48.1069836,
            -18.8750507
          ],
          [
            48.1070027,
            -18.8753121
          ],
          [
            48.1069924,
            -18.8755443
          ],
          [
            48.1069633,
            -18.8758547
          ]
        ]
      },
      "id": "way/45098434"
    },
    {
      "type": "Feature",
      "properties": {
        "@id": "way/45098460",
        "highway": "primary",
        "ref": "N 2"
      },
      "geometry": {
        "type": "LineString",
        "coordinates": [
          [
            47.8517402,
            -18.9251813
          ],
          [
            47.8517944,
            -18.9251848
          ],
          [
            47.8518527,
            -18.92519
          ],
          [
            47.8519332,
            -18.9251854
          ],
          [
            47.852013,
            -18.925174
          ],
          [
            47.8521028,
            -18.9251518
          ],
          [
            47.8522148,
            -18.9251177
          ],
          [
            47.8524937,
            -18.9250021
          ],
          [
            47.8527646,
            -18.924891
          ],
          [
            47.852911,
            -18.9248266
          ],
          [
            47.8530691,
            -18.9247598
          ],
          [
            47.8531992,
            -18.9247027
          ],
          [
            47.853281,
            -18.9246741
          ],
          [
            47.8533608,
            -18.9246462
          ],
          [
            47.8534557,
            -18.9246252
          ],
          [
            47.8535618,
            -18.9246005
          ],
          [
            47.8536625,
            -18.9245879
          ],
          [
            47.8537168,
            -18.9245853
          ],
          [
            47.8537619,
            -18.9245899
          ],
          [
            47.8538503,
            -18.9246075
          ],
          [
            47.8539602,
            -18.9246431
          ],
          [
            47.8540172,
            -18.9246703
          ],
          [
            47.8540581,
            -18.9246953
          ],
          [
            47.854144,
            -18.9247503
          ],
          [
            47.8542037,
            -18.9247966
          ],
          [
            47.8542723,
            -18.9248725
          ],
          [
            47.854359,
            -18.924978
          ],
          [
            47.8544484,
            -18.9250902
          ],
          [
            47.8545242,
            -18.9251723
          ],
          [
            47.8545637,
            -18.9252133
          ],
          [
            47.854606,
            -18.9252456
          ],
          [
            47.854667,
            -18.92529
          ],
          [
            47.8547931,
            -18.9253465
          ],
          [
            47.8549091,
            -18.9253744
          ],
          [
            47.8551739,
            -18.9253547
          ],
          [
            47.8554775,
            -18.9252116
          ],
          [
            47.8555912,
            -18.9251232
          ],
          [
            47.8556621,
            -18.9250718
          ],
          [
            47.8557272,
            -18.9250319
          ],
          [
            47.8558036,
            -18.9249856
          ],
          [
            47.8558706,
            -18.9249513
          ],
          [
            47.856016,
            -18.9248841
          ],
          [
            47.8564192,
            -18.9247264
          ],
          [
            47.8566411,
            -18.9246475
          ],
          [
            47.8567712,
            -18.9246031
          ],
          [
            47.8568886,
            -18.9245729
          ],
          [
            47.8569978,
            -18.9245492
          ],
          [
            47.8570904,
            -18.9245378
          ],
          [
            47.8572024,
            -18.9245336
          ],
          [
            47.8573097,
            -18.924539
          ],
          [
            47.8574243,
            -18.9245494
          ],
          [
            47.8577536,
            -18.9246212
          ],
          [
            47.8578515,
            -18.9246456
          ],
          [
            47.8579511,
            -18.9246691
          ],
          [
            47.8580768,
            -18.9246875
          ],
          [
            47.858231,
            -18.9247084
          ],
          [
            47.8583792,
            -18.9247166
          ],
          [
            47.8585581,
            -18.9247204
          ],
          [
            47.858685,
            -18.924717
          ],
          [
            47.8590055,
            -18.9246982
          ],
          [
            47.8591838,
            -18.9246856
          ],
          [
            47.8593301,
            -18.9246796
          ],
          [
            47.859444,
            -18.9246703
          ],
          [
            47.8596041,
            -18.92465
          ],
          [
            47.8597847,
            -18.9246247
          ],
          [
            47.8599704,
            -18.9245961
          ],
          [
            47.8601224,
            -18.9245589
          ],
          [
            47.8602044,
            -18.9245378
          ],
          [
            47.8602848,
            -18.924511
          ],
          [
            47.8604237,
            -18.9244452
          ],
          [
            47.8605585,
            -18.9243728
          ],
          [
            47.8606745,
            -18.9242993
          ],
          [
            47.860764,
            -18.924223
          ],
          [
            47.860865,
            -18.9241163
          ],
          [
            47.8610057,
            -18.9239529
          ],
          [
            47.8610708,
            -18.9238667
          ],
          [
            47.8611434,
            -18.9237883
          ],
          [
            47.8612363,
            -18.9237074
          ],
          [
            47.861319,
            -18.923641
          ],
          [
            47.8613812,
            -18.9235907
          ],
          [
            47.8614631,
            -18.9235451
          ],
          [
            47.8615234,
            -18.9235134
          ],
          [
            47.8615972,
            -18.9234835
          ],
          [
            47.8617856,
            -18.9234125
          ],
          [
            47.8619345,
            -18.9233668
          ],
          [
            47.8620615,
            -18.9233231
          ],
          [
            47.8621937,
            -18.9232721
          ],
          [
            47.8624166,
            -18.9231943
          ],
          [
            47.8626037,
            -18.9231235
          ],
          [
            47.8627202,
            -18.9230862
          ],
          [
            47.8628484,
            -18.923044
          ],
          [
            47.862941,
            -18.9230173
          ],
          [
            47.8630268,
            -18.9229977
          ],
          [
            47.86315,
            -18.9229861
          ],
          [
            47.8632325,
            -18.9229842
          ],
          [
            47.8633889,
            -18.9229903
          ],
          [
            47.8634694,
            -18.9230015
          ],
          [
            47.8635833,
            -18.9230235
          ],
          [
            47.8637101,
            -18.9230636
          ],
          [
            47.8638033,
            -18.9230979
          ],
          [
            47.8638737,
            -18.9231349
          ],
          [
            47.8639528,
            -18.9231723
          ],
          [
            47.8640555,
            -18.9232352
          ],
          [
            47.8641292,
            -18.923296
          ],
          [
            47.8642244,
            -18.923384
          ],
          [
            47.8643112,
            -18.9234771
          ],
          [
            47.8643699,
            -18.9235457
          ],
          [
            47.8644289,
            -18.9236332
          ],
          [
            47.8644779,
            -18.9237239
          ],
          [
            47.8645244,
            -18.9238155
          ],
          [
            47.8645436,
            -18.9238724
          ],
          [
            47.8645771,
            -18.9239548
          ],
          [
            47.864671,
            -18.9241933
          ],
          [
            47.8647146,
            -18.9243056
          ],
          [
            47.8647697,
            -18.9244274
          ],
          [
            47.8648277,
            -18.9245418
          ],
          [
            47.8648869,
            -18.9246602
          ],
          [
            47.8649493,
            -18.9247585
          ],
          [
            47.8650156,
            -18.9248619
          ],
          [
            47.8650826,
            -18.9249603
          ],
          [
            47.8651627,
            -18.9250846
          ],
          [
            47.8652416,
            -18.9252108
          ],
          [
            47.8653278,
            -18.9253265
          ],
          [
            47.8654622,
            -18.9255222
          ],
          [
            47.8655883,
            -18.9257077
          ],
          [
            47.8656583,
            -18.9258197
          ],
          [
            47.8657237,
            -18.9259199
          ],
          [
            47.8657988,
            -18.9260182
          ],
          [
            47.8658351,
            -18.9260645
          ],
          [
            47.8658713,
            -18.9261064
          ],
          [
            47.8659108,
            -18.9261502
          ],
          [
            47.865961,
            -18.9261883
          ],
          [
            47.8660074,
            -18.9262256
          ],
          [
            47.866058,
            -18.926258
          ],
          [
            47.866108,
            -18.9262846
          ],
          [
            47.8661831,
            -18.9263246
          ],
          [
            47.8662314,
            -18.9263385
          ],
          [
            47.8662783,
            -18.9263558
          ],
          [
            47.8663614,
            -18.9263728
          ],
          [
            47.866452,
            -18.9263849
          ],
          [
            47.8665264,
            -18.9263874
          ],
          [
            47.8666853,
            -18.9264064
          ],
          [
            47.8668838,
            -18.9264393
          ],
          [
            47.8670831,
            -18.9264548
          ],
          [
            47.8674517,
            -18.9264911
          ],
          [
            47.8676025,
            -18.9265033
          ],
          [
            47.8680465,
            -18.926544
          ],
          [
            47.8685481,
            -18.9267121
          ],
          [
            47.8690126,
            -18.9269295
          ],
          [
            47.8694203,
            -18.9271839
          ],
          [
            47.8695271,
            -18.9272488
          ],
          [
            47.8698804,
            -18.9273349
          ],
          [
            47.8702366,
            -18.9273135
          ],
          [
            47.870514,
            -18.9272793
          ],
          [
            47.8708816,
            -18.9272589
          ],
          [
            47.8710151,
            -18.9272405
          ],
          [
            47.8711291,
            -18.9272323
          ],
          [
            47.8712163,
            -18.9272253
          ],
          [
            47.8713047,
            -18.9272253
          ],
          [
            47.8713799,
            -18.9272361
          ],
          [
            47.8714449,
            -18.9272583
          ],
          [
            47.8714985,
            -18.9272837
          ],
          [
            47.8715614,
            -18.9273095
          ],
          [
            47.8718124,
            -18.9274143
          ],
          [
            47.8719257,
            -18.9274524
          ],
          [
            47.8720121,
            -18.9274774
          ],
          [
            47.8720973,
            -18.9274923
          ],
          [
            47.872149,
            -18.9274949
          ],
          [
            47.8721964,
            -18.9274948
          ],
          [
            47.8722603,
            -18.9274917
          ],
          [
            47.87233,
            -18.9274784
          ],
          [
            47.8723729,
            -18.9274657
          ],
          [
            47.8724159,
            -18.9274441
          ],
          [
            47.8724869,
            -18.927395
          ],
          [
            47.8725573,
            -18.9273433
          ],
          [
            47.8726197,
            -18.9272847
          ],
          [
            47.8726666,
            -18.9272513
          ],
          [
            47.8727002,
            -18.9272285
          ],
          [
            47.8727444,
            -18.9272101
          ],
          [
            47.8728175,
            -18.9271847
          ],
          [
            47.8728899,
            -18.9271717
          ],
          [
            47.8731165,
            -18.9271651
          ],
          [
            47.8732821,
            -18.9271582
          ],
          [
            47.8735739,
            -18.9271606
          ],
          [
            47.8738311,
            -18.9271571
          ],
          [
            47.8739543,
            -18.9271578
          ],
          [
            47.8744748,
            -18.9271511
          ],
          [
            47.8746171,
            -18.9271518
          ],
          [
            47.8750201,
            -18.927144
          ],
          [
            47.8750555,
            -18.9271422
          ],
          [
            47.8750917,
            -18.9271438
          ],
          [
            47.8751413,
            -18.9271371
          ],
          [
            47.8751901,
            -18.9271308
          ],
          [
            47.8752396,
            -18.9271118
          ],
          [
            47.8752912,
            -18.9270883
          ],
          [
            47.8753777,
            -18.9270312
          ],
          [
            47.8754863,
            -18.926957
          ],
          [
            47.8756186,
            -18.9268761
          ],
          [
            47.8756976,
            -18.9268296
          ],
          [
            47.8757438,
            -18.9268079
          ],
          [
            47.8758095,
            -18.9267851
          ],
          [
            47.8758895,
            -18.9267654
          ],
          [
            47.8760134,
            -18.9267553
          ],
          [
            47.8762199,
            -18.9267451
          ],
          [
            47.8764237,
            -18.9267293
          ],
          [
            47.8765839,
            -18.9267187
          ],
          [
            47.8767268,
            -18.9267115
          ],
          [
            47.8769132,
            -18.9267052
          ],
          [
            47.877085,
            -18.9267023
          ],
          [
            47.8771956,
            -18.9267052
          ],
          [
            47.8772928,
            -18.9267109
          ],
          [
            47.8774209,
            -18.9267204
          ],
          [
            47.8775375,
            -18.926735
          ],
          [
            47.8776388,
            -18.9267496
          ],
          [
            47.8777199,
            -18.9267623
          ],
          [
            47.8777939,
            -18.9267742
          ],
          [
            47.8778346,
            -18.9267889
          ],
          [
            47.8778943,
            -18.9268105
          ],
          [
            47.8779498,
            -18.926832
          ],
          [
            47.8780451,
            -18.9268783
          ],
          [
            47.8781082,
            -18.9269221
          ],
          [
            47.8781699,
            -18.9269817
          ],
          [
            47.878224,
            -18.9270451
          ],
          [
            47.878292,
            -18.9271524
          ],
          [
            47.8783596,
            -18.92729
          ],
          [
            47.8784247,
            -18.9274162
          ],
          [
            47.8785569,
            -18.9276432
          ],
          [
            47.878709,
            -18.9277213
          ],
          [
            47.878885,
            -18.9277825
          ],
          [
            47.8792897,
            -18.9279554
          ],
          [
            47.8796964,
            -18.928124
          ],
          [
            47.879916,
            -18.9282173
          ],
          [
            47.8799938,
            -18.9282452
          ],
          [
            47.8800695,
            -18.9282763
          ],
          [
            47.8801483,
            -18.9282979
          ],
          [
            47.8802083,
            -18.9283169
          ],
          [
            47.8802754,
            -18.9283315
          ],
          [
            47.8803418,
            -18.9283359
          ],
          [
            47.8804041,
            -18.9283442
          ],
          [
            47.8805396,
            -18.9283588
          ],
          [
            47.8806804,
            -18.928379
          ],
          [
            47.8808105,
            -18.928388
          ],
          [
            47.8809507,
            -18.928407
          ],
          [
            47.8810713,
            -18.9284146
          ],
          [
            47.8812256,
            -18.9284203
          ],
          [
            47.8813255,
            -18.928419
          ],
          [
            47.8813811,
            -18.9284152
          ],
          [
            47.8814127,
            -18.9284171
          ],
          [
            47.8814368,
            -18.9284235
          ],
          [
            47.8815695,
            -18.9284743
          ],
          [
            47.8817459,
            -18.9285434
          ],
          [
            47.8818344,
            -18.9285744
          ],
          [
            47.881917,
            -18.928596
          ],
          [
            47.8820276,
            -18.9286233
          ],
          [
            47.8821006,
            -18.9286347
          ],
          [
            47.8821596,
            -18.9286435
          ],
          [
            47.8822052,
            -18.9286398
          ],
          [
            47.8822522,
            -18.9286341
          ],
          [
            47.8823427,
            -18.9286182
          ],
          [
            47.8824969,
            -18.9285859
          ],
          [
            47.8825761,
            -18.9285662
          ],
          [
            47.8826565,
            -18.9285645
          ],
          [
            47.8827142,
            -18.9285636
          ],
          [
            47.8827484,
            -18.9285659
          ],
          [
            47.8828276,
            -18.9285871
          ],
          [
            47.8829985,
            -18.9286391
          ],
          [
            47.8831561,
            -18.9286848
          ],
          [
            47.8833184,
            -18.9287279
          ],
          [
            47.8835537,
            -18.9287419
          ],
          [
            47.88373,
            -18.9287533
          ],
          [
            47.8837797,
            -18.9287501
          ]
        ]
      },
      "id": "way/45098460"
    },
    {
      "type": "Feature",
      "properties": {
        "@id": "way/45098629",
        "highway": "primary",
        "ref": "N 2"
      },
      "geometry": {
        "type": "LineString",
        "coordinates": [
          [
            47.7980437,
            -18.8928193
          ],
          [
            47.7982163,
            -18.8928027
          ],
          [
            47.7987219,
            -18.8928141
          ],
          [
            47.7992591,
            -18.8929176
          ],
          [
            47.7998368,
            -18.8932331
          ],
          [
            47.8000342,
            -18.8934319
          ],
          [
            47.8001724,
            -18.8936365
          ],
          [
            47.8002772,
            -18.8939056
          ],
          [
            47.800439,
            -18.8957207
          ],
          [
            47.8004783,
            -18.8959484
          ],
          [
            47.8005423,
            -18.8965781
          ],
          [
            47.8006501,
            -18.8970948
          ],
          [
            47.8008657,
            -18.8976163
          ],
          [
            47.8008515,
            -18.897811
          ],
          [
            47.8007121,
            -18.8979906
          ],
          [
            47.8005119,
            -18.8983307
          ],
          [
            47.8005205,
            -18.8985987
          ],
          [
            47.8006571,
            -18.8987845
          ],
          [
            47.8010831,
            -18.899176
          ],
          [
            47.8020744,
            -18.9000299
          ],
          [
            47.802177,
            -18.9002701
          ],
          [
            47.8022013,
            -18.9008493
          ],
          [
            47.8026827,
            -18.901653
          ],
          [
            47.8027778,
            -18.9017859
          ],
          [
            47.8032465,
            -18.9021358
          ],
          [
            47.8036903,
            -18.9025868
          ],
          [
            47.8046759,
            -18.9037646
          ],
          [
            47.8048429,
            -18.9041825
          ],
          [
            47.8052098,
            -18.9046793
          ],
          [
            47.807154,
            -18.9068247
          ],
          [
            47.8074042,
            -18.9072548
          ],
          [
            47.8075701,
            -18.907705
          ],
          [
            47.8082705,
            -18.9096873
          ],
          [
            47.8086913,
            -18.9109129
          ],
          [
            47.808733,
            -18.9113324
          ],
          [
            47.8087064,
            -18.9127853
          ],
          [
            47.8087695,
            -18.9130434
          ],
          [
            47.8089487,
            -18.9134283
          ],
          [
            47.8101468,
            -18.9158384
          ],
          [
            47.8107746,
            -18.9171002
          ],
          [
            47.8110111,
            -18.9177451
          ],
          [
            47.8110146,
            -18.9181958
          ],
          [
            47.8107084,
            -18.9192801
          ],
          [
            47.8104376,
            -18.9202792
          ],
          [
            47.8104042,
            -18.9203854
          ],
          [
            47.8102031,
            -18.92113
          ],
          [
            47.8102192,
            -18.9218042
          ],
          [
            47.8103111,
            -18.9233866
          ],
          [
            47.810333,
            -18.9236958
          ],
          [
            47.8103685,
            -18.9241997
          ],
          [
            47.8104193,
            -18.9244636
          ],
          [
            47.8110865,
            -18.9258046
          ],
          [
            47.8113102,
            -18.926138
          ],
          [
            47.8115624,
            -18.9262894
          ],
          [
            47.8117342,
            -18.9263506
          ],
          [
            47.8119189,
            -18.9263535
          ],
          [
            47.8121345,
            -18.9263108
          ],
          [
            47.8123954,
            -18.9261841
          ],
          [
            47.8128742,
            -18.9259015
          ],
          [
            47.8135982,
            -18.9255318
          ],
          [
            47.814089,
            -18.9254623
          ],
          [
            47.8144768,
            -18.9252939
          ],
          [
            47.8150342,
            -18.9249564
          ],
          [
            47.8160828,
            -18.9241837
          ],
          [
            47.8163951,
            -18.9240377
          ],
          [
            47.8167218,
            -18.9239904
          ],
          [
            47.8169936,
            -18.9240696
          ],
          [
            47.817128,
            -18.9241551
          ],
          [
            47.8173286,
            -18.9243976
          ],
          [
            47.8174082,
            -18.9246626
          ],
          [
            47.8177169,
            -18.9263576
          ]
        ]
      },
      "id": "way/45098629"
    },
    {
      "type": "Feature",
      "properties": {
        "@id": "way/45185885",
        "highway": "primary",
        "oneway": "yes",
        "ref": "N 2",
        "surface": "asphalt"
      },
      "geometry": {
        "type": "LineString",
        "coordinates": [
          [
            47.5458337,
            -18.8968197
          ],
          [
            47.5458453,
            -18.8967216
          ],
          [
            47.5458508,
            -18.8965445
          ]
        ]
      },
      "id": "way/45185885"
    },
    {
      "type": "Feature",
      "properties": {
        "@id": "way/45185886",
        "highway": "primary",
        "oneway": "yes",
        "ref": "N 2",
        "surface": "asphalt"
      },
      "geometry": {
        "type": "LineString",
        "coordinates": [
          [
            47.545698,
            -18.8970992
          ],
          [
            47.5458103,
            -18.8968721
          ]
        ]
      },
      "id": "way/45185886"
    },
    {
      "type": "Feature",
      "properties": {
        "@id": "way/45185887",
        "highway": "primary",
        "lane_markings": "no",
        "ref": "N 2",
        "surface": "asphalt"
      },
      "geometry": {
        "type": "LineString",
        "coordinates": [
          [
            47.545698,
            -18.8970992
          ],
          [
            47.5456407,
            -18.8973344
          ],
          [
            47.545526,
            -18.8977498
          ],
          [
            47.545492,
            -18.897918
          ],
          [
            47.545439,
            -18.8981233
          ],
          [
            47.5453914,
            -18.8983684
          ],
          [
            47.5453504,
            -18.8985668
          ],
          [
            47.5453019,
            -18.8989407
          ],
          [
            47.5452711,
            -18.8991073
          ],
          [
            47.5452125,
            -18.8992867
          ],
          [
            47.5451263,
            -18.8996585
          ],
          [
            47.5448974,
            -18.8999945
          ],
          [
            47.5448096,
            -18.9001472
          ],
          [
            47.5446688,
            -18.9003175
          ],
          [
            47.5446005,
            -18.9003925
          ],
          [
            47.5444881,
            -18.9004953
          ],
          [
            47.544242,
            -18.9006153
          ],
          [
            47.5440064,
            -18.9007058
          ],
          [
            47.5437945,
            -18.9007815
          ],
          [
            47.5436367,
            -18.9008853
          ],
          [
            47.5435754,
            -18.9009627
          ],
          [
            47.5435042,
            -18.9010751
          ],
          [
            47.5434279,
            -18.9011987
          ],
          [
            47.5432756,
            -18.9014055
          ],
          [
            47.5432222,
            -18.9014717
          ],
          [
            47.5431456,
            -18.9015376
          ],
          [
            47.5430034,
            -18.901644
          ],
          [
            47.5427953,
            -18.9017669
          ]
        ]
      },
      "id": "way/45185887"
    },
    {
      "type": "Feature",
      "properties": {
        "@id": "way/45185888",
        "highway": "primary",
        "oneway": "yes",
        "ref": "N 2",
        "surface": "asphalt"
      },
      "geometry": {
        "type": "LineString",
        "coordinates": [
          [
            47.545739,
            -18.8968517
          ],
          [
            47.545698,
            -18.8970992
          ]
        ]
      },
      "id": "way/45185888"
    },
    {
      "type": "Feature",
      "properties": {
        "@id": "way/45185891",
        "highway": "primary",
        "oneway": "yes",
        "ref": "N 2",
        "surface": "asphalt"
      },
      "geometry": {
        "type": "LineString",
        "coordinates": [
          [
            47.5458508,
            -18.8965445
          ],
          [
            47.5457876,
            -18.8967502
          ],
          [
            47.5457686,
            -18.8967855
          ]
        ]
      },
      "id": "way/45185891"
    },
    {
      "type": "Feature",
      "properties": {
        "@id": "way/45189397",
        "highway": "primary",
        "lane_markings": "no",
        "ref": "N 2",
        "surface": "asphalt"
      },
      "geometry": {
        "type": "LineString",
        "coordinates": [
          [
            47.5469317,
            -18.8951553
          ],
          [
            47.546352,
            -18.8957549
          ],
          [
            47.545989,
            -18.8961577
          ],
          [
            47.5459245,
            -18.8962834
          ],
          [
            47.5459055,
            -18.8963334
          ],
          [
            47.54588,
            -18.8964171
          ],
          [
            47.5458508,
            -18.8965445
          ]
        ]
      },
      "id": "way/45189397"
    },
    {
      "type": "Feature",
      "properties": {
        "@id": "way/45367902",
        "highway": "primary",
        "ref": "N 2"
      },
      "geometry": {
        "type": "LineString",
        "coordinates": [
          [
            47.5691902,
            -18.8961562
          ],
          [
            47.5692357,
            -18.8963698
          ],
          [
            47.5692888,
            -18.8967771
          ],
          [
            47.5693135,
            -18.8969332
          ],
          [
            47.5693817,
            -18.8970391
          ],
          [
            47.5694804,
            -18.897127
          ],
          [
            47.5695657,
            -18.8971575
          ],
          [
            47.5697497,
            -18.897188
          ],
          [
            47.5708156,
            -18.8972957
          ],
          [
            47.5710033,
            -18.8973208
          ],
          [
            47.5711039,
            -18.8973298
          ],
          [
            47.5713504,
            -18.8974033
          ],
          [
            47.5715723,
            -18.8975307
          ],
          [
            47.5717582,
            -18.8977604
          ],
          [
            47.572056,
            -18.898227
          ],
          [
            47.5722314,
            -18.898506
          ],
          [
            47.5722817,
            -18.8986289
          ],
          [
            47.572331,
            -18.8987904
          ],
          [
            47.5723477,
            -18.8988507
          ],
          [
            47.5723822,
            -18.8990811
          ],
          [
            47.5724316,
            -18.8995391
          ],
          [
            47.572453,
            -18.8998639
          ],
          [
            47.572453,
            -18.9001761
          ],
          [
            47.5724477,
            -18.9004171
          ],
          [
            47.5724557,
            -18.9006049
          ],
          [
            47.5724798,
            -18.9008409
          ],
          [
            47.5725313,
            -18.900994
          ],
          [
            47.5726575,
            -18.9011917
          ],
          [
            47.5727608,
            -18.9013211
          ],
          [
            47.5728989,
            -18.9014429
          ],
          [
            47.5731485,
            -18.9015643
          ],
          [
            47.5734233,
            -18.9016979
          ],
          [
            47.5736406,
            -18.901774
          ],
          [
            47.5738511,
            -18.901821
          ],
          [
            47.5739772,
            -18.9018083
          ],
          [
            47.5741032,
            -18.9017613
          ],
          [
            47.574342,
            -18.9015863
          ],
          [
            47.5744479,
            -18.9015203
          ],
          [
            47.5745753,
            -18.9014733
          ],
          [
            47.574704,
            -18.9014619
          ],
          [
            47.5748207,
            -18.9014898
          ],
          [
            47.5749039,
            -18.9015317
          ],
          [
            47.5749891,
            -18.9015869
          ],
          [
            47.5750568,
            -18.9016878
          ],
          [
            47.5751332,
            -18.9019783
          ],
          [
            47.5751894,
            -18.902254
          ],
          [
            47.5752519,
            -18.9023837
          ],
          [
            47.5753365,
            -18.9024951
          ],
          [
            47.5754899,
            -18.9026267
          ],
          [
            47.5756857,
            -18.9027142
          ],
          [
            47.5760077,
            -18.9027865
          ],
          [
            47.5760926,
            -18.9028013
          ],
          [
            47.5763044,
            -18.9028542
          ],
          [
            47.5764422,
            -18.902904
          ],
          [
            47.5765812,
            -18.9030072
          ],
          [
            47.5768584,
            -18.9032023
          ],
          [
            47.5769971,
            -18.9032602
          ],
          [
            47.5771881,
            -18.9032819
          ],
          [
            47.5772916,
            -18.9032639
          ],
          [
            47.5773536,
            -18.9032446
          ],
          [
            47.5774076,
            -18.9031901
          ],
          [
            47.577739,
            -18.9029616
          ],
          [
            47.5780582,
            -18.9026766
          ],
          [
            47.5784793,
            -18.9023006
          ],
          [
            47.5785259,
            -18.9022559
          ],
          [
            47.578781,
            -18.9020392
          ],
          [
            47.578887,
            -18.9019744
          ],
          [
            47.5789366,
            -18.9019428
          ],
          [
            47.579151,
            -18.9018691
          ],
          [
            47.5793165,
            -18.9018395
          ],
          [
            47.5794174,
            -18.9018344
          ],
          [
            47.5795254,
            -18.9018445
          ],
          [
            47.5801171,
            -18.9019537
          ],
          [
            47.58058,
            -18.9020778
          ],
          [
            47.5806996,
            -18.9021084
          ],
          [
            47.5807464,
            -18.902114
          ],
          [
            47.5810373,
            -18.9021825
          ],
          [
            47.5812393,
            -18.9022178
          ],
          [
            47.5814049,
            -18.9022112
          ],
          [
            47.5815553,
            -18.9021921
          ],
          [
            47.5818151,
            -18.902134
          ],
          [
            47.5819927,
            -18.9020842
          ],
          [
            47.5822994,
            -18.9020653
          ],
          [
            47.5826093,
            -18.9020444
          ],
          [
            47.5832157,
            -18.9020152
          ],
          [
            47.5832745,
            -18.9020114
          ],
          [
            47.5834478,
            -18.9020278
          ],
          [
            47.5838857,
            -18.9020798
          ],
          [
            47.5840207,
            -18.9020988
          ],
          [
            47.5847436,
            -18.902213
          ],
          [
            47.5850936,
            -18.9022422
          ],
          [
            47.5852565,
            -18.9022454
          ],
          [
            47.5854194,
            -18.9022004
          ],
          [
            47.5857252,
            -18.9020354
          ],
          [
            47.5858757,
            -18.9019213
          ],
          [
            47.5862181,
            -18.9015971
          ],
          [
            47.5865701,
            -18.901288
          ],
          [
            47.587403,
            -18.9005737
          ],
          [
            47.5876135,
            -18.9004278
          ],
          [
            47.5878375,
            -18.9003327
          ],
          [
            47.5879776,
            -18.9002981
          ],
          [
            47.588052,
            -18.9002756
          ],
          [
            47.5882948,
            -18.9002223
          ],
          [
            47.5884638,
            -18.9001487
          ],
          [
            47.5888178,
            -18.8999406
          ],
          [
            47.5889801,
            -18.8998556
          ],
          [
            47.5891223,
            -18.8998112
          ],
          [
            47.5892282,
            -18.8997896
          ],
          [
            47.5893288,
            -18.8997896
          ],
          [
            47.5894991,
            -18.8997998
          ],
          [
            47.5899685,
            -18.8999178
          ],
          [
            47.5904969,
            -18.9000815
          ],
          [
            47.5908738,
            -18.9001728
          ],
          [
            47.5916529,
            -18.9003048
          ],
          [
            47.5920512,
            -18.9003758
          ],
          [
            47.5924643,
            -18.9004443
          ],
          [
            47.5926789,
            -18.900452
          ],
          [
            47.5928264,
            -18.9004292
          ],
          [
            47.5933038,
            -18.9001995
          ],
          [
            47.5935184,
            -18.9001068
          ],
          [
            47.5936775,
            -18.9000626
          ],
          [
            47.5937786,
            -18.9000345
          ],
          [
            47.593946,
            -18.9000144
          ],
          [
            47.5940629,
            -18.9000003
          ],
          [
            47.5944693,
            -18.9000003
          ],
          [
            47.5948528,
            -18.9000193
          ],
          [
            47.5951787,
            -18.9000434
          ],
          [
            47.5955784,
            -18.9000815
          ],
          [
            47.5958211,
            -18.900103
          ],
          [
            47.5960437,
            -18.9001335
          ],
          [
            47.5966833,
            -18.9002137
          ],
          [
            47.5968327,
            -18.9002424
          ],
          [
            47.5969638,
            -18.900266
          ],
          [
            47.5970628,
            -18.9002868
          ]
        ]
      },
      "id": "way/45367902"
    },
    {
      "type": "Feature",
      "properties": {
        "@id": "way/46193540",
        "highway": "primary",
        "ref": "N 2"
      },
      "geometry": {
        "type": "LineString",
        "coordinates": [
          [
            47.6113928,
            -18.894066
          ],
          [
            47.6116803,
            -18.8947318
          ],
          [
            47.611734,
            -18.8948686
          ],
          [
            47.6117675,
            -18.8949765
          ],
          [
            47.6117854,
            -18.8950808
          ],
          [
            47.611802,
            -18.8951892
          ],
          [
            47.6118298,
            -18.8952988
          ],
          [
            47.611856,
            -18.8953744
          ],
          [
            47.6118788,
            -18.8954294
          ],
          [
            47.6118956,
            -18.895458
          ],
          [
            47.611925,
            -18.8954908
          ],
          [
            47.6119606,
            -18.8955297
          ],
          [
            47.612018,
            -18.8955779
          ],
          [
            47.6120481,
            -18.8956113
          ]
        ]
      },
      "id": "way/46193540"
    },
    {
      "type": "Feature",
      "properties": {
        "@id": "way/46193542",
        "bridge": "yes",
        "highway": "primary",
        "layer": "1",
        "ref": "N 2"
      },
      "geometry": {
        "type": "LineString",
        "coordinates": [
          [
            47.6113566,
            -18.8939455
          ],
          [
            47.6113692,
            -18.8940045
          ],
          [
            47.6113928,
            -18.894066
          ]
        ]
      },
      "id": "way/46193542"
    },
    {
      "type": "Feature",
      "properties": {
        "@id": "way/46271495",
        "bridge": "yes",
        "highway": "primary",
        "layer": "1",
        "ref": "N 2"
      },
      "geometry": {
        "type": "LineString",
        "coordinates": [
          [
            48.1069633,
            -18.8758547
          ],
          [
            48.1069213,
            -18.8766075
          ]
        ]
      },
      "id": "way/46271495"
    },
    {
      "type": "Feature",
      "properties": {
        "@id": "way/46352712",
        "bridge": "yes",
        "highway": "primary",
        "lane_markings": "no",
        "layer": "1",
        "maxweight:signed": "no",
        "ref": "N 2",
        "surface": "asphalt"
      },
      "geometry": {
        "type": "LineString",
        "coordinates": [
          [
            48.182327,
            -18.924271
          ],
          [
            48.1826175,
            -18.9244612
          ]
        ]
      },
      "id": "way/46352712"
    },
    {
      "type": "Feature",
      "properties": {
        "@id": "way/46354361",
        "bridge": "yes",
        "highway": "primary",
        "layer": "1",
        "oneway": "yes",
        "ref": "N 2"
      },
      "geometry": {
        "type": "LineString",
        "coordinates": [
          [
            48.6121007,
            -18.9832241
          ],
          [
            48.6113432,
            -18.9837888
          ]
        ]
      },
      "id": "way/46354361"
    },
    {
      "type": "Feature",
      "properties": {
        "@id": "way/46354362",
        "highway": "primary",
        "oneway": "yes",
        "ref": "N 2"
      },
      "geometry": {
        "type": "LineString",
        "coordinates": [
          [
            48.6113432,
            -18.9837888
          ],
          [
            48.6108166,
            -18.9841715
          ]
        ]
      },
      "id": "way/46354362"
    },
    {
      "type": "Feature",
      "properties": {
        "@id": "way/46354363",
        "highway": "primary",
        "oneway": "yes",
        "ref": "N 2"
      },
      "geometry": {
        "type": "LineString",
        "coordinates": [
          [
            48.6108166,
            -18.9841715
          ],
          [
            48.6110969,
            -18.9840531
          ],
          [
            48.6113982,
            -18.9838382
          ]
        ]
      },
      "id": "way/46354363"
    },
    {
      "type": "Feature",
      "properties": {
        "@id": "way/46354364",
        "bridge": "yes",
        "highway": "primary",
        "layer": "1",
        "oneway": "yes",
        "ref": "N 2"
      },
      "geometry": {
        "type": "LineString",
        "coordinates": [
          [
            48.6113982,
            -18.9838382
          ],
          [
            48.6121516,
            -18.9832531
          ]
        ]
      },
      "id": "way/46354364"
    },
    {
      "type": "Feature",
      "properties": {
        "@id": "way/46354365",
        "highway": "primary",
        "oneway": "yes",
        "ref": "N 2"
      },
      "geometry": {
        "type": "LineString",
        "coordinates": [
          [
            48.6121516,
            -18.9832531
          ],
          [
            48.6124675,
            -18.9829903
          ],
          [
            48.6125655,
            -18.9828246
          ]
        ]
      },
      "id": "way/46354365"
    },
    {
      "type": "Feature",
      "properties": {
        "@id": "way/46354366",
        "highway": "primary",
        "oneway": "yes",
        "ref": "N 2"
      },
      "geometry": {
        "type": "LineString",
        "coordinates": [
          [
            48.6125655,
            -18.9828246
          ],
          [
            48.6121007,
            -18.9832241
          ]
        ]
      },
      "id": "way/46354366"
    },
    {
      "type": "Feature",
      "properties": {
        "@id": "way/46354822",
        "bridge": "yes",
        "highway": "primary",
        "layer": "1",
        "ref": "N 2"
      },
      "geometry": {
        "type": "LineString",
        "coordinates": [
          [
            48.7336805,
            -18.9679444
          ],
          [
            48.7337396,
            -18.9680053
          ],
          [
            48.7338227,
            -18.9680966
          ],
          [
            48.7341768,
            -18.9684821
          ],
          [
            48.7343109,
            -18.9686568
          ]
        ]
      },
      "id": "way/46354822"
    },
    {
      "type": "Feature",
      "properties": {
        "@id": "way/46354824",
        "highway": "primary",
        "lanes": "2",
        "ref": "N 2",
        "surface": "asphalt"
      },
      "geometry": {
        "type": "LineString",
        "coordinates": [
          [
            48.6708979,
            -18.9644385
          ],
          [
            48.6710065,
            -18.9649669
          ],
          [
            48.6710597,
            -18.9652328
          ],
          [
            48.6711126,
            -18.9653779
          ],
          [
            48.6712143,
            -18.9655266
          ],
          [
            48.671431,
            -18.9657462
          ],
          [
            48.6718734,
            -18.9660876
          ],
          [
            48.6719727,
            -18.9661917
          ],
          [
            48.6720102,
            -18.9662696
          ],
          [
            48.6720474,
            -18.9664094
          ],
          [
            48.6719986,
            -18.9668604
          ],
          [
            48.6718449,
            -18.9675737
          ],
          [
            48.6718238,
            -18.9677814
          ],
          [
            48.6718554,
            -18.9679505
          ],
          [
            48.6719351,
            -18.9680836
          ],
          [
            48.6723223,
            -18.9684488
          ],
          [
            48.6724698,
            -18.9686259
          ],
          [
            48.6725421,
            -18.9687524
          ],
          [
            48.6726471,
            -18.969038
          ],
          [
            48.6726746,
            -18.9691844
          ],
          [
            48.6727007,
            -18.9693512
          ],
          [
            48.6727931,
            -18.9698439
          ],
          [
            48.6728507,
            -18.9700431
          ],
          [
            48.6730358,
            -18.9705757
          ],
          [
            48.673135,
            -18.9707406
          ],
          [
            48.6732759,
            -18.9708306
          ],
          [
            48.6734529,
            -18.9708725
          ],
          [
            48.6738794,
            -18.9708471
          ],
          [
            48.6740416,
            -18.970804
          ],
          [
            48.6741851,
            -18.9707343
          ],
          [
            48.6744976,
            -18.9704793
          ],
          [
            48.6747779,
            -18.9702777
          ],
          [
            48.6748825,
            -18.9702358
          ],
          [
            48.675026,
            -18.9702244
          ],
          [
            48.6751636,
            -18.9702402
          ],
          [
            48.6753613,
            -18.9702802
          ],
          [
            48.6757347,
            -18.9703515
          ],
          [
            48.6762157,
            -18.9704625
          ],
          [
            48.6763337,
            -18.9704875
          ],
          [
            48.676984,
            -18.970615
          ],
          [
            48.6771997,
            -18.9706315
          ],
          [
            48.6773783,
            -18.9705897
          ],
          [
            48.6775218,
            -18.9705288
          ],
          [
            48.6776098,
            -18.9704711
          ],
          [
            48.6776742,
            -18.9703924
          ],
          [
            48.6777117,
            -18.970296
          ],
          [
            48.6777949,
            -18.969875
          ],
          [
            48.6778271,
            -18.9697203
          ],
          [
            48.6778754,
            -18.9696137
          ],
          [
            48.6779335,
            -18.9695408
          ],
          [
            48.6782151,
            -18.9693493
          ],
          [
            48.6783097,
            -18.9692475
          ],
          [
            48.6783828,
            -18.9691083
          ],
          [
            48.678533,
            -18.9687558
          ],
          [
            48.6785732,
            -18.9686936
          ],
          [
            48.6786377,
            -18.9686235
          ],
          [
            48.6787228,
            -18.9685509
          ],
          [
            48.6792097,
            -18.9682305
          ],
          [
            48.6793017,
            -18.9681695
          ],
          [
            48.6797252,
            -18.9678781
          ],
          [
            48.6797869,
            -18.9677982
          ],
          [
            48.6798184,
            -18.9677234
          ],
          [
            48.6798298,
            -18.9676295
          ],
          [
            48.6798446,
            -18.9672934
          ],
          [
            48.6798459,
            -18.9671235
          ],
          [
            48.6798097,
            -18.9664196
          ],
          [
            48.6798218,
            -18.9662623
          ],
          [
            48.6798647,
            -18.9660936
          ],
          [
            48.6799407,
            -18.965956
          ],
          [
            48.6800962,
            -18.9657784
          ],
          [
            48.6804664,
            -18.965436
          ],
          [
            48.6805549,
            -18.965365
          ],
          [
            48.6806461,
            -18.9653142
          ],
          [
            48.6811681,
            -18.965111
          ],
          [
            48.681493,
            -18.964967
          ],
          [
            48.684358,
            -18.9637799
          ],
          [
            48.6847002,
            -18.9636402
          ],
          [
            48.6851425,
            -18.9634492
          ],
          [
            48.6853205,
            -18.9633542
          ],
          [
            48.685508,
            -18.9632256
          ],
          [
            48.6857686,
            -18.9629908
          ],
          [
            48.685901,
            -18.9628857
          ],
          [
            48.6862211,
            -18.9626109
          ],
          [
            48.6864184,
            -18.9624121
          ],
          [
            48.6867652,
            -18.9619488
          ],
          [
            48.6869462,
            -18.9616673
          ],
          [
            48.6869633,
            -18.9615695
          ],
          [
            48.6869514,
            -18.9614716
          ],
          [
            48.6869116,
            -18.9613632
          ],
          [
            48.6868671,
            -18.9612931
          ],
          [
            48.6867762,
            -18.9611503
          ],
          [
            48.6863646,
            -18.9605961
          ],
          [
            48.6862537,
            -18.9603938
          ],
          [
            48.6862108,
            -18.9602416
          ],
          [
            48.6862089,
            -18.9600893
          ],
          [
            48.686251,
            -18.9599791
          ],
          [
            48.6864455,
            -18.9597343
          ],
          [
            48.6866548,
            -18.9594819
          ],
          [
            48.6869387,
            -18.9591895
          ],
          [
            48.6869933,
            -18.9590849
          ],
          [
            48.6870213,
            -18.9589887
          ],
          [
            48.6870262,
            -18.9588559
          ],
          [
            48.6869954,
            -18.9587278
          ],
          [
            48.6869415,
            -18.9585883
          ],
          [
            48.6868767,
            -18.9584662
          ],
          [
            48.686585,
            -18.9578951
          ],
          [
            48.6865488,
            -18.9577125
          ],
          [
            48.6865716,
            -18.9576015
          ],
          [
            48.6866058,
            -18.9575013
          ],
          [
            48.6866789,
            -18.9574449
          ],
          [
            48.6868393,
            -18.9573922
          ],
          [
            48.687019,
            -18.957344
          ],
          [
            48.6874857,
            -18.9572299
          ],
          [
            48.6877219,
            -18.9571657
          ],
          [
            48.6878014,
            -18.957124
          ],
          [
            48.6878966,
            -18.9570251
          ],
          [
            48.6879658,
            -18.956791
          ],
          [
            48.6880382,
            -18.956517
          ],
          [
            48.688079,
            -18.9563148
          ],
          [
            48.688142,
            -18.9561144
          ],
          [
            48.6882426,
            -18.9558987
          ],
          [
            48.6885935,
            -18.9553324
          ],
          [
            48.6886578,
            -18.9552081
          ],
          [
            48.6887195,
            -18.9550178
          ],
          [
            48.6887651,
            -18.9548098
          ],
          [
            48.6888,
            -18.9546297
          ],
          [
            48.6888697,
            -18.9540741
          ],
          [
            48.6889265,
            -18.9535472
          ],
          [
            48.6889534,
            -18.9533315
          ],
          [
            48.6890043,
            -18.9532301
          ],
          [
            48.6890707,
            -18.9531597
          ],
          [
            48.6892068,
            -18.953088
          ],
          [
            48.6893691,
            -18.9530766
          ],
          [
            48.6895126,
            -18.9531007
          ],
          [
            48.6896395,
            -18.9531558
          ],
          [
            48.6897433,
            -18.9532288
          ],
          [
            48.6897849,
            -18.9533353
          ],
          [
            48.6897849,
            -18.9535966
          ],
          [
            48.6898157,
            -18.9537894
          ],
          [
            48.6898908,
            -18.953915
          ],
          [
            48.6900124,
            -18.9540082
          ],
          [
            48.6902189,
            -18.9541325
          ],
          [
            48.6902917,
            -18.9541825
          ],
          [
            48.6903387,
            -18.954215
          ],
          [
            48.690383,
            -18.9542657
          ],
          [
            48.6904339,
            -18.9543475
          ],
          [
            48.6905922,
            -18.9547496
          ],
          [
            48.6906874,
            -18.9549284
          ],
          [
            48.6907699,
            -18.9549939
          ],
          [
            48.6908729,
            -18.9550265
          ],
          [
            48.6909695,
            -18.9550277
          ],
          [
            48.6910836,
            -18.9550232
          ],
          [
            48.6917918,
            -18.95491
          ],
          [
            48.6918803,
            -18.9549183
          ],
          [
            48.691961,
            -18.9549616
          ],
          [
            48.6920103,
            -18.9550392
          ],
          [
            48.6920388,
            -18.955139
          ],
          [
            48.6920253,
            -18.9552881
          ],
          [
            48.6918141,
            -18.9557232
          ],
          [
            48.6917757,
            -18.9558689
          ],
          [
            48.6917791,
            -18.9560262
          ],
          [
            48.6918477,
            -18.9561365
          ],
          [
            48.6920917,
            -18.9563595
          ],
          [
            48.6922404,
            -18.9564543
          ],
          [
            48.6925077,
            -18.9565664
          ],
          [
            48.692738,
            -18.956656
          ],
          [
            48.6929029,
            -18.956727
          ],
          [
            48.6930156,
            -18.9568158
          ],
          [
            48.6931242,
            -18.9569464
          ],
          [
            48.6931819,
            -18.9571062
          ],
          [
            48.6932437,
            -18.9574805
          ],
          [
            48.6932865,
            -18.9575768
          ],
          [
            48.6933884,
            -18.9576732
          ],
          [
            48.6935399,
            -18.9577544
          ],
          [
            48.6939307,
            -18.9578965
          ],
          [
            48.6940607,
            -18.9579405
          ],
          [
            48.6945882,
            -18.9581405
          ],
          [
            48.6947842,
            -18.9581955
          ],
          [
            48.6949541,
            -18.9582332
          ],
          [
            48.6955382,
            -18.9582668
          ],
          [
            48.6956844,
            -18.9582909
          ],
          [
            48.6957675,
            -18.9583239
          ],
          [
            48.6958285,
            -18.9583727
          ],
          [
            48.6958963,
            -18.9584488
          ],
          [
            48.6961814,
            -18.9588128
          ],
          [
            48.6963971,
            -18.95907
          ],
          [
            48.6965856,
            -18.959232
          ],
          [
            48.6966748,
            -18.9592967
          ],
          [
            48.696768,
            -18.9593265
          ],
          [
            48.6968357,
            -18.9593284
          ],
          [
            48.6969242,
            -18.9593062
          ],
          [
            48.696996,
            -18.9592593
          ],
          [
            48.6974439,
            -18.9588299
          ],
          [
            48.6975646,
            -18.9587526
          ],
          [
            48.6977094,
            -18.9587354
          ],
          [
            48.6978523,
            -18.9587671
          ],
          [
            48.6979495,
            -18.9588255
          ],
          [
            48.6980259,
            -18.9589232
          ],
          [
            48.6982441,
            -18.959348
          ],
          [
            48.6982962,
            -18.9594267
          ],
          [
            48.6983947,
            -18.9594945
          ],
          [
            48.6986732,
            -18.9595801
          ],
          [
            48.6987897,
            -18.9596379
          ],
          [
            48.6989359,
            -18.9597742
          ],
          [
            48.6992101,
            -18.9601021
          ],
          [
            48.6993489,
            -18.9602429
          ],
          [
            48.6994274,
            -18.9602955
          ],
          [
            48.6995333,
            -18.9603152
          ],
          [
            48.699675,
            -18.9603143
          ],
          [
            48.6998372,
            -18.9602598
          ],
          [
            48.7000053,
            -18.9601745
          ],
          [
            48.7000718,
            -18.9601078
          ],
          [
            48.7001449,
            -18.9599943
          ],
          [
            48.7002434,
            -18.9598045
          ],
          [
            48.7004212,
            -18.9593297
          ],
          [
            48.7004533,
            -18.9591787
          ],
          [
            48.700448,
            -18.9590126
          ],
          [
            48.7004099,
            -18.9588597
          ],
          [
            48.7002704,
            -18.9584031
          ],
          [
            48.7001699,
            -18.9580822
          ],
          [
            48.7001476,
            -18.9579078
          ],
          [
            48.7001499,
            -18.9577905
          ],
          [
            48.7001647,
            -18.9577112
          ],
          [
            48.7002074,
            -18.9576002
          ],
          [
            48.7002817,
            -18.9574702
          ],
          [
            48.7004989,
            -18.9570885
          ],
          [
            48.7007102,
            -18.956682
          ],
          [
            48.7007953,
            -18.9565862
          ],
          [
            48.7009026,
            -18.9565342
          ],
          [
            48.7010407,
            -18.9565139
          ],
          [
            48.701197,
            -18.9564942
          ],
          [
            48.7013371,
            -18.9564771
          ],
          [
            48.701488,
            -18.9564587
          ],
          [
            48.7019509,
            -18.9563648
          ],
          [
            48.7020607,
            -18.9563725
          ],
          [
            48.7021317,
            -18.956394
          ],
          [
            48.7021974,
            -18.9564289
          ],
          [
            48.702237,
            -18.9564803
          ],
          [
            48.7023452,
            -18.9568037
          ],
          [
            48.7023854,
            -18.9569255
          ],
          [
            48.7025361,
            -18.9573574
          ],
          [
            48.7026232,
            -18.9575235
          ],
          [
            48.7027252,
            -18.9576212
          ],
          [
            48.7028539,
            -18.9576833
          ],
          [
            48.7029974,
            -18.9576821
          ],
          [
            48.7031168,
            -18.9576275
          ],
          [
            48.7031879,
            -18.9575299
          ],
          [
            48.7033173,
            -18.9572407
          ],
          [
            48.7033662,
            -18.957162
          ],
          [
            48.7034567,
            -18.957084
          ],
          [
            48.7036002,
            -18.9570117
          ],
          [
            48.7037538,
            -18.9569642
          ],
          [
            48.7039442,
            -18.9569718
          ],
          [
            48.7041025,
            -18.9569984
          ],
          [
            48.704545,
            -18.957195
          ],
          [
            48.7047127,
            -18.9572343
          ],
          [
            48.7048951,
            -18.957261
          ],
          [
            48.7050962,
            -18.9572584
          ],
          [
            48.7054355,
            -18.9572153
          ],
          [
            48.705693,
            -18.9571747
          ],
          [
            48.7058827,
            -18.9571675
          ],
          [
            48.7059841,
            -18.9571675
          ],
          [
            48.7060727,
            -18.9571675
          ],
          [
            48.706204,
            -18.9571798
          ],
          [
            48.7066757,
            -18.9572345
          ],
          [
            48.7067708,
            -18.9572552
          ],
          [
            48.7069074,
            -18.9573041
          ],
          [
            48.7070429,
            -18.95737
          ],
          [
            48.7072057,
            -18.9574675
          ],
          [
            48.7073265,
            -18.9575197
          ],
          [
            48.7074734,
            -18.9575559
          ],
          [
            48.7076947,
            -18.9575795
          ],
          [
            48.7078482,
            -18.9576053
          ],
          [
            48.7080037,
            -18.9576445
          ],
          [
            48.7084607,
            -18.9578185
          ],
          [
            48.7085487,
            -18.9578545
          ],
          [
            48.7088441,
            -18.9579861
          ],
          [
            48.7090447,
            -18.9580755
          ],
          [
            48.7091526,
            -18.9581405
          ],
          [
            48.7092255,
            -18.9582008
          ],
          [
            48.7093007,
            -18.9582855
          ],
          [
            48.7093618,
            -18.9583536
          ],
          [
            48.709402,
            -18.9584424
          ],
          [
            48.7094092,
            -18.9585281
          ],
          [
            48.7093623,
            -18.9588046
          ],
          [
            48.7093502,
            -18.9588883
          ],
          [
            48.7093502,
            -18.9589606
          ],
          [
            48.7093717,
            -18.9590468
          ],
          [
            48.7094575,
            -18.9591597
          ],
          [
            48.709542,
            -18.9592498
          ],
          [
            48.7099604,
            -18.959629
          ],
          [
            48.7101468,
            -18.9598142
          ],
          [
            48.7102622,
            -18.9599626
          ],
          [
            48.7104298,
            -18.9601947
          ],
          [
            48.7105857,
            -18.9604105
          ],
          [
            48.7108867,
            -18.9608705
          ],
          [
            48.710977,
            -18.9609937
          ],
          [
            48.7113107,
            -18.9613925
          ],
          [
            48.711433,
            -18.9615518
          ],
          [
            48.7115081,
            -18.9616913
          ],
          [
            48.7116093,
            -18.9619754
          ],
          [
            48.7116583,
            -18.962054
          ],
          [
            48.7117729,
            -18.9621562
          ],
          [
            48.7119218,
            -18.9622272
          ],
          [
            48.7119929,
            -18.962264
          ],
          [
            48.7120928,
            -18.9623299
          ],
          [
            48.7123447,
            -18.9625485
          ],
          [
            48.7124249,
            -18.9625975
          ],
          [
            48.7125112,
            -18.9626235
          ],
          [
            48.7126178,
            -18.9626108
          ],
          [
            48.7126904,
            -18.9625772
          ],
          [
            48.7128311,
            -18.9624885
          ],
          [
            48.7129846,
            -18.9623959
          ],
          [
            48.7130691,
            -18.9623718
          ],
          [
            48.7131663,
            -18.962373
          ],
          [
            48.7134533,
            -18.9624713
          ],
          [
            48.7135646,
            -18.9624897
          ],
          [
            48.713629,
            -18.9624878
          ],
          [
            48.7137155,
            -18.9624688
          ],
          [
            48.7139951,
            -18.962358
          ],
          [
            48.7141514,
            -18.9623166
          ],
          [
            48.714264,
            -18.9623172
          ],
          [
            48.7143525,
            -18.9623496
          ],
          [
            48.7144216,
            -18.9624047
          ],
          [
            48.7144578,
            -18.9624751
          ],
          [
            48.7144836,
            -18.9625975
          ],
          [
            48.7145316,
            -18.9627485
          ],
          [
            48.7145792,
            -18.9628106
          ],
          [
            48.7146543,
            -18.962841
          ],
          [
            48.7147837,
            -18.9628258
          ],
          [
            48.7148842,
            -18.9627657
          ],
          [
            48.7149654,
            -18.9627098
          ],
          [
            48.7152993,
            -18.962472
          ],
          [
            48.7153953,
            -18.96242
          ],
          [
            48.7155173,
            -18.962388
          ],
          [
            48.7156758,
            -18.9623892
          ],
          [
            48.715919,
            -18.9624504
          ],
          [
            48.7160625,
            -18.9625252
          ],
          [
            48.7161691,
            -18.9626153
          ],
          [
            48.7162399,
            -18.9627186
          ],
          [
            48.7163768,
            -18.9629178
          ],
          [
            48.716442,
            -18.9629856
          ],
          [
            48.7165439,
            -18.9630173
          ],
          [
            48.7168054,
            -18.9630078
          ],
          [
            48.7169639,
            -18.9630223
          ],
          [
            48.7171027,
            -18.9630566
          ],
          [
            48.71719,
            -18.9631036
          ],
          [
            48.717245,
            -18.9631707
          ],
          [
            48.7173035,
            -18.9632486
          ],
          [
            48.7173319,
            -18.9633317
          ],
          [
            48.7173258,
            -18.9634479
          ],
          [
            48.7172252,
            -18.9638475
          ],
          [
            48.7172069,
            -18.9640089
          ],
          [
            48.717218,
            -18.9641601
          ],
          [
            48.7172654,
            -18.9642692
          ],
          [
            48.7173573,
            -18.9643522
          ],
          [
            48.7175192,
            -18.9644154
          ],
          [
            48.7177762,
            -18.9644468
          ],
          [
            48.7178582,
            -18.9644835
          ],
          [
            48.7179105,
            -18.9645342
          ],
          [
            48.717938,
            -18.9645989
          ],
          [
            48.7179561,
            -18.9647442
          ],
          [
            48.7179867,
            -18.9648225
          ],
          [
            48.7180388,
            -18.9649033
          ],
          [
            48.7181702,
            -18.9650073
          ],
          [
            48.7182936,
            -18.9650631
          ],
          [
            48.7184974,
            -18.9651544
          ],
          [
            48.7187107,
            -18.9652415
          ],
          [
            48.718801,
            -18.9652997
          ],
          [
            48.7188798,
            -18.9653904
          ],
          [
            48.7189807,
            -18.9656218
          ],
          [
            48.7190592,
            -18.9658533
          ],
          [
            48.719098,
            -18.9659281
          ],
          [
            48.7191845,
            -18.9660366
          ],
          [
            48.7194005,
            -18.966242
          ],
          [
            48.7195171,
            -18.9663727
          ],
          [
            48.7196137,
            -18.9665109
          ],
          [
            48.7198041,
            -18.9668869
          ],
          [
            48.7198605,
            -18.9669605
          ],
          [
            48.719947,
            -18.9670068
          ],
          [
            48.7200504,
            -18.9670163
          ],
          [
            48.7201831,
            -18.9669984
          ],
          [
            48.7204633,
            -18.9668876
          ],
          [
            48.720527,
            -18.9668768
          ],
          [
            48.7206289,
            -18.9668869
          ],
          [
            48.7207838,
            -18.966937
          ],
          [
            48.7209119,
            -18.9670024
          ],
          [
            48.720986,
            -18.9670821
          ],
          [
            48.7209991,
            -18.9671469
          ],
          [
            48.720985,
            -18.9672414
          ],
          [
            48.7209582,
            -18.9672991
          ],
          [
            48.7208018,
            -18.9675598
          ],
          [
            48.720751,
            -18.9676765
          ],
          [
            48.7207483,
            -18.9678299
          ],
          [
            48.7207805,
            -18.9679745
          ],
          [
            48.7208502,
            -18.9680963
          ],
          [
            48.7209776,
            -18.9682167
          ],
          [
            48.7211023,
            -18.9682637
          ],
          [
            48.7212838,
            -18.9682886
          ],
          [
            48.7214246,
            -18.9683101
          ],
          [
            48.7215,
            -18.9683442
          ],
          [
            48.7215754,
            -18.9684137
          ],
          [
            48.7216026,
            -18.9684799
          ],
          [
            48.7216012,
            -18.9685376
          ],
          [
            48.7215891,
            -18.9686036
          ],
          [
            48.7214255,
            -18.9689397
          ],
          [
            48.7213862,
            -18.9690557
          ],
          [
            48.7213994,
            -18.9691591
          ],
          [
            48.721441,
            -18.9692529
          ],
          [
            48.7215181,
            -18.9693163
          ],
          [
            48.7217161,
            -18.9694108
          ],
          [
            48.7220518,
            -18.9695319
          ],
          [
            48.7221908,
            -18.9695884
          ],
          [
            48.7222659,
            -18.9696315
          ],
          [
            48.7223467,
            -18.9696935
          ],
          [
            48.7224647,
            -18.9698555
          ],
          [
            48.722479,
            -18.9698978
          ],
          [
            48.7224837,
            -18.9699435
          ],
          [
            48.7224327,
            -18.9701661
          ],
          [
            48.7223464,
            -18.9704229
          ],
          [
            48.7222927,
            -18.9706131
          ],
          [
            48.7222901,
            -18.9707222
          ],
          [
            48.7223281,
            -18.971135
          ],
          [
            48.7223656,
            -18.9712504
          ],
          [
            48.7224193,
            -18.9713487
          ],
          [
            48.7225038,
            -18.9714064
          ],
          [
            48.7226533,
            -18.9714534
          ],
          [
            48.7227391,
            -18.971447
          ],
          [
            48.7228327,
            -18.9714098
          ],
          [
            48.7229292,
            -18.97134
          ],
          [
            48.7230379,
            -18.9712233
          ],
          [
            48.7233004,
            -18.9708674
          ],
          [
            48.7234354,
            -18.9707399
          ],
          [
            48.723607,
            -18.9706715
          ],
          [
            48.7237921,
            -18.9706715
          ],
          [
            48.7239289,
            -18.9707374
          ],
          [
            48.7240603,
            -18.9708414
          ],
          [
            48.7242266,
            -18.9709784
          ],
          [
            48.7243393,
            -18.9710443
          ],
          [
            48.7244511,
            -18.9710862
          ],
          [
            48.7247952,
            -18.9711559
          ],
          [
            48.7249774,
            -18.9712022
          ],
          [
            48.7251337,
            -18.9712581
          ],
          [
            48.7252564,
            -18.9713265
          ],
          [
            48.7253317,
            -18.9713842
          ],
          [
            48.7254602,
            -18.9715459
          ],
          [
            48.7255588,
            -18.971622
          ],
          [
            48.7256802,
            -18.9716677
          ],
          [
            48.725819,
            -18.971669
          ],
          [
            48.7259813,
            -18.9716094
          ],
          [
            48.7261382,
            -18.9714939
          ],
          [
            48.7262608,
            -18.9713545
          ],
          [
            48.7263246,
            -18.9712466
          ],
          [
            48.7263651,
            -18.9711343
          ],
          [
            48.7264421,
            -18.9707704
          ],
          [
            48.7264797,
            -18.9705624
          ],
          [
            48.726485,
            -18.9704102
          ],
          [
            48.7264833,
            -18.9703627
          ],
          [
            48.7264689,
            -18.9699485
          ],
          [
            48.7264797,
            -18.9697
          ],
          [
            48.7265177,
            -18.9695852
          ],
          [
            48.726633,
            -18.9694558
          ],
          [
            48.7267672,
            -18.9693886
          ],
          [
            48.7269462,
            -18.9693772
          ],
          [
            48.7270481,
            -18.9694121
          ],
          [
            48.7271413,
            -18.9694749
          ],
          [
            48.7272575,
            -18.9696289
          ],
          [
            48.7274075,
            -18.9698687
          ],
          [
            48.7274873,
            -18.9699378
          ],
          [
            48.727596,
            -18.9699746
          ],
          [
            48.7277321,
            -18.969972
          ],
          [
            48.7278253,
            -18.9699365
          ],
          [
            48.7278816,
            -18.9698788
          ],
          [
            48.7279238,
            -18.9697923
          ],
          [
            48.7280183,
            -18.9695204
          ],
          [
            48.7280859,
            -18.969352
          ],
          [
            48.7281406,
            -18.969212
          ],
          [
            48.7282316,
            -18.9691109
          ],
          [
            48.7283121,
            -18.9690595
          ],
          [
            48.7284419,
            -18.9690394
          ],
          [
            48.728575,
            -18.9690665
          ],
          [
            48.7287419,
            -18.969173
          ],
          [
            48.7288693,
            -18.9692929
          ],
          [
            48.7289766,
            -18.9693474
          ],
          [
            48.7291255,
            -18.9693753
          ],
          [
            48.7292737,
            -18.9693798
          ],
          [
            48.7298504,
            -18.9693214
          ],
          [
            48.7300757,
            -18.9693189
          ],
          [
            48.7302741,
            -18.9693595
          ],
          [
            48.7304109,
            -18.9694241
          ],
          [
            48.7307281,
            -18.9696328
          ],
          [
            48.7308488,
            -18.9696715
          ],
          [
            48.730991,
            -18.9696556
          ],
          [
            48.7310748,
            -18.9696087
          ],
          [
            48.7311539,
            -18.9695421
          ],
          [
            48.731233,
            -18.9694051
          ],
          [
            48.7312907,
            -18.9692732
          ],
          [
            48.7313645,
            -18.9690754
          ],
          [
            48.7314422,
            -18.9688991
          ],
          [
            48.7315013,
            -18.9687837
          ],
          [
            48.731579,
            -18.9686746
          ],
          [
            48.7317267,
            -18.9685515
          ],
          [
            48.7321957,
            -18.9682325
          ],
          [
            48.7322797,
            -18.9681715
          ],
          [
            48.7324494,
            -18.9680687
          ],
          [
            48.7325835,
            -18.9679952
          ],
          [
            48.7327364,
            -18.9679444
          ],
          [
            48.7328947,
            -18.967914
          ],
          [
            48.7330663,
            -18.9678861
          ],
          [
            48.7333024,
            -18.9678658
          ],
          [
            48.7334713,
            -18.9678683
          ],
          [
            48.7335813,
            -18.9678912
          ],
          [
            48.7336805,
            -18.9679444
          ]
        ]
      },
      "id": "way/46354824"
    },
    {
      "type": "Feature",
      "properties": {
        "@id": "way/46486948",
        "highway": "primary",
        "ref": "N 2"
      },
      "geometry": {
        "type": "LineString",
        "coordinates": [
          [
            48.8528219,
            -18.9611464
          ],
          [
            48.852127,
            -18.961069
          ],
          [
            48.851974,
            -18.961056
          ],
          [
            48.8517829,
            -18.9610347
          ],
          [
            48.851318,
            -18.960983
          ],
          [
            48.8509235,
            -18.9609569
          ],
          [
            48.850726,
            -18.9609254
          ],
          [
            48.8505963,
            -18.9608849
          ],
          [
            48.8494199,
            -18.9605495
          ],
          [
            48.848676,
            -18.9603173
          ],
          [
            48.848384,
            -18.9602873
          ],
          [
            48.8481519,
            -18.9602874
          ],
          [
            48.847983,
            -18.9603264
          ],
          [
            48.847521,
            -18.9604727
          ],
          [
            48.8473845,
            -18.9605152
          ],
          [
            48.8472663,
            -18.9605494
          ],
          [
            48.847101,
            -18.9605685
          ],
          [
            48.8467187,
            -18.9606095
          ],
          [
            48.8462155,
            -18.9606519
          ],
          [
            48.8459435,
            -18.960681
          ],
          [
            48.8456601,
            -18.9607528
          ],
          [
            48.8454295,
            -18.9608281
          ],
          [
            48.8448721,
            -18.9610286
          ],
          [
            48.8445563,
            -18.9611263
          ],
          [
            48.8443913,
            -18.9611899
          ],
          [
            48.8443655,
            -18.9611968
          ],
          [
            48.8442448,
            -18.9612095
          ],
          [
            48.8441416,
            -18.9611913
          ],
          [
            48.8439819,
            -18.9610776
          ],
          [
            48.8437898,
            -18.9608325
          ],
          [
            48.8437016,
            -18.9607022
          ],
          [
            48.8435689,
            -18.960503
          ],
          [
            48.8433516,
            -18.9602
          ],
          [
            48.8432685,
            -18.9600883
          ],
          [
            48.8431227,
            -18.9598776
          ],
          [
            48.8429568,
            -18.9596657
          ],
          [
            48.8428616,
            -18.9595737
          ],
          [
            48.842694,
            -18.9594189
          ],
          [
            48.8424472,
            -18.9592535
          ],
          [
            48.842197,
            -18.9591518
          ],
          [
            48.8420883,
            -18.9591272
          ],
          [
            48.841854,
            -18.9591191
          ],
          [
            48.841618,
            -18.959127
          ],
          [
            48.841492,
            -18.959127
          ],
          [
            48.8412675,
            -18.959132
          ],
          [
            48.840992,
            -18.959091
          ],
          [
            48.840866,
            -18.9590623
          ],
          [
            48.840679,
            -18.958874
          ],
          [
            48.84042,
            -18.958406
          ],
          [
            48.840355,
            -18.958296
          ],
          [
            48.8402,
            -18.9580995
          ],
          [
            48.8401034,
            -18.9580006
          ],
          [
            48.8399774,
            -18.9579067
          ],
          [
            48.8395895,
            -18.9576589
          ],
          [
            48.8393819,
            -18.9575262
          ],
          [
            48.8390118,
            -18.9573106
          ],
          [
            48.838898,
            -18.95727
          ],
          [
            48.8387821,
            -18.9572347
          ],
          [
            48.83876,
            -18.957228
          ],
          [
            48.8386765,
            -18.9572091
          ],
          [
            48.838455,
            -18.957193
          ],
          [
            48.837944,
            -18.957186
          ],
          [
            48.837765,
            -18.957186
          ],
          [
            48.837234,
            -18.957178
          ],
          [
            48.8371736,
            -18.9571766
          ],
          [
            48.837067,
            -18.957174
          ],
          [
            48.836445,
            -18.957186
          ],
          [
            48.836296,
            -18.957214
          ],
          [
            48.8360613,
            -18.9572899
          ],
          [
            48.835739,
            -18.957394
          ],
          [
            48.835609,
            -18.957443
          ],
          [
            48.8354783,
            -18.9575064
          ],
          [
            48.8353308,
            -18.9575444
          ],
          [
            48.835056,
            -18.957613
          ],
          [
            48.834904,
            -18.957644
          ],
          [
            48.8344306,
            -18.9577114
          ],
          [
            48.8336018,
            -18.9578433
          ],
          [
            48.8332987,
            -18.9578788
          ],
          [
            48.832687,
            -18.957848
          ],
          [
            48.832542,
            -18.957821
          ],
          [
            48.8322472,
            -18.9577672
          ],
          [
            48.8319495,
            -18.9577419
          ],
          [
            48.8317832,
            -18.9577469
          ],
          [
            48.831705,
            -18.9577543
          ],
          [
            48.8312977,
            -18.9577926
          ],
          [
            48.8311,
            -18.957817
          ],
          [
            48.830383,
            -18.957882
          ],
          [
            48.829857,
            -18.957928
          ],
          [
            48.829681,
            -18.957947
          ],
          [
            48.82914,
            -18.957994
          ],
          [
            48.828957,
            -18.958012
          ],
          [
            48.8284056,
            -18.9580859
          ],
          [
            48.8276861,
            -18.9581416
          ],
          [
            48.8274929,
            -18.9581801
          ],
          [
            48.8270153,
            -18.9582127
          ],
          [
            48.826225,
            -18.958254
          ],
          [
            48.826092,
            -18.958263
          ],
          [
            48.8258636,
            -18.9583126
          ],
          [
            48.8257246,
            -18.9583454
          ],
          [
            48.8256235,
            -18.9583989
          ],
          [
            48.8255176,
            -18.9584851
          ]
        ]
      },
      "id": "way/46486948"
    },
    {
      "type": "Feature",
      "properties": {
        "@id": "way/46486972",
        "bridge": "yes",
        "highway": "primary",
        "layer": "1",
        "ref": "N 2"
      },
      "geometry": {
        "type": "LineString",
        "coordinates": [
          [
            48.8532709,
            -18.9611857
          ],
          [
            48.8528219,
            -18.9611464
          ]
        ]
      },
      "id": "way/46486972"
    },
    {
      "type": "Feature",
      "properties": {
        "@id": "way/46490410",
        "highway": "primary",
        "ref": "N 2"
      },
      "geometry": {
        "type": "LineString",
        "coordinates": [
          [
            48.9217565,
            -18.9783126
          ],
          [
            48.9213058,
            -18.9784874
          ],
          [
            48.9207514,
            -18.978687
          ],
          [
            48.9205006,
            -18.9787332
          ],
          [
            48.920204,
            -18.978733
          ],
          [
            48.920063,
            -18.97872
          ],
          [
            48.9196122,
            -18.9786609
          ],
          [
            48.9193413,
            -18.9785416
          ],
          [
            48.9190891,
            -18.978316
          ],
          [
            48.9188746,
            -18.9779887
          ],
          [
            48.9185205,
            -18.9774713
          ],
          [
            48.9181289,
            -18.9768626
          ],
          [
            48.9177427,
            -18.9762893
          ],
          [
            48.9173081,
            -18.9756299
          ],
          [
            48.9170426,
            -18.975262
          ],
          [
            48.9168924,
            -18.9751378
          ],
          [
            48.9167834,
            -18.9750579
          ],
          [
            48.9166098,
            -18.9749964
          ],
          [
            48.916332,
            -18.9749722
          ],
          [
            48.9160529,
            -18.975049
          ],
          [
            48.9155916,
            -18.975186
          ],
          [
            48.915326,
            -18.9752291
          ],
          [
            48.9150473,
            -18.9752244
          ],
          [
            48.914672,
            -18.9751808
          ],
          [
            48.9138541,
            -18.9751063
          ],
          [
            48.9133036,
            -18.975082
          ],
          [
            48.9130595,
            -18.9751226
          ],
          [
            48.9124976,
            -18.9753039
          ],
          [
            48.912338,
            -18.9753813
          ],
          [
            48.9121691,
            -18.9754117
          ],
          [
            48.912026,
            -18.9754166
          ],
          [
            48.9118579,
            -18.975394
          ],
          [
            48.9116246,
            -18.9753432
          ],
          [
            48.911175,
            -18.975256
          ],
          [
            48.909855,
            -18.975042
          ],
          [
            48.909195,
            -18.974937
          ],
          [
            48.9086938,
            -18.9748514
          ],
          [
            48.908539,
            -18.974825
          ],
          [
            48.907757,
            -18.974689
          ],
          [
            48.907616,
            -18.974667
          ],
          [
            48.907093,
            -18.974554
          ],
          [
            48.906971,
            -18.974501
          ],
          [
            48.906666,
            -18.974239
          ],
          [
            48.90659,
            -18.974127
          ],
          [
            48.906303,
            -18.973652
          ],
          [
            48.906223,
            -18.973541
          ],
          [
            48.905926,
            -18.973253
          ],
          [
            48.9058,
            -18.973181
          ],
          [
            48.905258,
            -18.972912
          ],
          [
            48.905117,
            -18.972849
          ],
          [
            48.904549,
            -18.972589
          ],
          [
            48.904411,
            -18.972527
          ],
          [
            48.903831,
            -18.9723
          ],
          [
            48.903683,
            -18.97226
          ],
          [
            48.9034912,
            -18.9722287
          ],
          [
            48.903071,
            -18.97216
          ],
          [
            48.9029422,
            -18.9721498
          ],
          [
            48.9027974,
            -18.9721447
          ],
          [
            48.9022878,
            -18.9721701
          ],
          [
            48.9020732,
            -18.9721955
          ],
          [
            48.9015689,
            -18.9722716
          ],
          [
            48.9013222,
            -18.9723172
          ],
          [
            48.9008648,
            -18.9722166
          ],
          [
            48.900776,
            -18.972197
          ],
          [
            48.9006516,
            -18.9721397
          ],
          [
            48.9004585,
            -18.9719723
          ],
          [
            48.9000776,
            -18.9715512
          ],
          [
            48.899906,
            -18.9713939
          ],
          [
            48.8996163,
            -18.9710946
          ],
          [
            48.8994929,
            -18.9709323
          ],
          [
            48.8993749,
            -18.9707649
          ],
          [
            48.8993026,
            -18.970409
          ],
          [
            48.8992592,
            -18.9702778
          ],
          [
            48.8991335,
            -18.9700648
          ],
          [
            48.898994,
            -18.969943
          ],
          [
            48.898781,
            -18.969845
          ],
          [
            48.8986185,
            -18.969801
          ],
          [
            48.89842,
            -18.969806
          ],
          [
            48.8982644,
            -18.9699024
          ],
          [
            48.8980231,
            -18.9700546
          ],
          [
            48.8977066,
            -18.9701967
          ],
          [
            48.8974866,
            -18.9702779
          ],
          [
            48.8972226,
            -18.9702464
          ],
          [
            48.896763,
            -18.970028
          ],
          [
            48.896648,
            -18.969961
          ],
          [
            48.896156,
            -18.969694
          ],
          [
            48.8960297,
            -18.9696406
          ],
          [
            48.895874,
            -18.969582
          ],
          [
            48.895393,
            -18.969469
          ],
          [
            48.895222,
            -18.969448
          ],
          [
            48.895046,
            -18.969431
          ],
          [
            48.894512,
            -18.969398
          ],
          [
            48.8943377,
            -18.9693951
          ],
          [
            48.8939407,
            -18.9693584
          ]
        ]
      },
      "id": "way/46490410"
    },
    {
      "type": "Feature",
      "properties": {
        "@id": "way/46490411",
        "bridge": "yes",
        "highway": "primary",
        "layer": "1",
        "ref": "N 2"
      },
      "geometry": {
        "type": "LineString",
        "coordinates": [
          [
            48.922718,
            -18.9779659
          ],
          [
            48.9217565,
            -18.9783126
          ]
        ]
      },
      "id": "way/46490411"
    },
    {
      "type": "Feature",
      "properties": {
        "@id": "way/46491177",
        "highway": "primary",
        "ref": "N 2",
        "source": "GPS"
      },
      "geometry": {
        "type": "LineString",
        "coordinates": [
          [
            49.0706722,
            -18.8248136
          ],
          [
            49.0705098,
            -18.8247095
          ]
        ]
      },
      "id": "way/46491177"
    },
    {
      "type": "Feature",
      "properties": {
        "@id": "way/46617918",
        "highway": "primary",
        "ref": "N 2"
      },
      "geometry": {
        "type": "LineString",
        "coordinates": [
          [
            49.2379179,
            -18.3089663
          ],
          [
            49.237892,
            -18.308643
          ],
          [
            49.237911,
            -18.308559
          ],
          [
            49.23798,
            -18.308405
          ],
          [
            49.238094,
            -18.30826
          ],
          [
            49.238602,
            -18.307798
          ],
          [
            49.239002,
            -18.307457
          ],
          [
            49.239101,
            -18.307375
          ],
          [
            49.239475,
            -18.30707
          ],
          [
            49.239578,
            -18.307013
          ],
          [
            49.23991,
            -18.306902
          ],
          [
            49.240395,
            -18.306837
          ],
          [
            49.240444,
            -18.306826
          ],
          [
            49.240692,
            -18.306747
          ],
          [
            49.240913,
            -18.306622
          ],
          [
            49.241283,
            -18.306293
          ],
          [
            49.241737,
            -18.305862
          ],
          [
            49.241798,
            -18.305801
          ],
          [
            49.242119,
            -18.30547
          ],
          [
            49.242195,
            -18.305395
          ],
          [
            49.242424,
            -18.30514
          ],
          [
            49.242496,
            -18.305044
          ],
          [
            49.242771,
            -18.304638
          ],
          [
            49.242851,
            -18.304546
          ],
          [
            49.242947,
            -18.304466
          ],
          [
            49.243526,
            -18.304193
          ],
          [
            49.243702,
            -18.304041
          ],
          [
            49.243767,
            -18.303833
          ],
          [
            49.243656,
            -18.303652
          ],
          [
            49.243248,
            -18.303324
          ],
          [
            49.243153,
            -18.303234
          ],
          [
            49.243004,
            -18.303049
          ],
          [
            49.242912,
            -18.302843
          ],
          [
            49.243023,
            -18.302517
          ],
          [
            49.243107,
            -18.302422
          ],
          [
            49.243313,
            -18.302263
          ],
          [
            49.2436478,
            -18.3021557
          ],
          [
            49.243706,
            -18.302137
          ],
          [
            49.243855,
            -18.302109
          ],
          [
            49.24445,
            -18.301966
          ],
          [
            49.244587,
            -18.301901
          ],
          [
            49.244919,
            -18.301613
          ],
          [
            49.244999,
            -18.301491
          ],
          [
            49.24522,
            -18.301086
          ],
          [
            49.24551,
            -18.300547
          ],
          [
            49.245575,
            -18.300413
          ],
          [
            49.245735,
            -18.29999
          ],
          [
            49.245766,
            -18.299837
          ],
          [
            49.245815,
            -18.299356
          ],
          [
            49.245834,
            -18.299189
          ],
          [
            49.24588,
            -18.298664
          ],
          [
            49.245956,
            -18.297777
          ],
          [
            49.245972,
            -18.297289
          ],
          [
            49.245945,
            -18.297132
          ],
          [
            49.245827,
            -18.296848
          ],
          [
            49.245743,
            -18.296717
          ],
          [
            49.245472,
            -18.296328
          ],
          [
            49.245384,
            -18.296194
          ],
          [
            49.245159,
            -18.295769
          ],
          [
            49.245102,
            -18.295614
          ],
          [
            49.244999,
            -18.295124
          ],
          [
            49.244991,
            -18.29495
          ],
          [
            49.244995,
            -18.294415
          ],
          [
            49.244995,
            -18.293682
          ],
          [
            49.244991,
            -18.293497
          ],
          [
            49.244995,
            -18.292927
          ],
          [
            49.244995,
            -18.292734
          ],
          [
            49.245007,
            -18.29215
          ],
          [
            49.245007,
            -18.291956
          ],
          [
            49.245022,
            -18.291388
          ],
          [
            49.245026,
            -18.291199
          ],
          [
            49.245121,
            -18.290632
          ],
          [
            49.245232,
            -18.290257
          ],
          [
            49.245308,
            -18.290071
          ],
          [
            49.2456531,
            -18.2892973
          ],
          [
            49.2457586,
            -18.2890171
          ],
          [
            49.2457885,
            -18.2888544
          ],
          [
            49.2457225,
            -18.2885829
          ],
          [
            49.2454761,
            -18.2880323
          ],
          [
            49.2452983,
            -18.2875843
          ],
          [
            49.245287,
            -18.2874065
          ],
          [
            49.2453145,
            -18.2872447
          ],
          [
            49.245415,
            -18.2871036
          ],
          [
            49.2456696,
            -18.2867721
          ],
          [
            49.2461312,
            -18.2862727
          ],
          [
            49.247131,
            -18.285004
          ],
          [
            49.2477682,
            -18.2840151
          ],
          [
            49.247936,
            -18.283775
          ],
          [
            49.248203,
            -18.28334
          ],
          [
            49.248268,
            -18.28319
          ],
          [
            49.248329,
            -18.282867
          ],
          [
            49.248337,
            -18.282698
          ],
          [
            49.248302,
            -18.282177
          ],
          [
            49.248211,
            -18.281626
          ],
          [
            49.248177,
            -18.281435
          ],
          [
            49.248081,
            -18.280842
          ],
          [
            49.247948,
            -18.280048
          ],
          [
            49.247917,
            -18.279856
          ],
          [
            49.2478515,
            -18.2794966
          ],
          [
            49.2478665,
            -18.2791383
          ],
          [
            49.24802,
            -18.278666
          ],
          [
            49.248074,
            -18.278555
          ],
          [
            49.248253,
            -18.278156
          ],
          [
            49.2483199,
            -18.2779807
          ]
        ]
      },
      "id": "way/46617918"
    },
    {
      "type": "Feature",
      "properties": {
        "@id": "way/46617919",
        "highway": "primary",
        "ref": "N 2"
      },
      "geometry": {
        "type": "LineString",
        "coordinates": [
          [
            49.1173652,
            -18.5555863
          ],
          [
            49.117481,
            -18.555098
          ],
          [
            49.117512,
            -18.554968
          ],
          [
            49.117588,
            -18.554453
          ],
          [
            49.117588,
            -18.554316
          ],
          [
            49.117504,
            -18.553736
          ],
          [
            49.11747,
            -18.553585
          ],
          [
            49.117355,
            -18.553125
          ],
          [
            49.1172423,
            -18.5526611
          ],
          [
            49.117165,
            -18.552343
          ],
          [
            49.11705,
            -18.551874
          ],
          [
            49.117008,
            -18.551718
          ],
          [
            49.116894,
            -18.551247
          ],
          [
            49.116852,
            -18.551088
          ],
          [
            49.116734,
            -18.550615
          ],
          [
            49.116703,
            -18.550467
          ],
          [
            49.116562,
            -18.549898
          ],
          [
            49.116528,
            -18.549763
          ],
          [
            49.11639,
            -18.549259
          ],
          [
            49.11636,
            -18.549135
          ],
          [
            49.116219,
            -18.548611
          ],
          [
            49.116188,
            -18.548471
          ],
          [
            49.116127,
            -18.547907
          ],
          [
            49.116135,
            -18.547777
          ],
          [
            49.116547,
            -18.546579
          ],
          [
            49.116627,
            -18.546461
          ],
          [
            49.116936,
            -18.545979
          ],
          [
            49.117008,
            -18.545853
          ],
          [
            49.117287,
            -18.545397
          ],
          [
            49.117668,
            -18.544832
          ],
          [
            49.117729,
            -18.544743
          ],
          [
            49.118023,
            -18.544292
          ],
          [
            49.11808,
            -18.544201
          ],
          [
            49.118374,
            -18.543751
          ],
          [
            49.118427,
            -18.543657
          ],
          [
            49.118565,
            -18.54335
          ],
          [
            49.118748,
            -18.542818
          ],
          [
            49.1189331,
            -18.5424047
          ],
          [
            49.1190086,
            -18.5422857
          ],
          [
            49.1191771,
            -18.5420553
          ],
          [
            49.119354,
            -18.541931
          ],
          [
            49.1194695,
            -18.5418433
          ],
          [
            49.1195632,
            -18.5418108
          ],
          [
            49.1198454,
            -18.5417773
          ],
          [
            49.1201138,
            -18.5417643
          ],
          [
            49.120647,
            -18.541746
          ],
          [
            49.1209564,
            -18.541779
          ],
          [
            49.121285,
            -18.5419703
          ],
          [
            49.121422,
            -18.542078
          ],
          [
            49.1216861,
            -18.542195
          ],
          [
            49.1219851,
            -18.542221
          ],
          [
            49.1221748,
            -18.5421963
          ],
          [
            49.1226687,
            -18.5421376
          ],
          [
            49.1230193,
            -18.5419549
          ],
          [
            49.123255,
            -18.5416347
          ],
          [
            49.123457,
            -18.5413612
          ],
          [
            49.1236355,
            -18.5412222
          ],
          [
            49.1238903,
            -18.5411272
          ],
          [
            49.1243506,
            -18.5410513
          ],
          [
            49.1245673,
            -18.5410026
          ],
          [
            49.1250396,
            -18.5409073
          ],
          [
            49.1252217,
            -18.5408349
          ],
          [
            49.1255277,
            -18.5407069
          ],
          [
            49.1257008,
            -18.5406289
          ],
          [
            49.1259641,
            -18.5403923
          ],
          [
            49.1261065,
            -18.5402185
          ],
          [
            49.1262624,
            -18.5398498
          ],
          [
            49.1263487,
            -18.5395629
          ],
          [
            49.1264725,
            -18.5392187
          ],
          [
            49.1265732,
            -18.5390211
          ],
          [
            49.1266722,
            -18.5387721
          ],
          [
            49.1267872,
            -18.5387107
          ],
          [
            49.126904,
            -18.53866
          ],
          [
            49.1271763,
            -18.5386316
          ],
          [
            49.127712,
            -18.5385979
          ],
          [
            49.1279996,
            -18.5385242
          ],
          [
            49.1283795,
            -18.5383399
          ],
          [
            49.1285918,
            -18.5381965
          ],
          [
            49.12883,
            -18.537891
          ],
          [
            49.128906,
            -18.537769
          ],
          [
            49.129055,
            -18.537338
          ],
          [
            49.12907,
            -18.537176
          ],
          [
            49.129074,
            -18.536711
          ],
          [
            49.129097,
            -18.536558
          ],
          [
            49.1292,
            -18.536264
          ],
          [
            49.12928,
            -18.536129
          ],
          [
            49.129601,
            -18.535742
          ],
          [
            49.129715,
            -18.535614
          ],
          [
            49.130058,
            -18.535217
          ],
          [
            49.130177,
            -18.535084
          ],
          [
            49.130428,
            -18.534836
          ],
          [
            49.130573,
            -18.534727
          ],
          [
            49.131073,
            -18.534479
          ],
          [
            49.131248,
            -18.534412
          ],
          [
            49.131775,
            -18.534203
          ],
          [
            49.131947,
            -18.534136
          ],
          [
            49.13245,
            -18.533943
          ],
          [
            49.132622,
            -18.533886
          ],
          [
            49.133144,
            -18.533779
          ],
          [
            49.133327,
            -18.533766
          ],
          [
            49.133865,
            -18.533762
          ],
          [
            49.134029,
            -18.533756
          ],
          [
            49.134495,
            -18.533655
          ],
          [
            49.134636,
            -18.533585
          ],
          [
            49.134892,
            -18.5334
          ],
          [
            49.135006,
            -18.533295
          ],
          [
            49.135319,
            -18.532915
          ],
          [
            49.135418,
            -18.532785
          ],
          [
            49.135738,
            -18.532406
          ],
          [
            49.135849,
            -18.53228
          ],
          [
            49.136208,
            -18.531891
          ],
          [
            49.136326,
            -18.531759
          ],
          [
            49.136669,
            -18.531387
          ],
          [
            49.136784,
            -18.531273
          ],
          [
            49.137253,
            -18.530888
          ],
          [
            49.137379,
            -18.530798
          ],
          [
            49.13789,
            -18.530445
          ],
          [
            49.138149,
            -18.530273
          ],
          [
            49.138653,
            -18.529957
          ],
          [
            49.138775,
            -18.529882
          ],
          [
            49.139076,
            -18.529625
          ]
        ]
      },
      "id": "way/46617919"
    },
    {
      "type": "Feature",
      "properties": {
        "@id": "way/46617920",
        "bridge": "yes",
        "highway": "primary",
        "layer": "1",
        "ref": "N 2"
      },
      "geometry": {
        "type": "LineString",
        "coordinates": [
          [
            49.1237627,
            -18.5813757
          ],
          [
            49.1233349,
            -18.58122
          ]
        ]
      },
      "id": "way/46617920"
    },
    {
      "type": "Feature",
      "properties": {
        "@id": "way/46617921",
        "highway": "primary",
        "ref": "N 2"
      },
      "geometry": {
        "type": "LineString",
        "coordinates": [
          [
            49.1233349,
            -18.58122
          ],
          [
            49.122311,
            -18.580811
          ],
          [
            49.121784,
            -18.580618
          ],
          [
            49.121685,
            -18.58057
          ],
          [
            49.121498,
            -18.58045
          ],
          [
            49.121044,
            -18.58009
          ],
          [
            49.120956,
            -18.580019
          ],
          [
            49.120544,
            -18.579666
          ],
          [
            49.120468,
            -18.579588
          ],
          [
            49.1203,
            -18.579296
          ],
          [
            49.120193,
            -18.578819
          ],
          [
            49.120167,
            -18.57869
          ],
          [
            49.120045,
            -18.578039
          ],
          [
            49.119888,
            -18.577717
          ],
          [
            49.119804,
            -18.577629
          ],
          [
            49.119408,
            -18.577326
          ],
          [
            49.119305,
            -18.57725
          ],
          [
            49.118778,
            -18.576872
          ],
          [
            49.118679,
            -18.576797
          ],
          [
            49.118305,
            -18.57642
          ],
          [
            49.11824,
            -18.576302
          ],
          [
            49.118111,
            -18.575911
          ],
          [
            49.118095,
            -18.575788
          ],
          [
            49.1180905,
            -18.5757091
          ],
          [
            49.118069,
            -18.575335
          ],
          [
            49.118069,
            -18.575289
          ],
          [
            49.118073,
            -18.575197
          ],
          [
            49.118084,
            -18.574747
          ],
          [
            49.118084,
            -18.574657
          ],
          [
            49.118076,
            -18.574183
          ],
          [
            49.11808,
            -18.574085
          ],
          [
            49.1180905,
            -18.5735941
          ],
          [
            49.1180905,
            -18.5734931
          ],
          [
            49.1181403,
            -18.5729967
          ],
          [
            49.1181593,
            -18.5728857
          ],
          [
            49.1181893,
            -18.5727717
          ],
          [
            49.1182879,
            -18.5725483
          ],
          [
            49.1184016,
            -18.5723487
          ],
          [
            49.1184706,
            -18.5722437
          ],
          [
            49.1186258,
            -18.5720118
          ],
          [
            49.1187038,
            -18.5718319
          ],
          [
            49.1187348,
            -18.5717199
          ],
          [
            49.1187458,
            -18.5713689
          ],
          [
            49.1187188,
            -18.5712499
          ],
          [
            49.1185628,
            -18.5707639
          ],
          [
            49.1185208,
            -18.5706359
          ],
          [
            49.1183298,
            -18.5701399
          ],
          [
            49.1182688,
            -18.5700339
          ],
          [
            49.118034,
            -18.569801
          ],
          [
            49.117508,
            -18.569609
          ],
          [
            49.117367,
            -18.569561
          ],
          [
            49.116798,
            -18.569355
          ],
          [
            49.116665,
            -18.56929
          ],
          [
            49.116154,
            -18.568926
          ],
          [
            49.116028,
            -18.568821
          ],
          [
            49.115646,
            -18.568512
          ],
          [
            49.11552,
            -18.568411
          ],
          [
            49.115097,
            -18.567995
          ],
          [
            49.115025,
            -18.567877
          ],
          [
            49.114895,
            -18.567478
          ],
          [
            49.11488,
            -18.567341
          ],
          [
            49.11483,
            -18.566792
          ],
          [
            49.114826,
            -18.566652
          ],
          [
            49.114803,
            -18.56609
          ],
          [
            49.114807,
            -18.565948
          ],
          [
            49.114838,
            -18.565363
          ],
          [
            49.114849,
            -18.565216
          ],
          [
            49.114887,
            -18.564653
          ],
          [
            49.114895,
            -18.564516
          ],
          [
            49.114918,
            -18.564381
          ],
          [
            49.11507,
            -18.563814
          ],
          [
            49.115253,
            -18.563206
          ],
          [
            49.115292,
            -18.563044
          ],
          [
            49.115379,
            -18.562538
          ],
          [
            49.115398,
            -18.562366
          ],
          [
            49.115437,
            -18.561867
          ],
          [
            49.115452,
            -18.561705
          ],
          [
            49.115479,
            -18.561218
          ],
          [
            49.115475,
            -18.561052
          ],
          [
            49.115444,
            -18.560396
          ],
          [
            49.115402,
            -18.559929
          ],
          [
            49.115395,
            -18.559784
          ],
          [
            49.115391,
            -18.559278
          ],
          [
            49.115414,
            -18.559172
          ],
          [
            49.115448,
            -18.559071
          ],
          [
            49.115681,
            -18.558716
          ],
          [
            49.115765,
            -18.558632
          ],
          [
            49.116272,
            -18.558214
          ],
          [
            49.116768,
            -18.557716
          ],
          [
            49.116852,
            -18.557594
          ],
          [
            49.11692,
            -18.557461
          ],
          [
            49.117039,
            -18.557022
          ],
          [
            49.117073,
            -18.556879
          ],
          [
            49.117191,
            -18.556347
          ],
          [
            49.1173149,
            -18.5558177
          ]
        ]
      },
      "id": "way/46617921"
    },
    {
      "type": "Feature",
      "properties": {
        "@id": "way/46617922",
        "bridge": "yes",
        "highway": "primary",
        "layer": "1",
        "ref": "N 2"
      },
      "geometry": {
        "type": "LineString",
        "coordinates": [
          [
            49.1173149,
            -18.5558177
          ],
          [
            49.1173652,
            -18.5555863
          ]
        ]
      },
      "id": "way/46617922"
    },
    {
      "type": "Feature",
      "properties": {
        "@id": "way/46617923",
        "bridge": "yes",
        "highway": "primary",
        "layer": "1",
        "ref": "N 2"
      },
      "geometry": {
        "type": "LineString",
        "coordinates": [
          [
            49.238113,
            -18.3099386
          ],
          [
            49.2379179,
            -18.3089663
          ]
        ]
      },
      "id": "way/46617923"
    },
    {
      "type": "Feature",
      "properties": {
        "@id": "way/46617924",
        "highway": "primary",
        "oneway": "yes",
        "ref": "N 2"
      },
      "geometry": {
        "type": "LineString",
        "coordinates": [
          [
            49.267933,
            -18.254761
          ],
          [
            49.2678826,
            -18.2549372
          ],
          [
            49.2678958,
            -18.2555747
          ]
        ]
      },
      "id": "way/46617924"
    },
    {
      "type": "Feature",
      "properties": {
        "@id": "way/46617925",
        "bridge": "yes",
        "highway": "primary",
        "layer": "1",
        "oneway": "yes",
        "ref": "N 2"
      },
      "geometry": {
        "type": "LineString",
        "coordinates": [
          [
            49.2678958,
            -18.2555747
          ],
          [
            49.2680669,
            -18.2575875
          ]
        ]
      },
      "id": "way/46617925"
    },
    {
      "type": "Feature",
      "properties": {
        "@id": "way/46617926",
        "highway": "primary",
        "oneway": "yes",
        "ref": "N 2"
      },
      "geometry": {
        "type": "LineString",
        "coordinates": [
          [
            49.2680669,
            -18.2575875
          ],
          [
            49.268089,
            -18.258101
          ]
        ]
      },
      "id": "way/46617926"
    },
    {
      "type": "Feature",
      "properties": {
        "@id": "way/46617927",
        "bridge": "yes",
        "highway": "primary",
        "layer": "1",
        "oneway": "yes",
        "ref": "N 2"
      },
      "geometry": {
        "type": "LineString",
        "coordinates": [
          [
            49.2682402,
            -18.257736
          ],
          [
            49.2680618,
            -18.2555717
          ]
        ]
      },
      "id": "way/46617927"
    },
    {
      "type": "Feature",
      "properties": {
        "@id": "way/46617928",
        "highway": "primary",
        "oneway": "yes",
        "ref": "N 2"
      },
      "geometry": {
        "type": "LineString",
        "coordinates": [
          [
            49.2680618,
            -18.2555717
          ],
          [
            49.268044,
            -18.255383
          ],
          [
            49.268021,
            -18.255285
          ],
          [
            49.267933,
            -18.254761
          ]
        ]
      },
      "id": "way/46617928"
    },
    {
      "type": "Feature",
      "properties": {
        "@id": "way/46617929",
        "highway": "primary",
        "ref": "N 2"
      },
      "geometry": {
        "type": "LineString",
        "coordinates": [
          [
            49.267933,
            -18.254761
          ],
          [
            49.267948,
            -18.254644
          ],
          [
            49.26804,
            -18.254416
          ],
          [
            49.26833,
            -18.25396
          ],
          [
            49.268383,
            -18.253838
          ],
          [
            49.268425,
            -18.253704
          ],
          [
            49.2684724,
            -18.2533496
          ],
          [
            49.268497,
            -18.253166
          ],
          [
            49.268513,
            -18.253031
          ],
          [
            49.26865,
            -18.252518
          ],
          [
            49.268707,
            -18.252392
          ],
          [
            49.269119,
            -18.251753
          ],
          [
            49.269306,
            -18.251324
          ],
          [
            49.269348,
            -18.251171
          ],
          [
            49.269501,
            -18.250582
          ],
          [
            49.269665,
            -18.249893
          ],
          [
            49.26984,
            -18.249424
          ],
          [
            49.26992,
            -18.249331
          ],
          [
            49.270023,
            -18.249252
          ],
          [
            49.270519,
            -18.248981
          ],
          [
            49.270641,
            -18.248917
          ],
          [
            49.270954,
            -18.248672
          ],
          [
            49.271023,
            -18.248566
          ],
          [
            49.271072,
            -18.248447
          ],
          [
            49.27108,
            -18.247932
          ],
          [
            49.271076,
            -18.247799
          ],
          [
            49.2710501,
            -18.2471799
          ],
          [
            49.271061,
            -18.247074
          ],
          [
            49.271072,
            -18.246605
          ],
          [
            49.271099,
            -18.246447
          ],
          [
            49.271198,
            -18.246136
          ],
          [
            49.271469,
            -18.245525
          ],
          [
            49.271534,
            -18.245373
          ],
          [
            49.27174,
            -18.244923
          ],
          [
            49.271809,
            -18.244774
          ],
          [
            49.272007,
            -18.244322
          ],
          [
            49.272076,
            -18.244171
          ],
          [
            49.272293,
            -18.243721
          ],
          [
            49.272373,
            -18.24357
          ],
          [
            49.272697,
            -18.242973
          ],
          [
            49.272934,
            -18.242544
          ],
          [
            49.273014,
            -18.242401
          ],
          [
            49.273247,
            -18.241949
          ],
          [
            49.273319,
            -18.241789
          ],
          [
            49.273491,
            -18.241289
          ],
          [
            49.27354,
            -18.241127
          ],
          [
            49.273693,
            -18.240658
          ],
          [
            49.273769,
            -18.240519
          ],
          [
            49.273956,
            -18.240265
          ],
          [
            49.274067,
            -18.240154
          ],
          [
            49.274334,
            -18.239969
          ],
          [
            49.274929,
            -18.239651
          ],
          [
            49.275074,
            -18.239576
          ],
          [
            49.2754984,
            -18.239253
          ],
          [
            49.2756314,
            -18.2390891
          ],
          [
            49.275715,
            -18.2388346
          ],
          [
            49.276212,
            -18.2369035
          ],
          [
            49.276399,
            -18.2363682
          ],
          [
            49.2766574,
            -18.235786
          ],
          [
            49.2770235,
            -18.2350896
          ]
        ]
      },
      "id": "way/46617929"
    },
    {
      "type": "Feature",
      "properties": {
        "@id": "way/46617930",
        "highway": "primary",
        "oneway": "yes",
        "ref": "N 2"
      },
      "geometry": {
        "type": "LineString",
        "coordinates": [
          [
            49.268089,
            -18.258101
          ],
          [
            49.2682402,
            -18.257736
          ]
        ]
      },
      "id": "way/46617930"
    },
    {
      "type": "Feature",
      "properties": {
        "@id": "way/46618141",
        "highway": "primary",
        "ref": "N 2"
      },
      "geometry": {
        "type": "LineString",
        "coordinates": [
          [
            49.3105385,
            -18.2124457
          ],
          [
            49.311085,
            -18.212166
          ],
          [
            49.3116,
            -18.211899
          ],
          [
            49.311722,
            -18.211832
          ],
          [
            49.312145,
            -18.21151
          ],
          [
            49.312225,
            -18.211401
          ],
          [
            49.312492,
            -18.210924
          ],
          [
            49.31258,
            -18.210815
          ],
          [
            49.312687,
            -18.210722
          ],
          [
            49.313095,
            -18.210527
          ],
          [
            49.313881,
            -18.210258
          ],
          [
            49.314373,
            -18.210091
          ],
          [
            49.314537,
            -18.210032
          ],
          [
            49.315022,
            -18.209864
          ],
          [
            49.315182,
            -18.209806
          ],
          [
            49.31567,
            -18.209637
          ],
          [
            49.31583,
            -18.209583
          ],
          [
            49.316303,
            -18.209507
          ],
          [
            49.3163905,
            -18.2095095
          ],
          [
            49.316448,
            -18.209515
          ],
          [
            49.316856,
            -18.209469
          ],
          [
            49.316975,
            -18.209402
          ],
          [
            49.317181,
            -18.209219
          ],
          [
            49.3176,
            -18.208778
          ],
          [
            49.317711,
            -18.208658
          ],
          [
            49.318062,
            -18.208309
          ],
          [
            49.31818,
            -18.208204
          ],
          [
            49.318432,
            -18.208019
          ],
          [
            49.318829,
            -18.207685
          ],
          [
            49.31889,
            -18.207588
          ],
          [
            49.31892,
            -18.207479
          ],
          [
            49.3189216,
            -18.2074138
          ],
          [
            49.318928,
            -18.207161
          ],
          [
            49.318943,
            -18.206778
          ],
          [
            49.318981,
            -18.206688
          ],
          [
            49.319107,
            -18.206537
          ],
          [
            49.319542,
            -18.206234
          ],
          [
            49.31963,
            -18.206171
          ],
          [
            49.319923,
            -18.205879
          ],
          [
            49.319969,
            -18.205782
          ],
          [
            49.320152,
            -18.205254
          ],
          [
            49.320187,
            -18.205145
          ],
          [
            49.320415,
            -18.204756
          ],
          [
            49.320503,
            -18.204678
          ],
          [
            49.320801,
            -18.204498
          ],
          [
            49.321251,
            -18.204334
          ],
          [
            49.321384,
            -18.204309
          ],
          [
            49.321945,
            -18.204254
          ],
          [
            49.322083,
            -18.204231
          ],
          [
            49.322472,
            -18.204109
          ],
          [
            49.322601,
            -18.204046
          ],
          [
            49.323074,
            -18.203764
          ],
          [
            49.323185,
            -18.203701
          ],
          [
            49.323425,
            -18.203642
          ],
          [
            49.323921,
            -18.203684
          ],
          [
            49.324039,
            -18.203686
          ],
          [
            49.324265,
            -18.203644
          ],
          [
            49.3242852,
            -18.2036283
          ],
          [
            49.324532,
            -18.203436
          ],
          [
            49.324848,
            -18.203018
          ],
          [
            49.32494,
            -18.202909
          ],
          [
            49.325249,
            -18.202616
          ],
          [
            49.325356,
            -18.20253
          ],
          [
            49.325684,
            -18.202318
          ],
          [
            49.325802,
            -18.202282
          ],
          [
            49.326084,
            -18.202139
          ],
          [
            49.32618,
            -18.201969
          ],
          [
            49.326168,
            -18.201679
          ],
          [
            49.325989,
            -18.201185
          ],
          [
            49.32597,
            -18.201069
          ],
          [
            49.325966,
            -18.200508
          ],
          [
            49.32597,
            -18.200357
          ],
          [
            49.325974,
            -18.199877
          ],
          [
            49.325974,
            -18.199718
          ],
          [
            49.325901,
            -18.19916
          ],
          [
            49.32589,
            -18.199036
          ],
          [
            49.325935,
            -18.198671
          ],
          [
            49.325981,
            -18.198559
          ],
          [
            49.326122,
            -18.198349
          ],
          [
            49.326416,
            -18.198109
          ],
          [
            49.326553,
            -18.198057
          ],
          [
            49.327118,
            -18.197882
          ],
          [
            49.327236,
            -18.197817
          ],
          [
            49.327351,
            -18.197737
          ],
          [
            49.327515,
            -18.197531
          ],
          [
            49.327618,
            -18.197134
          ],
          [
            49.327644,
            -18.196995
          ],
          [
            49.327816,
            -18.196497
          ],
          [
            49.327888,
            -18.196392
          ],
          [
            49.3280446,
            -18.1962498
          ],
          [
            49.328083,
            -18.196215
          ],
          [
            49.328609,
            -18.19595
          ],
          [
            49.328735,
            -18.195881
          ],
          [
            49.329147,
            -18.195612
          ],
          [
            49.329239,
            -18.195564
          ],
          [
            49.329437,
            -18.195517
          ],
          [
            49.329998,
            -18.195538
          ],
          [
            49.330654,
            -18.195465
          ],
          [
            49.330795,
            -18.195459
          ],
          [
            49.33136,
            -18.195377
          ],
          [
            49.331505,
            -18.195314
          ],
          [
            49.331913,
            -18.195066
          ],
          [
            49.332043,
            -18.194971
          ],
          [
            49.332403,
            -18.194722
          ],
          [
            49.332523,
            -18.194639
          ],
          [
            49.332642,
            -18.19459
          ],
          [
            49.332977,
            -18.194548
          ],
          [
            49.333172,
            -18.194717
          ],
          [
            49.333267,
            -18.194952
          ],
          [
            49.333443,
            -18.19525
          ],
          [
            49.333775,
            -18.195404
          ],
          [
            49.333897,
            -18.195427
          ],
          [
            49.334133,
            -18.195415
          ],
          [
            49.334465,
            -18.195396
          ],
          [
            49.334675,
            -18.195478
          ],
          [
            49.335091,
            -18.195776
          ],
          [
            49.335213,
            -18.195843
          ],
          [
            49.335487,
            -18.195967
          ],
          [
            49.336044,
            -18.196209
          ],
          [
            49.336178,
            -18.196264
          ],
          [
            49.336685,
            -18.196482
          ],
          [
            49.336803,
            -18.196539
          ],
          [
            49.3369989,
            -18.1966881
          ],
          [
            49.3371357,
            -18.1969506
          ],
          [
            49.3371947,
            -18.1971723
          ],
          [
            49.3372162,
            -18.1973099
          ],
          [
            49.3372328,
            -18.1974967
          ],
          [
            49.3372564,
            -18.1977609
          ],
          [
            49.3372859,
            -18.1978908
          ],
          [
            49.3373664,
            -18.19811
          ],
          [
            49.3374603,
            -18.1982756
          ],
          [
            49.3375622,
            -18.1984081
          ],
          [
            49.3379082,
            -18.1987062
          ],
          [
            49.338173,
            -18.198933
          ]
        ]
      },
      "id": "way/46618141"
    },
    {
      "type": "Feature",
      "properties": {
        "@id": "way/46618142",
        "bridge": "yes",
        "highway": "primary",
        "layer": "1",
        "ref": "N 2"
      },
      "geometry": {
        "type": "LineString",
        "coordinates": [
          [
            49.3100081,
            -18.2127202
          ],
          [
            49.3105385,
            -18.2124457
          ]
        ]
      },
      "id": "way/46618142"
    },
    {
      "type": "Feature",
      "properties": {
        "@id": "way/46618143",
        "bridge": "yes",
        "highway": "primary",
        "layer": "1",
        "ref": "N 2"
      },
      "geometry": {
        "type": "LineString",
        "coordinates": [
          [
            49.3385119,
            -18.1992081
          ],
          [
            49.3389331,
            -18.199545
          ]
        ]
      },
      "id": "way/46618143"
    },
    {
      "type": "Feature",
      "properties": {
        "@id": "way/46618144",
        "highway": "primary",
        "ref": "N 2"
      },
      "geometry": {
        "type": "LineString",
        "coordinates": [
          [
            49.3389331,
            -18.199545
          ],
          [
            49.3392225,
            -18.1997738
          ],
          [
            49.33931,
            -18.19981
          ],
          [
            49.3393834,
            -18.199835
          ],
          [
            49.339596,
            -18.19986
          ],
          [
            49.340187,
            -18.199862
          ],
          [
            49.3403211,
            -18.199858
          ],
          [
            49.340866,
            -18.199842
          ],
          [
            49.341003,
            -18.199842
          ],
          [
            49.341576,
            -18.199831
          ],
          [
            49.341717,
            -18.199829
          ],
          [
            49.342094,
            -18.199757
          ],
          [
            49.342194,
            -18.199697
          ],
          [
            49.342274,
            -18.199617
          ],
          [
            49.342396,
            -18.199423
          ],
          [
            49.34243,
            -18.198963
          ],
          [
            49.34243,
            -18.198851
          ],
          [
            49.342449,
            -18.198359
          ],
          [
            49.342453,
            -18.198284
          ],
          [
            49.3424642,
            -18.1981953
          ],
          [
            49.342453,
            -18.19809
          ],
          [
            49.342438,
            -18.197563
          ],
          [
            49.342438,
            -18.197466
          ],
          [
            49.342445,
            -18.196936
          ],
          [
            49.342449,
            -18.196821
          ],
          [
            49.342468,
            -18.196333
          ],
          [
            49.342476,
            -18.196203
          ],
          [
            49.34252,
            -18.195893
          ],
          [
            49.342533,
            -18.195801
          ],
          [
            49.342575,
            -18.195669
          ],
          [
            49.3428,
            -18.195107
          ],
          [
            49.342857,
            -18.194958
          ],
          [
            49.34309,
            -18.194378
          ],
          [
            49.343315,
            -18.193823
          ],
          [
            49.343372,
            -18.193687
          ],
          [
            49.3434057,
            -18.1936054
          ],
          [
            49.343601,
            -18.193132
          ],
          [
            49.343658,
            -18.192991
          ],
          [
            49.343887,
            -18.19244
          ],
          [
            49.343945,
            -18.192303
          ],
          [
            49.34412,
            -18.191881
          ],
          [
            49.344345,
            -18.191311
          ],
          [
            49.344406,
            -18.191166
          ],
          [
            49.344582,
            -18.190729
          ],
          [
            49.344639,
            -18.190584
          ],
          [
            49.34481,
            -18.190157
          ],
          [
            49.344872,
            -18.190014
          ],
          [
            49.345047,
            -18.189566
          ],
          [
            49.345112,
            -18.189411
          ],
          [
            49.345306,
            -18.188957
          ],
          [
            49.345371,
            -18.188807
          ],
          [
            49.345554,
            -18.188354
          ],
          [
            49.345619,
            -18.1882
          ],
          [
            49.345798,
            -18.187735
          ],
          [
            49.3458133,
            -18.1876827
          ],
          [
            49.345844,
            -18.187578
          ],
          [
            49.345932,
            -18.187086
          ],
          [
            49.345955,
            -18.186916
          ],
          [
            49.34602,
            -18.186411
          ],
          [
            49.346039,
            -18.186245
          ],
          [
            49.346119,
            -18.185648
          ],
          [
            49.346191,
            -18.185125
          ],
          [
            49.3462563,
            -18.1846109
          ]
        ]
      },
      "id": "way/46618144"
    },
    {
      "type": "Feature",
      "properties": {
        "@id": "way/49476903",
        "bridge": "yes",
        "highway": "primary",
        "layer": "1",
        "ref": "N 2"
      },
      "geometry": {
        "type": "LineString",
        "coordinates": [
          [
            47.6251425,
            -18.8906557
          ],
          [
            47.6251787,
            -18.890563
          ]
        ]
      },
      "id": "way/49476903"
    },
    {
      "type": "Feature",
      "properties": {
        "@id": "way/49477737",
        "bridge": "yes",
        "highway": "primary",
        "layer": "1",
        "ref": "N 2",
        "surface": "asphalt"
      },
      "geometry": {
        "type": "LineString",
        "coordinates": [
          [
            47.6158496,
            -18.8950087
          ],
          [
            47.6159407,
            -18.8947894
          ]
        ]
      },
      "id": "way/49477737"
    },
    {
      "type": "Feature",
      "properties": {
        "@id": "way/49477738",
        "highway": "primary",
        "maxspeed": "30",
        "ref": "N 2",
        "surface": "asphalt"
      },
      "geometry": {
        "type": "LineString",
        "coordinates": [
          [
            47.6159407,
            -18.8947894
          ],
          [
            47.6160097,
            -18.8945792
          ],
          [
            47.6160845,
            -18.8943497
          ],
          [
            47.616118,
            -18.8942748
          ],
          [
            47.6161596,
            -18.8942202
          ],
          [
            47.6162146,
            -18.8941669
          ],
          [
            47.6162937,
            -18.8941187
          ],
          [
            47.6163715,
            -18.8940857
          ],
          [
            47.6165687,
            -18.8940274
          ],
          [
            47.6166317,
            -18.8940121
          ],
          [
            47.6166934,
            -18.8939855
          ],
          [
            47.6167819,
            -18.8939233
          ],
          [
            47.6168684,
            -18.8938601
          ],
          [
            47.6169874,
            -18.8937411
          ],
          [
            47.6172338,
            -18.8934774
          ],
          [
            47.6176365,
            -18.8930708
          ],
          [
            47.6177265,
            -18.8929964
          ],
          [
            47.6178025,
            -18.8929488
          ],
          [
            47.6178628,
            -18.8929159
          ],
          [
            47.6179406,
            -18.892893
          ],
          [
            47.618021,
            -18.8928871
          ],
          [
            47.618092,
            -18.8928874
          ],
          [
            47.6182142,
            -18.8929032
          ],
          [
            47.6184046,
            -18.8929576
          ],
          [
            47.6185481,
            -18.8930098
          ],
          [
            47.6186353,
            -18.8930377
          ],
          [
            47.6186983,
            -18.8930491
          ],
          [
            47.6187694,
            -18.8930542
          ],
          [
            47.6188391,
            -18.8930516
          ],
          [
            47.6189102,
            -18.8930402
          ],
          [
            47.6189719,
            -18.8930174
          ],
          [
            47.6190417,
            -18.8929768
          ],
          [
            47.6191141,
            -18.8929197
          ],
          [
            47.6192079,
            -18.892827
          ],
          [
            47.6194239,
            -18.8925707
          ],
          [
            47.6197558,
            -18.8921681
          ],
          [
            47.6198164,
            -18.8920974
          ],
          [
            47.6198731,
            -18.8920454
          ],
          [
            47.6199281,
            -18.8920023
          ],
          [
            47.6200019,
            -18.8919629
          ],
          [
            47.620081,
            -18.8919325
          ],
          [
            47.620154,
            -18.8919125
          ],
          [
            47.6203972,
            -18.8918538
          ],
          [
            47.6205926,
            -18.8918097
          ],
          [
            47.6207677,
            -18.8917777
          ],
          [
            47.6209655,
            -18.8917567
          ],
          [
            47.621123,
            -18.8917434
          ],
          [
            47.6212075,
            -18.891732
          ],
          [
            47.6212893,
            -18.8917117
          ],
          [
            47.6213658,
            -18.8916787
          ],
          [
            47.6214445,
            -18.8916352
          ],
          [
            47.6216219,
            -18.8915239
          ],
          [
            47.6217221,
            -18.8914643
          ],
          [
            47.6218187,
            -18.8914271
          ],
          [
            47.6219417,
            -18.8913892
          ],
          [
            47.6220739,
            -18.8913539
          ],
          [
            47.6221852,
            -18.8913463
          ],
          [
            47.6223166,
            -18.8913488
          ],
          [
            47.6224432,
            -18.8913616
          ],
          [
            47.6225909,
            -18.8914118
          ],
          [
            47.6228842,
            -18.8915324
          ],
          [
            47.623012,
            -18.8915796
          ],
          [
            47.6230998,
            -18.8916115
          ],
          [
            47.6231951,
            -18.8916356
          ],
          [
            47.6232608,
            -18.8916419
          ],
          [
            47.6233144,
            -18.8916407
          ],
          [
            47.6233882,
            -18.8916295
          ],
          [
            47.6234995,
            -18.891595
          ],
          [
            47.6236193,
            -18.8915433
          ],
          [
            47.6240841,
            -18.8912727
          ],
          [
            47.6242211,
            -18.8911845
          ],
          [
            47.624272,
            -18.8911598
          ],
          [
            47.6243336,
            -18.8911356
          ],
          [
            47.6243994,
            -18.8911153
          ],
          [
            47.6244674,
            -18.8911013
          ],
          [
            47.6246086,
            -18.8910836
          ],
          [
            47.6248225,
            -18.8910555
          ],
          [
            47.6248634,
            -18.891043
          ],
          [
            47.624907,
            -18.8910208
          ],
          [
            47.6249506,
            -18.890991
          ],
          [
            47.6249848,
            -18.8909631
          ],
          [
            47.6250151,
            -18.8909312
          ],
          [
            47.6251425,
            -18.8906557
          ]
        ]
      },
      "id": "way/49477738"
    },
    {
      "type": "Feature",
      "properties": {
        "@id": "way/49477739",
        "highway": "primary",
        "maxspeed": "30",
        "ref": "N 2"
      },
      "geometry": {
        "type": "LineString",
        "coordinates": [
          [
            47.6251787,
            -18.890563
          ],
          [
            47.6251948,
            -18.8905149
          ],
          [
            47.6253477,
            -18.89002
          ],
          [
            47.6254992,
            -18.8894185
          ],
          [
            47.6255221,
            -18.889336
          ],
          [
            47.6255514,
            -18.8892552
          ],
          [
            47.6255822,
            -18.8891879
          ],
          [
            47.6256134,
            -18.889105
          ],
          [
            47.6257466,
            -18.8889399
          ],
          [
            47.625787,
            -18.8889011
          ],
          [
            47.6258323,
            -18.8888599
          ],
          [
            47.625879,
            -18.8888212
          ],
          [
            47.6259708,
            -18.8887613
          ],
          [
            47.626165,
            -18.8886438
          ],
          [
            47.6264698,
            -18.8884686
          ],
          [
            47.6269573,
            -18.8881863
          ],
          [
            47.6270507,
            -18.8881297
          ],
          [
            47.6271225,
            -18.8880935
          ],
          [
            47.6272012,
            -18.8880596
          ],
          [
            47.6273029,
            -18.8880205
          ],
          [
            47.6275536,
            -18.8879394
          ],
          [
            47.6280234,
            -18.8877957
          ],
          [
            47.6282709,
            -18.8877076
          ],
          [
            47.6284646,
            -18.8876176
          ],
          [
            47.6285541,
            -18.8875637
          ],
          [
            47.6286601,
            -18.8874851
          ],
          [
            47.6287419,
            -18.8874142
          ],
          [
            47.6288158,
            -18.8873299
          ],
          [
            47.6290771,
            -18.8869674
          ],
          [
            47.6291413,
            -18.886901
          ],
          [
            47.6292716,
            -18.8867631
          ],
          [
            47.6294697,
            -18.8865705
          ],
          [
            47.6296244,
            -18.886443
          ],
          [
            47.6297522,
            -18.8863468
          ],
          [
            47.6298295,
            -18.8862999
          ],
          [
            47.6299113,
            -18.8862631
          ],
          [
            47.6300012,
            -18.8862352
          ],
          [
            47.6301818,
            -18.8861952
          ],
          [
            47.6303439,
            -18.8861739
          ],
          [
            47.6304589,
            -18.8861598
          ],
          [
            47.6306181,
            -18.8861347
          ],
          [
            47.6307656,
            -18.8860969
          ],
          [
            47.6308635,
            -18.8860703
          ],
          [
            47.6309304,
            -18.8860449
          ],
          [
            47.6310177,
            -18.8859967
          ],
          [
            47.6311069,
            -18.8859324
          ],
          [
            47.6311813,
            -18.8858634
          ],
          [
            47.6312463,
            -18.8857986
          ],
          [
            47.6313223,
            -18.8856725
          ],
          [
            47.6314395,
            -18.8854514
          ],
          [
            47.6315305,
            -18.8852501
          ],
          [
            47.6316076,
            -18.8851039
          ],
          [
            47.6317097,
            -18.8849473
          ],
          [
            47.6317924,
            -18.884829
          ],
          [
            47.6319924,
            -18.8845692
          ],
          [
            47.6321119,
            -18.8844133
          ],
          [
            47.6322244,
            -18.8842778
          ],
          [
            47.6323438,
            -18.8841557
          ],
          [
            47.6324382,
            -18.8840855
          ],
          [
            47.6325345,
            -18.884021
          ],
          [
            47.6326287,
            -18.8839699
          ],
          [
            47.6327844,
            -18.8839096
          ],
          [
            47.6331378,
            -18.8838062
          ],
          [
            47.6332252,
            -18.8837558
          ],
          [
            47.6333343,
            -18.8836986
          ],
          [
            47.6337143,
            -18.8834756
          ],
          [
            47.6339507,
            -18.8833459
          ],
          [
            47.6340142,
            -18.8833065
          ],
          [
            47.6340701,
            -18.883264
          ],
          [
            47.6341076,
            -18.8832228
          ],
          [
            47.6341625,
            -18.8831513
          ],
          [
            47.6341981,
            -18.8831029
          ],
          [
            47.6343262,
            -18.882897
          ],
          [
            47.6346013,
            -18.8824286
          ],
          [
            47.6347933,
            -18.8820742
          ],
          [
            47.6349054,
            -18.8819092
          ]
        ]
      },
      "id": "way/49477739"
    },
    {
      "type": "Feature",
      "properties": {
        "@id": "way/49477740",
        "highway": "primary",
        "maxspeed": "30",
        "ref": "N 2",
        "surface": "asphalt"
      },
      "geometry": {
        "type": "LineString",
        "coordinates": [
          [
            47.6134707,
            -18.8966139
          ],
          [
            47.6140157,
            -18.8969599
          ],
          [
            47.6142261,
            -18.8971463
          ],
          [
            47.6144928,
            -18.8974621
          ],
          [
            47.6146817,
            -18.8977024
          ],
          [
            47.6147664,
            -18.8978298
          ],
          [
            47.6149008,
            -18.8979008
          ],
          [
            47.6150158,
            -18.8979343
          ],
          [
            47.6150894,
            -18.8979277
          ],
          [
            47.6151622,
            -18.8979085
          ],
          [
            47.615252,
            -18.897858
          ],
          [
            47.6153281,
            -18.8978059
          ],
          [
            47.6153946,
            -18.897667
          ],
          [
            47.6154427,
            -18.8974846
          ],
          [
            47.6155006,
            -18.8972854
          ],
          [
            47.6155347,
            -18.8971056
          ],
          [
            47.6155566,
            -18.8969266
          ],
          [
            47.6156102,
            -18.8964337
          ],
          [
            47.6156473,
            -18.89589
          ],
          [
            47.6156527,
            -18.8955737
          ],
          [
            47.6156688,
            -18.895451
          ],
          [
            47.6157063,
            -18.8953343
          ],
          [
            47.6157566,
            -18.8951986
          ],
          [
            47.6158496,
            -18.8950087
          ]
        ]
      },
      "id": "way/49477740"
    },
    {
      "type": "Feature",
      "properties": {
        "@id": "way/52158078",
        "highway": "primary",
        "lane_markings": "no",
        "ref": "N 2",
        "surface": "asphalt"
      },
      "geometry": {
        "type": "LineString",
        "coordinates": [
          [
            48.1826175,
            -18.9244612
          ],
          [
            48.18277,
            -18.924561
          ],
          [
            48.182827,
            -18.924603
          ],
          [
            48.183266,
            -18.924908
          ],
          [
            48.18335,
            -18.924963
          ],
          [
            48.183861,
            -18.925241
          ],
          [
            48.183975,
            -18.925297
          ],
          [
            48.184475,
            -18.925505
          ],
          [
            48.184738,
            -18.925589
          ],
          [
            48.185966,
            -18.926142
          ],
          [
            48.186111,
            -18.926205
          ],
          [
            48.18668,
            -18.926476
          ],
          [
            48.186817,
            -18.926546
          ],
          [
            48.18737,
            -18.926815
          ],
          [
            48.188061,
            -18.927132
          ],
          [
            48.188202,
            -18.927195
          ],
          [
            48.1889,
            -18.927515
          ],
          [
            48.189331,
            -18.927711
          ],
          [
            48.189476,
            -18.92778
          ],
          [
            48.189919,
            -18.927984
          ],
          [
            48.190525,
            -18.928249
          ],
          [
            48.190674,
            -18.928318
          ],
          [
            48.191135,
            -18.928526
          ],
          [
            48.1916488,
            -18.9287542
          ],
          [
            48.191761,
            -18.928804
          ],
          [
            48.19191,
            -18.928873
          ],
          [
            48.192417,
            -18.929104
          ],
          [
            48.192513,
            -18.929153
          ],
          [
            48.192596,
            -18.929203
          ],
          [
            48.192829,
            -18.929409
          ],
          [
            48.1930536,
            -18.9297644
          ],
          [
            48.193699,
            -18.93075
          ],
          [
            48.194061,
            -18.931326
          ],
          [
            48.194138,
            -18.931421
          ],
          [
            48.1943031,
            -18.9315543
          ],
          [
            48.1944591,
            -18.9316525
          ],
          [
            48.1945906,
            -18.9317251
          ],
          [
            48.1950889,
            -18.9319634
          ],
          [
            48.1956066,
            -18.932235
          ],
          [
            48.1959954,
            -18.9324051
          ],
          [
            48.1963833,
            -18.9325518
          ],
          [
            48.197182,
            -18.932898
          ],
          [
            48.197769,
            -18.933128
          ],
          [
            48.19899,
            -18.933598
          ],
          [
            48.199142,
            -18.933651
          ],
          [
            48.1996,
            -18.933825
          ],
          [
            48.199749,
            -18.933884
          ],
          [
            48.200195,
            -18.934055
          ],
          [
            48.200344,
            -18.934109
          ],
          [
            48.2004161,
            -18.9341355
          ],
          [
            48.200928,
            -18.934324
          ],
          [
            48.201069,
            -18.934378
          ],
          [
            48.201618,
            -18.93458
          ],
          [
            48.201744,
            -18.934628
          ],
          [
            48.202236,
            -18.934809
          ],
          [
            48.202351,
            -18.934858
          ],
          [
            48.2026116,
            -18.935004
          ],
          [
            48.202808,
            -18.935114
          ],
          [
            48.2033577,
            -18.9354404
          ],
          [
            48.204613,
            -18.9363944
          ],
          [
            48.2063752,
            -18.9377923
          ],
          [
            48.2069841,
            -18.9382363
          ],
          [
            48.2073676,
            -18.9385432
          ],
          [
            48.2076183,
            -18.9387385
          ],
          [
            48.2077664,
            -18.9388258
          ],
          [
            48.2078703,
            -18.9388738
          ],
          [
            48.2079279,
            -18.9389004
          ]
        ]
      },
      "id": "way/52158078"
    },
    {
      "type": "Feature",
      "properties": {
        "@id": "way/52158091",
        "bridge": "yes",
        "highway": "primary",
        "layer": "1",
        "ref": "N 2"
      },
      "geometry": {
        "type": "LineString",
        "coordinates": [
          [
            48.2351477,
            -18.9463895
          ],
          [
            48.2353563,
            -18.9463154
          ]
        ]
      },
      "id": "way/52158091"
    },
    {
      "type": "Feature",
      "properties": {
        "@id": "way/52733156",
        "highway": "primary",
        "name": "Làlana Ratsimba",
        "name:fr": "Rue Ratsimba",
        "oneway": "yes",
        "ref": "N 2"
      },
      "geometry": {
        "type": "LineString",
        "coordinates": [
          [
            47.5309259,
            -18.9022837
          ],
          [
            47.5310415,
            -18.9022408
          ],
          [
            47.5311944,
            -18.9021673
          ],
          [
            47.5314977,
            -18.902025
          ],
          [
            47.5322917,
            -18.9017333
          ],
          [
            47.5324438,
            -18.9016693
          ]
        ]
      },
      "id": "way/52733156"
    },
    {
      "type": "Feature",
      "properties": {
        "@id": "way/53578745",
        "highway": "primary",
        "name": "Rue de Rigny",
        "ref": "N 2",
        "surface": "asphalt"
      },
      "geometry": {
        "type": "LineString",
        "coordinates": [
          [
            49.394385,
            -18.151779
          ],
          [
            49.3944401,
            -18.1518363
          ],
          [
            49.3947525,
            -18.1520746
          ],
          [
            49.3949537,
            -18.1522225
          ],
          [
            49.3950845,
            -18.1522944
          ],
          [
            49.3950936,
            -18.1522994
          ],
          [
            49.395289,
            -18.1524441
          ],
          [
            49.3955492,
            -18.1526633
          ],
          [
            49.3957316,
            -18.1528086
          ],
          [
            49.3958898,
            -18.1529259
          ],
          [
            49.3959863,
            -18.153001
          ],
          [
            49.3961741,
            -18.1531323
          ],
          [
            49.3963136,
            -18.1532419
          ],
          [
            49.3965382,
            -18.153398
          ],
          [
            49.3966908,
            -18.1534894
          ],
          [
            49.3971761,
            -18.1537801
          ],
          [
            49.3977394,
            -18.1541174
          ],
          [
            49.3978724,
            -18.154197
          ],
          [
            49.3982701,
            -18.1544352
          ],
          [
            49.3983024,
            -18.1544545
          ],
          [
            49.3984167,
            -18.154523
          ],
          [
            49.3991099,
            -18.1549381
          ],
          [
            49.3993773,
            -18.1550903
          ],
          [
            49.3997897,
            -18.1553394
          ],
          [
            49.4001089,
            -18.1555166
          ],
          [
            49.4003261,
            -18.1556517
          ],
          [
            49.4004187,
            -18.1557205
          ],
          [
            49.4005367,
            -18.1557919
          ],
          [
            49.4006132,
            -18.1558556
          ],
          [
            49.4006722,
            -18.1559091
          ],
          [
            49.4006963,
            -18.1559378
          ],
          [
            49.4007727,
            -18.15602
          ],
          [
            49.4010123,
            -18.1562571
          ],
          [
            49.4016081,
            -18.1568616
          ],
          [
            49.4017974,
            -18.1570369
          ],
          [
            49.4020405,
            -18.157303
          ],
          [
            49.4022647,
            -18.1575694
          ],
          [
            49.4024924,
            -18.1578719
          ],
          [
            49.4027014,
            -18.158128
          ],
          [
            49.402924,
            -18.1584077
          ],
          [
            49.4030522,
            -18.1585889
          ],
          [
            49.4033248,
            -18.1589764
          ],
          [
            49.4034187,
            -18.1591306
          ],
          [
            49.403573,
            -18.1593867
          ],
          [
            49.403628,
            -18.1594861
          ],
          [
            49.4036776,
            -18.1595766
          ],
          [
            49.4037125,
            -18.159648
          ],
          [
            49.4037966,
            -18.159826
          ],
          [
            49.4038884,
            -18.1600177
          ],
          [
            49.4040249,
            -18.1602864
          ],
          [
            49.4042655,
            -18.1607689
          ],
          [
            49.4043491,
            -18.1609212
          ],
          [
            49.4044729,
            -18.1611682
          ],
          [
            49.4047844,
            -18.1617448
          ],
          [
            49.4053055,
            -18.1627645
          ],
          [
            49.4054036,
            -18.1629764
          ],
          [
            49.4055337,
            -18.1632453
          ],
          [
            49.4055672,
            -18.1633345
          ],
          [
            49.4055873,
            -18.1633906
          ],
          [
            49.4056074,
            -18.1634734
          ],
          [
            49.4056141,
            -18.1635409
          ],
          [
            49.4056182,
            -18.1636378
          ],
          [
            49.4056061,
            -18.1637257
          ],
          [
            49.4055927,
            -18.163783
          ],
          [
            49.4055485,
            -18.163893
          ]
        ]
      },
      "id": "way/53578745"
    },
    {
      "type": "Feature",
      "properties": {
        "@id": "way/53578749",
        "highway": "primary",
        "name": "Rue de Melville",
        "ref": "N 2"
      },
      "geometry": {
        "type": "LineString",
        "coordinates": [
          [
            49.3870785,
            -18.1453064
          ],
          [
            49.3872282,
            -18.1454172
          ],
          [
            49.3876781,
            -18.1457971
          ],
          [
            49.3878776,
            -18.1459603
          ],
          [
            49.3879481,
            -18.1460209
          ],
          [
            49.3881714,
            -18.146213
          ],
          [
            49.3883538,
            -18.1463699
          ],
          [
            49.3891784,
            -18.1470791
          ],
          [
            49.3892595,
            -18.1471464
          ],
          [
            49.3895048,
            -18.1473497
          ],
          [
            49.3897459,
            -18.1475911
          ],
          [
            49.3899506,
            -18.1477972
          ],
          [
            49.390189,
            -18.1480294
          ],
          [
            49.390347,
            -18.1482151
          ],
          [
            49.3905054,
            -18.14833
          ],
          [
            49.3906008,
            -18.1484247
          ],
          [
            49.3907993,
            -18.1486217
          ],
          [
            49.3909881,
            -18.1488091
          ],
          [
            49.391094,
            -18.1489199
          ],
          [
            49.3914761,
            -18.149278
          ],
          [
            49.3916141,
            -18.1494134
          ],
          [
            49.391932,
            -18.1497111
          ],
          [
            49.3922605,
            -18.1500016
          ],
          [
            49.3925589,
            -18.1502924
          ],
          [
            49.3926117,
            -18.1503532
          ]
        ]
      },
      "id": "way/53578749"
    },
    {
      "type": "Feature",
      "properties": {
        "@id": "way/53578750",
        "highway": "primary",
        "maxweight": "3.5",
        "ref": "N 2"
      },
      "geometry": {
        "type": "LineString",
        "coordinates": [
          [
            49.3549186,
            -18.1731353
          ],
          [
            49.3549966,
            -18.1730219
          ],
          [
            49.355064,
            -18.172924
          ],
          [
            49.355358,
            -18.172564
          ],
          [
            49.355431,
            -18.172478
          ],
          [
            49.355747,
            -18.172098
          ],
          [
            49.355831,
            -18.172001
          ],
          [
            49.35619,
            -18.171579
          ],
          [
            49.356285,
            -18.171471
          ],
          [
            49.3569032,
            -18.1707258
          ],
          [
            49.3570051,
            -18.170603
          ],
          [
            49.357728,
            -18.1697316
          ],
          [
            49.358055,
            -18.169306
          ],
          [
            49.358425,
            -18.168793
          ],
          [
            49.358807,
            -18.168259
          ],
          [
            49.359097,
            -18.167814
          ],
          [
            49.3593599,
            -18.1673541
          ],
          [
            49.3594672,
            -18.1671663
          ],
          [
            49.3596206,
            -18.1669147
          ],
          [
            49.3601584,
            -18.1659339
          ],
          [
            49.360849,
            -18.1644147
          ],
          [
            49.361012,
            -18.164042
          ],
          [
            49.361279,
            -18.163445
          ],
          [
            49.3614446,
            -18.1630932
          ],
          [
            49.361553,
            -18.162863
          ],
          [
            49.361855,
            -18.162281
          ],
          [
            49.361923,
            -18.162138
          ],
          [
            49.3620828,
            -18.1618249
          ],
          [
            49.362144,
            -18.161705
          ],
          [
            49.362221,
            -18.161558
          ],
          [
            49.362442,
            -18.16111
          ],
          [
            49.362518,
            -18.160965
          ],
          [
            49.3627074,
            -18.1605854
          ],
          [
            49.362801,
            -18.160398
          ],
          [
            49.36301,
            -18.15999
          ],
          [
            49.363075,
            -18.159855
          ],
          [
            49.3633198,
            -18.159358
          ],
          [
            49.363338,
            -18.159321
          ],
          [
            49.363403,
            -18.159187
          ],
          [
            49.363674,
            -18.158661
          ],
          [
            49.3637208,
            -18.1585699
          ],
          [
            49.3637739,
            -18.1584667
          ],
          [
            49.3639043,
            -18.1581904
          ],
          [
            49.3639348,
            -18.1581258
          ],
          [
            49.364223,
            -18.157558
          ],
          [
            49.364292,
            -18.157415
          ],
          [
            49.3645058,
            -18.1569789
          ],
          [
            49.3645718,
            -18.1568531
          ],
          [
            49.3645869,
            -18.1568243
          ],
          [
            49.364824,
            -18.1563463
          ],
          [
            49.36541,
            -18.155165
          ],
          [
            49.3656129,
            -18.1547627
          ],
          [
            49.365822,
            -18.154348
          ],
          [
            49.3663376,
            -18.1532661
          ],
          [
            49.366707,
            -18.152561
          ],
          [
            49.366791,
            -18.152393
          ],
          [
            49.36705,
            -18.15189
          ],
          [
            49.367367,
            -18.151237
          ],
          [
            49.367439,
            -18.151081
          ],
          [
            49.3675837,
            -18.1507987
          ],
          [
            49.367664,
            -18.150642
          ],
          [
            49.367733,
            -18.150505
          ],
          [
            49.367977,
            -18.150009
          ],
          [
            49.368034,
            -18.149897
          ],
          [
            49.368237,
            -18.149483
          ],
          [
            49.368538,
            -18.148874
          ],
          [
            49.368591,
            -18.148771
          ],
          [
            49.368805,
            -18.148346
          ],
          [
            49.368862,
            -18.148237
          ],
          [
            49.369072,
            -18.1478133
          ],
          [
            49.369087,
            -18.147783
          ],
          [
            49.369144,
            -18.147671
          ],
          [
            49.369408,
            -18.147142
          ],
          [
            49.3694832,
            -18.146993
          ],
          [
            49.369637,
            -18.146688
          ],
          [
            49.3699206,
            -18.1461058
          ],
          [
            49.369967,
            -18.1460191
          ],
          [
            49.370174,
            -18.145632
          ],
          [
            49.37022,
            -18.145535
          ],
          [
            49.370422,
            -18.145123
          ],
          [
            49.37048,
            -18.145016
          ],
          [
            49.3706795,
            -18.1445817
          ],
          [
            49.3708425,
            -18.1442421
          ],
          [
            49.371029,
            -18.143919
          ],
          [
            49.3712298,
            -18.1435167
          ],
          [
            49.371304,
            -18.143368
          ],
          [
            49.371517,
            -18.142929
          ],
          [
            49.371784,
            -18.142395
          ],
          [
            49.371841,
            -18.142294
          ],
          [
            49.3718548,
            -18.1422713
          ],
          [
            49.372116,
            -18.141825
          ],
          [
            49.372177,
            -18.141741
          ],
          [
            49.372456,
            -18.141333
          ],
          [
            49.3727474,
            -18.1408683
          ],
          [
            49.372784,
            -18.14081
          ],
          [
            49.372826,
            -18.140751
          ],
          [
            49.3728487,
            -18.1407151
          ],
          [
            49.373093,
            -18.140329
          ],
          [
            49.373352,
            -18.139935
          ],
          [
            49.373371,
            -18.139914
          ],
          [
            49.3735945,
            -18.139671
          ],
          [
            49.373875,
            -18.139496
          ],
          [
            49.374359,
            -18.139292
          ],
          [
            49.374802,
            -18.139103
          ],
          [
            49.374828,
            -18.139093
          ],
          [
            49.375267,
            -18.138891
          ],
          [
            49.375301,
            -18.138878
          ],
          [
            49.375782,
            -18.13868
          ],
          [
            49.376095,
            -18.1385464
          ]
        ]
      },
      "id": "way/53578750"
    },
    {
      "type": "Feature",
      "properties": {
        "@id": "way/53578756",
        "highway": "primary",
        "oneway": "yes",
        "ref": "N 2"
      },
      "geometry": {
        "type": "LineString",
        "coordinates": [
          [
            49.3546685,
            -18.1734209
          ],
          [
            49.3546023,
            -18.1735309
          ]
        ]
      },
      "id": "way/53578756"
    },
    {
      "type": "Feature",
      "properties": {
        "@id": "way/53578757",
        "highway": "primary",
        "oneway": "yes",
        "ref": "N 2"
      },
      "geometry": {
        "type": "LineString",
        "coordinates": [
          [
            49.3546023,
            -18.1735309
          ],
          [
            49.3547395,
            -18.1734888
          ]
        ]
      },
      "id": "way/53578757"
    },
    {
      "type": "Feature",
      "properties": {
        "@id": "way/53578761",
        "highway": "primary",
        "oneway": "yes",
        "ref": "N 2"
      },
      "geometry": {
        "type": "LineString",
        "coordinates": [
          [
            49.3549103,
            -18.1733203
          ],
          [
            49.3549186,
            -18.1731353
          ]
        ]
      },
      "id": "way/53578761"
    },
    {
      "type": "Feature",
      "properties": {
        "@id": "way/53578762",
        "highway": "primary",
        "oneway": "yes",
        "ref": "N 2"
      },
      "geometry": {
        "type": "LineString",
        "coordinates": [
          [
            49.3549186,
            -18.1731353
          ],
          [
            49.3547863,
            -18.1732478
          ]
        ]
      },
      "id": "way/53578762"
    },
    {
      "type": "Feature",
      "properties": {
        "@id": "way/53578763",
        "bridge": "yes",
        "highway": "primary",
        "layer": "1",
        "name": "Rue de Melville",
        "ref": "N 2"
      },
      "geometry": {
        "type": "LineString",
        "coordinates": [
          [
            49.3926117,
            -18.1503532
          ],
          [
            49.3930399,
            -18.1506881
          ]
        ]
      },
      "id": "way/53578763"
    },
    {
      "type": "Feature",
      "properties": {
        "@id": "way/53578772",
        "highway": "primary",
        "maxweight": "3.5",
        "name": "Rue de Melville",
        "ref": "N 2"
      },
      "geometry": {
        "type": "LineString",
        "coordinates": [
          [
            49.376095,
            -18.1385464
          ],
          [
            49.3763793,
            -18.1385663
          ],
          [
            49.3765786,
            -18.1386387
          ],
          [
            49.376942,
            -18.138876
          ],
          [
            49.376961,
            -18.138891
          ],
          [
            49.377045,
            -18.1389476
          ],
          [
            49.377354,
            -18.139156
          ],
          [
            49.377377,
            -18.139174
          ],
          [
            49.377785,
            -18.139456
          ],
          [
            49.377808,
            -18.139473
          ],
          [
            49.3781567,
            -18.1396405
          ],
          [
            49.3783147,
            -18.1396931
          ],
          [
            49.3784166,
            -18.1397255
          ],
          [
            49.3785195,
            -18.1397434
          ],
          [
            49.379021,
            -18.139826
          ],
          [
            49.379089,
            -18.139845
          ],
          [
            49.3794806,
            -18.139915
          ],
          [
            49.379581,
            -18.139933
          ],
          [
            49.379654,
            -18.13995
          ],
          [
            49.380146,
            -18.140087
          ],
          [
            49.380226,
            -18.140114
          ],
          [
            49.38068,
            -18.140259
          ],
          [
            49.38076,
            -18.14028
          ],
          [
            49.381241,
            -18.14044
          ],
          [
            49.381321,
            -18.140472
          ],
          [
            49.3814557,
            -18.1405248
          ],
          [
            49.3816537,
            -18.1406243
          ],
          [
            49.3817967,
            -18.1407429
          ],
          [
            49.3819885,
            -18.1408772
          ],
          [
            49.382088,
            -18.140949
          ],
          [
            49.382145,
            -18.140995
          ],
          [
            49.382462,
            -18.141262
          ],
          [
            49.3825369,
            -18.1413162
          ],
          [
            49.3828608,
            -18.1415361
          ],
          [
            49.3830061,
            -18.1416554
          ],
          [
            49.38332,
            -18.141922
          ],
          [
            49.3833705,
            -18.1419315
          ],
          [
            49.3838175,
            -18.1422437
          ],
          [
            49.3839005,
            -18.1423183
          ],
          [
            49.3842774,
            -18.1426827
          ],
          [
            49.384693,
            -18.143082
          ],
          [
            49.384754,
            -18.143141
          ],
          [
            49.3851881,
            -18.143529
          ],
          [
            49.3853593,
            -18.1437074
          ],
          [
            49.3862387,
            -18.1445485
          ],
          [
            49.3863315,
            -18.1446341
          ],
          [
            49.3864722,
            -18.1447424
          ],
          [
            49.3866405,
            -18.1448916
          ],
          [
            49.3870785,
            -18.1453064
          ]
        ]
      },
      "id": "way/53578772"
    },
    {
      "type": "Feature",
      "properties": {
        "@id": "way/53578834",
        "highway": "primary",
        "lanes": "2",
        "name": "Boulevard de l'Ivondro",
        "ref": "N 2"
      },
      "geometry": {
        "type": "LineString",
        "coordinates": [
          [
            49.4058463,
            -18.1644077
          ],
          [
            49.4060741,
            -18.1644077
          ],
          [
            49.4064493,
            -18.1643108
          ],
          [
            49.406663,
            -18.1642604
          ],
          [
            49.4070928,
            -18.1641591
          ],
          [
            49.4074532,
            -18.1640608
          ],
          [
            49.4075894,
            -18.1640345
          ],
          [
            49.4078975,
            -18.1639694
          ],
          [
            49.4082514,
            -18.1638573
          ]
        ]
      },
      "id": "way/53578834"
    },
    {
      "type": "Feature",
      "properties": {
        "@id": "way/53578844",
        "highway": "primary",
        "oneway": "yes",
        "ref": "N 2"
      },
      "geometry": {
        "type": "LineString",
        "coordinates": [
          [
            49.4058463,
            -18.1644077
          ],
          [
            49.4056611,
            -18.1643516
          ],
          [
            49.4055807,
            -18.1642854
          ],
          [
            49.4055521,
            -18.164253
          ],
          [
            49.4055287,
            -18.1642123
          ]
        ]
      },
      "id": "way/53578844"
    },
    {
      "type": "Feature",
      "properties": {
        "@id": "way/53578958",
        "highway": "primary",
        "name": "Araben'ny Tanana Mikambana",
        "ref": "N 2"
      },
      "geometry": {
        "type": "LineString",
        "coordinates": [
          [
            49.4229298,
            -18.1628484
          ],
          [
            49.4238522,
            -18.1626585
          ],
          [
            49.424002,
            -18.162598
          ],
          [
            49.4241297,
            -18.162498
          ],
          [
            49.4242391,
            -18.1623184
          ]
        ]
      },
      "id": "way/53578958"
    },
    {
      "type": "Feature",
      "properties": {
        "@id": "way/75405936",
        "highway": "primary",
        "ref": "N 2"
      },
      "geometry": {
        "type": "LineString",
        "coordinates": [
          [
            49.10149,
            -18.756462
          ],
          [
            49.10157,
            -18.756342
          ],
          [
            49.101833,
            -18.755875
          ],
          [
            49.10186,
            -18.755745
          ],
          [
            49.10183,
            -18.755466
          ],
          [
            49.101555,
            -18.754957
          ],
          [
            49.101173,
            -18.754356
          ],
          [
            49.101109,
            -18.754246
          ],
          [
            49.100925,
            -18.75375
          ],
          [
            49.10091,
            -18.753607
          ],
          [
            49.100975,
            -18.75316
          ],
          [
            49.101036,
            -18.753012
          ],
          [
            49.101257,
            -18.752575
          ],
          [
            49.10133,
            -18.752426
          ],
          [
            49.101563,
            -18.751978
          ],
          [
            49.101639,
            -18.751827
          ],
          [
            49.101856,
            -18.751356
          ],
          [
            49.101925,
            -18.751196
          ],
          [
            49.102131,
            -18.75071
          ],
          [
            49.1022,
            -18.750551
          ],
          [
            49.102463,
            -18.749926
          ],
          [
            49.1026425,
            -18.7494564
          ],
          [
            49.1028786,
            -18.7488621
          ],
          [
            49.1030502,
            -18.7484659
          ],
          [
            49.1031951,
            -18.7481763
          ],
          [
            49.1033909,
            -18.7477471
          ],
          [
            49.1035508,
            -18.7474133
          ],
          [
            49.1035759,
            -18.747361
          ],
          [
            49.1037261,
            -18.7469826
          ],
          [
            49.1038281,
            -18.7466473
          ],
          [
            49.103855,
            -18.746342
          ],
          [
            49.10384,
            -18.746004
          ],
          [
            49.1038225,
            -18.7458227
          ],
          [
            49.10379,
            -18.745487
          ],
          [
            49.103725,
            -18.744913
          ],
          [
            49.103668,
            -18.744314
          ],
          [
            49.103661,
            -18.744183
          ],
          [
            49.103611,
            -18.743612
          ],
          [
            49.1036,
            -18.74346
          ],
          [
            49.103554,
            -18.742971
          ],
          [
            49.103539,
            -18.742796
          ],
          [
            49.103485,
            -18.742245
          ],
          [
            49.103409,
            -18.741489
          ],
          [
            49.103394,
            -18.741302
          ],
          [
            49.103291,
            -18.740103
          ],
          [
            49.103283,
            -18.739943
          ],
          [
            49.103249,
            -18.739447
          ],
          [
            49.103233,
            -18.739277
          ],
          [
            49.103191,
            -18.738766
          ],
          [
            49.103176,
            -18.738594
          ],
          [
            49.103111,
            -18.737919
          ],
          [
            49.103062,
            -18.737425
          ],
          [
            49.10305,
            -18.737265
          ],
          [
            49.103001,
            -18.736807
          ],
          [
            49.102982,
            -18.736664
          ],
          [
            49.10289,
            -18.736252
          ],
          [
            49.10284,
            -18.736116
          ],
          [
            49.10257,
            -18.735577
          ],
          [
            49.102264,
            -18.735023
          ],
          [
            49.102188,
            -18.734884
          ],
          [
            49.101948,
            -18.734457
          ],
          [
            49.101864,
            -18.73431
          ],
          [
            49.101612,
            -18.733875
          ],
          [
            49.101517,
            -18.73374
          ],
          [
            49.1012,
            -18.733372
          ],
          [
            49.101089,
            -18.733257
          ],
          [
            49.1005386,
            -18.7326849
          ],
          [
            49.100338,
            -18.732468
          ],
          [
            49.099903,
            -18.732018
          ],
          [
            49.099796,
            -18.731901
          ],
          [
            49.099354,
            -18.731436
          ],
          [
            49.099026,
            -18.731075
          ],
          [
            49.098934,
            -18.730938
          ],
          [
            49.098866,
            -18.730793
          ],
          [
            49.098759,
            -18.730324
          ],
          [
            49.098759,
            -18.730158
          ],
          [
            49.098831,
            -18.729836
          ],
          [
            49.0989751,
            -18.7295358
          ],
          [
            49.0991031,
            -18.7293627
          ],
          [
            49.099312,
            -18.729086
          ],
          [
            49.099621,
            -18.728636
          ],
          [
            49.099697,
            -18.728472
          ],
          [
            49.0998006,
            -18.728124
          ],
          [
            49.099926,
            -18.727797
          ],
          [
            49.100086,
            -18.727324
          ],
          [
            49.1001615,
            -18.727065
          ],
          [
            49.100292,
            -18.726709
          ],
          [
            49.100342,
            -18.726549
          ],
          [
            49.100491,
            -18.726044
          ],
          [
            49.100521,
            -18.725868
          ],
          [
            49.10054,
            -18.725695
          ],
          [
            49.100567,
            -18.72518
          ],
          [
            49.100571,
            -18.725014
          ],
          [
            49.100601,
            -18.724367
          ],
          [
            49.10062,
            -18.723885
          ],
          [
            49.100628,
            -18.723721
          ],
          [
            49.100647,
            -18.723228
          ],
          [
            49.100655,
            -18.72307
          ],
          [
            49.100697,
            -18.722612
          ],
          [
            49.100735,
            -18.722467
          ],
          [
            49.100788,
            -18.722328
          ],
          [
            49.101093,
            -18.721821
          ],
          [
            49.101181,
            -18.721685
          ],
          [
            49.1014319,
            -18.7212976
          ],
          [
            49.10186,
            -18.720644
          ],
          [
            49.102268,
            -18.720024
          ],
          [
            49.102367,
            -18.719872
          ],
          [
            49.102665,
            -18.719419
          ],
          [
            49.1027039,
            -18.7193639
          ],
          [
            49.102768,
            -18.719273
          ],
          [
            49.102985,
            -18.718988
          ],
          [
            49.103107,
            -18.718861
          ],
          [
            49.103516,
            -18.71854
          ],
          [
            49.103657,
            -18.718445
          ],
          [
            49.104115,
            -18.718058
          ],
          [
            49.104187,
            -18.717947
          ],
          [
            49.10424,
            -18.717819
          ],
          [
            49.104252,
            -18.717394
          ],
          [
            49.104225,
            -18.717249
          ],
          [
            49.104115,
            -18.716795
          ],
          [
            49.10408,
            -18.716637
          ],
          [
            49.103962,
            -18.716146
          ],
          [
            49.103924,
            -18.715982
          ],
          [
            49.103802,
            -18.715504
          ],
          [
            49.103771,
            -18.715351
          ],
          [
            49.103741,
            -18.714907
          ],
          [
            49.103767,
            -18.714762
          ],
          [
            49.103889,
            -18.714481
          ],
          [
            49.10397,
            -18.714352
          ],
          [
            49.104221,
            -18.713963
          ],
          [
            49.104301,
            -18.713827
          ],
          [
            49.1045,
            -18.713383
          ],
          [
            49.10453,
            -18.713219
          ],
          [
            49.1045938,
            -18.7127219
          ],
          [
            49.1045962,
            -18.7125447
          ],
          [
            49.1046025,
            -18.712008
          ],
          [
            49.1045983,
            -18.7118163
          ],
          [
            49.1045901,
            -18.7112729
          ],
          [
            49.1045915,
            -18.7110879
          ],
          [
            49.1045952,
            -18.7108252
          ],
          [
            49.1045823,
            -18.7107073
          ],
          [
            49.1045596,
            -18.7105909
          ],
          [
            49.104504,
            -18.710459
          ]
        ]
      },
      "id": "way/75405936"
    },
    {
      "type": "Feature",
      "properties": {
        "@id": "way/75405947",
        "highway": "primary",
        "ref": "N 2"
      },
      "geometry": {
        "type": "LineString",
        "coordinates": [
          [
            48.808102,
            -18.9544694
          ],
          [
            48.8080081,
            -18.954401
          ],
          [
            48.807815,
            -18.9542919
          ],
          [
            48.80748,
            -18.954155
          ],
          [
            48.807365,
            -18.954113
          ],
          [
            48.806904,
            -18.953949
          ],
          [
            48.806797,
            -18.953909
          ],
          [
            48.8062781,
            -18.9537515
          ],
          [
            48.8061574,
            -18.9537465
          ],
          [
            48.8058248,
            -18.9537896
          ],
          [
            48.8053179,
            -18.9539342
          ],
          [
            48.8051623,
            -18.9539798
          ],
          [
            48.804886,
            -18.9540636
          ],
          [
            48.8045829,
            -18.9541955
          ],
          [
            48.8043952,
            -18.9543046
          ],
          [
            48.8041457,
            -18.9545431
          ],
          [
            48.804076,
            -18.9546496
          ],
          [
            48.8039982,
            -18.9549261
          ],
          [
            48.8039044,
            -18.9551036
          ],
          [
            48.8038292,
            -18.9552761
          ],
          [
            48.8036495,
            -18.955408
          ],
          [
            48.8033438,
            -18.9554029
          ],
          [
            48.8030085,
            -18.9552482
          ],
          [
            48.802582,
            -18.9549235
          ],
          [
            48.8024211,
            -18.9548753
          ],
          [
            48.8023004,
            -18.9548753
          ],
          [
            48.80217,
            -18.95491
          ],
          [
            48.80196,
            -18.955006
          ],
          [
            48.801556,
            -18.955332
          ],
          [
            48.801453,
            -18.955421
          ],
          [
            48.8012052,
            -18.9558239
          ],
          [
            48.8009968,
            -18.9560068
          ],
          [
            48.8008243,
            -18.9561461
          ],
          [
            48.8006266,
            -18.9562706
          ],
          [
            48.8002297,
            -18.9565039
          ],
          [
            48.8000473,
            -18.9566181
          ],
          [
            48.7999322,
            -18.9567228
          ],
          [
            48.7998448,
            -18.9568489
          ],
          [
            48.799771,
            -18.9570316
          ],
          [
            48.7997235,
            -18.9573622
          ],
          [
            48.7997085,
            -18.957541
          ],
          [
            48.799696,
            -18.957752
          ],
          [
            48.799667,
            -18.9578801
          ],
          [
            48.7996165,
            -18.9579727
          ],
          [
            48.7995328,
            -18.9580625
          ],
          [
            48.799054,
            -18.9584259
          ],
          [
            48.7988711,
            -18.9585876
          ],
          [
            48.7987771,
            -18.958728
          ],
          [
            48.7987262,
            -18.9588663
          ],
          [
            48.7987074,
            -18.958969
          ],
          [
            48.7987302,
            -18.9594396
          ],
          [
            48.7987222,
            -18.9595549
          ],
          [
            48.7986959,
            -18.9596433
          ],
          [
            48.7986161,
            -18.9597504
          ],
          [
            48.7984941,
            -18.9598569
          ],
          [
            48.7979013,
            -18.9602183
          ],
          [
            48.7977216,
            -18.96033
          ],
          [
            48.7975353,
            -18.9604351
          ],
          [
            48.797452,
            -18.9604922
          ],
          [
            48.7973636,
            -18.9605963
          ],
          [
            48.7972871,
            -18.9607395
          ],
          [
            48.7972429,
            -18.9608911
          ],
          [
            48.7972067,
            -18.961167
          ],
          [
            48.7971691,
            -18.9613611
          ],
          [
            48.7971557,
            -18.9615247
          ],
          [
            48.7971235,
            -18.9616693
          ],
          [
            48.7970806,
            -18.9618443
          ],
          [
            48.7970243,
            -18.961961
          ],
          [
            48.7969439,
            -18.9620556
          ],
          [
            48.7967795,
            -18.9621783
          ],
          [
            48.7966193,
            -18.9622476
          ],
          [
            48.7961203,
            -18.9623618
          ],
          [
            48.7959085,
            -18.9623998
          ],
          [
            48.7956886,
            -18.9624684
          ],
          [
            48.7955705,
            -18.962552
          ],
          [
            48.7954712,
            -18.9626586
          ],
          [
            48.7954069,
            -18.9628311
          ],
          [
            48.7953989,
            -18.9629173
          ],
          [
            48.795372,
            -18.9631101
          ],
          [
            48.7954176,
            -18.9632369
          ],
          [
            48.7955034,
            -18.9633993
          ],
          [
            48.7957717,
            -18.9637899
          ],
          [
            48.7958977,
            -18.9639599
          ],
          [
            48.796174,
            -18.9643201
          ],
          [
            48.7962759,
            -18.9644291
          ],
          [
            48.7964583,
            -18.9645788
          ],
          [
            48.7965764,
            -18.9646549
          ],
          [
            48.7967212,
            -18.9646955
          ],
          [
            48.796919,
            -18.9647048
          ],
          [
            48.7970638,
            -18.9647074
          ],
          [
            48.7972308,
            -18.9647437
          ],
          [
            48.7973622,
            -18.9648274
          ],
          [
            48.7976037,
            -18.9650684
          ],
          [
            48.7978638,
            -18.9653727
          ],
          [
            48.7978719,
            -18.9654463
          ],
          [
            48.7978504,
            -18.9655681
          ],
          [
            48.797776,
            -18.9656662
          ],
          [
            48.7976774,
            -18.9657101
          ],
          [
            48.7971959,
            -18.9658319
          ],
          [
            48.797094,
            -18.9658775
          ],
          [
            48.7968312,
            -18.9660551
          ],
          [
            48.7966407,
            -18.9662149
          ],
          [
            48.796444,
            -18.966417
          ],
          [
            48.796394,
            -18.966509
          ],
          [
            48.7963457,
            -18.9667019
          ],
          [
            48.7962572,
            -18.9672346
          ],
          [
            48.7962357,
            -18.9673513
          ],
          [
            48.7962062,
            -18.9678054
          ],
          [
            48.7962035,
            -18.9679753
          ],
          [
            48.796166,
            -18.9683228
          ],
          [
            48.7961391,
            -18.9683989
          ],
          [
            48.7960828,
            -18.9684978
          ],
          [
            48.795952,
            -18.968678
          ],
          [
            48.7958522,
            -18.9687692
          ],
          [
            48.7956288,
            -18.9689105
          ],
          [
            48.7954277,
            -18.9691134
          ],
          [
            48.7951836,
            -18.9693316
          ],
          [
            48.7950361,
            -18.9695142
          ],
          [
            48.7947839,
            -18.969882
          ],
          [
            48.7946847,
            -18.9700113
          ],
          [
            48.7945855,
            -18.9701686
          ],
          [
            48.7944165,
            -18.9703893
          ],
          [
            48.7943038,
            -18.9705415
          ],
          [
            48.7942368,
            -18.9706353
          ],
          [
            48.794167,
            -18.9706937
          ],
          [
            48.79398,
            -18.9708543
          ],
          [
            48.7937976,
            -18.9709177
          ],
          [
            48.7933443,
            -18.971009
          ],
          [
            48.7932665,
            -18.9710572
          ],
          [
            48.793186,
            -18.9711079
          ],
          [
            48.793037,
            -18.971304
          ],
          [
            48.7929929,
            -18.9714098
          ],
          [
            48.792961,
            -18.971539
          ],
          [
            48.7929875,
            -18.9716888
          ],
          [
            48.7930171,
            -18.9717725
          ],
          [
            48.7930975,
            -18.9719196
          ],
          [
            48.7932048,
            -18.9720414
          ],
          [
            48.7934033,
            -18.9721631
          ],
          [
            48.7937915,
            -18.9723221
          ],
          [
            48.7938398,
            -18.9723576
          ],
          [
            48.7939444,
            -18.9724692
          ],
          [
            48.7939853,
            -18.9726374
          ],
          [
            48.7939605,
            -18.9728345
          ],
          [
            48.7938935,
            -18.9731262
          ],
          [
            48.7938291,
            -18.9732682
          ],
          [
            48.7937486,
            -18.9734077
          ],
          [
            48.7935635,
            -18.9735777
          ],
          [
            48.7933436,
            -18.9737223
          ],
          [
            48.7931565,
            -18.9738271
          ],
          [
            48.7930734,
            -18.9738423
          ],
          [
            48.7929232,
            -18.9738321
          ],
          [
            48.7927757,
            -18.973789
          ],
          [
            48.792595,
            -18.973679
          ],
          [
            48.792473,
            -18.973543
          ],
          [
            48.7923224,
            -18.9733274
          ],
          [
            48.7922446,
            -18.9732107
          ],
          [
            48.792199,
            -18.9730839
          ],
          [
            48.792126,
            -18.972467
          ],
          [
            48.7920944,
            -18.9722722
          ],
          [
            48.7920856,
            -18.972213
          ],
          [
            48.7920293,
            -18.9720786
          ],
          [
            48.7919167,
            -18.9719898
          ],
          [
            48.7916243,
            -18.9718782
          ],
          [
            48.7910966,
            -18.971879
          ],
          [
            48.7909511,
            -18.9718909
          ],
          [
            48.7907553,
            -18.9718554
          ],
          [
            48.7905836,
            -18.9717413
          ],
          [
            48.790469,
            -18.971567
          ],
          [
            48.7904207,
            -18.9714504
          ],
          [
            48.7904019,
            -18.9713134
          ],
          [
            48.7904555,
            -18.9708746
          ],
          [
            48.7904636,
            -18.9707021
          ],
          [
            48.7904368,
            -18.9705068
          ],
          [
            48.7903107,
            -18.9702557
          ],
          [
            48.790072,
            -18.9700959
          ],
          [
            48.7898444,
            -18.9699736
          ],
          [
            48.7895811,
            -18.9698321
          ],
          [
            48.7894363,
            -18.969756
          ],
          [
            48.7888596,
            -18.9694567
          ],
          [
            48.7888109,
            -18.9694318
          ],
          [
            48.7884305,
            -18.9692588
          ],
          [
            48.7882856,
            -18.9691675
          ],
          [
            48.7881616,
            -18.9690728
          ],
          [
            48.788055,
            -18.968962
          ],
          [
            48.7877995,
            -18.9687431
          ],
          [
            48.7875567,
            -18.9685224
          ],
          [
            48.7874059,
            -18.9683964
          ],
          [
            48.7872295,
            -18.9683207
          ],
          [
            48.7870813,
            -18.9682949
          ],
          [
            48.7869573,
            -18.9683017
          ],
          [
            48.7867273,
            -18.9683
          ],
          [
            48.7864383,
            -18.9683207
          ],
          [
            48.7861419,
            -18.9682637
          ],
          [
            48.7860064,
            -18.9682205
          ],
          [
            48.7858884,
            -18.96818
          ],
          [
            48.7857449,
            -18.9681064
          ],
          [
            48.7856658,
            -18.9680379
          ],
          [
            48.7855504,
            -18.9678984
          ],
          [
            48.7854096,
            -18.9676879
          ],
          [
            48.7852239,
            -18.9674845
          ],
          [
            48.7851059,
            -18.9674274
          ],
          [
            48.7849549,
            -18.9673974
          ],
          [
            48.784843,
            -18.9674084
          ],
          [
            48.784222,
            -18.967484
          ],
          [
            48.78405,
            -18.967508
          ],
          [
            48.783539,
            -18.967587
          ],
          [
            48.783371,
            -18.967607
          ],
          [
            48.7831298,
            -18.9676371
          ],
          [
            48.7829031,
            -18.9675915
          ],
          [
            48.7827422,
            -18.9675179
          ],
          [
            48.7824753,
            -18.9673543
          ],
          [
            48.7819013,
            -18.9669675
          ],
          [
            48.7817216,
            -18.9668432
          ],
          [
            48.7813233,
            -18.966573
          ],
          [
            48.781159,
            -18.966461
          ],
          [
            48.7809927,
            -18.9663722
          ],
          [
            48.7807299,
            -18.9662859
          ],
          [
            48.7805555,
            -18.9662479
          ],
          [
            48.7800405,
            -18.966225
          ],
          [
            48.7797958,
            -18.9662141
          ],
          [
            48.7795282,
            -18.966187
          ],
          [
            48.7793056,
            -18.966149
          ],
          [
            48.7791742,
            -18.9661058
          ],
          [
            48.7789784,
            -18.96605
          ],
          [
            48.7787879,
            -18.9660247
          ],
          [
            48.7786458,
            -18.9660247
          ],
          [
            48.778522,
            -18.966068
          ],
          [
            48.778404,
            -18.966125
          ],
          [
            48.7781093,
            -18.9664229
          ],
          [
            48.7778545,
            -18.9665954
          ],
          [
            48.7774737,
            -18.9667324
          ],
          [
            48.7773717,
            -18.9667772
          ],
          [
            48.777358,
            -18.9667832
          ],
          [
            48.7773235,
            -18.9667983
          ],
          [
            48.7771867,
            -18.9668516
          ],
          [
            48.7770767,
            -18.9669581
          ],
          [
            48.7770016,
            -18.9670926
          ],
          [
            48.7769533,
            -18.9672498
          ],
          [
            48.7769372,
            -18.9674071
          ],
          [
            48.7769077,
            -18.9677207
          ],
          [
            48.7768943,
            -18.9678637
          ],
          [
            48.776897,
            -18.9679322
          ],
          [
            48.7769184,
            -18.9680007
          ],
          [
            48.7770545,
            -18.9682713
          ],
          [
            48.7771726,
            -18.9684336
          ],
          [
            48.7774354,
            -18.9688547
          ],
          [
            48.7775052,
            -18.9690754
          ],
          [
            48.777481,
            -18.969329
          ],
          [
            48.7774193,
            -18.9694863
          ],
          [
            48.777304,
            -18.9695979
          ],
          [
            48.7770418,
            -18.969761
          ],
          [
            48.7768513,
            -18.9698523
          ],
          [
            48.7764786,
            -18.9700705
          ],
          [
            48.776306,
            -18.9701581
          ]
        ]
      },
      "id": "way/75405947"
    },
    {
      "type": "Feature",
      "properties": {
        "@id": "way/75405948",
        "highway": "primary",
        "ref": "N 2"
      },
      "geometry": {
        "type": "LineString",
        "coordinates": [
          [
            48.9892638,
            -18.8748111
          ],
          [
            48.9891618,
            -18.8749532
          ],
          [
            48.9890653,
            -18.8752019
          ],
          [
            48.9890599,
            -18.8756283
          ],
          [
            48.9892387,
            -18.8766246
          ],
          [
            48.9894166,
            -18.8776155
          ],
          [
            48.9894435,
            -18.877981
          ],
          [
            48.989414,
            -18.8781992
          ],
          [
            48.9891752,
            -18.8787956
          ],
          [
            48.988705,
            -18.879696
          ],
          [
            48.988167,
            -18.880154
          ],
          [
            48.9873004,
            -18.8807346
          ],
          [
            48.9869356,
            -18.881029
          ],
          [
            48.9861953,
            -18.8818995
          ],
          [
            48.9855593,
            -18.8824243
          ],
          [
            48.984904,
            -18.8828928
          ]
        ]
      },
      "id": "way/75405948"
    },
    {
      "type": "Feature",
      "properties": {
        "@id": "way/75405951",
        "highway": "primary",
        "ref": "N 2"
      },
      "geometry": {
        "type": "LineString",
        "coordinates": [
          [
            49.221747,
            -18.33557
          ],
          [
            49.2219028,
            -18.3352847
          ],
          [
            49.2219752,
            -18.3351223
          ],
          [
            49.2221366,
            -18.3345647
          ],
          [
            49.2222183,
            -18.3343806
          ],
          [
            49.2223463,
            -18.3342167
          ],
          [
            49.2226187,
            -18.3340096
          ],
          [
            49.2230371,
            -18.333759
          ],
          [
            49.2232465,
            -18.3336033
          ],
          [
            49.2233589,
            -18.3334816
          ],
          [
            49.2235185,
            -18.3333087
          ],
          [
            49.2237192,
            -18.3330743
          ],
          [
            49.2238654,
            -18.3329163
          ],
          [
            49.2241196,
            -18.3326127
          ],
          [
            49.2243853,
            -18.332365
          ],
          [
            49.2247896,
            -18.33203
          ],
          [
            49.225136,
            -18.3317077
          ],
          [
            49.2255311,
            -18.331276
          ],
          [
            49.2256991,
            -18.331123
          ],
          [
            49.2261456,
            -18.3307165
          ],
          [
            49.2267722,
            -18.3301726
          ],
          [
            49.2272464,
            -18.3297677
          ],
          [
            49.2273563,
            -18.3296342
          ],
          [
            49.227436,
            -18.3294417
          ],
          [
            49.2274735,
            -18.3292353
          ],
          [
            49.227582,
            -18.3284614
          ],
          [
            49.2276652,
            -18.3278681
          ],
          [
            49.2276957,
            -18.3275926
          ],
          [
            49.227791,
            -18.3271875
          ],
          [
            49.2279332,
            -18.3267753
          ],
          [
            49.2280277,
            -18.3264744
          ],
          [
            49.2280353,
            -18.3264503
          ],
          [
            49.2281764,
            -18.3260113
          ],
          [
            49.2282292,
            -18.3257763
          ],
          [
            49.2282094,
            -18.3255447
          ],
          [
            49.2280318,
            -18.324922
          ],
          [
            49.2280518,
            -18.3246986
          ],
          [
            49.2281032,
            -18.3245814
          ],
          [
            49.228185,
            -18.324509
          ],
          [
            49.2282993,
            -18.3244383
          ],
          [
            49.228802,
            -18.324211
          ],
          [
            49.2291645,
            -18.324039
          ],
          [
            49.229332,
            -18.3239593
          ],
          [
            49.2294652,
            -18.3238107
          ],
          [
            49.229832,
            -18.323254
          ],
          [
            49.229919,
            -18.323116
          ],
          [
            49.2300128,
            -18.322937
          ],
          [
            49.230145,
            -18.322689
          ],
          [
            49.230325,
            -18.3221723
          ],
          [
            49.2304285,
            -18.3219032
          ],
          [
            49.2304668,
            -18.3218036
          ],
          [
            49.2306507,
            -18.3215176
          ],
          [
            49.2306773,
            -18.3214839
          ],
          [
            49.2309704,
            -18.3211125
          ],
          [
            49.2313966,
            -18.3205273
          ]
        ]
      },
      "id": "way/75405951"
    },
    {
      "type": "Feature",
      "properties": {
        "@id": "way/75405953",
        "highway": "primary",
        "ref": "N 2"
      },
      "geometry": {
        "type": "LineString",
        "coordinates": [
          [
            49.139076,
            -18.529625
          ],
          [
            49.139153,
            -18.529526
          ],
          [
            49.13921,
            -18.529417
          ],
          [
            49.139305,
            -18.528967
          ],
          [
            49.13932,
            -18.528856
          ],
          [
            49.139359,
            -18.528391
          ],
          [
            49.139355,
            -18.528263
          ],
          [
            49.139339,
            -18.527994
          ],
          [
            49.139301,
            -18.527435
          ],
          [
            49.139301,
            -18.527287
          ],
          [
            49.139362,
            -18.526821
          ],
          [
            49.139389,
            -18.526661
          ],
          [
            49.139477,
            -18.526167
          ],
          [
            49.139503,
            -18.526001
          ],
          [
            49.139626,
            -18.525347
          ],
          [
            49.139713,
            -18.52486
          ],
          [
            49.139832,
            -18.524244
          ],
          [
            49.139862,
            -18.524107
          ],
          [
            49.139984,
            -18.523602
          ],
          [
            49.140041,
            -18.523493
          ],
          [
            49.140301,
            -18.523239
          ],
          [
            49.140415,
            -18.523184
          ],
          [
            49.140903,
            -18.522968
          ],
          [
            49.141014,
            -18.522896
          ],
          [
            49.141117,
            -18.522808
          ],
          [
            49.141434,
            -18.522341
          ],
          [
            49.141514,
            -18.522209
          ],
          [
            49.142197,
            -18.521004
          ],
          [
            49.142281,
            -18.520853
          ],
          [
            49.142536,
            -18.520418
          ],
          [
            49.142612,
            -18.520281
          ],
          [
            49.142765,
            -18.519835
          ],
          [
            49.142792,
            -18.51967
          ],
          [
            49.142818,
            -18.518969
          ],
          [
            49.142868,
            -18.5184
          ],
          [
            49.142971,
            -18.517645
          ],
          [
            49.142998,
            -18.517481
          ],
          [
            49.143074,
            -18.516924
          ],
          [
            49.143089,
            -18.516819
          ],
          [
            49.143162,
            -18.516279
          ],
          [
            49.143173,
            -18.516172
          ],
          [
            49.143242,
            -18.515657
          ],
          [
            49.143257,
            -18.515551
          ],
          [
            49.143318,
            -18.515087
          ],
          [
            49.143337,
            -18.514959
          ],
          [
            49.143406,
            -18.514435
          ],
          [
            49.143425,
            -18.514296
          ],
          [
            49.143581,
            -18.513216
          ],
          [
            49.1436,
            -18.513056
          ],
          [
            49.143669,
            -18.512575
          ],
          [
            49.143703,
            -18.512413
          ],
          [
            49.143864,
            -18.511938
          ],
          [
            49.143944,
            -18.511786
          ],
          [
            49.144222,
            -18.51133
          ],
          [
            49.144318,
            -18.511177
          ],
          [
            49.144604,
            -18.510706
          ],
          [
            49.144695,
            -18.510553
          ],
          [
            49.14497,
            -18.510105
          ],
          [
            49.145061,
            -18.509954
          ],
          [
            49.145348,
            -18.509502
          ],
          [
            49.145447,
            -18.50935
          ],
          [
            49.145725,
            -18.508902
          ],
          [
            49.145809,
            -18.508759
          ],
          [
            49.145958,
            -18.50832
          ],
          [
            49.145969,
            -18.508167
          ],
          [
            49.145931,
            -18.50786
          ],
          [
            49.145885,
            -18.507708
          ],
          [
            49.145554,
            -18.506208
          ],
          [
            49.145515,
            -18.505825
          ],
          [
            49.145462,
            -18.505268
          ],
          [
            49.145443,
            -18.5051
          ],
          [
            49.145409,
            -18.504644
          ],
          [
            49.145405,
            -18.504501
          ],
          [
            49.145435,
            -18.504047
          ],
          [
            49.145466,
            -18.503891
          ],
          [
            49.145576,
            -18.503395
          ],
          [
            49.145615,
            -18.503223
          ],
          [
            49.145741,
            -18.502687
          ],
          [
            49.145786,
            -18.502502
          ],
          [
            49.145916,
            -18.501953
          ],
          [
            49.145954,
            -18.501781
          ],
          [
            49.146046,
            -18.501223
          ],
          [
            49.14603,
            -18.501104
          ],
          [
            49.145958,
            -18.500889
          ],
          [
            49.145744,
            -18.500612
          ],
          [
            49.145645,
            -18.500536
          ],
          [
            49.14542,
            -18.500431
          ],
          [
            49.144901,
            -18.500351
          ],
          [
            49.144764,
            -18.50034
          ],
          [
            49.144623,
            -18.50033
          ],
          [
            49.144028,
            -18.50029
          ],
          [
            49.143391,
            -18.50024
          ],
          [
            49.143227,
            -18.500229
          ],
          [
            49.14257,
            -18.500179
          ],
          [
            49.14209,
            -18.500147
          ],
          [
            49.14193,
            -18.500134
          ],
          [
            49.141445,
            -18.500044
          ],
          [
            49.141285,
            -18.499985
          ],
          [
            49.14085,
            -18.499773
          ],
          [
            49.140717,
            -18.499695
          ],
          [
            49.140602,
            -18.499609
          ],
          [
            49.140347,
            -18.499269
          ]
        ]
      },
      "id": "way/75405953"
    },
    {
      "type": "Feature",
      "properties": {
        "@id": "way/75405954",
        "highway": "primary",
        "ref": "N 2"
      },
      "geometry": {
        "type": "LineString",
        "coordinates": [
          [
            47.8423446,
            -18.9185471
          ],
          [
            47.8423483,
            -18.9186335
          ],
          [
            47.8423503,
            -18.9186659
          ],
          [
            47.8423449,
            -18.9187116
          ],
          [
            47.8423208,
            -18.9187934
          ],
          [
            47.842306,
            -18.9188302
          ],
          [
            47.8422906,
            -18.9188689
          ],
          [
            47.8422412,
            -18.9189769
          ],
          [
            47.8422014,
            -18.9190649
          ],
          [
            47.8421567,
            -18.9191451
          ],
          [
            47.8420405,
            -18.9193142
          ],
          [
            47.8419331,
            -18.9194466
          ],
          [
            47.8418276,
            -18.9195603
          ],
          [
            47.8417736,
            -18.9196212
          ],
          [
            47.8417146,
            -18.9196935
          ],
          [
            47.8416844,
            -18.9197309
          ],
          [
            47.8416603,
            -18.9197696
          ],
          [
            47.8416456,
            -18.9197924
          ],
          [
            47.8416335,
            -18.9198248
          ],
          [
            47.8416221,
            -18.9198565
          ],
          [
            47.8416127,
            -18.9198933
          ],
          [
            47.8416093,
            -18.9199441
          ],
          [
            47.8416154,
            -18.9200278
          ],
          [
            47.8416342,
            -18.9201318
          ],
          [
            47.8416878,
            -18.9202891
          ],
          [
            47.8417374,
            -18.9203957
          ],
          [
            47.8417763,
            -18.9204769
          ],
          [
            47.8418193,
            -18.9205412
          ],
          [
            47.8418608,
            -18.9206012
          ],
          [
            47.8419192,
            -18.9206691
          ],
          [
            47.8419781,
            -18.9207262
          ],
          [
            47.8420345,
            -18.9207852
          ],
          [
            47.8421029,
            -18.9208797
          ],
          [
            47.8421344,
            -18.9209368
          ],
          [
            47.8421726,
            -18.921025
          ],
          [
            47.8421793,
            -18.9210693
          ],
          [
            47.842176,
            -18.9211201
          ],
          [
            47.8421585,
            -18.9211968
          ],
          [
            47.8421344,
            -18.9212621
          ],
          [
            47.8420372,
            -18.921469
          ],
          [
            47.8419714,
            -18.9215996
          ],
          [
            47.8419426,
            -18.9216497
          ],
          [
            47.8419299,
            -18.9216834
          ],
          [
            47.8419138,
            -18.9217208
          ],
          [
            47.841897,
            -18.9217525
          ],
          [
            47.8418729,
            -18.9218134
          ],
          [
            47.8418608,
            -18.9218648
          ],
          [
            47.8418514,
            -18.9219295
          ],
          [
            47.8418595,
            -18.9220081
          ],
          [
            47.8418749,
            -18.9220582
          ],
          [
            47.8418957,
            -18.9221096
          ],
          [
            47.8419426,
            -18.922154
          ],
          [
            47.8420043,
            -18.9221946
          ],
          [
            47.8420512,
            -18.9222162
          ],
          [
            47.8422014,
            -18.922258
          ],
          [
            47.8423114,
            -18.9222809
          ],
          [
            47.8424207,
            -18.9223037
          ],
          [
            47.8425676,
            -18.9223405
          ],
          [
            47.8427104,
            -18.9223909
          ],
          [
            47.8428907,
            -18.9224614
          ],
          [
            47.8430416,
            -18.922513
          ],
          [
            47.8431261,
            -18.922541
          ],
          [
            47.8432241,
            -18.9225596
          ],
          [
            47.8432555,
            -18.9225923
          ],
          [
            47.8433266,
            -18.9225632
          ],
          [
            47.8434353,
            -18.9225634
          ],
          [
            47.8435083,
            -18.9225528
          ],
          [
            47.8436525,
            -18.9225143
          ],
          [
            47.8437397,
            -18.922501
          ],
          [
            47.8438242,
            -18.9224985
          ],
          [
            47.8438986,
            -18.9225029
          ],
          [
            47.8439912,
            -18.9225298
          ],
          [
            47.8440656,
            -18.92256
          ],
          [
            47.8441388,
            -18.9225888
          ],
          [
            47.8442084,
            -18.9226348
          ],
          [
            47.8442615,
            -18.9226821
          ],
          [
            47.8443237,
            -18.9227547
          ],
          [
            47.8443915,
            -18.9228664
          ],
          [
            47.8444445,
            -18.9229731
          ],
          [
            47.8444807,
            -18.9230722
          ],
          [
            47.8445524,
            -18.9232679
          ],
          [
            47.8445967,
            -18.9233795
          ],
          [
            47.8446248,
            -18.9234315
          ],
          [
            47.8446624,
            -18.9234813
          ],
          [
            47.8447348,
            -18.9235438
          ],
          [
            47.8448146,
            -18.923596
          ],
          [
            47.8450919,
            -18.9237211
          ],
          [
            47.8453743,
            -18.9238482
          ],
          [
            47.845554,
            -18.923922
          ],
          [
            47.845673,
            -18.9239791
          ],
          [
            47.8461516,
            -18.924193
          ],
          [
            47.8462744,
            -18.9242441
          ],
          [
            47.8463998,
            -18.9242948
          ],
          [
            47.8464829,
            -18.9243272
          ],
          [
            47.8465647,
            -18.9243557
          ],
          [
            47.8466573,
            -18.9243843
          ],
          [
            47.8467216,
            -18.9243988
          ],
          [
            47.8467721,
            -18.9244063
          ],
          [
            47.8468531,
            -18.9244039
          ],
          [
            47.8469291,
            -18.9243968
          ],
          [
            47.8470187,
            -18.9243722
          ],
          [
            47.8471105,
            -18.924336
          ],
          [
            47.8472031,
            -18.9242904
          ],
          [
            47.8472896,
            -18.9242409
          ],
          [
            47.8474787,
            -18.9240887
          ],
          [
            47.8476684,
            -18.923894
          ],
          [
            47.8478502,
            -18.9237163
          ],
          [
            47.8479615,
            -18.9236428
          ],
          [
            47.848054,
            -18.9235838
          ],
          [
            47.8481425,
            -18.9235356
          ],
          [
            47.848229,
            -18.9234931
          ],
          [
            47.8483276,
            -18.9234651
          ],
          [
            47.8484529,
            -18.9234442
          ],
          [
            47.8486086,
            -18.9234347
          ],
          [
            47.8487461,
            -18.9234392
          ],
          [
            47.8490157,
            -18.9234749
          ],
          [
            47.8493301,
            -18.923552
          ],
          [
            47.8494682,
            -18.9235869
          ],
          [
            47.8495998,
            -18.9236097
          ],
          [
            47.8498927,
            -18.923665
          ],
          [
            47.8500529,
            -18.9236884
          ],
          [
            47.8501401,
            -18.9237011
          ],
          [
            47.8502239,
            -18.9237159
          ],
          [
            47.8503091,
            -18.9237303
          ],
          [
            47.8503681,
            -18.9237455
          ],
          [
            47.8504479,
            -18.9237717
          ],
          [
            47.8505304,
            -18.9238064
          ],
          [
            47.8506263,
            -18.9238618
          ],
          [
            47.8506947,
            -18.9239104
          ],
          [
            47.8507577,
            -18.9239669
          ],
          [
            47.8508093,
            -18.9240145
          ],
          [
            47.8508644,
            -18.9240775
          ],
          [
            47.8509126,
            -18.9241407
          ],
          [
            47.8509616,
            -18.9242151
          ],
          [
            47.8511366,
            -18.9245856
          ],
          [
            47.8512151,
            -18.9247385
          ],
          [
            47.8512613,
            -18.9248226
          ],
          [
            47.8513069,
            -18.924905
          ],
          [
            47.851337,
            -18.9249424
          ],
          [
            47.8513672,
            -18.9249742
          ],
          [
            47.8514162,
            -18.9250293
          ],
          [
            47.8514706,
            -18.9250836
          ],
          [
            47.8515282,
            -18.9251162
          ],
          [
            47.851559,
            -18.925134
          ],
          [
            47.8515939,
            -18.925145
          ]
        ]
      },
      "id": "way/75405954"
    },
    {
      "type": "Feature",
      "properties": {
        "@id": "way/75405957",
        "highway": "primary",
        "ref": "N 2"
      },
      "geometry": {
        "type": "LineString",
        "coordinates": [
          [
            49.11512,
            -18.677765
          ],
          [
            49.115284,
            -18.677349
          ],
          [
            49.115314,
            -18.677187
          ],
          [
            49.115421,
            -18.676676
          ],
          [
            49.115456,
            -18.676504
          ],
          [
            49.115536,
            -18.676025
          ],
          [
            49.11554,
            -18.675882
          ],
          [
            49.115536,
            -18.675737
          ],
          [
            49.115501,
            -18.675285
          ],
          [
            49.115486,
            -18.675127
          ],
          [
            49.115433,
            -18.674637
          ],
          [
            49.11541,
            -18.674467
          ],
          [
            49.115349,
            -18.673933
          ],
          [
            49.115257,
            -18.673197
          ],
          [
            49.115231,
            -18.673018
          ],
          [
            49.115139,
            -18.672499
          ],
          [
            49.115032,
            -18.671825
          ],
          [
            49.115013,
            -18.671652
          ],
          [
            49.11496,
            -18.671127
          ],
          [
            49.114944,
            -18.670954
          ],
          [
            49.114899,
            -18.670418
          ],
          [
            49.114883,
            -18.670244
          ],
          [
            49.11483,
            -18.66972
          ],
          [
            49.114815,
            -18.669546
          ],
          [
            49.11478,
            -18.669027
          ],
          [
            49.114777,
            -18.668854
          ],
          [
            49.114773,
            -18.668343
          ],
          [
            49.114769,
            -18.668171
          ],
          [
            49.114761,
            -18.667667
          ],
          [
            49.114761,
            -18.667503
          ],
          [
            49.11475,
            -18.667023
          ],
          [
            49.114735,
            -18.666864
          ],
          [
            49.11467,
            -18.666393
          ],
          [
            49.114647,
            -18.666235
          ],
          [
            49.114574,
            -18.665758
          ],
          [
            49.114544,
            -18.665598
          ],
          [
            49.114449,
            -18.665112
          ],
          [
            49.11441,
            -18.664949
          ],
          [
            49.114288,
            -18.664457
          ],
          [
            49.114243,
            -18.664289
          ],
          [
            49.114113,
            -18.663786
          ],
          [
            49.114067,
            -18.663614
          ],
          [
            49.113937,
            -18.663097
          ],
          [
            49.113899,
            -18.662926
          ],
          [
            49.113838,
            -18.662411
          ],
          [
            49.113827,
            -18.662243
          ],
          [
            49.113811,
            -18.661909
          ],
          [
            49.113827,
            -18.661741
          ],
          [
            49.113911,
            -18.661427
          ],
          [
            49.113972,
            -18.661276
          ],
          [
            49.114162,
            -18.660814
          ],
          [
            49.114227,
            -18.66066
          ],
          [
            49.114449,
            -18.660194
          ],
          [
            49.114532,
            -18.660034
          ],
          [
            49.114841,
            -18.659407
          ],
          [
            49.115528,
            -18.65811
          ],
          [
            49.11562,
            -18.657982
          ],
          [
            49.115707,
            -18.657854
          ],
          [
            49.115955,
            -18.657459
          ],
          [
            49.11602,
            -18.657322
          ],
          [
            49.116123,
            -18.657034
          ],
          [
            49.116161,
            -18.656891
          ],
          [
            49.116268,
            -18.656334
          ],
          [
            49.116264,
            -18.656193
          ],
          [
            49.116142,
            -18.655783
          ],
          [
            49.11607,
            -18.655649
          ],
          [
            49.115845,
            -18.655222
          ],
          [
            49.115761,
            -18.655075
          ],
          [
            49.115513,
            -18.654615
          ],
          [
            49.115429,
            -18.654457
          ],
          [
            49.114815,
            -18.653316
          ],
          [
            49.114471,
            -18.652683
          ],
          [
            49.114395,
            -18.652529
          ],
          [
            49.114223,
            -18.652042
          ],
          [
            49.114182,
            -18.651875
          ],
          [
            49.114105,
            -18.651381
          ],
          [
            49.11409,
            -18.651218
          ],
          [
            49.114033,
            -18.650755
          ],
          [
            49.114021,
            -18.650608
          ],
          [
            49.113964,
            -18.65007
          ],
          [
            49.113949,
            -18.649942
          ],
          [
            49.113892,
            -18.649397
          ],
          [
            49.11388,
            -18.649252
          ],
          [
            49.113808,
            -18.648808
          ],
          [
            49.113716,
            -18.648193
          ],
          [
            49.113701,
            -18.648041
          ],
          [
            49.113712,
            -18.647738
          ],
          [
            49.113739,
            -18.647589
          ],
          [
            49.113846,
            -18.647301
          ],
          [
            49.113911,
            -18.647152
          ],
          [
            49.114117,
            -18.646694
          ],
          [
            49.114182,
            -18.646542
          ],
          [
            49.114353,
            -18.646065
          ],
          [
            49.114388,
            -18.645889
          ],
          [
            49.114426,
            -18.645317
          ],
          [
            49.114471,
            -18.644506
          ],
          [
            49.114483,
            -18.64431
          ],
          [
            49.114513,
            -18.643742
          ],
          [
            49.114525,
            -18.643559
          ],
          [
            49.114552,
            -18.643013
          ],
          [
            49.114567,
            -18.642836
          ],
          [
            49.1146223,
            -18.6424997
          ],
          [
            49.1146709,
            -18.6423432
          ],
          [
            49.1147331,
            -18.6422051
          ],
          [
            49.1147906,
            -18.6420657
          ],
          [
            49.1148686,
            -18.6419437
          ],
          [
            49.1156595,
            -18.6407036
          ],
          [
            49.1158747,
            -18.6403799
          ],
          [
            49.116187,
            -18.639941
          ],
          [
            49.1162919,
            -18.6397506
          ],
          [
            49.1163893,
            -18.6395589
          ],
          [
            49.1164442,
            -18.6393486
          ],
          [
            49.1164846,
            -18.6390906
          ],
          [
            49.1165496,
            -18.6384135
          ]
        ]
      },
      "id": "way/75405957"
    },
    {
      "type": "Feature",
      "properties": {
        "@id": "way/75405959",
        "highway": "primary",
        "ref": "N 2"
      },
      "geometry": {
        "type": "LineString",
        "coordinates": [
          [
            48.963157,
            -18.9738809
          ],
          [
            48.9631005,
            -18.9746978
          ],
          [
            48.9630067,
            -18.9751316
          ],
          [
            48.962715,
            -18.975559
          ],
          [
            48.962215,
            -18.975929
          ],
          [
            48.961472,
            -18.976311
          ],
          [
            48.960915,
            -18.97666
          ],
          [
            48.959473,
            -18.978142
          ],
          [
            48.9592396,
            -18.9783157
          ],
          [
            48.959137,
            -18.978392
          ],
          [
            48.9585922,
            -18.978589
          ],
          [
            48.9568337,
            -18.9791653
          ],
          [
            48.9564943,
            -18.9792442
          ],
          [
            48.9543817,
            -18.9798541
          ],
          [
            48.950871,
            -18.980875
          ],
          [
            48.9506178,
            -18.9809673
          ],
          [
            48.950243,
            -18.981104
          ],
          [
            48.948132,
            -18.981874
          ],
          [
            48.9477581,
            -18.9818914
          ],
          [
            48.9475328,
            -18.9818103
          ],
          [
            48.945488,
            -18.98052
          ],
          [
            48.945313,
            -18.98045
          ],
          [
            48.945126,
            -18.980423
          ],
          [
            48.9448928,
            -18.9804912
          ],
          [
            48.9445358,
            -18.9807198
          ],
          [
            48.9442183,
            -18.980987
          ],
          [
            48.944187,
            -18.981018
          ],
          [
            48.943787,
            -18.981361
          ],
          [
            48.943737,
            -18.981401
          ],
          [
            48.9430685,
            -18.9818883
          ],
          [
            48.941818,
            -18.981873
          ],
          [
            48.94175,
            -18.981873
          ],
          [
            48.941463,
            -18.981857
          ],
          [
            48.9410857,
            -18.9818255
          ],
          [
            48.9407204,
            -18.9817892
          ],
          [
            48.940262,
            -18.981728
          ],
          [
            48.9400948,
            -18.9816984
          ],
          [
            48.9398549,
            -18.9816559
          ],
          [
            48.939754,
            -18.981638
          ],
          [
            48.939648,
            -18.981621
          ],
          [
            48.939137,
            -18.981548
          ],
          [
            48.939045,
            -18.981541
          ],
          [
            48.938717,
            -18.9815538
          ],
          [
            48.93866,
            -18.981556
          ],
          [
            48.938557,
            -18.981581
          ],
          [
            48.9384175,
            -18.98161
          ],
          [
            48.9383206,
            -18.9816302
          ],
          [
            48.938,
            -18.981697
          ],
          [
            48.937881,
            -18.981718
          ],
          [
            48.9375052,
            -18.9817324
          ],
          [
            48.9373657,
            -18.9816919
          ],
          [
            48.9371887,
            -18.9815853
          ],
          [
            48.9370599,
            -18.9814179
          ],
          [
            48.9369696,
            -18.9812823
          ],
          [
            48.9368775,
            -18.981144
          ],
          [
            48.9367702,
            -18.9809563
          ],
          [
            48.9365503,
            -18.9806114
          ],
          [
            48.9364624,
            -18.9804966
          ],
          [
            48.9364377,
            -18.9804643
          ],
          [
            48.936325,
            -18.980307
          ],
          [
            48.936165,
            -18.980183
          ],
          [
            48.93605,
            -18.980116
          ],
          [
            48.9358811,
            -18.9800565
          ],
          [
            48.93565,
            -18.979975
          ],
          [
            48.935516,
            -18.979931
          ],
          [
            48.934948,
            -18.97975
          ],
          [
            48.934795,
            -18.979708
          ],
          [
            48.934326,
            -18.979616
          ],
          [
            48.934162,
            -18.979605
          ],
          [
            48.9337447,
            -18.9796273
          ],
          [
            48.9335087,
            -18.9796729
          ],
          [
            48.9333294,
            -18.9797157
          ],
          [
            48.9329132,
            -18.9798149
          ],
          [
            48.9326282,
            -18.9798846
          ],
          [
            48.932291,
            -18.9799671
          ],
          [
            48.9321086,
            -18.9799874
          ],
          [
            48.931747,
            -18.979958
          ],
          [
            48.931633,
            -18.979931
          ],
          [
            48.931438,
            -18.9797947
          ],
          [
            48.9312288,
            -18.9794852
          ],
          [
            48.9311483,
            -18.9793229
          ],
          [
            48.9309659,
            -18.9786583
          ],
          [
            48.9308372,
            -18.9782678
          ],
          [
            48.9307835,
            -18.9780395
          ],
          [
            48.9305582,
            -18.9775321
          ],
          [
            48.930423,
            -18.977292
          ],
          [
            48.9299825,
            -18.9768394
          ],
          [
            48.9298274,
            -18.9766703
          ],
          [
            48.9296291,
            -18.9764722
          ],
          [
            48.92948,
            -18.9763502
          ],
          [
            48.9293427,
            -18.9762504
          ],
          [
            48.9291313,
            -18.9762082
          ],
          [
            48.9289865,
            -18.9761777
          ],
          [
            48.9286968,
            -18.9762183
          ],
          [
            48.9281513,
            -18.9763708
          ],
          [
            48.927509,
            -18.9765496
          ],
          [
            48.9268826,
            -18.9767393
          ],
          [
            48.9262946,
            -18.976894
          ],
          [
            48.9256304,
            -18.9770754
          ],
          [
            48.925034,
            -18.977224
          ],
          [
            48.924416,
            -18.977377
          ],
          [
            48.9242985,
            -18.9774116
          ],
          [
            48.9238713,
            -18.9775544
          ],
          [
            48.9232926,
            -18.9777493
          ],
          [
            48.9231993,
            -18.9777879
          ],
          [
            48.9228965,
            -18.9778999
          ],
          [
            48.922718,
            -18.9779659
          ]
        ]
      },
      "id": "way/75405959"
    },
    {
      "type": "Feature",
      "properties": {
        "@id": "way/75405963",
        "highway": "primary",
        "ref": "N 2"
      },
      "geometry": {
        "type": "LineString",
        "coordinates": [
          [
            48.7618417,
            -18.9683203
          ],
          [
            48.7617827,
            -18.9684091
          ],
          [
            48.7616835,
            -18.9689113
          ],
          [
            48.7616272,
            -18.9690559
          ],
          [
            48.7615199,
            -18.9692968
          ],
          [
            48.7608788,
            -18.9703647
          ],
          [
            48.760624,
            -18.9707756
          ],
          [
            48.760582,
            -18.9708439
          ],
          [
            48.7605382,
            -18.9709152
          ],
          [
            48.7604998,
            -18.9709816
          ],
          [
            48.7603343,
            -18.9712677
          ],
          [
            48.7602619,
            -18.9714072
          ],
          [
            48.7602163,
            -18.9715391
          ],
          [
            48.7601734,
            -18.9716634
          ],
          [
            48.7601305,
            -18.9717522
          ],
          [
            48.7599883,
            -18.9719145
          ],
          [
            48.7599132,
            -18.9719653
          ],
          [
            48.7597147,
            -18.9720261
          ],
          [
            48.759535,
            -18.9720135
          ],
          [
            48.7592346,
            -18.9719703
          ],
          [
            48.7591005,
            -18.971945
          ],
          [
            48.7589745,
            -18.9719424
          ],
          [
            48.758667,
            -18.971989
          ],
          [
            48.7585882,
            -18.9720439
          ],
          [
            48.75843,
            -18.9721936
          ],
          [
            48.757973,
            -18.972652
          ],
          [
            48.75758,
            -18.973057
          ],
          [
            48.7573974,
            -18.9732497
          ]
        ]
      },
      "id": "way/75405963"
    },
    {
      "type": "Feature",
      "properties": {
        "@id": "way/75405965",
        "highway": "primary",
        "ref": "N 2"
      },
      "geometry": {
        "type": "LineString",
        "coordinates": [
          [
            49.035442,
            -18.813189
          ],
          [
            49.035069,
            -18.813511
          ],
          [
            49.034206,
            -18.814474
          ],
          [
            49.033775,
            -18.814646
          ],
          [
            49.0333197,
            -18.8147377
          ],
          [
            49.033024,
            -18.814827
          ],
          [
            49.0328809,
            -18.8149437
          ],
          [
            49.032661,
            -18.815123
          ],
          [
            49.032181,
            -18.815792
          ],
          [
            49.031765,
            -18.816254
          ],
          [
            49.031494,
            -18.816326
          ],
          [
            49.030174,
            -18.816107
          ],
          [
            49.029724,
            -18.816137
          ],
          [
            49.029308,
            -18.816355
          ],
          [
            49.028133,
            -18.817137
          ],
          [
            49.027435,
            -18.817617
          ],
          [
            49.027245,
            -18.817829
          ],
          [
            49.027161,
            -18.81806
          ],
          [
            49.027287,
            -18.818523
          ],
          [
            49.027569,
            -18.819162
          ],
          [
            49.027744,
            -18.819687
          ],
          [
            49.027695,
            -18.820198
          ],
          [
            49.027493,
            -18.821056
          ],
          [
            49.027538,
            -18.821239
          ],
          [
            49.027657,
            -18.821415
          ],
          [
            49.0280567,
            -18.8217472
          ],
          [
            49.0281962,
            -18.8219172
          ],
          [
            49.0282258,
            -18.8219645
          ],
          [
            49.0282532,
            -18.8220256
          ],
          [
            49.0282576,
            -18.8220968
          ],
          [
            49.0282576,
            -18.8221645
          ],
          [
            49.0282303,
            -18.8222957
          ],
          [
            49.0281531,
            -18.8225517
          ]
        ]
      },
      "id": "way/75405965"
    },
    {
      "type": "Feature",
      "properties": {
        "@id": "way/75405969",
        "highway": "primary",
        "lane_markings": "no",
        "ref": "N 2",
        "surface": "asphalt"
      },
      "geometry": {
        "type": "LineString",
        "coordinates": [
          [
            47.8838664,
            -18.9287431
          ],
          [
            47.8839608,
            -18.9287254
          ],
          [
            47.8840353,
            -18.9287235
          ],
          [
            47.8841673,
            -18.9286658
          ],
          [
            47.884286,
            -18.9286234
          ],
          [
            47.8844131,
            -18.9285697
          ],
          [
            47.8845225,
            -18.9285184
          ],
          [
            47.8846843,
            -18.9284317
          ],
          [
            47.88487,
            -18.9283182
          ],
          [
            47.8850195,
            -18.9282154
          ],
          [
            47.8850994,
            -18.9281406
          ],
          [
            47.8851737,
            -18.9280651
          ],
          [
            47.8852985,
            -18.9279135
          ],
          [
            47.8854112,
            -18.9277587
          ],
          [
            47.8855346,
            -18.9276122
          ],
          [
            47.8856023,
            -18.9275202
          ],
          [
            47.8856351,
            -18.9274803
          ],
          [
            47.885664,
            -18.9274524
          ],
          [
            47.8856988,
            -18.9274156
          ],
          [
            47.8857411,
            -18.9273769
          ],
          [
            47.8858196,
            -18.9273294
          ],
          [
            47.885959,
            -18.9272456
          ],
          [
            47.8860763,
            -18.9271669
          ],
          [
            47.8862145,
            -18.9270915
          ],
          [
            47.8863164,
            -18.9270204
          ],
          [
            47.8863989,
            -18.9269513
          ],
          [
            47.8864277,
            -18.9269158
          ],
          [
            47.8864492,
            -18.9268828
          ],
          [
            47.8864941,
            -18.9268162
          ],
          [
            47.8865397,
            -18.926728
          ],
          [
            47.8865819,
            -18.9266011
          ],
          [
            47.8866369,
            -18.9263569
          ],
          [
            47.8866544,
            -18.9262688
          ],
          [
            47.8866774,
            -18.9261944
          ],
          [
            47.8866939,
            -18.9261412
          ],
          [
            47.8867154,
            -18.9260842
          ],
          [
            47.8867442,
            -18.9260259
          ],
          [
            47.8867717,
            -18.9259884
          ],
          [
            47.8867938,
            -18.9259688
          ],
          [
            47.8868482,
            -18.9259332
          ],
          [
            47.8870071,
            -18.9258387
          ],
          [
            47.8871531,
            -18.9257695
          ],
          [
            47.8873048,
            -18.9257214
          ],
          [
            47.8874483,
            -18.9256681
          ],
          [
            47.8875576,
            -18.9256135
          ],
          [
            47.8876133,
            -18.9255806
          ],
          [
            47.8876769,
            -18.9255381
          ],
          [
            47.8877004,
            -18.9255228
          ],
          [
            47.8877199,
            -18.9254994
          ],
          [
            47.8877514,
            -18.9254518
          ],
          [
            47.8878131,
            -18.9253376
          ],
          [
            47.8878996,
            -18.925101
          ],
          [
            47.8879928,
            -18.9248536
          ],
          [
            47.8880874,
            -18.9245942
          ],
          [
            47.8881899,
            -18.9243069
          ],
          [
            47.8882268,
            -18.9241825
          ],
          [
            47.888245,
            -18.9240703
          ],
          [
            47.888263,
            -18.923925
          ],
          [
            47.8882617,
            -18.9238578
          ],
          [
            47.8882516,
            -18.9238096
          ],
          [
            47.8882328,
            -18.9236846
          ],
          [
            47.8881986,
            -18.9235793
          ],
          [
            47.8881343,
            -18.9233485
          ],
          [
            47.8881142,
            -18.9232539
          ],
          [
            47.8881061,
            -18.9231473
          ],
          [
            47.8881108,
            -18.9230566
          ],
          [
            47.8881168,
            -18.9230027
          ],
          [
            47.8881342,
            -18.9228892
          ],
          [
            47.888149,
            -18.9228137
          ],
          [
            47.8881718,
            -18.9227515
          ],
          [
            47.888208,
            -18.9226729
          ],
          [
            47.8883528,
            -18.922338
          ],
          [
            47.8884548,
            -18.9221185
          ],
          [
            47.8885084,
            -18.9219764
          ],
          [
            47.8885607,
            -18.9218407
          ],
          [
            47.8885809,
            -18.9217734
          ],
          [
            47.8885916,
            -18.9217176
          ],
          [
            47.8886237,
            -18.9214855
          ],
          [
            47.8886627,
            -18.9213053
          ],
          [
            47.8887297,
            -18.9211391
          ],
          [
            47.8887914,
            -18.9209862
          ],
          [
            47.8888631,
            -18.9208517
          ],
          [
            47.8889295,
            -18.9207331
          ],
          [
            47.8889913,
            -18.9206298
          ],
          [
            47.889191,
            -18.9203285
          ],
          [
            47.8893198,
            -18.9201255
          ],
          [
            47.8894023,
            -18.9199758
          ],
          [
            47.8894653,
            -18.9198527
          ],
          [
            47.8895223,
            -18.9197296
          ],
          [
            47.8895465,
            -18.919658
          ],
          [
            47.8895579,
            -18.9195933
          ],
          [
            47.8895619,
            -18.9195362
          ],
          [
            47.8895659,
            -18.9194848
          ],
          [
            47.8895646,
            -18.9194417
          ],
          [
            47.8895619,
            -18.9194055
          ],
          [
            47.8895532,
            -18.9193326
          ],
          [
            47.8895384,
            -18.9192539
          ],
          [
            47.8895196,
            -18.9191841
          ],
          [
            47.8894861,
            -18.9189773
          ],
          [
            47.8894714,
            -18.9188746
          ],
          [
            47.8894687,
            -18.918782
          ],
          [
            47.8894673,
            -18.9186741
          ],
          [
            47.8894781,
            -18.9186069
          ],
          [
            47.8895196,
            -18.9184952
          ],
          [
            47.8895652,
            -18.918428
          ],
          [
            47.8896484,
            -18.9182935
          ],
          [
            47.889753,
            -18.91814
          ],
          [
            47.8898777,
            -18.9179688
          ],
          [
            47.8900413,
            -18.9177493
          ],
          [
            47.8901721,
            -18.9175748
          ],
          [
            47.8902438,
            -18.917479
          ],
          [
            47.8902901,
            -18.9174188
          ],
          [
            47.8903444,
            -18.9173605
          ],
          [
            47.8903813,
            -18.9173351
          ],
          [
            47.8904188,
            -18.9173154
          ],
          [
            47.8905127,
            -18.9172951
          ],
          [
            47.8906368,
            -18.9172608
          ],
          [
            47.8907387,
            -18.9172285
          ],
          [
            47.890789,
            -18.9172171
          ],
          [
            47.8908246,
            -18.9171962
          ],
          [
            47.8908721,
            -18.9171606
          ],
          [
            47.8909023,
            -18.9171187
          ],
          [
            47.8909264,
            -18.917082
          ],
          [
            47.8909466,
            -18.9170401
          ],
          [
            47.8909566,
            -18.9169963
          ],
          [
            47.8909654,
            -18.9169513
          ],
          [
            47.8909727,
            -18.9168504
          ],
          [
            47.8909714,
            -18.9167565
          ],
          [
            47.8909506,
            -18.9165897
          ],
          [
            47.890956,
            -18.9164908
          ],
          [
            47.8909733,
            -18.916407
          ],
          [
            47.891019,
            -18.9161875
          ],
          [
            47.8910847,
            -18.9159655
          ],
          [
            47.8911384,
            -18.9157943
          ],
          [
            47.8911786,
            -18.915727
          ],
          [
            47.8912128,
            -18.9156858
          ],
          [
            47.8912711,
            -18.9156344
          ],
          [
            47.8913342,
            -18.9156103
          ],
          [
            47.891432,
            -18.91559
          ],
          [
            47.8915239,
            -18.9155849
          ],
          [
            47.8916929,
            -18.9155913
          ],
          [
            47.8918632,
            -18.9155874
          ],
          [
            47.8919993,
            -18.9155722
          ],
          [
            47.8920631,
            -18.9155639
          ],
          [
            47.8921247,
            -18.9155411
          ],
          [
            47.892169,
            -18.9155132
          ],
          [
            47.8922401,
            -18.9154473
          ],
          [
            47.8922716,
            -18.9154092
          ],
          [
            47.8922943,
            -18.9153781
          ],
          [
            47.8923199,
            -18.915316
          ],
          [
            47.8923427,
            -18.9152373
          ],
          [
            47.8923507,
            -18.9151662
          ],
          [
            47.892344,
            -18.9151003
          ],
          [
            47.8923038,
            -18.9150216
          ],
          [
            47.8922555,
            -18.9149239
          ],
          [
            47.8921965,
            -18.9148148
          ],
          [
            47.8920905,
            -18.9146182
          ],
          [
            47.8920557,
            -18.914518
          ],
          [
            47.8920409,
            -18.9144025
          ],
          [
            47.8920342,
            -18.9142997
          ],
          [
            47.8920489,
            -18.9140955
          ],
          [
            47.8920704,
            -18.913975
          ],
          [
            47.8921012,
            -18.9138772
          ],
          [
            47.8921388,
            -18.9137935
          ],
          [
            47.8921911,
            -18.9136984
          ],
          [
            47.8922649,
            -18.9135931
          ],
          [
            47.8923105,
            -18.9135525
          ],
          [
            47.8923473,
            -18.9135208
          ],
          [
            47.8923822,
            -18.9134967
          ],
          [
            47.8924124,
            -18.9134827
          ],
          [
            47.8924372,
            -18.9134726
          ],
          [
            47.8924613,
            -18.9134656
          ],
          [
            47.8924875,
            -18.9134611
          ],
          [
            47.8925747,
            -18.9134693
          ],
          [
            47.8926779,
            -18.9135043
          ],
          [
            47.8927865,
            -18.9135581
          ],
          [
            47.8929964,
            -18.9136661
          ],
          [
            47.8931446,
            -18.9137345
          ],
          [
            47.893264,
            -18.9137694
          ],
          [
            47.8933029,
            -18.9137713
          ],
          [
            47.8933491,
            -18.9137695
          ],
          [
            47.8934102,
            -18.9137561
          ],
          [
            47.8934511,
            -18.9137364
          ],
          [
            47.8934805,
            -18.9137168
          ],
          [
            47.8935175,
            -18.9136844
          ],
          [
            47.8935564,
            -18.9136362
          ],
          [
            47.8936207,
            -18.9135353
          ],
          [
            47.8936368,
            -18.9135011
          ],
          [
            47.8936422,
            -18.9134668
          ],
          [
            47.8936476,
            -18.9134199
          ],
          [
            47.8936502,
            -18.9133831
          ],
          [
            47.8936408,
            -18.9133482
          ],
          [
            47.8936321,
            -18.9133064
          ],
          [
            47.893618,
            -18.913274
          ],
          [
            47.8935818,
            -18.913222
          ],
          [
            47.8934145,
            -18.9129827
          ],
          [
            47.8933813,
            -18.9129352
          ],
          [
            47.8932171,
            -18.9127297
          ],
          [
            47.8930347,
            -18.9124564
          ],
          [
            47.8927571,
            -18.9119412
          ],
          [
            47.8926565,
            -18.9117699
          ],
          [
            47.8926216,
            -18.9116976
          ],
          [
            47.8925961,
            -18.9116317
          ],
          [
            47.8925653,
            -18.9115492
          ],
          [
            47.8925505,
            -18.911468
          ],
          [
            47.8925525,
            -18.9113728
          ],
          [
            47.892564,
            -18.9112894
          ],
          [
            47.89258,
            -18.911206
          ],
          [
            47.8926042,
            -18.9111244
          ],
          [
            47.8926485,
            -18.9106954
          ],
          [
            47.8926578,
            -18.9104803
          ],
          [
            47.8926538,
            -18.9103718
          ],
          [
            47.8926357,
            -18.9102798
          ],
          [
            47.8926236,
            -18.9102589
          ],
          [
            47.89258,
            -18.9102031
          ],
          [
            47.8925398,
            -18.9101625
          ],
          [
            47.8924915,
            -18.910133
          ],
          [
            47.8923266,
            -18.9100534
          ],
          [
            47.8921388,
            -18.9099756
          ],
          [
            47.8920288,
            -18.9099151
          ],
          [
            47.8919752,
            -18.9098783
          ],
          [
            47.8919283,
            -18.9098329
          ],
          [
            47.89188,
            -18.9097736
          ],
          [
            47.8918385,
            -18.909706
          ],
          [
            47.8918183,
            -18.9096398
          ],
          [
            47.8918022,
            -18.909569
          ],
          [
            47.8918055,
            -18.9095313
          ],
          [
            47.8918116,
            -18.9095015
          ],
          [
            47.891825,
            -18.9094698
          ],
          [
            47.8918511,
            -18.9094025
          ],
          [
            47.8919372,
            -18.9092551
          ],
          [
            47.8922368,
            -18.9088355
          ],
          [
            47.8923284,
            -18.9087249
          ],
          [
            47.8924144,
            -18.9086457
          ],
          [
            47.8925046,
            -18.9085769
          ],
          [
            47.8925713,
            -18.908529
          ],
          [
            47.8926901,
            -18.9084934
          ],
          [
            47.8928483,
            -18.9084516
          ],
          [
            47.8929488,
            -18.9083895
          ],
          [
            47.8929844,
            -18.9083027
          ],
          [
            47.8929944,
            -18.9081342
          ],
          [
            47.8929719,
            -18.907974
          ],
          [
            47.8929764,
            -18.9078382
          ],
          [
            47.8929717,
            -18.9077088
          ],
          [
            47.8930943,
            -18.9073586
          ],
          [
            47.8931122,
            -18.9072668
          ],
          [
            47.893099,
            -18.907167
          ],
          [
            47.893031,
            -18.9070263
          ],
          [
            47.8928576,
            -18.9066037
          ],
          [
            47.8927919,
            -18.906383
          ],
          [
            47.8927899,
            -18.906204
          ],
          [
            47.8928134,
            -18.9060645
          ],
          [
            47.8928831,
            -18.9059382
          ],
          [
            47.8930153,
            -18.9057759
          ],
          [
            47.8931849,
            -18.9055811
          ],
          [
            47.8933332,
            -18.9053998
          ],
          [
            47.8934193,
            -18.9052753
          ],
          [
            47.8934772,
            -18.9052017
          ],
          [
            47.8935329,
            -18.9051503
          ],
          [
            47.8935698,
            -18.9051313
          ],
          [
            47.8936046,
            -18.9051135
          ],
          [
            47.8936397,
            -18.9051082
          ],
          [
            47.8937139,
            -18.9050907
          ],
          [
            47.8937669,
            -18.9050875
          ],
          [
            47.893879,
            -18.9050797
          ],
          [
            47.8940573,
            -18.9050843
          ],
          [
            47.8942028,
            -18.9050824
          ],
          [
            47.8942705,
            -18.9050869
          ],
          [
            47.8943087,
            -18.9050888
          ],
          [
            47.8943552,
            -18.9050822
          ],
          [
            47.894512,
            -18.9050412
          ],
          [
            47.8946669,
            -18.9049951
          ],
          [
            47.8948941,
            -18.9049353
          ],
          [
            47.8950902,
            -18.9048701
          ],
          [
            47.8952652,
            -18.9048168
          ],
          [
            47.8954963,
            -18.904745
          ],
          [
            47.8956317,
            -18.9047094
          ],
          [
            47.8957285,
            -18.9046722
          ],
          [
            47.8958548,
            -18.9046193
          ],
          [
            47.8959214,
            -18.9045775
          ],
          [
            47.8959721,
            -18.9045405
          ],
          [
            47.8961333,
            -18.9043992
          ],
          [
            47.8962536,
            -18.9042366
          ],
          [
            47.8962915,
            -18.9041746
          ],
          [
            47.8963204,
            -18.9041366
          ],
          [
            47.8963504,
            -18.9041094
          ],
          [
            47.8964055,
            -18.9040592
          ],
          [
            47.8964531,
            -18.9040192
          ],
          [
            47.896551,
            -18.9039475
          ],
          [
            47.8966563,
            -18.9038739
          ],
          [
            47.8967935,
            -18.9038077
          ],
          [
            47.8969306,
            -18.903753
          ],
          [
            47.8971378,
            -18.9036716
          ],
          [
            47.8972417,
            -18.9036367
          ],
          [
            47.8972987,
            -18.9036234
          ],
          [
            47.8973437,
            -18.9036197
          ],
          [
            47.8974194,
            -18.9036177
          ],
          [
            47.8974818,
            -18.9036211
          ],
          [
            47.8975488,
            -18.9036373
          ],
          [
            47.8976333,
            -18.9036678
          ],
          [
            47.8976742,
            -18.9036862
          ],
          [
            47.8977121,
            -18.9037123
          ],
          [
            47.8977567,
            -18.9037395
          ],
          [
            47.8977963,
            -18.9037839
          ],
          [
            47.8978365,
            -18.9038333
          ],
          [
            47.8978736,
            -18.9038922
          ],
          [
            47.8979833,
            -18.9041302
          ],
          [
            47.8980519,
            -18.9042843
          ],
          [
            47.8980772,
            -18.9043358
          ],
          [
            47.8981089,
            -18.9043764
          ],
          [
            47.8981409,
            -18.9044157
          ],
          [
            47.8981718,
            -18.90445
          ],
          [
            47.89822,
            -18.9044874
          ],
          [
            47.8982723,
            -18.9045212
          ],
          [
            47.8983428,
            -18.904547
          ],
          [
            47.8984024,
            -18.9045642
          ],
          [
            47.898434,
            -18.9045724
          ],
          [
            47.8984653,
            -18.904576
          ],
          [
            47.8985003,
            -18.9045762
          ],
          [
            47.8985379,
            -18.9045724
          ],
          [
            47.8986163,
            -18.9045496
          ],
          [
            47.8987712,
            -18.9045059
          ],
          [
            47.8989905,
            -18.9044455
          ],
          [
            47.8991172,
            -18.9044176
          ],
          [
            47.899221,
            -18.9044045
          ],
          [
            47.8993063,
            -18.9043948
          ],
          [
            47.8993903,
            -18.9043887
          ],
          [
            47.8994923,
            -18.9043909
          ],
          [
            47.8995518,
            -18.9043986
          ],
          [
            47.8996021,
            -18.9044106
          ],
          [
            47.8997167,
            -18.904455
          ],
          [
            47.8998196,
            -18.9045036
          ],
          [
            47.9000131,
            -18.9046213
          ],
          [
            47.9001757,
            -18.9047464
          ],
          [
            47.9002791,
            -18.9048319
          ],
          [
            47.9003129,
            -18.9049746
          ],
          [
            47.9004859,
            -18.9050951
          ],
          [
            47.900736,
            -18.9051529
          ],
          [
            47.9009636,
            -18.9051071
          ],
          [
            47.9011504,
            -18.9050856
          ],
          [
            47.9013965,
            -18.9051395
          ],
          [
            47.9016127,
            -18.9052863
          ],
          [
            47.902096,
            -18.905787
          ],
          [
            47.9023788,
            -18.9059269
          ],
          [
            47.9027804,
            -18.9060099
          ],
          [
            47.9031246,
            -18.906066
          ],
          [
            47.9032647,
            -18.9060622
          ],
          [
            47.9036712,
            -18.9058129
          ],
          [
            47.9037929,
            -18.9056718
          ],
          [
            47.903954,
            -18.9052928
          ],
          [
            47.9039643,
            -18.9051987
          ],
          [
            47.9039882,
            -18.9050812
          ],
          [
            47.9040384,
            -18.9049771
          ],
          [
            47.9041654,
            -18.9049474
          ],
          [
            47.9043019,
            -18.9050387
          ],
          [
            47.9045708,
            -18.9054669
          ],
          [
            47.9048373,
            -18.9055453
          ],
          [
            47.9050268,
            -18.9056001
          ],
          [
            47.9052226,
            -18.9056404
          ],
          [
            47.9053751,
            -18.9056685
          ],
          [
            47.905641,
            -18.9057828
          ],
          [
            47.9059602,
            -18.9057301
          ],
          [
            47.9061198,
            -18.9056699
          ],
          [
            47.9062486,
            -18.9056356
          ],
          [
            47.9063532,
            -18.9056236
          ],
          [
            47.9064216,
            -18.9056255
          ],
          [
            47.9065141,
            -18.9056305
          ],
          [
            47.9065952,
            -18.9056426
          ],
          [
            47.9066429,
            -18.9056572
          ],
          [
            47.9066757,
            -18.9056722
          ],
          [
            47.9067119,
            -18.9056908
          ],
          [
            47.9067428,
            -18.9057149
          ],
          [
            47.9067904,
            -18.9057612
          ],
          [
            47.9068764,
            -18.905861
          ],
          [
            47.9069151,
            -18.9059249
          ],
          [
            47.9069435,
            -18.9060094
          ],
          [
            47.9069493,
            -18.9062459
          ],
          [
            47.9069211,
            -18.9063813
          ],
          [
            47.9068644,
            -18.9065343
          ],
          [
            47.9067944,
            -18.9067826
          ],
          [
            47.9067515,
            -18.9069171
          ],
          [
            47.9067381,
            -18.9070153
          ],
          [
            47.9067194,
            -18.9071169
          ],
          [
            47.9067535,
            -18.907424
          ],
          [
            47.9068279,
            -18.9074924
          ],
          [
            47.9070144,
            -18.9074639
          ],
          [
            47.907129,
            -18.9072546
          ],
          [
            47.9071713,
            -18.9071384
          ],
          [
            47.9071967,
            -18.9070719
          ],
          [
            47.9072128,
            -18.9070401
          ],
          [
            47.9072759,
            -18.9069995
          ],
          [
            47.9073449,
            -18.9070033
          ],
          [
            47.9073992,
            -18.9070224
          ],
          [
            47.9074947,
            -18.9070651
          ],
          [
            47.9076212,
            -18.9071423
          ],
          [
            47.9077758,
            -18.9072339
          ],
          [
            47.9079591,
            -18.9073491
          ],
          [
            47.9081485,
            -18.9074742
          ],
          [
            47.9082488,
            -18.9075447
          ],
          [
            47.9083072,
            -18.907599
          ],
          [
            47.9083777,
            -18.907673
          ],
          [
            47.908613,
            -18.9079963
          ],
          [
            47.9086782,
            -18.9080692
          ],
          [
            47.908731,
            -18.9081243
          ],
          [
            47.9087625,
            -18.9081522
          ],
          [
            47.908794,
            -18.908169
          ],
          [
            47.9088537,
            -18.9082017
          ],
          [
            47.9089234,
            -18.9082372
          ],
          [
            47.9089784,
            -18.90826
          ],
          [
            47.9090407,
            -18.9082784
          ],
          [
            47.9091049,
            -18.9082924
          ],
          [
            47.9092037,
            -18.9083038
          ],
          [
            47.9093056,
            -18.9083013
          ],
          [
            47.9093935,
            -18.9083032
          ],
          [
            47.9094531,
            -18.908293
          ],
          [
            47.9095098,
            -18.9082769
          ],
          [
            47.9096479,
            -18.9082494
          ],
          [
            47.9098944,
            -18.908163
          ],
          [
            47.9100258,
            -18.9081167
          ],
          [
            47.9101522,
            -18.9081023
          ],
          [
            47.9103318,
            -18.9080807
          ],
          [
            47.9106045,
            -18.9080627
          ],
          [
            47.9108386,
            -18.9080426
          ],
          [
            47.9109867,
            -18.9080263
          ],
          [
            47.9112194,
            -18.9080056
          ],
          [
            47.9113535,
            -18.9079865
          ],
          [
            47.9114219,
            -18.9079708
          ],
          [
            47.9114876,
            -18.9079498
          ],
          [
            47.9115734,
            -18.907908
          ],
          [
            47.9116412,
            -18.907868
          ],
          [
            47.9117102,
            -18.9078204
          ],
          [
            47.911788,
            -18.9077372
          ],
          [
            47.9119503,
            -18.9074049
          ],
          [
            47.9120445,
            -18.9071338
          ],
          [
            47.9120877,
            -18.9069552
          ],
          [
            47.9121876,
            -18.9067356
          ],
          [
            47.9122567,
            -18.9065656
          ],
          [
            47.9123915,
            -18.9065301
          ],
          [
            47.9124334,
            -18.9065567
          ],
          [
            47.9125227,
            -18.9067421
          ],
          [
            47.9125544,
            -18.907004
          ],
          [
            47.9125699,
            -18.9072609
          ],
          [
            47.9126357,
            -18.9076416
          ],
          [
            47.9126999,
            -18.9079968
          ],
          [
            47.9126195,
            -18.9082696
          ],
          [
            47.9123505,
            -18.9086559
          ],
          [
            47.9122755,
            -18.9088494
          ],
          [
            47.9123254,
            -18.9091101
          ],
          [
            47.9125652,
            -18.9093784
          ],
          [
            47.9126671,
            -18.9095535
          ],
          [
            47.912732,
            -18.9096827
          ],
          [
            47.9127862,
            -18.909792
          ],
          [
            47.9129348,
            -18.9100632
          ],
          [
            47.9130142,
            -18.9102459
          ],
          [
            47.9130667,
            -18.9103185
          ],
          [
            47.9130935,
            -18.9103731
          ],
          [
            47.9131123,
            -18.9104124
          ],
          [
            47.9131391,
            -18.9104759
          ],
          [
            47.9131512,
            -18.9105596
          ],
          [
            47.9131545,
            -18.910717
          ],
          [
            47.9131789,
            -18.9109616
          ],
          [
            47.9132183,
            -18.9111838
          ],
          [
            47.9133101,
            -18.9114604
          ],
          [
            47.913395,
            -18.9116077
          ],
          [
            47.9135522,
            -18.9118511
          ],
          [
            47.9137038,
            -18.9120442
          ],
          [
            47.9138487,
            -18.9122016
          ],
          [
            47.9139667,
            -18.912303
          ],
          [
            47.914094,
            -18.9123687
          ],
          [
            47.914212,
            -18.912379
          ],
          [
            47.9145635,
            -18.9123789
          ],
          [
            47.9148062,
            -18.9120884
          ],
          [
            47.9151844,
            -18.9118916
          ],
          [
            47.9156343,
            -18.9114597
          ],
          [
            47.9158429,
            -18.9113741
          ],
          [
            47.9159488,
            -18.9113919
          ],
          [
            47.9160185,
            -18.9114477
          ],
          [
            47.916103,
            -18.9115365
          ],
          [
            47.9162867,
            -18.911789
          ],
          [
            47.9163498,
            -18.9118867
          ],
          [
            47.9164383,
            -18.9119425
          ],
          [
            47.9165429,
            -18.9119793
          ],
          [
            47.9166355,
            -18.9119717
          ],
          [
            47.9170457,
            -18.9118252
          ],
          [
            47.9170907,
            -18.9118181
          ],
          [
            47.9171195,
            -18.911815
          ],
          [
            47.9171517,
            -18.911815
          ],
          [
            47.9171866,
            -18.9118188
          ],
          [
            47.9172188,
            -18.911827
          ],
          [
            47.9172543,
            -18.9118365
          ],
          [
            47.9172858,
            -18.9118499
          ],
          [
            47.9173395,
            -18.9118816
          ],
          [
            47.9178894,
            -18.9121848
          ],
          [
            47.9179678,
            -18.9122235
          ],
          [
            47.9181925,
            -18.912351
          ],
          [
            47.9184251,
            -18.9122685
          ],
          [
            47.9186719,
            -18.9120434
          ],
          [
            47.9188677,
            -18.911978
          ],
          [
            47.9190729,
            -18.9120079
          ],
          [
            47.919264,
            -18.9119419
          ],
          [
            47.9194778,
            -18.9118708
          ],
          [
            47.919954,
            -18.911711
          ],
          [
            47.9201142,
            -18.9115721
          ],
          [
            47.9202416,
            -18.9115981
          ],
          [
            47.9203262,
            -18.9116596
          ],
          [
            47.92041,
            -18.9118048
          ],
          [
            47.9205802,
            -18.9120427
          ],
          [
            47.9207251,
            -18.9121347
          ],
          [
            47.9211074,
            -18.9123231
          ],
          [
            47.9212173,
            -18.9124043
          ],
          [
            47.921322,
            -18.9125296
          ],
          [
            47.9214623,
            -18.9127448
          ],
          [
            47.9217617,
            -18.9131548
          ],
          [
            47.9218858,
            -18.9133178
          ],
          [
            47.9219609,
            -18.9134053
          ],
          [
            47.922022,
            -18.9136013
          ],
          [
            47.9221239,
            -18.9138474
          ],
          [
            47.9221802,
            -18.9140187
          ],
          [
            47.9222609,
            -18.9141975
          ],
          [
            47.9223494,
            -18.9143776
          ],
          [
            47.9224829,
            -18.9147115
          ],
          [
            47.9225249,
            -18.9149231
          ],
          [
            47.9225523,
            -18.9150458
          ],
          [
            47.9225912,
            -18.9151371
          ],
          [
            47.9226502,
            -18.9152323
          ],
          [
            47.9227187,
            -18.915301
          ],
          [
            47.922787,
            -18.9153655
          ],
          [
            47.9228421,
            -18.9154025
          ],
          [
            47.9229164,
            -18.9154429
          ],
          [
            47.9229895,
            -18.9154729
          ],
          [
            47.9232156,
            -18.9154929
          ],
          [
            47.9233986,
            -18.9155113
          ],
          [
            47.9235622,
            -18.9155614
          ],
          [
            47.9240973,
            -18.9158412
          ],
          [
            47.9242985,
            -18.9159798
          ],
          [
            47.9244822,
            -18.91619
          ],
          [
            47.9246351,
            -18.9162598
          ],
          [
            47.9251984,
            -18.9164134
          ],
          [
            47.925429,
            -18.916492
          ],
          [
            47.9255893,
            -18.9165942
          ],
          [
            47.9256584,
            -18.9166969
          ],
          [
            47.9256973,
            -18.916832
          ],
          [
            47.9256719,
            -18.9169949
          ],
          [
            47.9256698,
            -18.917179
          ],
          [
            47.9257053,
            -18.9172913
          ],
          [
            47.925826,
            -18.9174108
          ],
          [
            47.9265314,
            -18.9179005
          ],
          [
            47.9266991,
            -18.9179827
          ],
          [
            47.9268707,
            -18.9180246
          ],
          [
            47.9271363,
            -18.9180451
          ],
          [
            47.9275963,
            -18.9180946
          ],
          [
            47.9276848,
            -18.9181261
          ],
          [
            47.9277277,
            -18.9181451
          ],
          [
            47.9277706,
            -18.9181707
          ],
          [
            47.9278209,
            -18.9182092
          ],
          [
            47.9278518,
            -18.9182614
          ],
          [
            47.9278739,
            -18.9183049
          ],
          [
            47.9278853,
            -18.9183589
          ],
          [
            47.9278913,
            -18.9184397
          ],
          [
            47.9278591,
            -18.9185967
          ],
          [
            47.927839,
            -18.9187226
          ],
          [
            47.9277539,
            -18.9191126
          ],
          [
            47.9277009,
            -18.9193254
          ],
          [
            47.9276741,
            -18.9194049
          ],
          [
            47.9276322,
            -18.919495
          ],
          [
            47.9275956,
            -18.919547
          ],
          [
            47.9275542,
            -18.9195965
          ],
          [
            47.9274883,
            -18.9196269
          ],
          [
            47.9274245,
            -18.919645
          ],
          [
            47.9273435,
            -18.9196339
          ],
          [
            47.9272784,
            -18.9196174
          ],
          [
            47.9271614,
            -18.9195778
          ],
          [
            47.9271329,
            -18.9195628
          ],
          [
            47.927096,
            -18.9195539
          ],
          [
            47.9270478,
            -18.9195546
          ],
          [
            47.9270008,
            -18.9195637
          ],
          [
            47.9269626,
            -18.9195755
          ],
          [
            47.9269264,
            -18.9195983
          ],
          [
            47.9268848,
            -18.9196472
          ],
          [
            47.9268576,
            -18.9197118
          ],
          [
            47.9268499,
            -18.9197474
          ],
          [
            47.926856,
            -18.9197975
          ],
          [
            47.9268607,
            -18.9198362
          ],
          [
            47.9268681,
            -18.9198717
          ],
          [
            47.9268929,
            -18.9199383
          ],
          [
            47.9269224,
            -18.9199969
          ],
          [
            47.9270028,
            -18.9200944
          ],
          [
            47.9270892,
            -18.9201746
          ],
          [
            47.9272673,
            -18.9202833
          ],
          [
            47.9275763,
            -18.9204539
          ],
          [
            47.9279114,
            -18.9206063
          ],
          [
            47.9281508,
            -18.9207127
          ],
          [
            47.928354,
            -18.9208156
          ],
          [
            47.9285686,
            -18.920968
          ],
          [
            47.9287069,
            -18.9210833
          ],
          [
            47.9288113,
            -18.9211924
          ],
          [
            47.9288878,
            -18.9213107
          ],
          [
            47.9289991,
            -18.9214613
          ],
          [
            47.9290791,
            -18.9215953
          ],
          [
            47.9291154,
            -18.9216796
          ],
          [
            47.9291332,
            -18.9217645
          ],
          [
            47.9291399,
            -18.9218166
          ],
          [
            47.929138,
            -18.921879
          ],
          [
            47.929111,
            -18.92197
          ],
          [
            47.9290755,
            -18.9220221
          ],
          [
            47.9290162,
            -18.9220777
          ],
          [
            47.928936,
            -18.922142
          ],
          [
            47.9288623,
            -18.922168
          ],
          [
            47.9287675,
            -18.9221952
          ],
          [
            47.9286611,
            -18.9222149
          ],
          [
            47.9285377,
            -18.9222352
          ],
          [
            47.9284841,
            -18.9222568
          ],
          [
            47.9284291,
            -18.9222809
          ],
          [
            47.9283983,
            -18.9223012
          ],
          [
            47.9283652,
            -18.9223364
          ],
          [
            47.9283299,
            -18.9223773
          ],
          [
            47.928299,
            -18.9224458
          ],
          [
            47.9282628,
            -18.9225397
          ],
          [
            47.9282327,
            -18.9227056
          ],
          [
            47.9282118,
            -18.9228442
          ],
          [
            47.9281984,
            -18.9229253
          ],
          [
            47.928196,
            -18.923044
          ],
          [
            47.9282078,
            -18.923103
          ],
          [
            47.928226,
            -18.92314
          ],
          [
            47.928291,
            -18.9232425
          ],
          [
            47.9283708,
            -18.9233284
          ],
          [
            47.9286529,
            -18.9236175
          ],
          [
            47.9286973,
            -18.9236726
          ],
          [
            47.9287396,
            -18.9237062
          ],
          [
            47.9287677,
            -18.923722
          ],
          [
            47.9287989,
            -18.9237336
          ],
          [
            47.9288502,
            -18.923736
          ],
          [
            47.9289012,
            -18.923736
          ],
          [
            47.9289977,
            -18.9237385
          ],
          [
            47.9290601,
            -18.9237436
          ],
          [
            47.9291003,
            -18.9237528
          ],
          [
            47.9291466,
            -18.9237677
          ],
          [
            47.9292123,
            -18.9238045
          ],
          [
            47.9292887,
            -18.9238419
          ],
          [
            47.9293706,
            -18.9238705
          ],
          [
            47.9294316,
            -18.9238787
          ],
          [
            47.9294845,
            -18.9238755
          ],
          [
            47.9296295,
            -18.9238821
          ],
          [
            47.9297198,
            -18.9238903
          ],
          [
            47.9297662,
            -18.9238927
          ],
          [
            47.9297843,
            -18.9238965
          ],
          [
            47.9298071,
            -18.9239041
          ],
          [
            47.9298513,
            -18.9239383
          ],
          [
            47.9298911,
            -18.9239813
          ],
          [
            47.9300706,
            -18.9241876
          ],
          [
            47.9302075,
            -18.9243032
          ],
          [
            47.930302,
            -18.92437
          ],
          [
            47.9303791,
            -18.924421
          ],
          [
            47.930519,
            -18.924482
          ],
          [
            47.9305829,
            -18.9244959
          ],
          [
            47.9306439,
            -18.9245016
          ],
          [
            47.9306801,
            -18.9244978
          ],
          [
            47.9307095,
            -18.9244809
          ],
          [
            47.9307264,
            -18.9244629
          ],
          [
            47.9307425,
            -18.924442
          ],
          [
            47.9307587,
            -18.9244035
          ],
          [
            47.93077,
            -18.9243684
          ],
          [
            47.930772,
            -18.9243354
          ],
          [
            47.9307687,
            -18.9243081
          ],
          [
            47.9307579,
            -18.9242857
          ],
          [
            47.930721,
            -18.9242549
          ],
          [
            47.9306842,
            -18.9242358
          ],
          [
            47.9306459,
            -18.9242244
          ],
          [
            47.9306016,
            -18.9242149
          ],
          [
            47.9305306,
            -18.9242009
          ],
          [
            47.9304542,
            -18.9241914
          ],
          [
            47.9303214,
            -18.92418
          ],
          [
            47.9302872,
            -18.9241623
          ],
          [
            47.9302631,
            -18.9241413
          ],
          [
            47.9302369,
            -18.9241128
          ],
          [
            47.9302289,
            -18.924069
          ],
          [
            47.9302255,
            -18.9240398
          ],
          [
            47.9302289,
            -18.9240176
          ],
          [
            47.9302389,
            -18.9239885
          ],
          [
            47.9302534,
            -18.9239685
          ],
          [
            47.9302852,
            -18.9239453
          ],
          [
            47.9303119,
            -18.9239338
          ],
          [
            47.9303529,
            -18.923925
          ],
          [
            47.9304072,
            -18.9239238
          ],
          [
            47.9304454,
            -18.9239295
          ],
          [
            47.930473,
            -18.9239405
          ],
          [
            47.9306144,
            -18.9239942
          ],
          [
            47.930737,
            -18.924051
          ],
          [
            47.9309075,
            -18.9241242
          ],
          [
            47.9310114,
            -18.9241705
          ],
          [
            47.9310489,
            -18.9241965
          ],
          [
            47.9311015,
            -18.9242367
          ],
          [
            47.9311388,
            -18.9242707
          ],
          [
            47.9311549,
            -18.924298
          ],
          [
            47.9311684,
            -18.9243251
          ],
          [
            47.9311918,
            -18.9244242
          ],
          [
            47.9312056,
            -18.9245156
          ],
          [
            47.9312652,
            -18.9250244
          ],
          [
            47.931293,
            -18.9251302
          ],
          [
            47.9313198,
            -18.9252152
          ],
          [
            47.9313479,
            -18.9252652
          ],
          [
            47.9313869,
            -18.9253122
          ],
          [
            47.9314405,
            -18.9253573
          ],
          [
            47.9314754,
            -18.9253776
          ],
          [
            47.9315145,
            -18.9253901
          ],
          [
            47.931574,
            -18.9253909
          ],
          [
            47.9316444,
            -18.9253788
          ],
          [
            47.9317584,
            -18.9253274
          ],
          [
            47.9319429,
            -18.9252009
          ],
          [
            47.9320662,
            -18.9250782
          ],
          [
            47.9321627,
            -18.9249615
          ],
          [
            47.9323392,
            -18.9246961
          ],
          [
            47.9324027,
            -18.9246
          ],
          [
            47.9324725,
            -18.9244819
          ],
          [
            47.9325235,
            -18.9244274
          ],
          [
            47.9325758,
            -18.9243741
          ],
          [
            47.9326708,
            -18.9243071
          ],
          [
            47.9327514,
            -18.9242853
          ],
          [
            47.9328373,
            -18.9242701
          ],
          [
            47.9329108,
            -18.9242463
          ],
          [
            47.9330693,
            -18.9242181
          ],
          [
            47.9332195,
            -18.924213
          ],
          [
            47.9333612,
            -18.9242057
          ],
          [
            47.9335313,
            -18.9242161
          ],
          [
            47.9336434,
            -18.9242194
          ],
          [
            47.9337573,
            -18.9242548
          ],
          [
            47.9338825,
            -18.9242797
          ],
          [
            47.9340163,
            -18.9243286
          ],
          [
            47.9341301,
            -18.9243513
          ],
          [
            47.9342522,
            -18.9243323
          ],
          [
            47.9343131,
            -18.9243139
          ],
          [
            47.9343608,
            -18.9242701
          ],
          [
            47.9343984,
            -18.9242282
          ],
          [
            47.9344366,
            -18.9241857
          ],
          [
            47.9344735,
            -18.9241331
          ],
          [
            47.934503,
            -18.9240405
          ],
          [
            47.9345955,
            -18.9238832
          ],
          [
            47.9347522,
            -18.9235692
          ],
          [
            47.9347956,
            -18.9234396
          ],
          [
            47.9348758,
            -18.9232983
          ],
          [
            47.9349133,
            -18.9232717
          ],
          [
            47.9349482,
            -18.9232577
          ],
          [
            47.9349911,
            -18.9232476
          ],
          [
            47.935113,
            -18.92323
          ],
          [
            47.9352204,
            -18.9232291
          ],
          [
            47.9353532,
            -18.9231892
          ],
          [
            47.9354458,
            -18.9231321
          ],
          [
            47.9355101,
            -18.9230725
          ],
          [
            47.9356302,
            -18.9229596
          ],
          [
            47.9357133,
            -18.9228873
          ],
          [
            47.9357851,
            -18.9228416
          ],
          [
            47.9358776,
            -18.9227845
          ],
          [
            47.9359661,
            -18.9227642
          ],
          [
            47.9360412,
            -18.9227731
          ],
          [
            47.9361016,
            -18.9227985
          ],
          [
            47.9361815,
            -18.9228531
          ],
          [
            47.9362187,
            -18.9229123
          ],
          [
            47.9362533,
            -18.9229844
          ],
          [
            47.9362571,
            -18.9230712
          ],
          [
            47.9362652,
            -18.9231803
          ],
          [
            47.9362813,
            -18.9232793
          ],
          [
            47.9363188,
            -18.9233503
          ],
          [
            47.936371,
            -18.923407
          ],
          [
            47.9365093,
            -18.9235041
          ],
          [
            47.9365911,
            -18.9235368
          ],
          [
            47.9366581,
            -18.9235723
          ],
          [
            47.9367024,
            -18.923618
          ],
          [
            47.9367381,
            -18.9236846
          ],
          [
            47.9367493,
            -18.9237322
          ],
          [
            47.9367386,
            -18.9237905
          ],
          [
            47.9367082,
            -18.9239101
          ],
          [
            47.9366916,
            -18.9240405
          ],
          [
            47.9366983,
            -18.9241546
          ],
          [
            47.9367439,
            -18.9242752
          ],
          [
            47.9368198,
            -18.9243899
          ],
          [
            47.9368996,
            -18.9244827
          ],
          [
            47.937054,
            -18.924589
          ],
          [
            47.9371807,
            -18.9246349
          ],
          [
            47.9373179,
            -18.9246329
          ],
          [
            47.9373971,
            -18.924605
          ],
          [
            47.9374735,
            -18.9245581
          ],
          [
            47.9375862,
            -18.9244134
          ],
          [
            47.9376519,
            -18.9243513
          ],
          [
            47.9377176,
            -18.9243069
          ],
          [
            47.9378115,
            -18.9242358
          ],
          [
            47.9378879,
            -18.9241978
          ],
          [
            47.9379563,
            -18.9241838
          ],
          [
            47.9380153,
            -18.9241876
          ],
          [
            47.938072,
            -18.924206
          ],
          [
            47.938144,
            -18.9242486
          ],
          [
            47.9382353,
            -18.9243061
          ],
          [
            47.9384646,
            -18.9244896
          ],
          [
            47.9386569,
            -18.9246628
          ],
          [
            47.9388094,
            -18.9248494
          ],
          [
            47.939045,
            -18.9252276
          ],
          [
            47.939106,
            -18.925339
          ],
          [
            47.9391915,
            -18.9254512
          ],
          [
            47.9392747,
            -18.925606
          ],
          [
            47.9393108,
            -18.9256957
          ],
          [
            47.9393202,
            -18.9257607
          ],
          [
            47.9393175,
            -18.9258229
          ],
          [
            47.9393009,
            -18.9259205
          ],
          [
            47.9393068,
            -18.9260334
          ],
          [
            47.939339,
            -18.9260943
          ],
          [
            47.9394332,
            -18.9264734
          ],
          [
            47.9396622,
            -18.9265473
          ],
          [
            47.940125,
            -18.926664
          ],
          [
            47.940228,
            -18.926712
          ],
          [
            47.9404816,
            -18.9268035
          ],
          [
            47.9406238,
            -18.9268682
          ],
          [
            47.9407029,
            -18.9269151
          ],
          [
            47.940786,
            -18.9269641
          ],
          [
            47.94087,
            -18.9270434
          ],
          [
            47.9410046,
            -18.9271891
          ],
          [
            47.941089,
            -18.9273304
          ],
          [
            47.9410935,
            -18.9274123
          ],
          [
            47.9410905,
            -18.9274771
          ],
          [
            47.9410616,
            -18.9275381
          ],
          [
            47.9409987,
            -18.9276155
          ],
          [
            47.9405516,
            -18.9279356
          ],
          [
            47.9404024,
            -18.9280058
          ],
          [
            47.940263,
            -18.9280467
          ],
          [
            47.9401986,
            -18.9280733
          ],
          [
            47.9401296,
            -18.9281154
          ],
          [
            47.9400685,
            -18.9281533
          ],
          [
            47.9399893,
            -18.9282314
          ],
          [
            47.9399519,
            -18.9282801
          ],
          [
            47.9399264,
            -18.9283347
          ],
          [
            47.9398929,
            -18.9284311
          ],
          [
            47.9398409,
            -18.9285951
          ],
          [
            47.9398097,
            -18.9288385
          ],
          [
            47.9397976,
            -18.9288751
          ],
          [
            47.9397695,
            -18.9289144
          ],
          [
            47.9397117,
            -18.9289651
          ],
          [
            47.9396515,
            -18.9290032
          ],
          [
            47.9395729,
            -18.9290365
          ],
          [
            47.9394731,
            -18.9290527
          ],
          [
            47.9393523,
            -18.9290732
          ],
          [
            47.939191,
            -18.9291246
          ],
          [
            47.9391459,
            -18.9291504
          ],
          [
            47.9391042,
            -18.9291931
          ],
          [
            47.939052,
            -18.929276
          ],
          [
            47.9390211,
            -18.9293622
          ],
          [
            47.9390138,
            -18.9294136
          ],
          [
            47.9390065,
            -18.9295094
          ],
          [
            47.9390097,
            -18.9295739
          ],
          [
            47.939001,
            -18.9296705
          ],
          [
            47.9389792,
            -18.9298106
          ],
          [
            47.9388817,
            -18.930032
          ],
          [
            47.938816,
            -18.9301424
          ],
          [
            47.9387627,
            -18.9302237
          ],
          [
            47.9387087,
            -18.9302934
          ],
          [
            47.9386601,
            -18.930354
          ],
          [
            47.9385732,
            -18.9304012
          ],
          [
            47.9384957,
            -18.9304447
          ],
          [
            47.9383535,
            -18.9305237
          ],
          [
            47.9382835,
            -18.9305864
          ],
          [
            47.9382708,
            -18.9306137
          ],
          [
            47.9382661,
            -18.9306536
          ],
          [
            47.9382728,
            -18.9307653
          ],
          [
            47.9383039,
            -18.9308611
          ],
          [
            47.9383206,
            -18.9309613
          ],
          [
            47.9383326,
            -18.9310303
          ],
          [
            47.9383399,
            -18.9310545
          ],
          [
            47.9383358,
            -18.9310875
          ],
          [
            47.9383049,
            -18.9311422
          ],
          [
            47.9381995,
            -18.9312263
          ],
          [
            47.9381266,
            -18.9312816
          ],
          [
            47.9380435,
            -18.9313222
          ],
          [
            47.9379257,
            -18.9313878
          ],
          [
            47.9378379,
            -18.9314465
          ],
          [
            47.9377618,
            -18.9315239
          ],
          [
            47.9376931,
            -18.9316234
          ],
          [
            47.9376744,
            -18.9317592
          ],
          [
            47.937668,
            -18.93186
          ],
          [
            47.9376944,
            -18.9319442
          ],
          [
            47.9377766,
            -18.9321797
          ],
          [
            47.9378765,
            -18.9323417
          ],
          [
            47.9379782,
            -18.9324824
          ],
          [
            47.9380526,
            -18.932543
          ],
          [
            47.9381011,
            -18.9325666
          ],
          [
            47.9381588,
            -18.9325692
          ],
          [
            47.9382098,
            -18.9325489
          ],
          [
            47.9382471,
            -18.9325274
          ],
          [
            47.9382929,
            -18.9324791
          ],
          [
            47.9383227,
            -18.9324142
          ],
          [
            47.9383278,
            -18.9323256
          ],
          [
            47.9383062,
            -18.9322725
          ],
          [
            47.9382554,
            -18.9321734
          ],
          [
            47.9382241,
            -18.9320873
          ],
          [
            47.9382178,
            -18.9320345
          ],
          [
            47.9382192,
            -18.9320002
          ],
          [
            47.9382259,
            -18.9319742
          ],
          [
            47.9382413,
            -18.9319393
          ],
          [
            47.938261,
            -18.9319202
          ],
          [
            47.9382916,
            -18.9318917
          ],
          [
            47.9383224,
            -18.9318746
          ],
          [
            47.9383589,
            -18.9318667
          ],
          [
            47.9384956,
            -18.9318613
          ],
          [
            47.9386565,
            -18.9318806
          ],
          [
            47.938887,
            -18.9319082
          ],
          [
            47.9390413,
            -18.9319235
          ],
          [
            47.9391392,
            -18.9319311
          ],
          [
            47.9391888,
            -18.9319304
          ],
          [
            47.9392216,
            -18.9319228
          ],
          [
            47.9392404,
            -18.9319123
          ],
          [
            47.9393272,
            -18.9318686
          ],
          [
            47.9398509,
            -18.9315972
          ],
          [
            47.9399753,
            -18.9315005
          ],
          [
            47.9400994,
            -18.931397
          ],
          [
            47.9401544,
            -18.9313425
          ],
          [
            47.9402089,
            -18.9312689
          ],
          [
            47.9403433,
            -18.9310273
          ],
          [
            47.9404186,
            -18.9309188
          ],
          [
            47.9405379,
            -18.930797
          ],
          [
            47.9406415,
            -18.9307033
          ],
          [
            47.9410073,
            -18.9304361
          ],
          [
            47.9412071,
            -18.9302883
          ],
          [
            47.9412514,
            -18.9302439
          ],
          [
            47.9412769,
            -18.930202
          ],
          [
            47.9413207,
            -18.9301177
          ],
          [
            47.9415854,
            -18.9296655
          ],
          [
            47.9417933,
            -18.9293475
          ],
          [
            47.9419169,
            -18.9291492
          ],
          [
            47.9419743,
            -18.9290831
          ],
          [
            47.9420326,
            -18.9290378
          ],
          [
            47.9420976,
            -18.9289956
          ],
          [
            47.9421634,
            -18.9289768
          ],
          [
            47.9423122,
            -18.9289461
          ],
          [
            47.9424602,
            -18.9289372
          ],
          [
            47.9426502,
            -18.9289005
          ],
          [
            47.9428109,
            -18.9288509
          ],
          [
            47.9429812,
            -18.9288035
          ],
          [
            47.9433279,
            -18.9286801
          ],
          [
            47.9434374,
            -18.9286645
          ],
          [
            47.9435231,
            -18.9286651
          ],
          [
            47.9437271,
            -18.9286759
          ],
          [
            47.9439535,
            -18.9286843
          ],
          [
            47.9441158,
            -18.9286975
          ],
          [
            47.9441911,
            -18.9287254
          ],
          [
            47.9442896,
            -18.9287679
          ],
          [
            47.9444652,
            -18.9289288
          ],
          [
            47.9445934,
            -18.9290781
          ],
          [
            47.9446578,
            -18.9291383
          ],
          [
            47.944738,
            -18.9291896
          ],
          [
            47.9448167,
            -18.9292398
          ],
          [
            47.9449059,
            -18.9292848
          ],
          [
            47.9450369,
            -18.9293228
          ],
          [
            47.9451144,
            -18.929335
          ],
          [
            47.9451956,
            -18.9293419
          ],
          [
            47.94526,
            -18.92934
          ],
          [
            47.9453374,
            -18.9293302
          ],
          [
            47.945376,
            -18.9293166
          ],
          [
            47.9454182,
            -18.9293007
          ],
          [
            47.9454571,
            -18.9292855
          ],
          [
            47.9454943,
            -18.9292612
          ],
          [
            47.9455983,
            -18.9291468
          ],
          [
            47.9457225,
            -18.929024
          ],
          [
            47.9457662,
            -18.928988
          ],
          [
            47.9458209,
            -18.9289587
          ],
          [
            47.946074,
            -18.928863
          ],
          [
            47.9462142,
            -18.9288282
          ],
          [
            47.9463355,
            -18.9288048
          ],
          [
            47.9464146,
            -18.9287907
          ],
          [
            47.9464824,
            -18.9287907
          ],
          [
            47.946543,
            -18.9288008
          ],
          [
            47.9467647,
            -18.9288554
          ],
          [
            47.9468726,
            -18.9288776
          ],
          [
            47.9469874,
            -18.9289145
          ],
          [
            47.947063,
            -18.928936
          ],
          [
            47.9472354,
            -18.9289751
          ],
          [
            47.9473883,
            -18.9290235
          ],
          [
            47.9474822,
            -18.9290762
          ],
          [
            47.947536,
            -18.929113
          ],
          [
            47.9476351,
            -18.9291808
          ],
          [
            47.9477316,
            -18.929262
          ],
          [
            47.947918,
            -18.92944
          ],
          [
            47.947975,
            -18.929491
          ],
          [
            47.9481634,
            -18.9296832
          ],
          [
            47.9482479,
            -18.9297656
          ],
          [
            47.9483029,
            -18.9298088
          ],
          [
            47.9483746,
            -18.9298468
          ],
          [
            47.948467,
            -18.929855
          ],
          [
            47.9485591,
            -18.9298456
          ],
          [
            47.9486554,
            -18.9298149
          ],
          [
            47.948783,
            -18.9297859
          ],
          [
            47.948836,
            -18.9297809
          ],
          [
            47.9488796,
            -18.9297847
          ],
          [
            47.9489178,
            -18.9297891
          ],
          [
            47.9489527,
            -18.9298054
          ],
          [
            47.9489936,
            -18.9298417
          ],
          [
            47.9490218,
            -18.9298614
          ],
          [
            47.9490455,
            -18.9299008
          ],
          [
            47.949062,
            -18.929935
          ],
          [
            47.9490727,
            -18.9300117
          ],
          [
            47.9490682,
            -18.9300888
          ],
          [
            47.9490358,
            -18.9303079
          ],
          [
            47.9490003,
            -18.9304424
          ],
          [
            47.9489855,
            -18.9305198
          ],
          [
            47.9489797,
            -18.9305932
          ],
          [
            47.9489876,
            -18.9306409
          ],
          [
            47.9490028,
            -18.9306754
          ],
          [
            47.9490539,
            -18.9307492
          ],
          [
            47.9491096,
            -18.9308135
          ],
          [
            47.9491656,
            -18.9308616
          ],
          [
            47.9492269,
            -18.9308883
          ],
          [
            47.9493014,
            -18.9308985
          ],
          [
            47.9493711,
            -18.9309073
          ],
          [
            47.9494622,
            -18.9308986
          ],
          [
            47.9497281,
            -18.9308647
          ],
          [
            47.9498284,
            -18.9308357
          ],
          [
            47.9498747,
            -18.9308243
          ],
          [
            47.9499157,
            -18.9307988
          ],
          [
            47.9499659,
            -18.9307653
          ],
          [
            47.9500115,
            -18.9307253
          ],
          [
            47.9500819,
            -18.9306435
          ],
          [
            47.9502057,
            -18.9304791
          ],
          [
            47.9502895,
            -18.9303417
          ],
          [
            47.9504272,
            -18.9301145
          ],
          [
            47.9505511,
            -18.9299129
          ],
          [
            47.9506315,
            -18.9297788
          ],
          [
            47.9507444,
            -18.9296305
          ],
          [
            47.9508343,
            -18.92951
          ],
          [
            47.9509591,
            -18.9293723
          ],
          [
            47.951086,
            -18.9292419
          ],
          [
            47.9513808,
            -18.928889
          ],
          [
            47.9515886,
            -18.9286467
          ],
          [
            47.9517697,
            -18.9284133
          ],
          [
            47.9518528,
            -18.9282015
          ],
          [
            47.9519346,
            -18.9280099
          ],
          [
            47.9520197,
            -18.9278382
          ],
          [
            47.9520791,
            -18.9277189
          ],
          [
            47.9521854,
            -18.9275253
          ],
          [
            47.9522766,
            -18.9274111
          ],
          [
            47.9523497,
            -18.9273189
          ],
          [
            47.9524525,
            -18.9272133
          ],
          [
            47.9525241,
            -18.9271574
          ],
          [
            47.9525848,
            -18.9271105
          ],
          [
            47.95275,
            -18.9269824
          ],
          [
            47.9529117,
            -18.9268517
          ],
          [
            47.952999,
            -18.9267798
          ],
          [
            47.953401,
            -18.926478
          ],
          [
            47.9534888,
            -18.9263997
          ],
          [
            47.9538411,
            -18.9261268
          ],
          [
            47.9539238,
            -18.9260664
          ],
          [
            47.9543137,
            -18.9258064
          ],
          [
            47.9544473,
            -18.9257299
          ],
          [
            47.9548604,
            -18.9255379
          ],
          [
            47.9549631,
            -18.9254947
          ],
          [
            47.9551754,
            -18.9253738
          ],
          [
            47.9552532,
            -18.9253154
          ],
          [
            47.9553275,
            -18.9252544
          ],
          [
            47.9554055,
            -18.9251732
          ],
          [
            47.955508,
            -18.9250357
          ],
          [
            47.955593,
            -18.924896
          ],
          [
            47.955654,
            -18.924789
          ],
          [
            47.9557735,
            -18.9245707
          ],
          [
            47.9558854,
            -18.9243455
          ],
          [
            47.9560103,
            -18.9240811
          ],
          [
            47.9560679,
            -18.923932
          ],
          [
            47.9561158,
            -18.9238096
          ],
          [
            47.9561464,
            -18.9236975
          ],
          [
            47.956173,
            -18.923592
          ],
          [
            47.9561772,
            -18.9235254
          ],
          [
            47.9561725,
            -18.9234728
          ],
          [
            47.9561537,
            -18.9233694
          ],
          [
            47.9561448,
            -18.9232149
          ],
          [
            47.9561375,
            -18.9230766
          ],
          [
            47.9561035,
            -18.9228499
          ],
          [
            47.9560994,
            -18.9227953
          ],
          [
            47.9560934,
            -18.9227484
          ],
          [
            47.9560934,
            -18.9226951
          ],
          [
            47.9560972,
            -18.9226374
          ],
          [
            47.9561008,
            -18.9225695
          ],
          [
            47.9561062,
            -18.9224983
          ],
          [
            47.9561229,
            -18.9224312
          ],
          [
            47.956134,
            -18.9223836
          ],
          [
            47.9561517,
            -18.9223291
          ],
          [
            47.9561685,
            -18.9222828
          ],
          [
            47.9562014,
            -18.9221788
          ],
          [
            47.9562916,
            -18.9219587
          ],
          [
            47.956434,
            -18.9216707
          ],
          [
            47.9565893,
            -18.9213684
          ],
          [
            47.9566487,
            -18.9212432
          ],
          [
            47.9567599,
            -18.9210065
          ],
          [
            47.9568412,
            -18.9208305
          ],
          [
            47.956915,
            -18.9207009
          ],
          [
            47.9570955,
            -18.9202838
          ],
          [
            47.957122,
            -18.9201952
          ],
          [
            47.9571362,
            -18.9201256
          ],
          [
            47.957171,
            -18.9198502
          ],
          [
            47.9571918,
            -18.9196789
          ],
          [
            47.9572142,
            -18.91953
          ],
          [
            47.9572336,
            -18.9193917
          ],
          [
            47.9572642,
            -18.9191423
          ],
          [
            47.9572742,
            -18.9190611
          ],
          [
            47.9572944,
            -18.9189938
          ],
          [
            47.9573118,
            -18.9189241
          ],
          [
            47.9573329,
            -18.9188728
          ],
          [
            47.9573889,
            -18.9187486
          ],
          [
            47.9575022,
            -18.9185257
          ],
          [
            47.9575753,
            -18.9184185
          ],
          [
            47.957646,
            -18.9183276
          ],
          [
            47.9578188,
            -18.9181505
          ],
          [
            47.9580072,
            -18.9179846
          ],
          [
            47.9581238,
            -18.9178717
          ],
          [
            47.9582516,
            -18.9177761
          ],
          [
            47.9583937,
            -18.9176589
          ],
          [
            47.9587395,
            -18.9173659
          ],
          [
            47.9588638,
            -18.9172566
          ],
          [
            47.959229,
            -18.916948
          ],
          [
            47.9593607,
            -18.9168426
          ],
          [
            47.959728,
            -18.916546
          ],
          [
            47.959843,
            -18.916452
          ],
          [
            47.9600128,
            -18.9163093
          ],
          [
            47.9601013,
            -18.9162402
          ],
          [
            47.9601826,
            -18.916187
          ],
          [
            47.9603254,
            -18.9161133
          ],
          [
            47.9605016,
            -18.9160442
          ],
          [
            47.9606838,
            -18.9159954
          ],
          [
            47.9608148,
            -18.9159687
          ],
          [
            47.9609193,
            -18.9159471
          ],
          [
            47.9610716,
            -18.9159034
          ],
          [
            47.9611916,
            -18.9158577
          ],
          [
            47.9613204,
            -18.9157911
          ],
          [
            47.9614258,
            -18.915721
          ],
          [
            47.961517,
            -18.915627
          ],
          [
            47.9616,
            -18.915505
          ],
          [
            47.9616604,
            -18.9153931
          ],
          [
            47.9617589,
            -18.9151142
          ],
          [
            47.9618427,
            -18.914857
          ],
          [
            47.9618964,
            -18.914608
          ],
          [
            47.9619551,
            -18.9143985
          ],
          [
            47.9620412,
            -18.9141234
          ],
          [
            47.9621287,
            -18.9138647
          ],
          [
            47.9622138,
            -18.9136894
          ],
          [
            47.9623123,
            -18.9135142
          ],
          [
            47.9624221,
            -18.9133368
          ],
          [
            47.9625499,
            -18.9131914
          ],
          [
            47.9626513,
            -18.9130764
          ],
          [
            47.962852,
            -18.912907
          ],
          [
            47.9630507,
            -18.9127381
          ],
          [
            47.963379,
            -18.9124926
          ],
          [
            47.9644693,
            -18.9117626
          ],
          [
            47.9645758,
            -18.9116716
          ],
          [
            47.9646281,
            -18.9116209
          ],
          [
            47.9646711,
            -18.9115657
          ],
          [
            47.9647329,
            -18.9114639
          ],
          [
            47.9647845,
            -18.9113583
          ],
          [
            47.9648394,
            -18.9112364
          ],
          [
            47.9648822,
            -18.9111218
          ],
          [
            47.9651083,
            -18.9102373
          ],
          [
            47.9653223,
            -18.9097705
          ],
          [
            47.965492,
            -18.9095083
          ],
          [
            47.9662979,
            -18.9082924
          ],
          [
            47.9664782,
            -18.9080374
          ],
          [
            47.9665323,
            -18.9079634
          ],
          [
            47.9666116,
            -18.9078334
          ],
          [
            47.9667746,
            -18.9075749
          ],
          [
            47.9668618,
            -18.9074487
          ],
          [
            47.9669353,
            -18.9073267
          ],
          [
            47.9669751,
            -18.9072546
          ],
          [
            47.967029,
            -18.9071907
          ],
          [
            47.9671501,
            -18.9070382
          ],
          [
            47.9672427,
            -18.9069386
          ],
          [
            47.967337,
            -18.9068633
          ],
          [
            47.9674604,
            -18.9067822
          ],
          [
            47.9675893,
            -18.9067128
          ],
          [
            47.9677307,
            -18.9066499
          ],
          [
            47.9679669,
            -18.9065637
          ],
          [
            47.9680977,
            -18.9065051
          ],
          [
            47.9683545,
            -18.9063958
          ],
          [
            47.9684852,
            -18.9063487
          ],
          [
            47.968614,
            -18.9062833
          ],
          [
            47.9687327,
            -18.9062237
          ],
          [
            47.9688425,
            -18.9061322
          ],
          [
            47.9689911,
            -18.9060039
          ],
          [
            47.9693038,
            -18.9056156
          ],
          [
            47.9697309,
            -18.9050277
          ],
          [
            47.9704454,
            -18.9040311
          ],
          [
            47.9704821,
            -18.9039799
          ],
          [
            47.9705167,
            -18.9039371
          ],
          [
            47.9706652,
            -18.9037535
          ],
          [
            47.9707852,
            -18.9036003
          ],
          [
            47.9709092,
            -18.9034844
          ],
          [
            47.9711705,
            -18.9033331
          ],
          [
            47.9714135,
            -18.9032491
          ],
          [
            47.9722945,
            -18.903051
          ],
          [
            47.9727606,
            -18.9029078
          ],
          [
            47.9731106,
            -18.9027746
          ],
          [
            47.9733908,
            -18.902625
          ],
          [
            47.9735995,
            -18.9024713
          ],
          [
            47.9738455,
            -18.902237
          ],
          [
            47.9740225,
            -18.902037
          ],
          [
            47.9743203,
            -18.9016225
          ],
          [
            47.9746144,
            -18.9012278
          ],
          [
            47.975226,
            -18.900127
          ],
          [
            47.9753486,
            -18.8999206
          ],
          [
            47.9754261,
            -18.8997599
          ],
          [
            47.9754589,
            -18.8996076
          ],
          [
            47.9754945,
            -18.8993755
          ],
          [
            47.9754676,
            -18.8991972
          ],
          [
            47.9754087,
            -18.8985685
          ],
          [
            47.9754232,
            -18.898322
          ],
          [
            47.975473,
            -18.8981536
          ],
          [
            47.9755609,
            -18.8979804
          ],
          [
            47.9757506,
            -18.8977301
          ],
          [
            47.9759699,
            -18.897511
          ],
          [
            47.9762828,
            -18.8972312
          ],
          [
            47.9767093,
            -18.8968261
          ],
          [
            47.9771568,
            -18.8964578
          ],
          [
            47.977208,
            -18.8964165
          ],
          [
            47.9778293,
            -18.8958456
          ],
          [
            47.9779498,
            -18.8957046
          ],
          [
            47.9781067,
            -18.8954784
          ],
          [
            47.978138,
            -18.8954361
          ],
          [
            47.9782055,
            -18.895345
          ],
          [
            47.9783602,
            -18.8950144
          ],
          [
            47.9784972,
            -18.8947195
          ],
          [
            47.9786283,
            -18.8944464
          ],
          [
            47.9787782,
            -18.8941788
          ],
          [
            47.9789242,
            -18.8939686
          ],
          [
            47.9793461,
            -18.8934316
          ],
          [
            47.9794407,
            -18.8932999
          ],
          [
            47.9796629,
            -18.8930352
          ],
          [
            47.9798383,
            -18.8927877
          ],
          [
            47.9799221,
            -18.8925377
          ],
          [
            47.9799805,
            -18.8923012
          ],
          [
            47.980059,
            -18.8919059
          ],
          [
            47.9801434,
            -18.8917307
          ],
          [
            47.9802561,
            -18.8915277
          ],
          [
            47.9805967,
            -18.8910062
          ],
          [
            47.9808059,
            -18.8906713
          ],
          [
            47.9809692,
            -18.8904353
          ],
          [
            47.981164,
            -18.8902502
          ],
          [
            47.9814101,
            -18.8900951
          ],
          [
            47.9819485,
            -18.8898845
          ],
          [
            47.9822953,
            -18.8897418
          ],
          [
            47.9825598,
            -18.8896561
          ],
          [
            47.9830309,
            -18.8894386
          ],
          [
            47.9832939,
            -18.8893176
          ],
          [
            47.983625,
            -18.8891831
          ],
          [
            47.9838167,
            -18.8891156
          ],
          [
            47.9839669,
            -18.8890915
          ],
          [
            47.9840903,
            -18.8890801
          ],
          [
            47.9841829,
            -18.8890829
          ],
          [
            47.9844131,
            -18.8890911
          ],
          [
            47.9846013,
            -18.8891397
          ],
          [
            47.9847298,
            -18.8891826
          ],
          [
            47.9849888,
            -18.8892983
          ],
          [
            47.985207,
            -18.8894089
          ],
          [
            47.9853357,
            -18.8894796
          ],
          [
            47.9854725,
            -18.8895478
          ],
          [
            47.9856527,
            -18.8896333
          ],
          [
            47.9858083,
            -18.8897044
          ],
          [
            47.9860367,
            -18.8897571
          ],
          [
            47.9862499,
            -18.8897745
          ],
          [
            47.9864694,
            -18.8897742
          ],
          [
            47.986751,
            -18.8897132
          ],
          [
            47.9869939,
            -18.889626
          ],
          [
            47.98725,
            -18.8894532
          ],
          [
            47.9877677,
            -18.8889217
          ],
          [
            47.9890577,
            -18.8875703
          ],
          [
            47.98933,
            -18.8872532
          ],
          [
            47.9894159,
            -18.8870501
          ],
          [
            47.989432,
            -18.8868014
          ],
          [
            47.9894695,
            -18.8865324
          ],
          [
            47.9895232,
            -18.8863598
          ],
          [
            47.9896465,
            -18.8861619
          ],
          [
            47.9898879,
            -18.8859969
          ],
          [
            47.990157,
            -18.8859305
          ],
          [
            47.990478,
            -18.8859436
          ],
          [
            47.9907114,
            -18.8860477
          ],
          [
            47.990883,
            -18.8861949
          ],
          [
            47.9910601,
            -18.8864461
          ],
          [
            47.9912263,
            -18.8868024
          ],
          [
            47.9919666,
            -18.8875323
          ],
          [
            47.9924962,
            -18.8880571
          ],
          [
            47.9927796,
            -18.8882524
          ],
          [
            47.993021,
            -18.888354
          ],
          [
            47.9934088,
            -18.8884068
          ],
          [
            47.9941189,
            -18.8883532
          ],
          [
            47.9947859,
            -18.8883014
          ],
          [
            47.99515,
            -18.8883396
          ],
          [
            47.9954642,
            -18.8884012
          ],
          [
            47.995766,
            -18.888546
          ],
          [
            47.995888,
            -18.888615
          ],
          [
            47.996208,
            -18.888878
          ],
          [
            47.996304,
            -18.888983
          ],
          [
            47.9964928,
            -18.889359
          ],
          [
            47.9965872,
            -18.889628
          ],
          [
            47.9967304,
            -18.8901308
          ],
          [
            47.9969173,
            -18.8908191
          ],
          [
            47.996989,
            -18.8909602
          ],
          [
            47.9971249,
            -18.8912276
          ],
          [
            47.9973054,
            -18.8914027
          ],
          [
            47.99749,
            -18.891533
          ],
          [
            47.9978321,
            -18.8916241
          ],
          [
            47.998134,
            -18.8916163
          ],
          [
            47.9985933,
            -18.8915281
          ],
          [
            47.9991106,
            -18.8914166
          ],
          [
            47.9994936,
            -18.8913797
          ],
          [
            47.9999745,
            -18.8914314
          ],
          [
            48.0012484,
            -18.8916468
          ],
          [
            48.0015198,
            -18.8916572
          ],
          [
            48.0018514,
            -18.8916415
          ],
          [
            48.0023137,
            -18.8915707
          ],
          [
            48.0026904,
            -18.8915377
          ],
          [
            48.0030286,
            -18.8915677
          ],
          [
            48.0033436,
            -18.891662
          ],
          [
            48.0036145,
            -18.8918209
          ],
          [
            48.0046697,
            -18.8926294
          ],
          [
            48.0049822,
            -18.8928415
          ],
          [
            48.0052303,
            -18.8929614
          ],
          [
            48.0056378,
            -18.8931102
          ],
          [
            48.0059959,
            -18.8932555
          ],
          [
            48.0064628,
            -18.8933726
          ],
          [
            48.0068023,
            -18.8934277
          ],
          [
            48.0070372,
            -18.8934402
          ],
          [
            48.0074616,
            -18.8934012
          ],
          [
            48.0077622,
            -18.8933472
          ],
          [
            48.0081413,
            -18.893241
          ],
          [
            48.0084243,
            -18.8931125
          ],
          [
            48.009491,
            -18.892479
          ],
          [
            48.0096496,
            -18.8923601
          ],
          [
            48.009884,
            -18.892151
          ],
          [
            48.009983,
            -18.892048
          ],
          [
            48.010349,
            -18.891582
          ],
          [
            48.010445,
            -18.891466
          ],
          [
            48.010853,
            -18.891045
          ],
          [
            48.010967,
            -18.890963
          ],
          [
            48.011105,
            -18.890903
          ],
          [
            48.011692,
            -18.890707
          ],
          [
            48.011837,
            -18.890663
          ],
          [
            48.012394,
            -18.890446
          ],
          [
            48.01252,
            -18.89036
          ],
          [
            48.0127242,
            -18.8901345
          ],
          [
            48.0128987,
            -18.8898948
          ],
          [
            48.0131587,
            -18.889566
          ],
          [
            48.013323,
            -18.8893613
          ],
          [
            48.013554,
            -18.889187
          ],
          [
            48.013664,
            -18.88912
          ],
          [
            48.01429,
            -18.889011
          ],
          [
            48.014458,
            -18.888987
          ],
          [
            48.0148644,
            -18.8888978
          ],
          [
            48.0151343,
            -18.8888434
          ],
          [
            48.0157823,
            -18.8887485
          ],
          [
            48.0161359,
            -18.8886665
          ],
          [
            48.016418,
            -18.888601
          ],
          [
            48.016708,
            -18.888435
          ],
          [
            48.016842,
            -18.888334
          ],
          [
            48.017223,
            -18.888
          ],
          [
            48.017349,
            -18.887884
          ],
          [
            48.017715,
            -18.887543
          ],
          [
            48.017834,
            -18.887434
          ],
          [
            48.0181222,
            -18.8871533
          ],
          [
            48.0188367,
            -18.8866549
          ],
          [
            48.0192537,
            -18.8863572
          ]
        ]
      },
      "id": "way/75405969"
    },
    {
      "type": "Feature",
      "properties": {
        "@id": "way/75405970",
        "highway": "primary",
        "ref": "N 2"
      },
      "geometry": {
        "type": "LineString",
        "coordinates": [
          [
            49.1165496,
            -18.6384135
          ],
          [
            49.116608,
            -18.637938
          ],
          [
            49.116619,
            -18.637783
          ],
          [
            49.1166239,
            -18.6376316
          ],
          [
            49.1165951,
            -18.6374805
          ],
          [
            49.1165446,
            -18.6373325
          ],
          [
            49.1164314,
            -18.6370663
          ],
          [
            49.1161892,
            -18.6365179
          ],
          [
            49.116203,
            -18.63636
          ],
          [
            49.116158,
            -18.636059
          ],
          [
            49.116158,
            -18.6359
          ],
          [
            49.11615,
            -18.635406
          ],
          [
            49.116158,
            -18.635239
          ],
          [
            49.116196,
            -18.634714
          ],
          [
            49.116215,
            -18.634531
          ],
          [
            49.116268,
            -18.633974
          ],
          [
            49.116283,
            -18.633785
          ],
          [
            49.116314,
            -18.633217
          ],
          [
            49.116333,
            -18.633038
          ],
          [
            49.116409,
            -18.632484
          ],
          [
            49.11644,
            -18.632298
          ],
          [
            49.116543,
            -18.631731
          ],
          [
            49.116581,
            -18.631542
          ],
          [
            49.116688,
            -18.630966
          ],
          [
            49.116718,
            -18.630775
          ],
          [
            49.116825,
            -18.630207
          ],
          [
            49.116856,
            -18.630018
          ],
          [
            49.116928,
            -18.629442
          ],
          [
            49.116943,
            -18.629246
          ],
          [
            49.116993,
            -18.628656
          ],
          [
            49.117008,
            -18.628464
          ],
          [
            49.117062,
            -18.627899
          ],
          [
            49.117077,
            -18.627714
          ],
          [
            49.117069,
            -18.627193
          ],
          [
            49.117065,
            -18.627026
          ],
          [
            49.117126,
            -18.626526
          ],
          [
            49.117157,
            -18.62636
          ],
          [
            49.117195,
            -18.626196
          ],
          [
            49.117325,
            -18.625689
          ],
          [
            49.117355,
            -18.625515
          ],
          [
            49.117382,
            -18.624989
          ],
          [
            49.117371,
            -18.624815
          ],
          [
            49.117321,
            -18.624317
          ],
          [
            49.11731,
            -18.624163
          ],
          [
            49.1174408,
            -18.6238021
          ],
          [
            49.1175742,
            -18.6235788
          ],
          [
            49.1178495,
            -18.6232028
          ],
          [
            49.11791,
            -18.6230657
          ],
          [
            49.1179065,
            -18.6229049
          ],
          [
            49.1178627,
            -18.6227239
          ],
          [
            49.1178025,
            -18.6225413
          ],
          [
            49.1177121,
            -18.6222473
          ],
          [
            49.1176321,
            -18.6220163
          ],
          [
            49.117502,
            -18.6215373
          ],
          [
            49.117479,
            -18.6214406
          ],
          [
            49.1173918,
            -18.6210509
          ],
          [
            49.117346,
            -18.6208555
          ],
          [
            49.1172136,
            -18.6205914
          ],
          [
            49.1170904,
            -18.6204271
          ],
          [
            49.1169128,
            -18.620222
          ],
          [
            49.116676,
            -18.619949
          ],
          [
            49.116611,
            -18.619856
          ],
          [
            49.116558,
            -18.619749
          ],
          [
            49.116341,
            -18.619284
          ],
          [
            49.116032,
            -18.618631
          ],
          [
            49.115971,
            -18.6185
          ],
          [
            49.115742,
            -18.617996
          ],
          [
            49.1157,
            -18.617872
          ],
          [
            49.115665,
            -18.617746
          ],
          [
            49.115669,
            -18.617241
          ],
          [
            49.115677,
            -18.617113
          ],
          [
            49.115738,
            -18.616613
          ],
          [
            49.11578,
            -18.616488
          ],
          [
            49.116066,
            -18.615992
          ],
          [
            49.11615,
            -18.615866
          ],
          [
            49.116402,
            -18.615484
          ],
          [
            49.116482,
            -18.615356
          ],
          [
            49.116901,
            -18.614717
          ],
          [
            49.117157,
            -18.614317
          ],
          [
            49.117237,
            -18.614187
          ],
          [
            49.117512,
            -18.613688
          ],
          [
            49.117573,
            -18.613571
          ],
          [
            49.117786,
            -18.613152
          ],
          [
            49.11784,
            -18.61305
          ],
          [
            49.118095,
            -18.612698
          ],
          [
            49.118183,
            -18.612644
          ],
          [
            49.118282,
            -18.612608
          ],
          [
            49.118752,
            -18.612534
          ],
          [
            49.118862,
            -18.612497
          ],
          [
            49.118969,
            -18.612446
          ],
          [
            49.119129,
            -18.612316
          ],
          [
            49.11919,
            -18.612139
          ],
          [
            49.119255,
            -18.611629
          ],
          [
            49.119286,
            -18.611534
          ],
          [
            49.119331,
            -18.611444
          ],
          [
            49.119465,
            -18.611322
          ],
          [
            49.11982,
            -18.611244
          ],
          [
            49.119976,
            -18.611233
          ],
          [
            49.120579,
            -18.61109
          ],
          [
            49.12072,
            -18.611025
          ],
          [
            49.121235,
            -18.610722
          ],
          [
            49.121346,
            -18.610638
          ],
          [
            49.1216653,
            -18.6103997
          ],
          [
            49.1217373,
            -18.6102797
          ],
          [
            49.1220178,
            -18.6097319
          ],
          [
            49.1220828,
            -18.6095939
          ],
          [
            49.1222726,
            -18.6090672
          ],
          [
            49.1222733,
            -18.6088504
          ],
          [
            49.1221822,
            -18.6085784
          ],
          [
            49.1220333,
            -18.6083864
          ],
          [
            49.1216524,
            -18.6080891
          ],
          [
            49.1215451,
            -18.6079925
          ],
          [
            49.1211964,
            -18.607662
          ],
          [
            49.1210999,
            -18.6075247
          ],
          [
            49.1210409,
            -18.6074231
          ]
        ]
      },
      "id": "way/75405970"
    },
    {
      "type": "Feature",
      "properties": {
        "@id": "way/75405973",
        "highway": "primary",
        "ref": "N 2"
      },
      "geometry": {
        "type": "LineString",
        "coordinates": [
          [
            49.203644,
            -18.362085
          ],
          [
            49.2040032,
            -18.3616942
          ],
          [
            49.2041755,
            -18.3614651
          ],
          [
            49.204364,
            -18.3612086
          ],
          [
            49.2045283,
            -18.3609719
          ],
          [
            49.2047596,
            -18.3605818
          ],
          [
            49.2048079,
            -18.3604519
          ],
          [
            49.2050177,
            -18.3598911
          ],
          [
            49.2050905,
            -18.3597198
          ],
          [
            49.2052571,
            -18.3593026
          ],
          [
            49.205292,
            -18.3591867
          ],
          [
            49.205528,
            -18.3586305
          ],
          [
            49.2055643,
            -18.3585274
          ],
          [
            49.205784,
            -18.358137
          ],
          [
            49.206009,
            -18.357567
          ],
          [
            49.206284,
            -18.356892
          ],
          [
            49.206333,
            -18.35677
          ],
          [
            49.2065002,
            -18.356291
          ],
          [
            49.2069245,
            -18.355642
          ],
          [
            49.2072195,
            -18.3552151
          ],
          [
            49.2072899,
            -18.3550579
          ],
          [
            49.207409,
            -18.354786
          ],
          [
            49.207451,
            -18.354628
          ],
          [
            49.2075801,
            -18.3541377
          ],
          [
            49.207655,
            -18.3539769
          ],
          [
            49.2080882,
            -18.3534359
          ],
          [
            49.2084195,
            -18.3529446
          ],
          [
            49.2085938,
            -18.35269
          ],
          [
            49.2087011,
            -18.3524749
          ],
          [
            49.2089398,
            -18.3521541
          ],
          [
            49.2091973,
            -18.3519607
          ],
          [
            49.2093556,
            -18.3518894
          ],
          [
            49.2097807,
            -18.3515686
          ],
          [
            49.209919,
            -18.351471
          ],
          [
            49.2100891,
            -18.3512147
          ],
          [
            49.2103077,
            -18.350992
          ],
          [
            49.2105813,
            -18.3506101
          ],
          [
            49.2106685,
            -18.350451
          ],
          [
            49.2107796,
            -18.35
          ],
          [
            49.2108093,
            -18.3498795
          ],
          [
            49.2108589,
            -18.3496249
          ],
          [
            49.2109206,
            -18.3493652
          ],
          [
            49.2109957,
            -18.3492048
          ],
          [
            49.211235,
            -18.348955
          ],
          [
            49.211643,
            -18.3486
          ],
          [
            49.211769,
            -18.348486
          ],
          [
            49.21207,
            -18.348091
          ],
          [
            49.21212,
            -18.347944
          ],
          [
            49.212139,
            -18.347786
          ],
          [
            49.212151,
            -18.347275
          ],
          [
            49.212162,
            -18.347105
          ],
          [
            49.212223,
            -18.346781
          ],
          [
            49.212273,
            -18.346622
          ],
          [
            49.212509,
            -18.346186
          ],
          [
            49.212616,
            -18.346067
          ],
          [
            49.212864,
            -18.345858
          ],
          [
            49.213017,
            -18.345778
          ],
          [
            49.213531,
            -18.345467
          ],
          [
            49.213631,
            -18.345367
          ],
          [
            49.2136607,
            -18.3449962
          ],
          [
            49.2136406,
            -18.3447899
          ],
          [
            49.2136231,
            -18.3442258
          ],
          [
            49.2136408,
            -18.3439814
          ],
          [
            49.2137887,
            -18.343626
          ],
          [
            49.2139556,
            -18.3432912
          ],
          [
            49.2140003,
            -18.3431135
          ],
          [
            49.2140964,
            -18.3429063
          ],
          [
            49.2142238,
            -18.3427123
          ],
          [
            49.2142794,
            -18.3425933
          ],
          [
            49.2144211,
            -18.3424608
          ],
          [
            49.2147403,
            -18.3423074
          ],
          [
            49.2149363,
            -18.3422976
          ],
          [
            49.2150934,
            -18.3423035
          ],
          [
            49.2156977,
            -18.3423264
          ],
          [
            49.2158763,
            -18.3423276
          ],
          [
            49.2161354,
            -18.3422902
          ],
          [
            49.216507,
            -18.342089
          ],
          [
            49.216633,
            -18.341991
          ],
          [
            49.217022,
            -18.341642
          ],
          [
            49.217155,
            -18.341518
          ],
          [
            49.21756,
            -18.341208
          ],
          [
            49.2176646,
            -18.3410902
          ],
          [
            49.217869,
            -18.340864
          ],
          [
            49.217945,
            -18.340729
          ],
          [
            49.218216,
            -18.340302
          ],
          [
            49.2187479,
            -18.3394636
          ],
          [
            49.2190273,
            -18.3390676
          ],
          [
            49.2193657,
            -18.3385873
          ],
          [
            49.2197223,
            -18.338268
          ],
          [
            49.2199604,
            -18.3379936
          ],
          [
            49.220338,
            -18.3374826
          ],
          [
            49.220643,
            -18.33701
          ],
          [
            49.220984,
            -18.336474
          ],
          [
            49.2212395,
            -18.3361283
          ],
          [
            49.221747,
            -18.33557
          ]
        ]
      },
      "id": "way/75405973"
    },
    {
      "type": "Feature",
      "properties": {
        "@id": "way/75405975",
        "highway": "primary",
        "ref": "N 2"
      },
      "geometry": {
        "type": "LineString",
        "coordinates": [
          [
            48.1069213,
            -18.8766075
          ],
          [
            48.1069368,
            -18.8768692
          ],
          [
            48.1069809,
            -18.877056
          ],
          [
            48.1070334,
            -18.8772194
          ],
          [
            48.1070903,
            -18.8773305
          ],
          [
            48.1072184,
            -18.8774834
          ],
          [
            48.1073588,
            -18.8776215
          ],
          [
            48.107519,
            -18.877737
          ],
          [
            48.1079457,
            -18.877887
          ],
          [
            48.1081265,
            -18.8779599
          ],
          [
            48.1082985,
            -18.8780885
          ],
          [
            48.1084938,
            -18.8783839
          ],
          [
            48.108788,
            -18.8789293
          ],
          [
            48.1088794,
            -18.8790812
          ],
          [
            48.1090644,
            -18.8793886
          ],
          [
            48.1094262,
            -18.8800141
          ],
          [
            48.1096481,
            -18.8802269
          ],
          [
            48.1099538,
            -18.8803884
          ],
          [
            48.1103793,
            -18.8805153
          ],
          [
            48.1107136,
            -18.8805772
          ],
          [
            48.1109977,
            -18.8806191
          ],
          [
            48.1114512,
            -18.8806145
          ],
          [
            48.1117735,
            -18.8805758
          ],
          [
            48.1120728,
            -18.8805319
          ],
          [
            48.1123145,
            -18.880533
          ],
          [
            48.1125933,
            -18.8805548
          ],
          [
            48.1129356,
            -18.8805973
          ],
          [
            48.1131487,
            -18.8805988
          ],
          [
            48.1134237,
            -18.8805494
          ],
          [
            48.1136195,
            -18.8804633
          ],
          [
            48.1137961,
            -18.8803392
          ],
          [
            48.1140203,
            -18.8800531
          ],
          [
            48.1141536,
            -18.8797931
          ],
          [
            48.1143534,
            -18.8793983
          ],
          [
            48.1144723,
            -18.8792132
          ],
          [
            48.1146537,
            -18.8790573
          ],
          [
            48.1149455,
            -18.8788991
          ],
          [
            48.1151614,
            -18.8788101
          ],
          [
            48.1155876,
            -18.8786538
          ],
          [
            48.1158843,
            -18.8785515
          ],
          [
            48.1162454,
            -18.8784896
          ],
          [
            48.1169434,
            -18.8783878
          ],
          [
            48.1174166,
            -18.8782996
          ],
          [
            48.117657,
            -18.8782695
          ],
          [
            48.117907,
            -18.8782625
          ],
          [
            48.1181289,
            -18.8782896
          ],
          [
            48.1183007,
            -18.8783338
          ],
          [
            48.118584,
            -18.878473
          ],
          [
            48.119057,
            -18.878847
          ],
          [
            48.11916,
            -18.87895
          ],
          [
            48.11956,
            -18.879358
          ],
          [
            48.119659,
            -18.879457
          ],
          [
            48.1200491,
            -18.8798267
          ],
          [
            48.1200762,
            -18.8798518
          ],
          [
            48.1201722,
            -18.8799405
          ],
          [
            48.1204637,
            -18.8800926
          ],
          [
            48.1207306,
            -18.8801624
          ],
          [
            48.1212757,
            -18.8803142
          ],
          [
            48.1215399,
            -18.8803929
          ],
          [
            48.1218357,
            -18.8805568
          ],
          [
            48.1221568,
            -18.8807676
          ],
          [
            48.1224393,
            -18.8810206
          ],
          [
            48.1226264,
            -18.881284
          ],
          [
            48.122807,
            -18.881676
          ],
          [
            48.1228316,
            -18.8817471
          ],
          [
            48.122845,
            -18.881786
          ],
          [
            48.123005,
            -18.882271
          ],
          [
            48.123051,
            -18.882401
          ],
          [
            48.123276,
            -18.882925
          ],
          [
            48.123344,
            -18.883051
          ],
          [
            48.123627,
            -18.883562
          ],
          [
            48.123699,
            -18.883696
          ],
          [
            48.124012,
            -18.884241
          ],
          [
            48.124249,
            -18.88467
          ],
          [
            48.124332,
            -18.884815
          ],
          [
            48.124584,
            -18.88526
          ],
          [
            48.124668,
            -18.88541
          ],
          [
            48.124958,
            -18.885838
          ],
          [
            48.1251042,
            -18.8859588
          ],
          [
            48.1253375,
            -18.8861124
          ],
          [
            48.1256274,
            -18.8862797
          ],
          [
            48.1259956,
            -18.8863707
          ],
          [
            48.1261596,
            -18.8863887
          ],
          [
            48.1264806,
            -18.8863747
          ],
          [
            48.1266366,
            -18.8863447
          ],
          [
            48.1269737,
            -18.8862303
          ],
          [
            48.1279496,
            -18.885732
          ],
          [
            48.1285256,
            -18.885458
          ],
          [
            48.1306908,
            -18.884752
          ],
          [
            48.1311266,
            -18.8846143
          ],
          [
            48.1311857,
            -18.8845956
          ],
          [
            48.1314844,
            -18.884559
          ],
          [
            48.1317897,
            -18.8845772
          ],
          [
            48.1334019,
            -18.884866
          ],
          [
            48.1343176,
            -18.8850419
          ],
          [
            48.1352917,
            -18.8852856
          ],
          [
            48.1372235,
            -18.8857145
          ],
          [
            48.1381801,
            -18.8859546
          ],
          [
            48.1393747,
            -18.8861669
          ],
          [
            48.1395389,
            -18.8862494
          ],
          [
            48.139793,
            -18.8864425
          ],
          [
            48.1399521,
            -18.8866248
          ],
          [
            48.140057,
            -18.886845
          ],
          [
            48.140099,
            -18.88699
          ],
          [
            48.1401183,
            -18.887291
          ],
          [
            48.1401046,
            -18.8874566
          ],
          [
            48.14003,
            -18.88792
          ],
          [
            48.140003,
            -18.888079
          ],
          [
            48.1398959,
            -18.8885145
          ],
          [
            48.1398555,
            -18.8887303
          ],
          [
            48.1397659,
            -18.8891635
          ],
          [
            48.1396153,
            -18.8898641
          ],
          [
            48.1393282,
            -18.891371
          ],
          [
            48.1390067,
            -18.8929244
          ],
          [
            48.1389761,
            -18.893208
          ],
          [
            48.1389681,
            -18.893366
          ],
          [
            48.1390194,
            -18.8936315
          ],
          [
            48.1391046,
            -18.8938308
          ],
          [
            48.139275,
            -18.894066
          ],
          [
            48.1394747,
            -18.8942107
          ],
          [
            48.1397002,
            -18.8943173
          ],
          [
            48.1400132,
            -18.894436
          ],
          [
            48.1402989,
            -18.89453
          ],
          [
            48.1407413,
            -18.8946838
          ],
          [
            48.1410485,
            -18.8947626
          ],
          [
            48.1413728,
            -18.894797
          ],
          [
            48.1440983,
            -18.8951116
          ],
          [
            48.1444823,
            -18.8951705
          ],
          [
            48.1447077,
            -18.8952226
          ],
          [
            48.1449248,
            -18.8952966
          ],
          [
            48.145279,
            -18.8954515
          ],
          [
            48.145901,
            -18.895727
          ],
          [
            48.146351,
            -18.895931
          ],
          [
            48.146496,
            -18.895998
          ],
          [
            48.1469343,
            -18.8962039
          ],
          [
            48.1470676,
            -18.8962665
          ],
          [
            48.1482189,
            -18.8968281
          ],
          [
            48.1485622,
            -18.8969909
          ],
          [
            48.1487004,
            -18.8970565
          ],
          [
            48.1490449,
            -18.8971744
          ],
          [
            48.1493634,
            -18.8972811
          ],
          [
            48.1496653,
            -18.8973425
          ],
          [
            48.1499744,
            -18.8974015
          ],
          [
            48.150661,
            -18.897493
          ],
          [
            48.151234,
            -18.897598
          ],
          [
            48.151375,
            -18.897625
          ],
          [
            48.1517207,
            -18.8976837
          ],
          [
            48.151905,
            -18.897715
          ],
          [
            48.152035,
            -18.897736
          ],
          [
            48.152554,
            -18.897823
          ],
          [
            48.152683,
            -18.897842
          ],
          [
            48.153187,
            -18.897921
          ],
          [
            48.153313,
            -18.897943
          ],
          [
            48.1536331,
            -18.8980213
          ],
          [
            48.15382,
            -18.898067
          ],
          [
            48.153946,
            -18.898111
          ],
          [
            48.1540344,
            -18.8981661
          ],
          [
            48.1543734,
            -18.8983681
          ],
          [
            48.1544694,
            -18.8984621
          ],
          [
            48.1547054,
            -18.8987901
          ],
          [
            48.1547624,
            -18.8989161
          ],
          [
            48.1548544,
            -18.8993181
          ],
          [
            48.1548601,
            -18.899585
          ],
          [
            48.1548167,
            -18.8998824
          ],
          [
            48.1545396,
            -18.9009332
          ],
          [
            48.1545012,
            -18.9012178
          ],
          [
            48.1545183,
            -18.9016925
          ],
          [
            48.1546907,
            -18.9021008
          ],
          [
            48.15489,
            -18.9024065
          ],
          [
            48.1550585,
            -18.9026091
          ],
          [
            48.155468,
            -18.902922
          ],
          [
            48.15559,
            -18.903017
          ],
          [
            48.155972,
            -18.903318
          ],
          [
            48.156506,
            -18.903721
          ],
          [
            48.156639,
            -18.903818
          ],
          [
            48.157047,
            -18.904106
          ],
          [
            48.157181,
            -18.904202
          ],
          [
            48.157581,
            -18.90448
          ],
          [
            48.1581212,
            -18.9048943
          ],
          [
            48.1587647,
            -18.9053743
          ],
          [
            48.1596136,
            -18.9059735
          ],
          [
            48.1608839,
            -18.9069044
          ],
          [
            48.1620338,
            -18.907765
          ],
          [
            48.163062,
            -18.908544
          ],
          [
            48.1643415,
            -18.9094731
          ],
          [
            48.1653821,
            -18.9102138
          ],
          [
            48.1655672,
            -18.9103378
          ],
          [
            48.166111,
            -18.910717
          ],
          [
            48.1662752,
            -18.9108393
          ],
          [
            48.166569,
            -18.911058
          ],
          [
            48.166683,
            -18.911142
          ],
          [
            48.167149,
            -18.911478
          ],
          [
            48.167267,
            -18.91156
          ],
          [
            48.167732,
            -18.911896
          ],
          [
            48.167847,
            -18.911987
          ],
          [
            48.168308,
            -18.912359
          ],
          [
            48.168423,
            -18.912455
          ],
          [
            48.16893,
            -18.912905
          ],
          [
            48.169296,
            -18.913246
          ],
          [
            48.169388,
            -18.91333
          ],
          [
            48.169773,
            -18.913656
          ],
          [
            48.169872,
            -18.913736
          ],
          [
            48.170273,
            -18.914036
          ],
          [
            48.170364,
            -18.914112
          ],
          [
            48.170818,
            -18.914454
          ],
          [
            48.171352,
            -18.91486
          ],
          [
            48.171452,
            -18.91493
          ],
          [
            48.1715595,
            -18.9150098
          ],
          [
            48.171879,
            -18.915247
          ],
          [
            48.171989,
            -18.915337
          ],
          [
            48.172626,
            -18.915842
          ],
          [
            48.17305,
            -18.916178
          ],
          [
            48.173195,
            -18.91629
          ],
          [
            48.173592,
            -18.916634
          ],
          [
            48.173717,
            -18.91675
          ],
          [
            48.17408,
            -18.917101
          ],
          [
            48.174198,
            -18.917213
          ],
          [
            48.174534,
            -18.917538
          ],
          [
            48.174641,
            -18.917643
          ],
          [
            48.175053,
            -18.918037
          ],
          [
            48.175152,
            -18.918131
          ],
          [
            48.1754232,
            -18.9184245
          ],
          [
            48.1755129,
            -18.9185233
          ],
          [
            48.1756049,
            -18.9186182
          ],
          [
            48.1759711,
            -18.9189683
          ],
          [
            48.1760755,
            -18.9190638
          ],
          [
            48.1765388,
            -18.9195113
          ],
          [
            48.1767522,
            -18.9197197
          ],
          [
            48.1769779,
            -18.91994
          ],
          [
            48.1773235,
            -18.9202776
          ],
          [
            48.1774332,
            -18.9203798
          ],
          [
            48.1777952,
            -18.9207372
          ],
          [
            48.1778966,
            -18.9208356
          ],
          [
            48.1783129,
            -18.9212387
          ],
          [
            48.1786124,
            -18.9215407
          ],
          [
            48.1787219,
            -18.9216453
          ],
          [
            48.1788479,
            -18.9217637
          ],
          [
            48.1792139,
            -18.9221189
          ],
          [
            48.1796019,
            -18.9224552
          ],
          [
            48.1797276,
            -18.9225524
          ],
          [
            48.1801751,
            -18.9228638
          ],
          [
            48.1803226,
            -18.9229615
          ],
          [
            48.180798,
            -18.923229
          ],
          [
            48.180908,
            -18.923307
          ],
          [
            48.181885,
            -18.923979
          ],
          [
            48.18195,
            -18.924025
          ],
          [
            48.182327,
            -18.924271
          ]
        ]
      },
      "id": "way/75405975"
    },
    {
      "type": "Feature",
      "properties": {
        "@id": "way/75405977",
        "highway": "primary",
        "ref": "N 2"
      },
      "geometry": {
        "type": "LineString",
        "coordinates": [
          [
            48.8220924,
            -18.9630384
          ],
          [
            48.8218269,
            -18.9630892
          ],
          [
            48.8216954,
            -18.9630638
          ],
          [
            48.8215855,
            -18.9630207
          ],
          [
            48.8214031,
            -18.9628558
          ],
          [
            48.8212039,
            -18.9626139
          ],
          [
            48.8209847,
            -18.9623003
          ],
          [
            48.8207111,
            -18.9618817
          ],
          [
            48.8206252,
            -18.9617524
          ],
          [
            48.8204616,
            -18.9615393
          ],
          [
            48.8203677,
            -18.9614353
          ],
          [
            48.8202792,
            -18.9613668
          ],
          [
            48.8201612,
            -18.9612932
          ],
          [
            48.8199681,
            -18.9611943
          ],
          [
            48.8197991,
            -18.9611283
          ],
          [
            48.8196328,
            -18.9610878
          ],
          [
            48.8194451,
            -18.9610649
          ],
          [
            48.8189837,
            -18.9610319
          ],
          [
            48.818813,
            -18.961025
          ],
          [
            48.818298,
            -18.960987
          ],
          [
            48.818134,
            -18.960972
          ],
          [
            48.81765,
            -18.96089
          ],
          [
            48.817501,
            -18.960848
          ],
          [
            48.817215,
            -18.960747
          ],
          [
            48.8167,
            -18.960602
          ],
          [
            48.81661,
            -18.9606058
          ],
          [
            48.8165,
            -18.9606438
          ],
          [
            48.8164008,
            -18.9606946
          ],
          [
            48.816221,
            -18.9608645
          ],
          [
            48.816036,
            -18.9610751
          ],
          [
            48.8159367,
            -18.9611968
          ],
          [
            48.8158241,
            -18.961311
          ],
          [
            48.8157061,
            -18.9614099
          ],
          [
            48.8154727,
            -18.9615494
          ],
          [
            48.8153171,
            -18.9616205
          ],
          [
            48.8151428,
            -18.9616585
          ],
          [
            48.815006,
            -18.9616737
          ],
          [
            48.814877,
            -18.961664
          ],
          [
            48.814751,
            -18.961639
          ],
          [
            48.81451,
            -18.961529
          ],
          [
            48.8141048,
            -18.9611639
          ],
          [
            48.8139868,
            -18.9610421
          ],
          [
            48.8137025,
            -18.9607554
          ],
          [
            48.81363,
            -18.9606261
          ],
          [
            48.8135469,
            -18.9603699
          ],
          [
            48.8134906,
            -18.960134
          ],
          [
            48.8134396,
            -18.9598296
          ],
          [
            48.8133994,
            -18.9596748
          ],
          [
            48.8133457,
            -18.9595556
          ],
          [
            48.8132733,
            -18.9594795
          ],
          [
            48.81319,
            -18.959429
          ],
          [
            48.8130882,
            -18.9593882
          ],
          [
            48.8129675,
            -18.9593679
          ],
          [
            48.8125813,
            -18.9594592
          ],
          [
            48.8124606,
            -18.9595099
          ],
          [
            48.8119349,
            -18.9597154
          ],
          [
            48.8118034,
            -18.9597687
          ],
          [
            48.8115352,
            -18.9598575
          ],
          [
            48.8112643,
            -18.9599285
          ],
          [
            48.8109586,
            -18.9599767
          ],
          [
            48.8104275,
            -18.9600452
          ],
          [
            48.8101753,
            -18.9600782
          ],
          [
            48.8099232,
            -18.9601137
          ],
          [
            48.8098106,
            -18.9601162
          ],
          [
            48.8097113,
            -18.9601061
          ],
          [
            48.809601,
            -18.960075
          ],
          [
            48.809391,
            -18.959984
          ],
          [
            48.8092634,
            -18.9598017
          ],
          [
            48.8092265,
            -18.959704
          ],
          [
            48.8091843,
            -18.9593514
          ],
          [
            48.8091011,
            -18.9586856
          ],
          [
            48.8090435,
            -18.9581643
          ],
          [
            48.8090247,
            -18.9579587
          ],
          [
            48.8090381,
            -18.9578255
          ],
          [
            48.8090757,
            -18.9577013
          ],
          [
            48.8091642,
            -18.9575528
          ],
          [
            48.8094726,
            -18.9571382
          ],
          [
            48.8095437,
            -18.9569656
          ],
          [
            48.8095642,
            -18.9568017
          ],
          [
            48.8095344,
            -18.9566054
          ],
          [
            48.8094538,
            -18.9564126
          ],
          [
            48.8093372,
            -18.9562351
          ],
          [
            48.8091548,
            -18.9559902
          ],
          [
            48.8088912,
            -18.9556095
          ]
        ]
      },
      "id": "way/75405977"
    },
    {
      "type": "Feature",
      "properties": {
        "@id": "way/75405980",
        "highway": "primary",
        "ref": "N 2"
      },
      "geometry": {
        "type": "LineString",
        "coordinates": [
          [
            49.104504,
            -18.710459
          ],
          [
            49.1044191,
            -18.710357
          ],
          [
            49.1043353,
            -18.7102593
          ],
          [
            49.1042747,
            -18.7102113
          ],
          [
            49.1042007,
            -18.7101669
          ],
          [
            49.1041232,
            -18.7101424
          ],
          [
            49.1040537,
            -18.7101185
          ],
          [
            49.1039565,
            -18.7100901
          ],
          [
            49.1038606,
            -18.7100804
          ],
          [
            49.1031138,
            -18.7100323
          ],
          [
            49.102874,
            -18.7100134
          ],
          [
            49.1026379,
            -18.7100187
          ],
          [
            49.1025253,
            -18.7100368
          ],
          [
            49.1024165,
            -18.7100579
          ],
          [
            49.1022212,
            -18.7101101
          ],
          [
            49.1020355,
            -18.710196
          ],
          [
            49.1019042,
            -18.7102695
          ],
          [
            49.1014316,
            -18.7105494
          ],
          [
            49.1012822,
            -18.7106126
          ],
          [
            49.1011087,
            -18.7106336
          ],
          [
            49.1009145,
            -18.7106439
          ],
          [
            49.100697,
            -18.710608
          ],
          [
            49.1005745,
            -18.7105537
          ],
          [
            49.1003596,
            -18.7103974
          ],
          [
            49.1002194,
            -18.7102314
          ],
          [
            49.1001144,
            -18.7100325
          ],
          [
            49.0998962,
            -18.7094353
          ],
          [
            49.099838,
            -18.7092877
          ],
          [
            49.0996715,
            -18.7088334
          ],
          [
            49.0996024,
            -18.7086693
          ],
          [
            49.0995596,
            -18.7085812
          ],
          [
            49.0995384,
            -18.7085377
          ],
          [
            49.0994441,
            -18.7084189
          ],
          [
            49.0993389,
            -18.7083175
          ],
          [
            49.0992285,
            -18.7082219
          ],
          [
            49.0989866,
            -18.7080338
          ],
          [
            49.0987429,
            -18.7078326
          ],
          [
            49.098546,
            -18.7076523
          ],
          [
            49.0984794,
            -18.7075658
          ],
          [
            49.0984493,
            -18.7074494
          ],
          [
            49.0984214,
            -18.7071088
          ],
          [
            49.0984116,
            -18.7068949
          ],
          [
            49.098371,
            -18.7063575
          ],
          [
            49.0983464,
            -18.7061616
          ],
          [
            49.0983162,
            -18.7059199
          ],
          [
            49.0983068,
            -18.7057809
          ],
          [
            49.098324,
            -18.7056634
          ],
          [
            49.0983987,
            -18.7055278
          ],
          [
            49.0985683,
            -18.705304
          ],
          [
            49.0987785,
            -18.7050173
          ],
          [
            49.0987988,
            -18.7049335
          ],
          [
            49.0988125,
            -18.704846
          ],
          [
            49.0988117,
            -18.7047756
          ],
          [
            49.0987977,
            -18.7047083
          ],
          [
            49.0986961,
            -18.704498
          ],
          [
            49.0984137,
            -18.7040384
          ],
          [
            49.0983721,
            -18.7039373
          ],
          [
            49.0983512,
            -18.7038451
          ],
          [
            49.0983074,
            -18.703426
          ],
          [
            49.0982968,
            -18.7028178
          ],
          [
            49.0982705,
            -18.7022707
          ],
          [
            49.0982698,
            -18.7020587
          ],
          [
            49.0983054,
            -18.7016897
          ],
          [
            49.0983531,
            -18.7014178
          ],
          [
            49.0984331,
            -18.7010197
          ],
          [
            49.0985017,
            -18.7007455
          ],
          [
            49.0986289,
            -18.7002058
          ],
          [
            49.0986631,
            -18.6998867
          ],
          [
            49.0986767,
            -18.6997582
          ],
          [
            49.0987204,
            -18.6993467
          ],
          [
            49.0987492,
            -18.699107
          ],
          [
            49.0988127,
            -18.6987085
          ],
          [
            49.0988431,
            -18.6985118
          ],
          [
            49.0988904,
            -18.6983191
          ],
          [
            49.098991,
            -18.697863
          ],
          [
            49.09906,
            -18.697714
          ],
          [
            49.09914,
            -18.697569
          ],
          [
            49.099377,
            -18.697163
          ],
          [
            49.099426,
            -18.697025
          ],
          [
            49.099464,
            -18.696884
          ],
          [
            49.0994829,
            -18.6965145
          ],
          [
            49.099461,
            -18.696289
          ],
          [
            49.099442,
            -18.696131
          ],
          [
            49.099361,
            -18.695515
          ],
          [
            49.099346,
            -18.694981
          ],
          [
            49.099361,
            -18.694874
          ],
          [
            49.09951,
            -18.694332
          ],
          [
            49.099667,
            -18.693813
          ],
          [
            49.099697,
            -18.693727
          ],
          [
            49.099827,
            -18.693205
          ],
          [
            49.099846,
            -18.693111
          ],
          [
            49.099926,
            -18.692595
          ],
          [
            49.099949,
            -18.692486
          ],
          [
            49.100067,
            -18.692039
          ],
          [
            49.100101,
            -18.691925
          ],
          [
            49.100262,
            -18.691442
          ],
          [
            49.100307,
            -18.691313
          ],
          [
            49.100357,
            -18.691183
          ],
          [
            49.100594,
            -18.690664
          ],
          [
            49.100658,
            -18.690544
          ],
          [
            49.100933,
            -18.690069
          ],
          [
            49.101006,
            -18.689947
          ],
          [
            49.101376,
            -18.689302
          ],
          [
            49.101608,
            -18.688881
          ],
          [
            49.101685,
            -18.688745
          ],
          [
            49.101917,
            -18.688353
          ],
          [
            49.101997,
            -18.688227
          ],
          [
            49.102306,
            -18.687771
          ],
          [
            49.102379,
            -18.68766
          ],
          [
            49.102695,
            -18.687195
          ],
          [
            49.102776,
            -18.687073
          ],
          [
            49.103207,
            -18.68644
          ],
          [
            49.103474,
            -18.68605
          ],
          [
            49.103558,
            -18.685921
          ],
          [
            49.103893,
            -18.685432
          ],
          [
            49.103977,
            -18.685314
          ],
          [
            49.104324,
            -18.684816
          ],
          [
            49.10442,
            -18.684696
          ],
          [
            49.104721,
            -18.684338
          ],
          [
            49.10482,
            -18.684217
          ],
          [
            49.105221,
            -18.683739
          ],
          [
            49.105522,
            -18.683386
          ],
          [
            49.105625,
            -18.683271
          ],
          [
            49.105923,
            -18.682919
          ],
          [
            49.106018,
            -18.6828
          ],
          [
            49.106422,
            -18.682354
          ],
          [
            49.106945,
            -18.681849
          ],
          [
            49.107044,
            -18.681747
          ],
          [
            49.107456,
            -18.681356
          ],
          [
            49.107555,
            -18.681259
          ],
          [
            49.108463,
            -18.680359
          ],
          [
            49.108559,
            -18.680262
          ],
          [
            49.108921,
            -18.679949
          ],
          [
            49.10902,
            -18.679893
          ],
          [
            49.10957,
            -18.67968
          ],
          [
            49.109699,
            -18.679647
          ],
          [
            49.11026,
            -18.679518
          ],
          [
            49.110413,
            -18.679489
          ],
          [
            49.111053,
            -18.679373
          ],
          [
            49.111538,
            -18.679274
          ],
          [
            49.111691,
            -18.679232
          ],
          [
            49.112251,
            -18.679024
          ],
          [
            49.112896,
            -18.678783
          ],
          [
            49.113018,
            -18.678732
          ],
          [
            49.113537,
            -18.678518
          ],
          [
            49.113674,
            -18.678469
          ],
          [
            49.114262,
            -18.678307
          ],
          [
            49.114407,
            -18.678263
          ],
          [
            49.114819,
            -18.678085
          ],
          [
            49.114929,
            -18.67799
          ],
          [
            49.11512,
            -18.677765
          ]
        ]
      },
      "id": "way/75405980"
    },
    {
      "type": "Feature",
      "properties": {
        "@id": "way/75405984",
        "highway": "primary",
        "ref": "N 2"
      },
      "geometry": {
        "type": "LineString",
        "coordinates": [
          [
            49.141453,
            -18.469114
          ],
          [
            49.14135,
            -18.468927
          ],
          [
            49.140953,
            -18.468609
          ],
          [
            49.14085,
            -18.468525
          ],
          [
            49.140469,
            -18.468174
          ],
          [
            49.140408,
            -18.468075
          ],
          [
            49.14035,
            -18.46773
          ],
          [
            49.140366,
            -18.467604
          ],
          [
            49.140457,
            -18.467216
          ],
          [
            49.140514,
            -18.467089
          ],
          [
            49.140747,
            -18.466616
          ],
          [
            49.140789,
            -18.466497
          ],
          [
            49.140827,
            -18.466253
          ],
          [
            49.140804,
            -18.465712
          ],
          [
            49.140804,
            -18.465576
          ],
          [
            49.140888,
            -18.465193
          ],
          [
            49.140942,
            -18.465075
          ],
          [
            49.141209,
            -18.464622
          ],
          [
            49.141293,
            -18.46452
          ],
          [
            49.141609,
            -18.464287
          ],
          [
            49.141735,
            -18.464239
          ],
          [
            49.142311,
            -18.46413
          ],
          [
            49.142578,
            -18.464033
          ],
          [
            49.142883,
            -18.463751
          ],
          [
            49.142948,
            -18.463627
          ],
          [
            49.143036,
            -18.46335
          ],
          [
            49.143192,
            -18.462627
          ],
          [
            49.143219,
            -18.462233
          ],
          [
            49.143188,
            -18.462099
          ],
          [
            49.143074,
            -18.461863
          ],
          [
            49.142891,
            -18.461704
          ],
          [
            49.142418,
            -18.461578
          ],
          [
            49.142292,
            -18.461555
          ],
          [
            49.141808,
            -18.461435
          ],
          [
            49.141682,
            -18.461388
          ],
          [
            49.141167,
            -18.461189
          ],
          [
            49.141033,
            -18.461138
          ],
          [
            49.1409634,
            -18.4611048
          ],
          [
            49.1406146,
            -18.460937
          ],
          [
            49.140526,
            -18.460896
          ],
          [
            49.140427,
            -18.460817
          ],
          [
            49.140293,
            -18.460634
          ],
          [
            49.140282,
            -18.460405
          ],
          [
            49.140526,
            -18.459908
          ],
          [
            49.140598,
            -18.459776
          ],
          [
            49.140884,
            -18.45924
          ],
          [
            49.140957,
            -18.45911
          ],
          [
            49.14122,
            -18.458603
          ],
          [
            49.141273,
            -18.458481
          ],
          [
            49.1413661,
            -18.4581953
          ],
          [
            49.141434,
            -18.457987
          ],
          [
            49.141464,
            -18.457853
          ],
          [
            49.1415104,
            -18.457613
          ],
          [
            49.141579,
            -18.457266
          ],
          [
            49.141613,
            -18.457104
          ],
          [
            49.141716,
            -18.4566
          ],
          [
            49.141815,
            -18.456062
          ],
          [
            49.14193,
            -18.455496
          ],
          [
            49.141983,
            -18.455309
          ],
          [
            49.142193,
            -18.45476
          ],
          [
            49.142284,
            -18.454586
          ],
          [
            49.1425724,
            -18.4541489
          ],
          [
            49.1427121,
            -18.4539608
          ],
          [
            49.1430084,
            -18.4537025
          ],
          [
            49.1433611,
            -18.4535486
          ],
          [
            49.1436052,
            -18.4534621
          ],
          [
            49.1438037,
            -18.4533705
          ],
          [
            49.1440867,
            -18.4532458
          ],
          [
            49.144321,
            -18.453001
          ],
          [
            49.144356,
            -18.452873
          ],
          [
            49.1442932,
            -18.4522497
          ],
          [
            49.144261,
            -18.451849
          ],
          [
            49.1442919,
            -18.4515564
          ],
          [
            49.1443308,
            -18.4513643
          ],
          [
            49.1444118,
            -18.45098
          ],
          [
            49.144444,
            -18.450827
          ],
          [
            49.14447,
            -18.450686
          ],
          [
            49.144558,
            -18.450266
          ],
          [
            49.144615,
            -18.45013
          ],
          [
            49.144833,
            -18.449724
          ],
          [
            49.14492,
            -18.449593
          ],
          [
            49.1451903,
            -18.449176
          ],
          [
            49.145245,
            -18.448986
          ],
          [
            49.145256,
            -18.448866
          ],
          [
            49.1451783,
            -18.4486164
          ],
          [
            49.1445955,
            -18.4481644
          ],
          [
            49.144335,
            -18.4478882
          ],
          [
            49.1442523,
            -18.4477225
          ],
          [
            49.1442217,
            -18.4475161
          ],
          [
            49.144344,
            -18.447199
          ],
          [
            49.144405,
            -18.447081
          ],
          [
            49.144684,
            -18.446632
          ],
          [
            49.14476,
            -18.446535
          ],
          [
            49.144836,
            -18.446449
          ],
          [
            49.145027,
            -18.446327
          ],
          [
            49.145432,
            -18.446272
          ],
          [
            49.145576,
            -18.446287
          ],
          [
            49.145874,
            -18.446369
          ],
          [
            49.14603,
            -18.446426
          ],
          [
            49.1464068,
            -18.4466381
          ],
          [
            49.1465968,
            -18.4466904
          ],
          [
            49.1467588,
            -18.4466705
          ],
          [
            49.1471019,
            -18.4465745
          ],
          [
            49.1472367,
            -18.4464454
          ],
          [
            49.1478288,
            -18.4460014
          ],
          [
            49.1480096,
            -18.4457659
          ],
          [
            49.1481567,
            -18.4453589
          ],
          [
            49.1482118,
            -18.4450711
          ],
          [
            49.148362,
            -18.4447281
          ],
          [
            49.1484632,
            -18.4445391
          ],
          [
            49.1488162,
            -18.4440145
          ]
        ]
      },
      "id": "way/75405984"
    },
    {
      "type": "Feature",
      "properties": {
        "@id": "way/75406015",
        "highway": "primary",
        "ref": "N 2"
      },
      "geometry": {
        "type": "LineString",
        "coordinates": [
          [
            49.012945,
            -18.8444769
          ],
          [
            49.0125668,
            -18.844779
          ],
          [
            49.0119097,
            -18.8451801
          ],
          [
            49.01128,
            -18.845381
          ],
          [
            49.005192,
            -18.846365
          ],
          [
            49.0036662,
            -18.8462791
          ]
        ]
      },
      "id": "way/75406015"
    },
    {
      "type": "Feature",
      "properties": {
        "@id": "way/75406056",
        "highway": "primary",
        "ref": "N 2"
      },
      "geometry": {
        "type": "LineString",
        "coordinates": [
          [
            49.140347,
            -18.499269
          ],
          [
            49.140289,
            -18.499146
          ],
          [
            49.140121,
            -18.498619
          ],
          [
            49.140114,
            -18.498474
          ],
          [
            49.14016,
            -18.498055
          ],
          [
            49.140228,
            -18.497904
          ],
          [
            49.140461,
            -18.497416
          ],
          [
            49.140537,
            -18.497248
          ],
          [
            49.140774,
            -18.496737
          ],
          [
            49.140854,
            -18.496567
          ],
          [
            49.141098,
            -18.496065
          ],
          [
            49.141178,
            -18.495897
          ],
          [
            49.141483,
            -18.495411
          ],
          [
            49.141602,
            -18.495258
          ],
          [
            49.142017,
            -18.494837
          ],
          [
            49.142162,
            -18.494703
          ],
          [
            49.142544,
            -18.494347
          ],
          [
            49.142651,
            -18.494228
          ],
          [
            49.142811,
            -18.493959
          ],
          [
            49.142864,
            -18.493811
          ],
          [
            49.142971,
            -18.493315
          ],
          [
            49.143009,
            -18.493135
          ],
          [
            49.143131,
            -18.492575
          ],
          [
            49.143169,
            -18.492384
          ],
          [
            49.14328,
            -18.491798
          ],
          [
            49.143314,
            -18.491602
          ],
          [
            49.143364,
            -18.491203
          ],
          [
            49.143387,
            -18.491005
          ],
          [
            49.143452,
            -18.490414
          ],
          [
            49.143475,
            -18.490219
          ],
          [
            49.143539,
            -18.489651
          ],
          [
            49.143559,
            -18.489466
          ],
          [
            49.14357,
            -18.488894
          ],
          [
            49.143555,
            -18.488701
          ],
          [
            49.143532,
            -18.488504
          ],
          [
            49.143436,
            -18.487738
          ],
          [
            49.143372,
            -18.487242
          ],
          [
            49.143356,
            -18.487093
          ],
          [
            49.143341,
            -18.486641
          ],
          [
            49.143345,
            -18.486485
          ],
          [
            49.14336,
            -18.486021
          ],
          [
            49.143368,
            -18.485872
          ],
          [
            49.143391,
            -18.485558
          ],
          [
            49.143421,
            -18.485399
          ],
          [
            49.143536,
            -18.48493
          ],
          [
            49.143578,
            -18.484777
          ],
          [
            49.143646,
            -18.484303
          ],
          [
            49.143642,
            -18.484137
          ],
          [
            49.143631,
            -18.483967
          ],
          [
            49.14357,
            -18.483448
          ],
          [
            49.143551,
            -18.483276
          ],
          [
            49.143478,
            -18.482792
          ],
          [
            49.143436,
            -18.482637
          ],
          [
            49.143383,
            -18.482483
          ],
          [
            49.143166,
            -18.482027
          ],
          [
            49.143082,
            -18.481873
          ],
          [
            49.14283,
            -18.481419
          ],
          [
            49.142746,
            -18.481274
          ],
          [
            49.1426874,
            -18.4811429
          ],
          [
            49.142544,
            -18.480822
          ],
          [
            49.142502,
            -18.480658
          ],
          [
            49.142365,
            -18.480181
          ],
          [
            49.142315,
            -18.480026
          ],
          [
            49.14217,
            -18.479567
          ],
          [
            49.142117,
            -18.479416
          ],
          [
            49.141853,
            -18.478962
          ],
          [
            49.141743,
            -18.478825
          ],
          [
            49.141418,
            -18.478407
          ],
          [
            49.141323,
            -18.478266
          ],
          [
            49.141052,
            -18.477882
          ],
          [
            49.140968,
            -18.477768
          ],
          [
            49.14061,
            -18.477394
          ],
          [
            49.140503,
            -18.477327
          ],
          [
            49.140083,
            -18.477087
          ],
          [
            49.139988,
            -18.477024
          ],
          [
            49.13974,
            -18.476788
          ],
          [
            49.139587,
            -18.4765
          ],
          [
            49.139431,
            -18.475998
          ],
          [
            49.139397,
            -18.475903
          ],
          [
            49.139309,
            -18.475412
          ],
          [
            49.139332,
            -18.475309
          ],
          [
            49.139439,
            -18.475109
          ],
          [
            49.139721,
            -18.47467
          ],
          [
            49.139793,
            -18.474554
          ],
          [
            49.14006,
            -18.474092
          ],
          [
            49.140087,
            -18.473967
          ],
          [
            49.140068,
            -18.47336
          ],
          [
            49.140076,
            -18.47287
          ],
          [
            49.140076,
            -18.472738
          ],
          [
            49.140045,
            -18.472176
          ],
          [
            49.140026,
            -18.472027
          ],
          [
            49.139973,
            -18.471548
          ],
          [
            49.139965,
            -18.471382
          ],
          [
            49.139988,
            -18.471048
          ],
          [
            49.140011,
            -18.470892
          ],
          [
            49.140114,
            -18.470596
          ],
          [
            49.14019,
            -18.470472
          ],
          [
            49.140392,
            -18.470255
          ],
          [
            49.140862,
            -18.4699
          ],
          [
            49.140968,
            -18.469818
          ],
          [
            49.141342,
            -18.46949
          ],
          [
            49.141403,
            -18.4694
          ],
          [
            49.141445,
            -18.469309
          ],
          [
            49.141453,
            -18.469114
          ]
        ]
      },
      "id": "way/75406056"
    },
    {
      "type": "Feature",
      "properties": {
        "@id": "way/75406070",
        "highway": "primary",
        "ref": "N 2"
      },
      "geometry": {
        "type": "LineString",
        "coordinates": [
          [
            49.1488162,
            -18.4440145
          ],
          [
            49.1490791,
            -18.4435826
          ],
          [
            49.1492324,
            -18.4433646
          ],
          [
            49.1493488,
            -18.4430041
          ],
          [
            49.1493887,
            -18.4427947
          ],
          [
            49.1494469,
            -18.4423267
          ],
          [
            49.1495051,
            -18.4421464
          ],
          [
            49.1495909,
            -18.4417103
          ],
          [
            49.1496461,
            -18.4415272
          ],
          [
            49.149849,
            -18.440958
          ],
          [
            49.1498601,
            -18.4409348
          ],
          [
            49.149933,
            -18.440805
          ],
          [
            49.15015,
            -18.440527
          ],
          [
            49.150276,
            -18.440409
          ],
          [
            49.150597,
            -18.440065
          ],
          [
            49.150681,
            -18.439943
          ],
          [
            49.150753,
            -18.439817
          ],
          [
            49.1508901,
            -18.4395035
          ],
          [
            49.1511369,
            -18.4391842
          ],
          [
            49.151581,
            -18.438999
          ],
          [
            49.151718,
            -18.438936
          ],
          [
            49.1519044,
            -18.4388065
          ],
          [
            49.152069,
            -18.438692
          ],
          [
            49.152168,
            -18.438601
          ],
          [
            49.152565,
            -18.438246
          ],
          [
            49.15266,
            -18.438162
          ],
          [
            49.1529267,
            -18.4378774
          ],
          [
            49.1531284,
            -18.4376712
          ],
          [
            49.1535275,
            -18.4373339
          ],
          [
            49.1537157,
            -18.437155
          ],
          [
            49.1537967,
            -18.4370537
          ],
          [
            49.1538361,
            -18.4369346
          ],
          [
            49.1538558,
            -18.4368234
          ],
          [
            49.1538507,
            -18.43641
          ],
          [
            49.1538609,
            -18.435907
          ],
          [
            49.1538618,
            -18.4355877
          ],
          [
            49.153873,
            -18.4354501
          ],
          [
            49.1538883,
            -18.4353297
          ],
          [
            49.153932,
            -18.4351664
          ],
          [
            49.1539987,
            -18.4349739
          ],
          [
            49.1540932,
            -18.4347477
          ],
          [
            49.1542456,
            -18.4343457
          ],
          [
            49.1542938,
            -18.4342262
          ],
          [
            49.1543179,
            -18.4341251
          ],
          [
            49.1543475,
            -18.43342
          ],
          [
            49.1543725,
            -18.4331682
          ],
          [
            49.154423,
            -18.4329139
          ],
          [
            49.1545114,
            -18.432636
          ],
          [
            49.154602,
            -18.432243
          ],
          [
            49.154602,
            -18.432064
          ],
          [
            49.1545765,
            -18.4315702
          ],
          [
            49.1545635,
            -18.4313913
          ],
          [
            49.1545619,
            -18.4311258
          ],
          [
            49.1546108,
            -18.430983
          ],
          [
            49.1546871,
            -18.4308421
          ],
          [
            49.1549177,
            -18.4305906
          ],
          [
            49.1550907,
            -18.4304763
          ],
          [
            49.1555015,
            -18.4302453
          ],
          [
            49.1558238,
            -18.4300374
          ],
          [
            49.15602,
            -18.4299079
          ],
          [
            49.1563427,
            -18.4296086
          ],
          [
            49.1566457,
            -18.4292948
          ],
          [
            49.1569172,
            -18.4290011
          ],
          [
            49.1570469,
            -18.4287702
          ],
          [
            49.1572044,
            -18.4284496
          ],
          [
            49.1572909,
            -18.4282706
          ],
          [
            49.1574128,
            -18.4279917
          ],
          [
            49.1574943,
            -18.4278124
          ],
          [
            49.1575634,
            -18.4276604
          ],
          [
            49.1577049,
            -18.4273645
          ],
          [
            49.1578424,
            -18.4271422
          ],
          [
            49.1579655,
            -18.4270026
          ],
          [
            49.1581878,
            -18.4267783
          ],
          [
            49.1586366,
            -18.4263597
          ],
          [
            49.1589389,
            -18.4260828
          ],
          [
            49.15906,
            -18.4259331
          ],
          [
            49.159199,
            -18.4257216
          ],
          [
            49.1592759,
            -18.4255409
          ],
          [
            49.1594065,
            -18.4251499
          ],
          [
            49.1595088,
            -18.4249143
          ],
          [
            49.1596907,
            -18.4246344
          ],
          [
            49.1598947,
            -18.4243912
          ],
          [
            49.160235,
            -18.4240195
          ],
          [
            49.1603619,
            -18.4238298
          ],
          [
            49.160424,
            -18.4235858
          ],
          [
            49.1604546,
            -18.4233392
          ],
          [
            49.1604455,
            -18.4229289
          ],
          [
            49.1604768,
            -18.4222524
          ],
          [
            49.1605277,
            -18.4220914
          ],
          [
            49.1605451,
            -18.4219174
          ],
          [
            49.160671,
            -18.421499
          ],
          [
            49.160889,
            -18.420864
          ],
          [
            49.160938,
            -18.420738
          ],
          [
            49.161209,
            -18.420284
          ],
          [
            49.161285,
            -18.420177
          ],
          [
            49.1615026,
            -18.4197672
          ],
          [
            49.1615765,
            -18.4196442
          ],
          [
            49.1616725,
            -18.419346
          ],
          [
            49.1617989,
            -18.4188492
          ],
          [
            49.1618259,
            -18.418724
          ],
          [
            49.161905,
            -18.4183116
          ],
          [
            49.1619548,
            -18.4181695
          ],
          [
            49.1620497,
            -18.4179147
          ],
          [
            49.16227,
            -18.417746
          ],
          [
            49.16238,
            -18.417713
          ]
        ]
      },
      "id": "way/75406070"
    },
    {
      "type": "Feature",
      "properties": {
        "@id": "way/75406073",
        "highway": "primary",
        "ref": "N 2"
      },
      "geometry": {
        "type": "LineString",
        "coordinates": [
          [
            49.0880219,
            -18.7871845
          ],
          [
            49.0882257,
            -18.7870039
          ],
          [
            49.0884635,
            -18.7868993
          ],
          [
            49.0886428,
            -18.7868577
          ],
          [
            49.0902491,
            -18.7866488
          ],
          [
            49.0904115,
            -18.7866026
          ],
          [
            49.0906209,
            -18.7864759
          ],
          [
            49.0908097,
            -18.7862141
          ],
          [
            49.0908584,
            -18.7859872
          ],
          [
            49.0907704,
            -18.7852983
          ],
          [
            49.0906971,
            -18.7849828
          ],
          [
            49.0906425,
            -18.7848637
          ],
          [
            49.0903581,
            -18.7844866
          ],
          [
            49.0901729,
            -18.7842592
          ],
          [
            49.0900161,
            -18.7840271
          ],
          [
            49.0899298,
            -18.7837544
          ],
          [
            49.089931,
            -18.783499
          ],
          [
            49.089985,
            -18.783245
          ],
          [
            49.090347,
            -18.782661
          ],
          [
            49.090656,
            -18.782198
          ],
          [
            49.090721,
            -18.782097
          ],
          [
            49.090939,
            -18.78162
          ],
          [
            49.090958,
            -18.781548
          ],
          [
            49.091129,
            -18.781092
          ],
          [
            49.091156,
            -18.781006
          ],
          [
            49.091293,
            -18.780548
          ],
          [
            49.091312,
            -18.780472
          ],
          [
            49.091339,
            -18.780148
          ],
          [
            49.091267,
            -18.779684
          ],
          [
            49.091248,
            -18.779593
          ],
          [
            49.091145,
            -18.779144
          ],
          [
            49.091129,
            -18.779051
          ],
          [
            49.09116,
            -18.778769
          ],
          [
            49.091484,
            -18.778311
          ],
          [
            49.091553,
            -18.778215
          ],
          [
            49.091755,
            -18.7778
          ],
          [
            49.091785,
            -18.777687
          ],
          [
            49.091877,
            -18.777197
          ],
          [
            49.091888,
            -18.777063
          ],
          [
            49.091812,
            -18.77651
          ],
          [
            49.091778,
            -18.776377
          ],
          [
            49.091621,
            -18.775885
          ],
          [
            49.091583,
            -18.775772
          ],
          [
            49.091454,
            -18.775339
          ],
          [
            49.09145,
            -18.775311
          ],
          [
            49.091282,
            -18.774864
          ],
          [
            49.091267,
            -18.774826
          ],
          [
            49.091106,
            -18.77438
          ],
          [
            49.091084,
            -18.774311
          ],
          [
            49.090897,
            -18.773752
          ],
          [
            49.090717,
            -18.773281
          ],
          [
            49.090675,
            -18.773182
          ],
          [
            49.090473,
            -18.77277
          ],
          [
            49.090137,
            -18.772186
          ],
          [
            49.090061,
            -18.772062
          ],
          [
            49.089748,
            -18.771538
          ],
          [
            49.089668,
            -18.771402
          ],
          [
            49.089443,
            -18.770983
          ],
          [
            49.089382,
            -18.770836
          ],
          [
            49.089333,
            -18.770681
          ],
          [
            49.089249,
            -18.77018
          ],
          [
            49.08923,
            -18.77001
          ],
          [
            49.08918,
            -18.769491
          ],
          [
            49.089119,
            -18.768787
          ],
          [
            49.089111,
            -18.76862
          ],
          [
            49.089096,
            -18.768145
          ],
          [
            49.0891,
            -18.76799
          ],
          [
            49.089233,
            -18.767422
          ],
          [
            49.089291,
            -18.767296
          ],
          [
            49.089439,
            -18.767084
          ],
          [
            49.089748,
            -18.766676
          ],
          [
            49.089825,
            -18.766573
          ],
          [
            49.090126,
            -18.766148
          ],
          [
            49.09021,
            -18.766039
          ],
          [
            49.090607,
            -18.765507
          ],
          [
            49.090794,
            -18.765154
          ],
          [
            49.090832,
            -18.765026
          ],
          [
            49.090931,
            -18.764496
          ],
          [
            49.090942,
            -18.76436
          ],
          [
            49.091011,
            -18.763823
          ],
          [
            49.091022,
            -18.763695
          ],
          [
            49.09116,
            -18.763216
          ],
          [
            49.091228,
            -18.763113
          ],
          [
            49.091427,
            -18.76296
          ],
          [
            49.092022,
            -18.762634
          ],
          [
            49.092522,
            -18.762377
          ],
          [
            49.09264,
            -18.762314
          ],
          [
            49.093143,
            -18.762098
          ],
          [
            49.09388,
            -18.761847
          ],
          [
            49.094582,
            -18.761612
          ],
          [
            49.094765,
            -18.761547
          ],
          [
            49.09531,
            -18.761356
          ],
          [
            49.095478,
            -18.761299
          ],
          [
            49.095963,
            -18.761152
          ],
          [
            49.096123,
            -18.761126
          ],
          [
            49.096439,
            -18.761131
          ],
          [
            49.0966,
            -18.761154
          ],
          [
            49.097092,
            -18.761217
          ],
          [
            49.097263,
            -18.761208
          ],
          [
            49.097752,
            -18.761042
          ],
          [
            49.097908,
            -18.760958
          ],
          [
            49.098343,
            -18.760714
          ],
          [
            49.098476,
            -18.760626
          ],
          [
            49.098873,
            -18.760342
          ],
          [
            49.09901,
            -18.760242
          ],
          [
            49.099411,
            -18.759941
          ],
          [
            49.099525,
            -18.75983
          ],
          [
            49.099731,
            -18.75943
          ],
          [
            49.099751,
            -18.759279
          ],
          [
            49.099804,
            -18.758705
          ],
          [
            49.099834,
            -18.758572
          ],
          [
            49.09993,
            -18.758316
          ],
          [
            49.100174,
            -18.757969
          ],
          [
            49.100277,
            -18.757866
          ],
          [
            49.100727,
            -18.757441
          ],
          [
            49.100838,
            -18.757324
          ],
          [
            49.101135,
            -18.756962
          ],
          [
            49.101227,
            -18.756836
          ],
          [
            49.10149,
            -18.756462
          ]
        ]
      },
      "id": "way/75406073"
    },
    {
      "type": "Feature",
      "properties": {
        "@id": "way/75406075",
        "highway": "primary",
        "ref": "N 2"
      },
      "geometry": {
        "type": "LineString",
        "coordinates": [
          [
            48.966293,
            -18.9173547
          ],
          [
            48.96624,
            -18.9175159
          ],
          [
            48.9661099,
            -18.9178903
          ],
          [
            48.9658245,
            -18.9187755
          ],
          [
            48.9657423,
            -18.9190509
          ],
          [
            48.9656811,
            -18.9193659
          ],
          [
            48.9656544,
            -18.9196485
          ],
          [
            48.9656532,
            -18.9199164
          ],
          [
            48.9656879,
            -18.9202728
          ],
          [
            48.9657444,
            -18.9206142
          ],
          [
            48.9658661,
            -18.9215048
          ],
          [
            48.9663408,
            -18.9243971
          ],
          [
            48.9663978,
            -18.9247903
          ],
          [
            48.966425,
            -18.9251483
          ],
          [
            48.9664158,
            -18.9255653
          ],
          [
            48.9663574,
            -18.9259268
          ],
          [
            48.9660785,
            -18.9274771
          ],
          [
            48.966106,
            -18.9305533
          ],
          [
            48.9661267,
            -18.9311052
          ],
          [
            48.9662057,
            -18.9313004
          ],
          [
            48.9664285,
            -18.9315734
          ],
          [
            48.9675477,
            -18.9327353
          ],
          [
            48.9675749,
            -18.9327694
          ],
          [
            48.9677146,
            -18.9329447
          ],
          [
            48.9678335,
            -18.9331792
          ],
          [
            48.9678884,
            -18.9334026
          ],
          [
            48.9679108,
            -18.9336681
          ],
          [
            48.9678723,
            -18.9339608
          ],
          [
            48.967812,
            -18.93433
          ],
          [
            48.967393,
            -18.9368299
          ],
          [
            48.967102,
            -18.938559
          ],
          [
            48.9670793,
            -18.9394231
          ],
          [
            48.967007,
            -18.942169
          ],
          [
            48.966946,
            -18.942701
          ],
          [
            48.9664834,
            -18.9444316
          ],
          [
            48.9663306,
            -18.945003
          ],
          [
            48.9662233,
            -18.945584
          ],
          [
            48.966232,
            -18.945972
          ],
          [
            48.9662644,
            -18.9460695
          ],
          [
            48.9667135,
            -18.9474042
          ],
          [
            48.966908,
            -18.948004
          ],
          [
            48.9670154,
            -18.9483232
          ],
          [
            48.967052,
            -18.948484
          ],
          [
            48.967091,
            -18.948807
          ],
          [
            48.967007,
            -18.949278
          ],
          [
            48.96648,
            -18.950768
          ],
          [
            48.966343,
            -18.951416
          ],
          [
            48.9660168,
            -18.9546301
          ],
          [
            48.9658619,
            -18.9561568
          ],
          [
            48.965805,
            -18.956717
          ],
          [
            48.965836,
            -18.95706
          ],
          [
            48.966003,
            -18.957561
          ],
          [
            48.9668388,
            -18.9593095
          ],
          [
            48.967101,
            -18.9598122
          ],
          [
            48.9676687,
            -18.9610219
          ],
          [
            48.967873,
            -18.9615681
          ],
          [
            48.967884,
            -18.961935
          ],
          [
            48.9675429,
            -18.9632236
          ],
          [
            48.9674769,
            -18.9639038
          ],
          [
            48.96743,
            -18.965027
          ],
          [
            48.967304,
            -18.965479
          ]
        ]
      },
      "id": "way/75406075"
    },
    {
      "type": "Feature",
      "properties": {
        "@id": "way/75406077",
        "highway": "primary",
        "ref": "N 2"
      },
      "geometry": {
        "type": "LineString",
        "coordinates": [
          [
            49.181629,
            -18.386024
          ],
          [
            49.181709,
            -18.385883
          ],
          [
            49.182022,
            -18.38534
          ],
          [
            49.182312,
            -18.384827
          ],
          [
            49.182384,
            -18.384695
          ],
          [
            49.182697,
            -18.384144
          ],
          [
            49.182957,
            -18.383728
          ],
          [
            49.183052,
            -18.3836
          ],
          [
            49.183262,
            -18.383356
          ],
          [
            49.18338,
            -18.383244
          ],
          [
            49.183643,
            -18.38306
          ],
          [
            49.184204,
            -18.382723
          ],
          [
            49.184353,
            -18.382637
          ],
          [
            49.184795,
            -18.38237
          ],
          [
            49.184948,
            -18.382282
          ],
          [
            49.185417,
            -18.382036
          ],
          [
            49.185577,
            -18.381956
          ],
          [
            49.186062,
            -18.381723
          ],
          [
            49.186218,
            -18.381643
          ],
          [
            49.186607,
            -18.381332
          ],
          [
            49.186707,
            -18.381205
          ],
          [
            49.186943,
            -18.380787
          ],
          [
            49.187019,
            -18.380642
          ],
          [
            49.187252,
            -18.380211
          ],
          [
            49.187332,
            -18.380077
          ],
          [
            49.187645,
            -18.379564
          ],
          [
            49.187729,
            -18.379435
          ],
          [
            49.187981,
            -18.379011
          ],
          [
            49.188061,
            -18.378857
          ],
          [
            49.188442,
            -18.378071
          ],
          [
            49.188736,
            -18.377489
          ],
          [
            49.18903,
            -18.376989
          ],
          [
            49.189117,
            -18.376875
          ],
          [
            49.1894443,
            -18.3764077
          ],
          [
            49.189553,
            -18.3762702
          ],
          [
            49.1897705,
            -18.3759791
          ],
          [
            49.1898315,
            -18.3758353
          ],
          [
            49.1898887,
            -18.3755358
          ],
          [
            49.1899924,
            -18.3748644
          ],
          [
            49.1901717,
            -18.3743615
          ],
          [
            49.1903833,
            -18.3739141
          ],
          [
            49.1905252,
            -18.3736142
          ],
          [
            49.1907371,
            -18.3731227
          ],
          [
            49.1907606,
            -18.3730681
          ],
          [
            49.1908666,
            -18.3728719
          ],
          [
            49.1911662,
            -18.3723983
          ],
          [
            49.19137,
            -18.3720394
          ],
          [
            49.1915444,
            -18.3717518
          ],
          [
            49.1916275,
            -18.3715583
          ],
          [
            49.191959,
            -18.37093
          ],
          [
            49.1920754,
            -18.3706419
          ],
          [
            49.192181,
            -18.370407
          ],
          [
            49.192265,
            -18.370256
          ],
          [
            49.192574,
            -18.369869
          ],
          [
            49.192707,
            -18.369766
          ],
          [
            49.193165,
            -18.369509
          ],
          [
            49.193787,
            -18.369165
          ],
          [
            49.193935,
            -18.369081
          ],
          [
            49.194347,
            -18.368813
          ],
          [
            49.194473,
            -18.368704
          ],
          [
            49.1946691,
            -18.3683701
          ],
          [
            49.1947161,
            -18.3682886
          ],
          [
            49.1949347,
            -18.3678469
          ],
          [
            49.1950808,
            -18.3675911
          ],
          [
            49.1952538,
            -18.3672526
          ],
          [
            49.1954054,
            -18.3669904
          ],
          [
            49.1955797,
            -18.3666187
          ],
          [
            49.1957246,
            -18.3663896
          ],
          [
            49.1958372,
            -18.3659632
          ],
          [
            49.1958734,
            -18.3657914
          ],
          [
            49.1959418,
            -18.3655674
          ],
          [
            49.1960545,
            -18.3654096
          ],
          [
            49.196407,
            -18.365187
          ],
          [
            49.196907,
            -18.364899
          ],
          [
            49.197414,
            -18.364695
          ],
          [
            49.197525,
            -18.364655
          ],
          [
            49.198112,
            -18.364456
          ],
          [
            49.198715,
            -18.364244
          ],
          [
            49.198837,
            -18.364202
          ],
          [
            49.199333,
            -18.364017
          ],
          [
            49.199455,
            -18.363974
          ],
          [
            49.199947,
            -18.363806
          ],
          [
            49.200077,
            -18.363775
          ],
          [
            49.200352,
            -18.363741
          ],
          [
            49.200897,
            -18.363764
          ],
          [
            49.201038,
            -18.363771
          ],
          [
            49.201553,
            -18.363733
          ],
          [
            49.201672,
            -18.363688
          ],
          [
            49.2016911,
            -18.3636544
          ],
          [
            49.201893,
            -18.363554
          ],
          [
            49.202339,
            -18.363165
          ],
          [
            49.202461,
            -18.363054
          ],
          [
            49.202862,
            -18.362705
          ],
          [
            49.203007,
            -18.362581
          ],
          [
            49.20348,
            -18.362206
          ],
          [
            49.203644,
            -18.362085
          ]
        ]
      },
      "id": "way/75406077"
    },
    {
      "type": "Feature",
      "properties": {
        "@id": "way/75406085",
        "highway": "primary",
        "ref": "N 2"
      },
      "geometry": {
        "type": "LineString",
        "coordinates": [
          [
            49.16238,
            -18.417713
          ],
          [
            49.162632,
            -18.4177
          ],
          [
            49.1628164,
            -18.4177129
          ],
          [
            49.163204,
            -18.41774
          ],
          [
            49.1632906,
            -18.4177298
          ],
          [
            49.163349,
            -18.417723
          ],
          [
            49.163746,
            -18.417576
          ],
          [
            49.163849,
            -18.417515
          ],
          [
            49.1641356,
            -18.4172341
          ],
          [
            49.1642519,
            -18.4171314
          ],
          [
            49.1645092,
            -18.4167199
          ],
          [
            49.1645629,
            -18.4166099
          ],
          [
            49.164816,
            -18.4160915
          ],
          [
            49.1649674,
            -18.4157911
          ]
        ]
      },
      "id": "way/75406085"
    },
    {
      "type": "Feature",
      "properties": {
        "@id": "way/75406087",
        "highway": "primary",
        "ref": "N 2"
      },
      "geometry": {
        "type": "LineString",
        "coordinates": [
          [
            48.8844985,
            -18.9707141
          ],
          [
            48.8842493,
            -18.9706855
          ],
          [
            48.884026,
            -18.970587
          ],
          [
            48.8839879,
            -18.9705476
          ],
          [
            48.8837027,
            -18.9702525
          ],
          [
            48.8836223,
            -18.9701713
          ],
          [
            48.8834587,
            -18.9699988
          ],
          [
            48.883232,
            -18.969812
          ],
          [
            48.88311,
            -18.969746
          ],
          [
            48.882828,
            -18.96965
          ],
          [
            48.8827315,
            -18.9696258
          ],
          [
            48.8822448,
            -18.9695036
          ],
          [
            48.8819673,
            -18.9694315
          ],
          [
            48.8814091,
            -18.9692944
          ],
          [
            48.8806962,
            -18.9691457
          ],
          [
            48.8800745,
            -18.9690129
          ],
          [
            48.879362,
            -18.9688531
          ],
          [
            48.8791055,
            -18.9687736
          ],
          [
            48.878845,
            -18.96876
          ],
          [
            48.878696,
            -18.968769
          ],
          [
            48.8781738,
            -18.9688865
          ],
          [
            48.8779615,
            -18.9689478
          ],
          [
            48.8777683,
            -18.9690392
          ],
          [
            48.8774571,
            -18.9692488
          ],
          [
            48.8773263,
            -18.9693422
          ],
          [
            48.877079,
            -18.969538
          ],
          [
            48.8765146,
            -18.9699585
          ],
          [
            48.8760665,
            -18.9702362
          ],
          [
            48.8756182,
            -18.9705447
          ],
          [
            48.875353,
            -18.9707359
          ],
          [
            48.875018,
            -18.9709973
          ],
          [
            48.8745914,
            -18.9712913
          ],
          [
            48.874401,
            -18.971466
          ],
          [
            48.8742936,
            -18.9715768
          ],
          [
            48.8742367,
            -18.9716892
          ],
          [
            48.8741383,
            -18.9721356
          ],
          [
            48.8740281,
            -18.9727016
          ],
          [
            48.873908,
            -18.9731881
          ],
          [
            48.8738241,
            -18.9734191
          ],
          [
            48.8737569,
            -18.9735646
          ],
          [
            48.8734477,
            -18.9738758
          ],
          [
            48.8732662,
            -18.9740247
          ],
          [
            48.8729535,
            -18.9742778
          ],
          [
            48.8727679,
            -18.9743756
          ],
          [
            48.8725932,
            -18.9744356
          ],
          [
            48.8722005,
            -18.9745338
          ],
          [
            48.8715549,
            -18.974648
          ],
          [
            48.8709995,
            -18.974768
          ],
          [
            48.8708067,
            -18.9748146
          ],
          [
            48.8704798,
            -18.9749237
          ],
          [
            48.8703331,
            -18.9749769
          ],
          [
            48.8699687,
            -18.9751243
          ],
          [
            48.8697923,
            -18.9752097
          ],
          [
            48.8695976,
            -18.9753194
          ],
          [
            48.8693019,
            -18.9755976
          ],
          [
            48.8691311,
            -18.9757628
          ],
          [
            48.8689406,
            -18.9759124
          ],
          [
            48.8687455,
            -18.9760108
          ],
          [
            48.8686089,
            -18.9760233
          ],
          [
            48.8684965,
            -18.9760301
          ],
          [
            48.8683583,
            -18.9760011
          ],
          [
            48.8679294,
            -18.9758972
          ],
          [
            48.8674083,
            -18.9757668
          ],
          [
            48.8668397,
            -18.9756501
          ],
          [
            48.866609,
            -18.9755791
          ],
          [
            48.8665098,
            -18.9754751
          ],
          [
            48.866432,
            -18.97529
          ],
          [
            48.8663596,
            -18.9748588
          ],
          [
            48.8663247,
            -18.9743768
          ],
          [
            48.8663006,
            -18.9742348
          ],
          [
            48.8662711,
            -18.974113
          ],
          [
            48.866158,
            -18.973881
          ],
          [
            48.865776,
            -18.973555
          ],
          [
            48.865696,
            -18.973492
          ],
          [
            48.865265,
            -18.973164
          ],
          [
            48.86517,
            -18.973093
          ],
          [
            48.86478,
            -18.972786
          ],
          [
            48.864681,
            -18.9727
          ],
          [
            48.864326,
            -18.972292
          ],
          [
            48.8642669,
            -18.9721935
          ],
          [
            48.864258,
            -18.972179
          ],
          [
            48.8641687,
            -18.9719461
          ],
          [
            48.864037,
            -18.971746
          ],
          [
            48.863987,
            -18.971645
          ],
          [
            48.863827,
            -18.971212
          ],
          [
            48.863796,
            -18.9711
          ],
          [
            48.863659,
            -18.970537
          ],
          [
            48.863518,
            -18.970009
          ],
          [
            48.863483,
            -18.969912
          ],
          [
            48.8634,
            -18.969744
          ],
          [
            48.863094,
            -18.969345
          ],
          [
            48.86301,
            -18.969259
          ],
          [
            48.862648,
            -18.968876
          ],
          [
            48.862545,
            -18.968779
          ],
          [
            48.8623327,
            -18.9685858
          ],
          [
            48.862186,
            -18.96834
          ],
          [
            48.862129,
            -18.968206
          ],
          [
            48.861942,
            -18.967634
          ],
          [
            48.8618991,
            -18.9674826
          ],
          [
            48.8617602,
            -18.9669999
          ],
          [
            48.8617335,
            -18.9668014
          ],
          [
            48.8617712,
            -18.9666102
          ],
          [
            48.8618375,
            -18.9664311
          ],
          [
            48.8618873,
            -18.9662733
          ],
          [
            48.861906,
            -18.9660832
          ],
          [
            48.8618508,
            -18.9659161
          ],
          [
            48.8617523,
            -18.9657612
          ],
          [
            48.8616276,
            -18.9656049
          ],
          [
            48.8615254,
            -18.9654962
          ],
          [
            48.8614033,
            -18.9653882
          ],
          [
            48.861271,
            -18.965282
          ],
          [
            48.8608345,
            -18.9649651
          ],
          [
            48.860687,
            -18.964872
          ],
          [
            48.8605118,
            -18.9648013
          ],
          [
            48.860317,
            -18.9647851
          ],
          [
            48.8598755,
            -18.9647991
          ],
          [
            48.8596839,
            -18.9648095
          ],
          [
            48.8595073,
            -18.9648502
          ],
          [
            48.8593563,
            -18.9649409
          ],
          [
            48.8592356,
            -18.9650551
          ],
          [
            48.8590525,
            -18.9652518
          ],
          [
            48.8589205,
            -18.9653466
          ],
          [
            48.8587284,
            -18.9654118
          ],
          [
            48.8585066,
            -18.9654841
          ],
          [
            48.8583414,
            -18.9656006
          ],
          [
            48.8581923,
            -18.9657678
          ],
          [
            48.8580212,
            -18.9659512
          ],
          [
            48.8578345,
            -18.9661055
          ],
          [
            48.8576162,
            -18.9662704
          ],
          [
            48.8571806,
            -18.9665869
          ],
          [
            48.8570145,
            -18.9666543
          ],
          [
            48.8568565,
            -18.9666557
          ],
          [
            48.8566981,
            -18.9665867
          ],
          [
            48.8566036,
            -18.9664742
          ],
          [
            48.8565739,
            -18.9662977
          ],
          [
            48.8566313,
            -18.9661051
          ],
          [
            48.8566963,
            -18.9658829
          ],
          [
            48.8567304,
            -18.9656681
          ],
          [
            48.8566738,
            -18.9654681
          ],
          [
            48.8564783,
            -18.9652073
          ],
          [
            48.8561631,
            -18.9648023
          ],
          [
            48.8560406,
            -18.9646561
          ],
          [
            48.8559397,
            -18.9645291
          ],
          [
            48.8558662,
            -18.9643954
          ],
          [
            48.855743,
            -18.964174
          ],
          [
            48.855682,
            -18.964054
          ],
          [
            48.855494,
            -18.9637183
          ],
          [
            48.855389,
            -18.963579
          ],
          [
            48.855289,
            -18.963474
          ],
          [
            48.855158,
            -18.9633569
          ],
          [
            48.8550153,
            -18.9632372
          ],
          [
            48.8548078,
            -18.9630864
          ],
          [
            48.8546157,
            -18.9629407
          ],
          [
            48.8544064,
            -18.9627786
          ],
          [
            48.8542494,
            -18.962559
          ],
          [
            48.854177,
            -18.9624144
          ],
          [
            48.8539785,
            -18.9620175
          ],
          [
            48.8538886,
            -18.9618287
          ],
          [
            48.8537496,
            -18.9615297
          ],
          [
            48.8536893,
            -18.9614053
          ],
          [
            48.8536218,
            -18.9613161
          ],
          [
            48.853536,
            -18.9612531
          ],
          [
            48.8534442,
            -18.9612178
          ],
          [
            48.8532709,
            -18.9611857
          ]
        ]
      },
      "id": "way/75406087"
    },
    {
      "type": "Feature",
      "properties": {
        "@id": "way/75407497",
        "highway": "primary",
        "ref": "N 2"
      },
      "geometry": {
        "type": "LineString",
        "coordinates": [
          [
            47.6631347,
            -18.8673363
          ],
          [
            47.6632243,
            -18.8672678
          ],
          [
            47.6632927,
            -18.8672305
          ],
          [
            47.6633774,
            -18.8672001
          ],
          [
            47.663488,
            -18.8671829
          ],
          [
            47.6636965,
            -18.8671579
          ],
          [
            47.6638764,
            -18.8671315
          ],
          [
            47.664084,
            -18.8670661
          ],
          [
            47.6642248,
            -18.8670089
          ],
          [
            47.6643591,
            -18.8669346
          ],
          [
            47.6644851,
            -18.866842
          ],
          [
            47.6650697,
            -18.8662844
          ],
          [
            47.665537,
            -18.8658449
          ],
          [
            47.6656598,
            -18.8657437
          ],
          [
            47.6657604,
            -18.8656904
          ],
          [
            47.6658811,
            -18.8656498
          ],
          [
            47.6660033,
            -18.8656297
          ],
          [
            47.6662157,
            -18.8656282
          ],
          [
            47.6665114,
            -18.8656266
          ],
          [
            47.6666468,
            -18.8656028
          ],
          [
            47.666775,
            -18.8655677
          ],
          [
            47.6668595,
            -18.8655259
          ],
          [
            47.667088,
            -18.8654003
          ],
          [
            47.6672898,
            -18.8652806
          ],
          [
            47.6675642,
            -18.8651181
          ],
          [
            47.6679155,
            -18.864915
          ],
          [
            47.6681167,
            -18.8647906
          ],
          [
            47.6683148,
            -18.8646414
          ],
          [
            47.6686587,
            -18.8643698
          ],
          [
            47.6692083,
            -18.8639708
          ],
          [
            47.6697877,
            -18.863519
          ],
          [
            47.6699004,
            -18.86342
          ],
          [
            47.6699991,
            -18.8633489
          ],
          [
            47.6700577,
            -18.8632983
          ]
        ]
      },
      "id": "way/75407497"
    },
    {
      "type": "Feature",
      "properties": {
        "@id": "way/76355631",
        "highway": "primary",
        "name": "Làlana Rainizanabololona",
        "name:fr": "Rue Rainizanabololona",
        "oneway": "yes",
        "ref": "N 2",
        "surface": "asphalt"
      },
      "geometry": {
        "type": "LineString",
        "coordinates": [
          [
            47.5206787,
            -18.9005133
          ],
          [
            47.5207543,
            -18.8997453
          ]
        ]
      },
      "id": "way/76355631"
    },
    {
      "type": "Feature",
      "properties": {
        "@id": "way/76355635",
        "highway": "primary",
        "lane_markings": "no",
        "name": "Làlana Rainizanabololona",
        "name:fr": "Rue Rainizanabololona",
        "oneway": "yes",
        "ref": "N 2",
        "surface": "asphalt"
      },
      "geometry": {
        "type": "LineString",
        "coordinates": [
          [
            47.5207543,
            -18.8997453
          ],
          [
            47.5208142,
            -18.8991242
          ],
          [
            47.5208154,
            -18.8991152
          ]
        ]
      },
      "id": "way/76355635"
    },
    {
      "type": "Feature",
      "properties": {
        "@id": "way/77367481",
        "highway": "primary",
        "ref": "N 2"
      },
      "geometry": {
        "type": "LineString",
        "coordinates": [
          [
            47.6422313,
            -18.8782209
          ],
          [
            47.6425592,
            -18.8781036
          ],
          [
            47.642692,
            -18.8780315
          ],
          [
            47.6427886,
            -18.8779732
          ],
          [
            47.6429205,
            -18.8778596
          ],
          [
            47.6430197,
            -18.8777591
          ],
          [
            47.6433172,
            -18.8774523
          ],
          [
            47.6434913,
            -18.877279
          ],
          [
            47.6435463,
            -18.8772359
          ],
          [
            47.6436053,
            -18.877194
          ],
          [
            47.6438332,
            -18.8770682
          ],
          [
            47.6439667,
            -18.8770052
          ],
          [
            47.6441565,
            -18.8769034
          ],
          [
            47.6442464,
            -18.8768501
          ],
          [
            47.6443309,
            -18.8767905
          ],
          [
            47.6444175,
            -18.8767095
          ],
          [
            47.6445019,
            -18.8766091
          ],
          [
            47.6447476,
            -18.8763044
          ],
          [
            47.6448245,
            -18.8762296
          ],
          [
            47.6449034,
            -18.8761687
          ],
          [
            47.6449786,
            -18.8761281
          ],
          [
            47.6450564,
            -18.8761103
          ],
          [
            47.6451567,
            -18.8761007
          ],
          [
            47.6452638,
            -18.8760981
          ],
          [
            47.6457932,
            -18.8760705
          ],
          [
            47.6459053,
            -18.8760659
          ],
          [
            47.6459952,
            -18.8760494
          ],
          [
            47.6460944,
            -18.876024
          ],
          [
            47.6461932,
            -18.8759909
          ],
          [
            47.6462325,
            -18.8759701
          ],
          [
            47.6462708,
            -18.875946
          ],
          [
            47.6463747,
            -18.8758544
          ],
          [
            47.6464554,
            -18.8757734
          ],
          [
            47.6468293,
            -18.875345
          ],
          [
            47.6471652,
            -18.8749787
          ],
          [
            47.6473913,
            -18.8747715
          ],
          [
            47.6476984,
            -18.8745109
          ],
          [
            47.6479572,
            -18.8743312
          ],
          [
            47.648248,
            -18.8741473
          ],
          [
            47.6483153,
            -18.8740914
          ],
          [
            47.648389,
            -18.8740127
          ],
          [
            47.6486173,
            -18.8737264
          ],
          [
            47.6486903,
            -18.873624
          ],
          [
            47.6487444,
            -18.8735558
          ],
          [
            47.6487887,
            -18.873519
          ],
          [
            47.6488343,
            -18.8734911
          ],
          [
            47.6489436,
            -18.8734504
          ],
          [
            47.649108,
            -18.8734138
          ],
          [
            47.6492694,
            -18.873395
          ],
          [
            47.6494016,
            -18.8733769
          ],
          [
            47.6495496,
            -18.8733444
          ],
          [
            47.6496568,
            -18.8732953
          ],
          [
            47.6497895,
            -18.8731735
          ],
          [
            47.6498663,
            -18.8730904
          ],
          [
            47.6499501,
            -18.8729861
          ],
          [
            47.6500104,
            -18.8729391
          ],
          [
            47.6500974,
            -18.8728969
          ],
          [
            47.6502952,
            -18.872842
          ],
          [
            47.65046,
            -18.8728133
          ],
          [
            47.6510369,
            -18.8726936
          ],
          [
            47.651196,
            -18.8726345
          ],
          [
            47.6513659,
            -18.872548
          ],
          [
            47.6515956,
            -18.8723955
          ],
          [
            47.6519861,
            -18.872123
          ],
          [
            47.652121,
            -18.8720259
          ],
          [
            47.6522353,
            -18.8719138
          ],
          [
            47.6522917,
            -18.8718287
          ],
          [
            47.6523507,
            -18.8717196
          ],
          [
            47.6524282,
            -18.871527
          ],
          [
            47.6525235,
            -18.8712765
          ],
          [
            47.6525755,
            -18.8711552
          ],
          [
            47.6526445,
            -18.8710469
          ],
          [
            47.6527122,
            -18.8709677
          ],
          [
            47.6527965,
            -18.8709098
          ],
          [
            47.6528793,
            -18.8708822
          ],
          [
            47.6530118,
            -18.8708681
          ],
          [
            47.6532157,
            -18.8708891
          ],
          [
            47.6533951,
            -18.8709247
          ],
          [
            47.6540001,
            -18.8709954
          ],
          [
            47.6541839,
            -18.8710174
          ],
          [
            47.654357,
            -18.8710178
          ],
          [
            47.6544667,
            -18.8710124
          ],
          [
            47.6545367,
            -18.8709886
          ],
          [
            47.6545916,
            -18.8709658
          ],
          [
            47.6547003,
            -18.87091
          ],
          [
            47.654928,
            -18.8707692
          ],
          [
            47.6550421,
            -18.8706896
          ],
          [
            47.6554468,
            -18.8703963
          ],
          [
            47.6560629,
            -18.8699971
          ],
          [
            47.6564108,
            -18.8697839
          ],
          [
            47.6566778,
            -18.8696082
          ],
          [
            47.6568326,
            -18.8694861
          ],
          [
            47.6569319,
            -18.8693998
          ],
          [
            47.6571142,
            -18.8691929
          ],
          [
            47.6572579,
            -18.8690117
          ],
          [
            47.6573504,
            -18.8688939
          ],
          [
            47.6574442,
            -18.8687958
          ],
          [
            47.6575273,
            -18.8687425
          ],
          [
            47.6576308,
            -18.8687008
          ],
          [
            47.6577497,
            -18.8686546
          ],
          [
            47.6579904,
            -18.8685897
          ],
          [
            47.6582159,
            -18.8685265
          ],
          [
            47.658308,
            -18.8685076
          ],
          [
            47.6583827,
            -18.8685076
          ],
          [
            47.658575,
            -18.8685441
          ],
          [
            47.65873,
            -18.8685926
          ],
          [
            47.6590038,
            -18.8686981
          ],
          [
            47.6591495,
            -18.8687607
          ],
          [
            47.6592276,
            -18.8687831
          ],
          [
            47.6593038,
            -18.8687972
          ],
          [
            47.6594422,
            -18.8687925
          ],
          [
            47.6595484,
            -18.8687704
          ],
          [
            47.6596565,
            -18.8687372
          ],
          [
            47.6599794,
            -18.8686152
          ],
          [
            47.6605982,
            -18.868379
          ],
          [
            47.6608255,
            -18.8683073
          ],
          [
            47.6610174,
            -18.8682501
          ],
          [
            47.6611904,
            -18.8681943
          ],
          [
            47.6612918,
            -18.8681587
          ],
          [
            47.6613776,
            -18.8681219
          ],
          [
            47.6614275,
            -18.868084
          ],
          [
            47.6614889,
            -18.8680305
          ],
          [
            47.6615329,
            -18.8679836
          ],
          [
            47.6615641,
            -18.8679442
          ],
          [
            47.6616512,
            -18.8678452
          ],
          [
            47.6617428,
            -18.8677705
          ],
          [
            47.6618364,
            -18.8677234
          ],
          [
            47.6619342,
            -18.8676752
          ],
          [
            47.6620509,
            -18.8676435
          ],
          [
            47.6621631,
            -18.8676258
          ],
          [
            47.6623581,
            -18.8676132
          ],
          [
            47.6625545,
            -18.8676058
          ],
          [
            47.6626705,
            -18.8675927
          ],
          [
            47.6627664,
            -18.8675778
          ],
          [
            47.6628427,
            -18.8675479
          ],
          [
            47.6629207,
            -18.8675041
          ]
        ]
      },
      "id": "way/77367481"
    },
    {
      "type": "Feature",
      "properties": {
        "@id": "way/77367487",
        "bridge": "yes",
        "highway": "primary",
        "layer": "1",
        "ref": "N 2"
      },
      "geometry": {
        "type": "LineString",
        "coordinates": [
          [
            47.6420926,
            -18.8782646
          ],
          [
            47.6422313,
            -18.8782209
          ]
        ]
      },
      "id": "way/77367487"
    },
    {
      "type": "Feature",
      "properties": {
        "@id": "way/77451501",
        "bridge": "yes",
        "highway": "primary",
        "layer": "1",
        "ref": "N 2"
      },
      "geometry": {
        "type": "LineString",
        "coordinates": [
          [
            47.7048841,
            -18.9089637
          ],
          [
            47.7049997,
            -18.9087174
          ]
        ]
      },
      "id": "way/77451501"
    },
    {
      "type": "Feature",
      "properties": {
        "@id": "way/77451502",
        "highway": "primary",
        "maxspeed": "30",
        "ref": "N 2"
      },
      "geometry": {
        "type": "LineString",
        "coordinates": [
          [
            47.7070569,
            -18.9046203
          ],
          [
            47.7071428,
            -18.9045673
          ],
          [
            47.7072515,
            -18.9045242
          ],
          [
            47.7073789,
            -18.9045255
          ],
          [
            47.7076377,
            -18.9045432
          ],
          [
            47.7077584,
            -18.9045204
          ],
          [
            47.7079166,
            -18.9044405
          ],
          [
            47.7085881,
            -18.9039516
          ],
          [
            47.7089667,
            -18.9036361
          ],
          [
            47.7091022,
            -18.9035675
          ],
          [
            47.7092578,
            -18.9035434
          ],
          [
            47.7094133,
            -18.9035612
          ],
          [
            47.7095836,
            -18.9036348
          ],
          [
            47.7098103,
            -18.9037337
          ],
          [
            47.7099337,
            -18.9037756
          ],
          [
            47.7100933,
            -18.9037782
          ],
          [
            47.7102394,
            -18.9037617
          ],
          [
            47.7104768,
            -18.9036589
          ],
          [
            47.7106627,
            -18.9035344
          ],
          [
            47.7107344,
            -18.9034532
          ],
          [
            47.7108952,
            -18.9032668
          ],
          [
            47.7110161,
            -18.9030939
          ],
          [
            47.7110647,
            -18.902992
          ],
          [
            47.7111353,
            -18.902772
          ],
          [
            47.7112406,
            -18.902319
          ],
          [
            47.7112587,
            -18.9020716
          ],
          [
            47.7112372,
            -18.9016745
          ],
          [
            47.7112406,
            -18.9015394
          ],
          [
            47.7112775,
            -18.9013941
          ],
          [
            47.7114061,
            -18.9010568
          ],
          [
            47.7115041,
            -18.9008067
          ],
          [
            47.7116114,
            -18.9006252
          ],
          [
            47.7117294,
            -18.900506
          ],
          [
            47.7118327,
            -18.9003968
          ]
        ]
      },
      "id": "way/77451502"
    },
    {
      "type": "Feature",
      "properties": {
        "@id": "way/77451503",
        "bridge": "yes",
        "highway": "primary",
        "layer": "1",
        "ref": "N 2"
      },
      "geometry": {
        "type": "LineString",
        "coordinates": [
          [
            47.7068599,
            -18.90478
          ],
          [
            47.7070569,
            -18.9046203
          ]
        ]
      },
      "id": "way/77451503"
    },
    {
      "type": "Feature",
      "properties": {
        "@id": "way/77452859",
        "highway": "primary",
        "ref": "N 2"
      },
      "geometry": {
        "type": "LineString",
        "coordinates": [
          [
            47.6701652,
            -18.8632125
          ],
          [
            47.6705162,
            -18.8629472
          ],
          [
            47.6709998,
            -18.8625831
          ],
          [
            47.6711229,
            -18.8625076
          ],
          [
            47.6712146,
            -18.8624682
          ],
          [
            47.6713162,
            -18.8624545
          ],
          [
            47.6714502,
            -18.8624586
          ],
          [
            47.6715138,
            -18.8624695
          ],
          [
            47.6715955,
            -18.8624835
          ],
          [
            47.6717323,
            -18.8625165
          ],
          [
            47.6718644,
            -18.8625353
          ],
          [
            47.671991,
            -18.8625373
          ],
          [
            47.6721263,
            -18.8625235
          ],
          [
            47.672286,
            -18.8624695
          ],
          [
            47.6727381,
            -18.8622271
          ],
          [
            47.6728374,
            -18.8621827
          ],
          [
            47.6729594,
            -18.8621268
          ],
          [
            47.6731002,
            -18.8620913
          ],
          [
            47.6732209,
            -18.8620812
          ],
          [
            47.6733738,
            -18.8621091
          ],
          [
            47.6735227,
            -18.8621484
          ],
          [
            47.6737131,
            -18.8622081
          ],
          [
            47.6746935,
            -18.8625126
          ],
          [
            47.6748946,
            -18.8625621
          ],
          [
            47.6753841,
            -18.8627106
          ],
          [
            47.6755705,
            -18.8627728
          ],
          [
            47.6757851,
            -18.8628451
          ],
          [
            47.6760815,
            -18.8629264
          ],
          [
            47.6762518,
            -18.862967
          ],
          [
            47.6763833,
            -18.8629771
          ],
          [
            47.6765603,
            -18.8629721
          ],
          [
            47.6776305,
            -18.8628363
          ],
          [
            47.6778075,
            -18.8628248
          ],
          [
            47.6780073,
            -18.8628274
          ],
          [
            47.6784101,
            -18.862864
          ],
          [
            47.6785934,
            -18.8628807
          ],
          [
            47.6790185,
            -18.8629403
          ],
          [
            47.6792291,
            -18.8629594
          ],
          [
            47.6793887,
            -18.8629873
          ],
          [
            47.6795241,
            -18.8630228
          ],
          [
            47.6797239,
            -18.8631028
          ],
          [
            47.6798353,
            -18.8631662
          ],
          [
            47.6804479,
            -18.8635076
          ],
          [
            47.6821792,
            -18.8644435
          ],
          [
            47.6823385,
            -18.8645354
          ],
          [
            47.6824397,
            -18.8645795
          ],
          [
            47.6825466,
            -18.8646144
          ],
          [
            47.6826945,
            -18.8646422
          ],
          [
            47.68297,
            -18.864665
          ],
          [
            47.6833469,
            -18.8646646
          ],
          [
            47.6837279,
            -18.8646584
          ],
          [
            47.683915,
            -18.8646595
          ],
          [
            47.6840216,
            -18.8646696
          ],
          [
            47.6841101,
            -18.8646952
          ],
          [
            47.6841804,
            -18.8647246
          ],
          [
            47.6842471,
            -18.8647685
          ],
          [
            47.6842899,
            -18.8648042
          ],
          [
            47.6843427,
            -18.8648693
          ],
          [
            47.6844039,
            -18.8649834
          ],
          [
            47.6845762,
            -18.8652571
          ],
          [
            47.6846182,
            -18.8653152
          ],
          [
            47.6847759,
            -18.8655191
          ],
          [
            47.6849131,
            -18.865668
          ]
        ]
      },
      "id": "way/77452859"
    },
    {
      "type": "Feature",
      "properties": {
        "@id": "way/77452860",
        "bridge": "yes",
        "highway": "primary",
        "layer": "1",
        "maxspeed": "20",
        "ref": "N 2"
      },
      "geometry": {
        "type": "LineString",
        "coordinates": [
          [
            47.6700577,
            -18.8632983
          ],
          [
            47.6701652,
            -18.8632125
          ]
        ]
      },
      "id": "way/77452860"
    },
    {
      "type": "Feature",
      "properties": {
        "@id": "way/170658891",
        "highway": "primary",
        "ref": "N 2"
      },
      "geometry": {
        "type": "LineString",
        "coordinates": [
          [
            49.1650817,
            -18.4155743
          ],
          [
            49.1651407,
            -18.4154629
          ],
          [
            49.165348,
            -18.415155
          ],
          [
            49.165375,
            -18.41511
          ],
          [
            49.1654503,
            -18.4149644
          ],
          [
            49.165588,
            -18.414698
          ],
          [
            49.165604,
            -18.414652
          ],
          [
            49.16584,
            -18.414236
          ],
          [
            49.165867,
            -18.414192
          ],
          [
            49.1659753,
            -18.4138635
          ],
          [
            49.1660952,
            -18.4137187
          ],
          [
            49.1663594,
            -18.4135257
          ],
          [
            49.1666465,
            -18.4133978
          ],
          [
            49.1668885,
            -18.4133727
          ],
          [
            49.1673969,
            -18.4134619
          ],
          [
            49.1674732,
            -18.4134882
          ],
          [
            49.1676299,
            -18.4135423
          ],
          [
            49.1678456,
            -18.41361
          ],
          [
            49.168194,
            -18.4136744
          ],
          [
            49.1683509,
            -18.4136558
          ],
          [
            49.1685582,
            -18.4136077
          ],
          [
            49.168881,
            -18.4133253
          ],
          [
            49.1690723,
            -18.4130714
          ],
          [
            49.1691446,
            -18.4129734
          ],
          [
            49.1694572,
            -18.4125497
          ],
          [
            49.169857,
            -18.4120895
          ],
          [
            49.1699803,
            -18.4119628
          ],
          [
            49.1700902,
            -18.4118443
          ],
          [
            49.1701983,
            -18.4117522
          ],
          [
            49.1704969,
            -18.4114998
          ],
          [
            49.1706457,
            -18.4113523
          ],
          [
            49.1709618,
            -18.4110319
          ],
          [
            49.1710634,
            -18.410883
          ],
          [
            49.1712679,
            -18.4106207
          ],
          [
            49.1714122,
            -18.4104229
          ],
          [
            49.1716479,
            -18.4101267
          ],
          [
            49.1718405,
            -18.4098865
          ],
          [
            49.1719719,
            -18.4096466
          ],
          [
            49.1720584,
            -18.4092909
          ],
          [
            49.1720718,
            -18.4090975
          ],
          [
            49.1720912,
            -18.4085975
          ],
          [
            49.1721592,
            -18.4084375
          ],
          [
            49.1724354,
            -18.4081
          ],
          [
            49.1725433,
            -18.4079897
          ],
          [
            49.1726654,
            -18.407865
          ],
          [
            49.1728353,
            -18.4076797
          ],
          [
            49.172935,
            -18.407519
          ],
          [
            49.1730219,
            -18.4072574
          ],
          [
            49.1730628,
            -18.4070796
          ],
          [
            49.1731147,
            -18.4067532
          ],
          [
            49.1731364,
            -18.4064584
          ],
          [
            49.1731124,
            -18.4062896
          ],
          [
            49.1730469,
            -18.4060529
          ],
          [
            49.172455,
            -18.4043277
          ],
          [
            49.1724258,
            -18.4041224
          ],
          [
            49.1724914,
            -18.4038995
          ],
          [
            49.172592,
            -18.403645
          ],
          [
            49.172657,
            -18.403509
          ],
          [
            49.1728913,
            -18.40321
          ],
          [
            49.172947,
            -18.403139
          ],
          [
            49.173084,
            -18.403044
          ],
          [
            49.1733288,
            -18.4029129
          ],
          [
            49.173523,
            -18.402809
          ],
          [
            49.17366,
            -18.402739
          ],
          [
            49.1741407,
            -18.4024277
          ],
          [
            49.174213,
            -18.4023
          ],
          [
            49.1742973,
            -18.402129
          ],
          [
            49.1743488,
            -18.4019328
          ],
          [
            49.1744202,
            -18.4008163
          ],
          [
            49.1744671,
            -18.400232
          ],
          [
            49.1745768,
            -18.3997961
          ],
          [
            49.1746376,
            -18.3996449
          ],
          [
            49.1748271,
            -18.3991373
          ],
          [
            49.175053,
            -18.398676
          ],
          [
            49.175228,
            -18.398243
          ],
          [
            49.175262,
            -18.39817
          ],
          [
            49.17548,
            -18.397663
          ],
          [
            49.175526,
            -18.397568
          ],
          [
            49.175583,
            -18.397476
          ],
          [
            49.1757707,
            -18.3971738
          ],
          [
            49.176273,
            -18.397062
          ],
          [
            49.176392,
            -18.397024
          ],
          [
            49.1766699,
            -18.3968888
          ],
          [
            49.176838,
            -18.396807
          ],
          [
            49.176937,
            -18.396723
          ],
          [
            49.177177,
            -18.396381
          ],
          [
            49.17725,
            -18.396246
          ],
          [
            49.177467,
            -18.395834
          ],
          [
            49.177544,
            -18.395693
          ],
          [
            49.177822,
            -18.395304
          ],
          [
            49.177921,
            -18.395178
          ],
          [
            49.178207,
            -18.394798
          ],
          [
            49.178284,
            -18.394655
          ],
          [
            49.178345,
            -18.394503
          ],
          [
            49.178516,
            -18.393871
          ],
          [
            49.178707,
            -18.393427
          ],
          [
            49.178791,
            -18.393293
          ],
          [
            49.179195,
            -18.392771
          ],
          [
            49.179497,
            -18.392389
          ],
          [
            49.179588,
            -18.392263
          ],
          [
            49.179848,
            -18.391752
          ],
          [
            49.179901,
            -18.391623
          ],
          [
            49.1799445,
            -18.3914577
          ],
          [
            49.180038,
            -18.391102
          ],
          [
            49.180046,
            -18.390972
          ],
          [
            49.180019,
            -18.390711
          ],
          [
            49.1799692,
            -18.3904445
          ],
          [
            49.17992,
            -18.390181
          ],
          [
            49.179913,
            -18.390049
          ],
          [
            49.17992,
            -18.389923
          ],
          [
            49.180077,
            -18.389572
          ],
          [
            49.180229,
            -18.389347
          ],
          [
            49.180389,
            -18.389116
          ],
          [
            49.180569,
            -18.388721
          ],
          [
            49.180618,
            -18.388575
          ],
          [
            49.1807166,
            -18.3882993
          ],
          [
            49.180786,
            -18.388105
          ],
          [
            49.180843,
            -18.387938
          ],
          [
            49.1810122,
            -18.3874594
          ],
          [
            49.181087,
            -18.387245
          ],
          [
            49.1812488,
            -18.3868184
          ],
          [
            49.181335,
            -18.386591
          ],
          [
            49.1814,
            -18.386452
          ],
          [
            49.181629,
            -18.386024
          ]
        ]
      },
      "id": "way/170658891"
    },
    {
      "type": "Feature",
      "properties": {
        "@id": "way/170658892",
        "bridge": "yes",
        "highway": "primary",
        "layer": "1",
        "ref": "N 2"
      },
      "geometry": {
        "type": "LineString",
        "coordinates": [
          [
            49.1649674,
            -18.4157911
          ],
          [
            49.1650817,
            -18.4155743
          ]
        ]
      },
      "id": "way/170658892"
    },
    {
      "type": "Feature",
      "properties": {
        "@id": "way/170708262",
        "highway": "primary",
        "ref": "N 2"
      },
      "geometry": {
        "type": "LineString",
        "coordinates": [
          [
            49.2771362,
            -18.2348355
          ],
          [
            49.2775098,
            -18.2340443
          ],
          [
            49.2777971,
            -18.2333346
          ],
          [
            49.277985,
            -18.2330009
          ],
          [
            49.2781004,
            -18.2328649
          ],
          [
            49.2782667,
            -18.2327291
          ],
          [
            49.2784975,
            -18.2326285
          ],
          [
            49.2787055,
            -18.2325852
          ],
          [
            49.2794025,
            -18.2324751
          ],
          [
            49.2797025,
            -18.232402
          ],
          [
            49.2799193,
            -18.23229
          ],
          [
            49.2800155,
            -18.2321974
          ],
          [
            49.2801712,
            -18.2318963
          ],
          [
            49.280428,
            -18.2313853
          ],
          [
            49.280823,
            -18.230907
          ],
          [
            49.28091,
            -18.230795
          ],
          [
            49.281013,
            -18.230694
          ],
          [
            49.281376,
            -18.230492
          ],
          [
            49.281506,
            -18.230442
          ],
          [
            49.282043,
            -18.230247
          ],
          [
            49.282703,
            -18.230001
          ],
          [
            49.282833,
            -18.229954
          ],
          [
            49.28334,
            -18.229765
          ],
          [
            49.28347,
            -18.229721
          ],
          [
            49.283863,
            -18.229631
          ],
          [
            49.283993,
            -18.22962
          ],
          [
            49.284515,
            -18.229656
          ],
          [
            49.284645,
            -18.229691
          ],
          [
            49.28516,
            -18.2299
          ],
          [
            49.28529,
            -18.229965
          ],
          [
            49.285973,
            -18.230297
          ],
          [
            49.286484,
            -18.230551
          ],
          [
            49.286602,
            -18.230614
          ],
          [
            49.287045,
            -18.230835
          ],
          [
            49.287151,
            -18.230886
          ],
          [
            49.2875046,
            -18.231001
          ],
          [
            49.2877052,
            -18.231032
          ],
          [
            49.2879194,
            -18.231018
          ],
          [
            49.2882179,
            -18.230913
          ],
          [
            49.2883736,
            -18.2308308
          ],
          [
            49.2886203,
            -18.230669
          ],
          [
            49.2889914,
            -18.2302638
          ],
          [
            49.2891579,
            -18.2300569
          ],
          [
            49.2894672,
            -18.2296955
          ],
          [
            49.2898563,
            -18.2292642
          ],
          [
            49.289991,
            -18.229119
          ],
          [
            49.2901059,
            -18.2289791
          ],
          [
            49.2903043,
            -18.2287377
          ],
          [
            49.290444,
            -18.2286
          ],
          [
            49.2906502,
            -18.2284287
          ],
          [
            49.2912683,
            -18.2280405
          ],
          [
            49.291824,
            -18.227772
          ],
          [
            49.291935,
            -18.227674
          ],
          [
            49.2919971,
            -18.2276075
          ],
          [
            49.292034,
            -18.227568
          ],
          [
            49.292393,
            -18.227072
          ],
          [
            49.292469,
            -18.226933
          ],
          [
            49.292534,
            -18.226788
          ],
          [
            49.292675,
            -18.22632
          ],
          [
            49.292717,
            -18.226164
          ],
          [
            49.292806,
            -18.2257586
          ],
          [
            49.2929308,
            -18.2255453
          ],
          [
            49.2930415,
            -18.2253999
          ],
          [
            49.2933085,
            -18.2250754
          ],
          [
            49.293768,
            -18.224532
          ],
          [
            49.2939996,
            -18.224388
          ],
          [
            49.2943898,
            -18.2242362
          ],
          [
            49.295074,
            -18.224045
          ],
          [
            49.295212,
            -18.223988
          ],
          [
            49.295593,
            -18.22374
          ],
          [
            49.2957,
            -18.223629
          ],
          [
            49.296104,
            -18.223122
          ],
          [
            49.296402,
            -18.222725
          ],
          [
            49.296505,
            -18.222595
          ],
          [
            49.296886,
            -18.222254
          ],
          [
            49.297043,
            -18.222158
          ],
          [
            49.29768,
            -18.221817
          ],
          [
            49.2978798,
            -18.2217088
          ],
          [
            49.298092,
            -18.221594
          ],
          [
            49.298214,
            -18.221529
          ],
          [
            49.2984498,
            -18.2213971
          ],
          [
            49.298668,
            -18.221275
          ],
          [
            49.298775,
            -18.221216
          ],
          [
            49.2990749,
            -18.2210569
          ],
          [
            49.299267,
            -18.220955
          ],
          [
            49.299362,
            -18.220907
          ],
          [
            49.299904,
            -18.220619
          ],
          [
            49.3001429,
            -18.2204861
          ],
          [
            49.3002573,
            -18.2204225
          ],
          [
            49.30035,
            -18.220371
          ],
          [
            49.3008,
            -18.22016
          ],
          [
            49.300865,
            -18.220135
          ],
          [
            49.301476,
            -18.219913
          ],
          [
            49.301922,
            -18.219757
          ],
          [
            49.302589,
            -18.219515
          ],
          [
            49.3026929,
            -18.2194677
          ],
          [
            49.302723,
            -18.219454
          ],
          [
            49.302975,
            -18.219269
          ],
          [
            49.303082,
            -18.219154
          ],
          [
            49.303349,
            -18.218748
          ],
          [
            49.303429,
            -18.218601
          ],
          [
            49.303684,
            -18.218142
          ],
          [
            49.303768,
            -18.217987
          ],
          [
            49.304043,
            -18.21751
          ],
          [
            49.304146,
            -18.217352
          ],
          [
            49.304489,
            -18.216894
          ],
          [
            49.304607,
            -18.216743
          ],
          [
            49.30497,
            -18.216282
          ],
          [
            49.305573,
            -18.215508
          ],
          [
            49.3056103,
            -18.2154617
          ],
          [
            49.305923,
            -18.215073
          ],
          [
            49.306049,
            -18.214939
          ],
          [
            49.30648,
            -18.214582
          ],
          [
            49.306644,
            -18.214487
          ],
          [
            49.307281,
            -18.214142
          ],
          [
            49.3076061,
            -18.2139648
          ],
          [
            49.307758,
            -18.213882
          ],
          [
            49.307919,
            -18.213793
          ],
          [
            49.308418,
            -18.213531
          ],
          [
            49.308582,
            -18.213448
          ],
          [
            49.309063,
            -18.213209
          ],
          [
            49.309212,
            -18.213131
          ],
          [
            49.3096195,
            -18.2129254
          ],
          [
            49.3100081,
            -18.2127202
          ]
        ]
      },
      "id": "way/170708262"
    },
    {
      "type": "Feature",
      "properties": {
        "@id": "way/170708263",
        "bridge": "yes",
        "highway": "primary",
        "layer": "1",
        "ref": "N 2"
      },
      "geometry": {
        "type": "LineString",
        "coordinates": [
          [
            49.2770235,
            -18.2350896
          ],
          [
            49.2771362,
            -18.2348355
          ]
        ]
      },
      "id": "way/170708263"
    },
    {
      "type": "Feature",
      "properties": {
        "@id": "way/171234357",
        "bridge": "yes",
        "highway": "primary",
        "layer": "1",
        "ref": "N 2"
      },
      "geometry": {
        "type": "LineString",
        "coordinates": [
          [
            49.2313966,
            -18.3205273
          ],
          [
            49.2315078,
            -18.3203837
          ]
        ]
      },
      "id": "way/171234357"
    },
    {
      "type": "Feature",
      "properties": {
        "@id": "way/171234358",
        "highway": "primary",
        "ref": "N 2"
      },
      "geometry": {
        "type": "LineString",
        "coordinates": [
          [
            49.2315078,
            -18.3203837
          ],
          [
            49.2315851,
            -18.3202783
          ],
          [
            49.231792,
            -18.319996
          ],
          [
            49.23185,
            -18.319876
          ],
          [
            49.231892,
            -18.3197457
          ],
          [
            49.2319565,
            -18.3195585
          ],
          [
            49.2320986,
            -18.3191463
          ],
          [
            49.2322224,
            -18.318898
          ],
          [
            49.2323484,
            -18.3187778
          ],
          [
            49.232506,
            -18.318666
          ],
          [
            49.232635,
            -18.318619
          ],
          [
            49.233181,
            -18.318445
          ],
          [
            49.233303,
            -18.31839
          ],
          [
            49.233414,
            -18.318317
          ],
          [
            49.233597,
            -18.318129
          ],
          [
            49.233727,
            -18.317776
          ],
          [
            49.233742,
            -18.31765
          ],
          [
            49.2337019,
            -18.317216
          ],
          [
            49.2337023,
            -18.3170486
          ],
          [
            49.2337457,
            -18.3169353
          ],
          [
            49.2337664,
            -18.3169046
          ],
          [
            49.2338443,
            -18.316789
          ],
          [
            49.2341285,
            -18.3164253
          ],
          [
            49.2342136,
            -18.3162603
          ],
          [
            49.2344678,
            -18.3156246
          ],
          [
            49.234581,
            -18.315357
          ],
          [
            49.2347136,
            -18.3150052
          ],
          [
            49.234768,
            -18.3148597
          ],
          [
            49.2349383,
            -18.3144333
          ],
          [
            49.2350992,
            -18.314154
          ],
          [
            49.235286,
            -18.3138987
          ],
          [
            49.2355185,
            -18.3136213
          ],
          [
            49.2357841,
            -18.3133013
          ],
          [
            49.2362057,
            -18.312807
          ],
          [
            49.236286,
            -18.312742
          ],
          [
            49.23637,
            -18.312634
          ],
          [
            49.237114,
            -18.311737
          ],
          [
            49.237194,
            -18.311634
          ],
          [
            49.2373256,
            -18.311476
          ],
          [
            49.237579,
            -18.311172
          ],
          [
            49.237926,
            -18.310743
          ],
          [
            49.237984,
            -18.310652
          ],
          [
            49.238033,
            -18.310556
          ],
          [
            49.23811,
            -18.310265
          ],
          [
            49.238113,
            -18.3099386
          ]
        ]
      },
      "id": "way/171234358"
    },
    {
      "type": "Feature",
      "properties": {
        "@id": "way/180542877",
        "bridge": "yes",
        "highway": "primary",
        "layer": "1",
        "ref": "N 2",
        "source": "Bing 2012"
      },
      "geometry": {
        "type": "LineString",
        "coordinates": [
          [
            47.8515939,
            -18.925145
          ],
          [
            47.8516281,
            -18.9251587
          ],
          [
            47.8516663,
            -18.9251664
          ],
          [
            47.8517032,
            -18.9251752
          ],
          [
            47.8517402,
            -18.9251813
          ]
        ]
      },
      "id": "way/180542877"
    },
    {
      "type": "Feature",
      "properties": {
        "@id": "way/183427323",
        "highway": "primary",
        "oneway": "yes",
        "ref": "N 2"
      },
      "geometry": {
        "type": "LineString",
        "coordinates": [
          [
            47.5324438,
            -18.9016693
          ],
          [
            47.5324003,
            -18.9016441
          ],
          [
            47.5323205,
            -18.9015971
          ],
          [
            47.5318527,
            -18.90137
          ],
          [
            47.531501,
            -18.9011138
          ],
          [
            47.5314495,
            -18.9010835
          ],
          [
            47.5314086,
            -18.9010577
          ],
          [
            47.5313329,
            -18.9010249
          ],
          [
            47.531224,
            -18.9009797
          ],
          [
            47.5311043,
            -18.9009455
          ],
          [
            47.531031,
            -18.900922
          ],
          [
            47.5309685,
            -18.9009046
          ],
          [
            47.5309111,
            -18.9008967
          ],
          [
            47.530867,
            -18.9008897
          ]
        ]
      },
      "id": "way/183427323"
    },
    {
      "type": "Feature",
      "properties": {
        "@id": "way/189063003",
        "bridge": "yes",
        "highway": "primary",
        "layer": "1",
        "ref": "N 2"
      },
      "geometry": {
        "type": "LineString",
        "coordinates": [
          [
            48.3266254,
            -18.972731
          ],
          [
            48.3269011,
            -18.9726308
          ]
        ]
      },
      "id": "way/189063003"
    },
    {
      "type": "Feature",
      "properties": {
        "@id": "way/189063004",
        "bridge": "yes",
        "highway": "primary",
        "layer": "1",
        "ref": "N 2"
      },
      "geometry": {
        "type": "LineString",
        "coordinates": [
          [
            48.3491895,
            -18.9636052
          ],
          [
            48.3498059,
            -18.9636472
          ]
        ]
      },
      "id": "way/189063004"
    },
    {
      "type": "Feature",
      "properties": {
        "@id": "way/189063005",
        "highway": "primary",
        "ref": "N 2"
      },
      "geometry": {
        "type": "LineString",
        "coordinates": [
          [
            48.3354074,
            -18.9667011
          ],
          [
            48.3354887,
            -18.9666608
          ],
          [
            48.3359081,
            -18.9665106
          ],
          [
            48.336601,
            -18.966255
          ],
          [
            48.336781,
            -18.96619
          ],
          [
            48.337268,
            -18.9660191
          ],
          [
            48.337502,
            -18.965937
          ],
          [
            48.338009,
            -18.965746
          ],
          [
            48.338169,
            -18.965689
          ],
          [
            48.3382693,
            -18.9656499
          ],
          [
            48.338654,
            -18.9655
          ],
          [
            48.338825,
            -18.965425
          ],
          [
            48.339378,
            -18.965178
          ],
          [
            48.339569,
            -18.965088
          ],
          [
            48.340145,
            -18.964821
          ],
          [
            48.340931,
            -18.964478
          ],
          [
            48.341702,
            -18.964144
          ],
          [
            48.341885,
            -18.964064
          ],
          [
            48.342407,
            -18.96386
          ],
          [
            48.342583,
            -18.96382
          ],
          [
            48.343113,
            -18.963764
          ],
          [
            48.3433,
            -18.963751
          ],
          [
            48.343868,
            -18.963699
          ],
          [
            48.34462,
            -18.963642
          ],
          [
            48.344795,
            -18.963627
          ],
          [
            48.345325,
            -18.963589
          ],
          [
            48.345505,
            -18.963577
          ],
          [
            48.346043,
            -18.963537
          ],
          [
            48.346226,
            -18.96352
          ],
          [
            48.346786,
            -18.963484
          ],
          [
            48.346973,
            -18.96348
          ],
          [
            48.347557,
            -18.963512
          ],
          [
            48.347755,
            -18.963528
          ],
          [
            48.348351,
            -18.963579
          ],
          [
            48.3491895,
            -18.9636052
          ]
        ]
      },
      "id": "way/189063005"
    },
    {
      "type": "Feature",
      "properties": {
        "@id": "way/189063007",
        "highway": "primary",
        "ref": "N 2"
      },
      "geometry": {
        "type": "LineString",
        "coordinates": [
          [
            48.2401782,
            -18.9475945
          ],
          [
            48.2404624,
            -18.9477224
          ],
          [
            48.2407,
            -18.947817
          ],
          [
            48.2409936,
            -18.9479014
          ],
          [
            48.241253,
            -18.947939
          ],
          [
            48.241436,
            -18.947958
          ],
          [
            48.241989,
            -18.947996
          ],
          [
            48.242168,
            -18.948011
          ],
          [
            48.2425758,
            -18.9480386
          ],
          [
            48.2428816,
            -18.9480593
          ],
          [
            48.2435008,
            -18.9481104
          ],
          [
            48.24406,
            -18.9481548
          ],
          [
            48.2454457,
            -18.9482012
          ],
          [
            48.2462126,
            -18.9482252
          ],
          [
            48.2465233,
            -18.9482432
          ],
          [
            48.2469572,
            -18.9483195
          ],
          [
            48.2476298,
            -18.9484659
          ],
          [
            48.2478785,
            -18.9485153
          ],
          [
            48.2480478,
            -18.9485204
          ],
          [
            48.2481549,
            -18.9485054
          ],
          [
            48.248413,
            -18.948462
          ],
          [
            48.2486,
            -18.948416
          ],
          [
            48.2493867,
            -18.9481924
          ],
          [
            48.2494897,
            -18.9481637
          ],
          [
            48.2499304,
            -18.948066
          ],
          [
            48.2501942,
            -18.9480341
          ],
          [
            48.2503839,
            -18.9480591
          ],
          [
            48.2506201,
            -18.948112
          ],
          [
            48.2509031,
            -18.9482204
          ],
          [
            48.2523528,
            -18.948802
          ],
          [
            48.2524425,
            -18.948823
          ],
          [
            48.2526132,
            -18.9488278
          ],
          [
            48.252798,
            -18.9487234
          ],
          [
            48.252895,
            -18.94858
          ],
          [
            48.252945,
            -18.948334
          ],
          [
            48.252861,
            -18.948112
          ],
          [
            48.252678,
            -18.947952
          ],
          [
            48.252571,
            -18.947887
          ],
          [
            48.252113,
            -18.947624
          ],
          [
            48.251953,
            -18.947491
          ],
          [
            48.251862,
            -18.947285
          ],
          [
            48.251869,
            -18.947197
          ],
          [
            48.251934,
            -18.947107
          ],
          [
            48.252113,
            -18.947014
          ],
          [
            48.25246,
            -18.94692
          ],
          [
            48.252613,
            -18.946924
          ],
          [
            48.252663,
            -18.946936
          ],
          [
            48.253124,
            -18.947081
          ],
          [
            48.253242,
            -18.947119
          ],
          [
            48.253777,
            -18.947287
          ],
          [
            48.253918,
            -18.947329
          ],
          [
            48.2544725,
            -18.9474771
          ],
          [
            48.2546085,
            -18.9475108
          ],
          [
            48.2547626,
            -18.9475266
          ],
          [
            48.2549304,
            -18.9474977
          ],
          [
            48.2551164,
            -18.9474444
          ],
          [
            48.2563905,
            -18.9466581
          ],
          [
            48.2565651,
            -18.9465955
          ],
          [
            48.2567236,
            -18.9465973
          ],
          [
            48.2569491,
            -18.9466466
          ],
          [
            48.2572639,
            -18.9467177
          ],
          [
            48.2575094,
            -18.9467
          ],
          [
            48.2579842,
            -18.9466406
          ],
          [
            48.2581168,
            -18.9466355
          ],
          [
            48.2582539,
            -18.9466681
          ],
          [
            48.2583931,
            -18.9467497
          ],
          [
            48.258667,
            -18.946932
          ],
          [
            48.258797,
            -18.947012
          ],
          [
            48.2590985,
            -18.9471455
          ],
          [
            48.25935,
            -18.947203
          ],
          [
            48.259491,
            -18.947243
          ],
          [
            48.2597288,
            -18.9473332
          ],
          [
            48.2598259,
            -18.9474251
          ],
          [
            48.260002,
            -18.9475622
          ],
          [
            48.260115,
            -18.9477335
          ],
          [
            48.2601553,
            -18.9478482
          ],
          [
            48.2601654,
            -18.9480192
          ],
          [
            48.2601626,
            -18.9483608
          ],
          [
            48.2602197,
            -18.9484596
          ],
          [
            48.260296,
            -18.948555
          ],
          [
            48.2604128,
            -18.9486168
          ],
          [
            48.260567,
            -18.948656
          ],
          [
            48.260719,
            -18.948673
          ],
          [
            48.2609761,
            -18.948665
          ],
          [
            48.2612277,
            -18.9485985
          ],
          [
            48.2616811,
            -18.9484434
          ],
          [
            48.261894,
            -18.948376
          ],
          [
            48.262047,
            -18.948359
          ],
          [
            48.2622769,
            -18.948386
          ],
          [
            48.26252,
            -18.948446
          ],
          [
            48.262688,
            -18.948503
          ],
          [
            48.263222,
            -18.948687
          ],
          [
            48.263405,
            -18.948746
          ],
          [
            48.2642237,
            -18.9490449
          ],
          [
            48.2650348,
            -18.9493462
          ],
          [
            48.2654053,
            -18.9494542
          ],
          [
            48.265919,
            -18.949442
          ],
          [
            48.2662225,
            -18.9494913
          ],
          [
            48.2664942,
            -18.9496168
          ],
          [
            48.267143,
            -18.950069
          ],
          [
            48.267647,
            -18.950409
          ],
          [
            48.2678023,
            -18.9504916
          ],
          [
            48.267925,
            -18.950508
          ],
          [
            48.268024,
            -18.950504
          ],
          [
            48.268112,
            -18.950481
          ],
          [
            48.268494,
            -18.950216
          ],
          [
            48.268536,
            -18.950178
          ],
          [
            48.268883,
            -18.949938
          ],
          [
            48.269009,
            -18.949896
          ],
          [
            48.269192,
            -18.949903
          ],
          [
            48.26926,
            -18.949923
          ],
          [
            48.269703,
            -18.950146
          ],
          [
            48.269787,
            -18.950193
          ],
          [
            48.270203,
            -18.950474
          ],
          [
            48.270672,
            -18.950796
          ],
          [
            48.271194,
            -18.951164
          ],
          [
            48.271271,
            -18.951221
          ],
          [
            48.271729,
            -18.951544
          ],
          [
            48.272247,
            -18.9519
          ],
          [
            48.272549,
            -18.952024
          ],
          [
            48.272781,
            -18.952042
          ],
          [
            48.272903,
            -18.952028
          ],
          [
            48.273441,
            -18.951918
          ],
          [
            48.273586,
            -18.951908
          ],
          [
            48.273987,
            -18.952063
          ],
          [
            48.274113,
            -18.952154
          ],
          [
            48.274475,
            -18.952463
          ],
          [
            48.274578,
            -18.952581
          ],
          [
            48.274769,
            -18.953146
          ],
          [
            48.274796,
            -18.953297
          ],
          [
            48.274899,
            -18.953737
          ],
          [
            48.275066,
            -18.953978
          ],
          [
            48.275333,
            -18.954102
          ],
          [
            48.275631,
            -18.954088
          ],
          [
            48.275887,
            -18.953955
          ],
          [
            48.276001,
            -18.953857
          ],
          [
            48.276352,
            -18.953541
          ],
          [
            48.276478,
            -18.953436
          ],
          [
            48.276958,
            -18.952999
          ],
          [
            48.277416,
            -18.952597
          ],
          [
            48.277668,
            -18.952465
          ],
          [
            48.277805,
            -18.95244
          ],
          [
            48.2780081,
            -18.9524563
          ],
          [
            48.278194,
            -18.952517
          ],
          [
            48.278301,
            -18.952591
          ],
          [
            48.278397,
            -18.952686
          ],
          [
            48.278778,
            -18.953125
          ],
          [
            48.27887,
            -18.953239
          ],
          [
            48.2793401,
            -18.9537524
          ],
          [
            48.279629,
            -18.954113
          ],
          [
            48.279785,
            -18.954374
          ],
          [
            48.279819,
            -18.954468
          ],
          [
            48.2798696,
            -18.9547052
          ],
          [
            48.279888,
            -18.954954
          ],
          [
            48.279919,
            -18.955349
          ],
          [
            48.2799554,
            -18.9556108
          ],
          [
            48.280033,
            -18.955935
          ],
          [
            48.2801026,
            -18.956152
          ],
          [
            48.280201,
            -18.956417
          ],
          [
            48.280418,
            -18.956852
          ],
          [
            48.28046,
            -18.956934
          ],
          [
            48.280663,
            -18.957354
          ],
          [
            48.280945,
            -18.957905
          ],
          [
            48.280994,
            -18.957996
          ],
          [
            48.281292,
            -18.958586
          ],
          [
            48.281536,
            -18.958979
          ],
          [
            48.281616,
            -18.959074
          ],
          [
            48.2817954,
            -18.959251
          ],
          [
            48.282017,
            -18.95941
          ],
          [
            48.282131,
            -18.959478
          ],
          [
            48.282486,
            -18.959652
          ],
          [
            48.282604,
            -18.959709
          ],
          [
            48.2830866,
            -18.9599592
          ],
          [
            48.2835999,
            -18.9602019
          ],
          [
            48.283788,
            -18.9602567
          ],
          [
            48.2839741,
            -18.9602906
          ],
          [
            48.2845676,
            -18.9603134
          ],
          [
            48.2865288,
            -18.9603173
          ],
          [
            48.2867301,
            -18.960271
          ],
          [
            48.2868657,
            -18.9602155
          ],
          [
            48.287791,
            -18.9595687
          ],
          [
            48.2880968,
            -18.959353
          ],
          [
            48.288247,
            -18.9592592
          ],
          [
            48.2883677,
            -18.9592262
          ],
          [
            48.2884929,
            -18.9592028
          ],
          [
            48.28866,
            -18.9591932
          ],
          [
            48.2897992,
            -18.9593077
          ],
          [
            48.290497,
            -18.959366
          ],
          [
            48.290672,
            -18.959387
          ],
          [
            48.291164,
            -18.959541
          ],
          [
            48.291317,
            -18.95962
          ],
          [
            48.291767,
            -18.959887
          ],
          [
            48.29192,
            -18.959976
          ],
          [
            48.2922611,
            -18.960182
          ],
          [
            48.2924518,
            -18.9602733
          ],
          [
            48.2926051,
            -18.960326
          ],
          [
            48.2929459,
            -18.9603582
          ],
          [
            48.2933142,
            -18.9603799
          ],
          [
            48.2937822,
            -18.9604255
          ],
          [
            48.2944902,
            -18.9604353
          ],
          [
            48.294853,
            -18.960489
          ],
          [
            48.2951629,
            -18.9605394
          ],
          [
            48.2955167,
            -18.9605613
          ],
          [
            48.29585,
            -18.9605502
          ],
          [
            48.2963381,
            -18.9604992
          ],
          [
            48.2970394,
            -18.9603821
          ],
          [
            48.2973522,
            -18.9603342
          ],
          [
            48.2976692,
            -18.9603135
          ],
          [
            48.2982543,
            -18.9603463
          ],
          [
            48.2986174,
            -18.9603452
          ],
          [
            48.2989214,
            -18.9603113
          ],
          [
            48.2991234,
            -18.9602384
          ],
          [
            48.2993745,
            -18.9601176
          ],
          [
            48.2996759,
            -18.9598858
          ],
          [
            48.3001855,
            -18.9594444
          ],
          [
            48.3007031,
            -18.9590283
          ],
          [
            48.3011993,
            -18.9586301
          ],
          [
            48.3015909,
            -18.958313
          ],
          [
            48.3017385,
            -18.9582191
          ],
          [
            48.3019477,
            -18.9581582
          ],
          [
            48.3022266,
            -18.9581761
          ],
          [
            48.3024814,
            -18.9582343
          ],
          [
            48.3026531,
            -18.9584196
          ],
          [
            48.3027282,
            -18.9585971
          ],
          [
            48.3027845,
            -18.9588279
          ],
          [
            48.3028221,
            -18.9590588
          ],
          [
            48.3028409,
            -18.9593962
          ],
          [
            48.3029187,
            -18.9597031
          ],
          [
            48.3030072,
            -18.9599289
          ],
          [
            48.3031708,
            -18.9601674
          ],
          [
            48.303313,
            -18.9603247
          ],
          [
            48.3036053,
            -18.9606493
          ],
          [
            48.3037877,
            -18.9608193
          ],
          [
            48.303988,
            -18.9609861
          ],
          [
            48.3041904,
            -18.9610629
          ],
          [
            48.3045568,
            -18.9611813
          ],
          [
            48.3047729,
            -18.9612372
          ],
          [
            48.3049777,
            -18.961255
          ],
          [
            48.3061967,
            -18.9612441
          ],
          [
            48.3069914,
            -18.9612662
          ],
          [
            48.3083339,
            -18.9613585
          ],
          [
            48.3094286,
            -18.9614726
          ],
          [
            48.3112805,
            -18.9616726
          ],
          [
            48.3118265,
            -18.9617468
          ],
          [
            48.3119515,
            -18.9617877
          ],
          [
            48.312016,
            -18.961838
          ],
          [
            48.312088,
            -18.961914
          ],
          [
            48.312378,
            -18.962282
          ],
          [
            48.312778,
            -18.962797
          ],
          [
            48.3132242,
            -18.9634004
          ],
          [
            48.3133461,
            -18.9635637
          ],
          [
            48.3135071,
            -18.9637291
          ],
          [
            48.3139123,
            -18.9640658
          ],
          [
            48.3148842,
            -18.9648679
          ],
          [
            48.315502,
            -18.965399
          ],
          [
            48.315655,
            -18.965532
          ],
          [
            48.31612,
            -18.965933
          ],
          [
            48.316277,
            -18.966063
          ],
          [
            48.316738,
            -18.96645
          ],
          [
            48.316887,
            -18.966578
          ],
          [
            48.317341,
            -18.966961
          ],
          [
            48.31749,
            -18.967093
          ],
          [
            48.3180869,
            -18.9676226
          ],
          [
            48.3185569,
            -18.9680281
          ],
          [
            48.3191222,
            -18.9685245
          ],
          [
            48.319271,
            -18.968651
          ],
          [
            48.319489,
            -18.968918
          ],
          [
            48.31958,
            -18.969063
          ],
          [
            48.31992,
            -18.969688
          ],
          [
            48.320221,
            -18.97015
          ],
          [
            48.320343,
            -18.970291
          ],
          [
            48.3206874,
            -18.9706886
          ],
          [
            48.3217591,
            -18.9718384
          ],
          [
            48.3220032,
            -18.9721024
          ],
          [
            48.322105,
            -18.972198
          ],
          [
            48.322243,
            -18.972282
          ],
          [
            48.322533,
            -18.972401
          ],
          [
            48.322681,
            -18.972441
          ],
          [
            48.323383,
            -18.972639
          ],
          [
            48.3243447,
            -18.9729041
          ],
          [
            48.3250366,
            -18.9730959
          ],
          [
            48.3252472,
            -18.9731262
          ],
          [
            48.325386,
            -18.973127
          ],
          [
            48.325558,
            -18.973097
          ],
          [
            48.326042,
            -18.972939
          ],
          [
            48.326195,
            -18.972883
          ],
          [
            48.3266254,
            -18.972731
          ]
        ]
      },
      "id": "way/189063007"
    },
    {
      "type": "Feature",
      "properties": {
        "@id": "way/190981121",
        "bridge": "yes",
        "highway": "primary",
        "layer": "1",
        "ref": "N 2"
      },
      "geometry": {
        "type": "LineString",
        "coordinates": [
          [
            47.8837797,
            -18.9287501
          ],
          [
            47.8838664,
            -18.9287431
          ]
        ]
      },
      "id": "way/190981121"
    },
    {
      "type": "Feature",
      "properties": {
        "@id": "way/200150800",
        "highway": "primary",
        "ref": "N 2"
      },
      "geometry": {
        "type": "LineString",
        "coordinates": [
          [
            48.4104327,
            -18.9571518
          ],
          [
            48.4109,
            -18.956934
          ],
          [
            48.411049,
            -18.95685
          ],
          [
            48.4113292,
            -18.9566803
          ],
          [
            48.4115713,
            -18.9565334
          ],
          [
            48.4120117,
            -18.9562671
          ],
          [
            48.4122046,
            -18.9561029
          ],
          [
            48.4124362,
            -18.9557744
          ],
          [
            48.4126823,
            -18.9553969
          ],
          [
            48.4127427,
            -18.9552783
          ],
          [
            48.4128107,
            -18.9551831
          ],
          [
            48.4129791,
            -18.9550158
          ],
          [
            48.4132909,
            -18.9547553
          ],
          [
            48.4136255,
            -18.9544758
          ],
          [
            48.4138385,
            -18.9543226
          ],
          [
            48.414153,
            -18.954137
          ],
          [
            48.4142396,
            -18.9541058
          ],
          [
            48.4143601,
            -18.9540441
          ],
          [
            48.4145055,
            -18.9539721
          ],
          [
            48.415258,
            -18.9535858
          ],
          [
            48.4159392,
            -18.9532614
          ],
          [
            48.4159903,
            -18.9532371
          ],
          [
            48.4161972,
            -18.9531345
          ],
          [
            48.4162966,
            -18.9530727
          ],
          [
            48.4163583,
            -18.9530197
          ],
          [
            48.4165619,
            -18.9528354
          ],
          [
            48.4166625,
            -18.9527148
          ],
          [
            48.4168258,
            -18.9525247
          ]
        ]
      },
      "id": "way/200150800"
    },
    {
      "type": "Feature",
      "properties": {
        "@id": "way/200150802",
        "bridge": "yes",
        "highway": "primary",
        "layer": "1",
        "ref": "N 2"
      },
      "geometry": {
        "type": "LineString",
        "coordinates": [
          [
            48.4168258,
            -18.9525247
          ],
          [
            48.4169569,
            -18.9523625
          ]
        ]
      },
      "id": "way/200150802"
    },
    {
      "type": "Feature",
      "properties": {
        "@id": "way/202146894",
        "highway": "secondary",
        "name": "Làlana Rabemanantsoa Naka",
        "name:fr": "Rue Naka Rabemanantsoa",
        "oneway": "yes",
        "ref": "N 2"
      },
      "geometry": {
        "type": "LineString",
        "coordinates": [
          [
            47.5251412,
            -18.9015395
          ],
          [
            47.5250107,
            -18.9014456
          ],
          [
            47.5247985,
            -18.9012554
          ]
        ]
      },
      "id": "way/202146894"
    },
    {
      "type": "Feature",
      "properties": {
        "@id": "way/202146895",
        "highway": "secondary",
        "name:fr": "Rue Razafindrakoto",
        "name:mg": "Làlana Razafindrokoto",
        "oneway": "yes",
        "ref": "N 2"
      },
      "geometry": {
        "type": "LineString",
        "coordinates": [
          [
            47.5246963,
            -18.9017255
          ],
          [
            47.5250055,
            -18.9015799
          ],
          [
            47.5251412,
            -18.9015395
          ]
        ]
      },
      "id": "way/202146895"
    },
    {
      "type": "Feature",
      "properties": {
        "@id": "way/224849179",
        "bridge": "yes",
        "highway": "primary",
        "layer": "1",
        "ref": "N 2"
      },
      "geometry": {
        "type": "LineString",
        "coordinates": [
          [
            49.2483199,
            -18.2779807
          ],
          [
            49.2483883,
            -18.2778071
          ]
        ]
      },
      "id": "way/224849179"
    },
    {
      "type": "Feature",
      "properties": {
        "@id": "way/224849180",
        "highway": "primary",
        "ref": "N 2"
      },
      "geometry": {
        "type": "LineString",
        "coordinates": [
          [
            49.2483883,
            -18.2778071
          ],
          [
            49.248589,
            -18.277349
          ],
          [
            49.248722,
            -18.276896
          ],
          [
            49.24876,
            -18.276735
          ],
          [
            49.248829,
            -18.276407
          ],
          [
            49.248863,
            -18.276237
          ],
          [
            49.24897,
            -18.275732
          ],
          [
            49.249107,
            -18.275042
          ],
          [
            49.249142,
            -18.274876
          ],
          [
            49.249233,
            -18.274405
          ],
          [
            49.249268,
            -18.274263
          ],
          [
            49.249374,
            -18.274008
          ],
          [
            49.249565,
            -18.273821
          ],
          [
            49.250099,
            -18.273556
          ],
          [
            49.25024,
            -18.273481
          ],
          [
            49.250668,
            -18.273266
          ],
          [
            49.250805,
            -18.273199
          ],
          [
            49.25124,
            -18.273058
          ],
          [
            49.2514,
            -18.273039
          ],
          [
            49.251899,
            -18.273058
          ],
          [
            49.252064,
            -18.273079
          ],
          [
            49.252548,
            -18.273134
          ],
          [
            49.252689,
            -18.273148
          ],
          [
            49.253105,
            -18.273121
          ],
          [
            49.253239,
            -18.273077
          ],
          [
            49.253487,
            -18.272923
          ],
          [
            49.253796,
            -18.272579
          ],
          [
            49.253891,
            -18.272453
          ],
          [
            49.254204,
            -18.272055
          ],
          [
            49.254318,
            -18.271921
          ],
          [
            49.254814,
            -18.2714
          ],
          [
            49.2551177,
            -18.2711405
          ],
          [
            49.255226,
            -18.271048
          ],
          [
            49.255367,
            -18.270948
          ],
          [
            49.255772,
            -18.270691
          ],
          [
            49.255913,
            -18.270626
          ],
          [
            49.256226,
            -18.27054
          ],
          [
            49.256397,
            -18.270514
          ],
          [
            49.256912,
            -18.270441
          ],
          [
            49.25708,
            -18.27042
          ],
          [
            49.257568,
            -18.270338
          ],
          [
            49.257713,
            -18.270279
          ],
          [
            49.258083,
            -18.270004
          ],
          [
            49.25816,
            -18.269882
          ],
          [
            49.258251,
            -18.2696
          ],
          [
            49.258472,
            -18.269051
          ],
          [
            49.258553,
            -18.268932
          ],
          [
            49.258995,
            -18.268517
          ],
          [
            49.2592128,
            -18.2683379
          ],
          [
            49.259518,
            -18.268087
          ],
          [
            49.259655,
            -18.267971
          ],
          [
            49.26001,
            -18.267559
          ],
          [
            49.260101,
            -18.267395
          ],
          [
            49.260178,
            -18.267221
          ],
          [
            49.260475,
            -18.266491
          ],
          [
            49.260731,
            -18.265932
          ],
          [
            49.260838,
            -18.265753
          ],
          [
            49.260952,
            -18.265587
          ],
          [
            49.2610071,
            -18.2655143
          ],
          [
            49.261288,
            -18.265144
          ],
          [
            49.261395,
            -18.265011
          ],
          [
            49.261757,
            -18.264635
          ],
          [
            49.261906,
            -18.264534
          ],
          [
            49.262417,
            -18.26429
          ],
          [
            49.262596,
            -18.264227
          ],
          [
            49.263157,
            -18.264097
          ],
          [
            49.263351,
            -18.264059
          ],
          [
            49.2635069,
            -18.2640191
          ],
          [
            49.263878,
            -18.263924
          ],
          [
            49.26403,
            -18.263849
          ],
          [
            49.264168,
            -18.26376
          ],
          [
            49.264481,
            -18.263399
          ],
          [
            49.264568,
            -18.263264
          ],
          [
            49.264927,
            -18.262699
          ],
          [
            49.265217,
            -18.262238
          ],
          [
            49.265308,
            -18.262081
          ],
          [
            49.265549,
            -18.261623
          ],
          [
            49.265842,
            -18.261051
          ],
          [
            49.265915,
            -18.260916
          ],
          [
            49.266182,
            -18.260403
          ],
          [
            49.266243,
            -18.260283
          ],
          [
            49.266506,
            -18.259806
          ],
          [
            49.26659,
            -18.259691
          ],
          [
            49.266788,
            -18.25948
          ],
          [
            49.267178,
            -18.259096
          ],
          [
            49.267273,
            -18.259008
          ],
          [
            49.267609,
            -18.258678
          ],
          [
            49.267693,
            -18.2586
          ],
          [
            49.26804,
            -18.258186
          ],
          [
            49.268089,
            -18.258101
          ]
        ]
      },
      "id": "way/224849180"
    },
    {
      "type": "Feature",
      "properties": {
        "@id": "way/225729520",
        "bridge": "yes",
        "highway": "primary",
        "layer": "1",
        "ref": "N 2"
      },
      "geometry": {
        "type": "LineString",
        "coordinates": [
          [
            49.0281531,
            -18.8225517
          ],
          [
            49.0280659,
            -18.8227744
          ]
        ]
      },
      "id": "way/225729520"
    },
    {
      "type": "Feature",
      "properties": {
        "@id": "way/225729521",
        "bridge": "yes",
        "highway": "primary",
        "layer": "1",
        "ref": "N 2"
      },
      "geometry": {
        "type": "LineString",
        "coordinates": [
          [
            48.984904,
            -18.8828928
          ],
          [
            48.9845216,
            -18.8831905
          ]
        ]
      },
      "id": "way/225729521"
    },
    {
      "type": "Feature",
      "properties": {
        "@id": "way/225729523",
        "bridge": "yes",
        "highway": "primary",
        "layer": "1",
        "ref": "N 2"
      },
      "geometry": {
        "type": "LineString",
        "coordinates": [
          [
            49.0036662,
            -18.8462791
          ],
          [
            49.0034556,
            -18.8462642
          ]
        ]
      },
      "id": "way/225729523"
    },
    {
      "type": "Feature",
      "properties": {
        "@id": "way/225729527",
        "highway": "primary",
        "ref": "N 2"
      },
      "geometry": {
        "type": "LineString",
        "coordinates": [
          [
            49.0280659,
            -18.8227744
          ],
          [
            49.0277315,
            -18.8235932
          ],
          [
            49.027565,
            -18.824001
          ],
          [
            49.027409,
            -18.824282
          ],
          [
            49.0264905,
            -18.8252345
          ],
          [
            49.02552,
            -18.826241
          ],
          [
            49.0252796,
            -18.8265709
          ],
          [
            49.025127,
            -18.826813
          ],
          [
            49.0249523,
            -18.8274455
          ],
          [
            49.0244979,
            -18.829581
          ],
          [
            49.024384,
            -18.830166
          ],
          [
            49.024315,
            -18.830759
          ],
          [
            49.024384,
            -18.831051
          ],
          [
            49.0253381,
            -18.8327386
          ],
          [
            49.025411,
            -18.8329755
          ],
          [
            49.0253756,
            -18.8332491
          ],
          [
            49.025093,
            -18.833626
          ],
          [
            49.024567,
            -18.834261
          ],
          [
            49.024109,
            -18.834732
          ],
          [
            49.0238447,
            -18.8349249
          ],
          [
            49.02372,
            -18.835016
          ],
          [
            49.023106,
            -18.835299
          ],
          [
            49.022446,
            -18.835438
          ],
          [
            49.021726,
            -18.8355211
          ],
          [
            49.0205265,
            -18.8356595
          ],
          [
            49.019257,
            -18.835806
          ],
          [
            49.0189039,
            -18.8359369
          ],
          [
            49.018555,
            -18.836138
          ],
          [
            49.0182933,
            -18.8365187
          ],
          [
            49.0180895,
            -18.837194
          ],
          [
            49.0176335,
            -18.8391689
          ],
          [
            49.0174135,
            -18.8396487
          ],
          [
            49.0160667,
            -18.8415449
          ],
          [
            49.0152097,
            -18.8426715
          ],
          [
            49.0148354,
            -18.8429782
          ],
          [
            49.0131125,
            -18.8443441
          ],
          [
            49.012945,
            -18.8444769
          ]
        ]
      },
      "id": "way/225729527"
    },
    {
      "type": "Feature",
      "properties": {
        "@id": "way/225729532",
        "highway": "primary",
        "ref": "N 2"
      },
      "geometry": {
        "type": "LineString",
        "coordinates": [
          [
            49.0034556,
            -18.8462642
          ],
          [
            49.0013954,
            -18.8461218
          ],
          [
            49.0003976,
            -18.8460939
          ],
          [
            48.999893,
            -18.846294
          ],
          [
            48.998981,
            -18.8470721
          ],
          [
            48.9986516,
            -18.8473532
          ],
          [
            48.998365,
            -18.8474898
          ],
          [
            48.9980919,
            -18.8475703
          ],
          [
            48.9973492,
            -18.8477418
          ],
          [
            48.9966847,
            -18.8479198
          ],
          [
            48.9964906,
            -18.8480229
          ],
          [
            48.9964099,
            -18.8481205
          ],
          [
            48.996232,
            -18.8483764
          ],
          [
            48.995971,
            -18.8487742
          ],
          [
            48.995811,
            -18.8490968
          ],
          [
            48.9957923,
            -18.8497619
          ],
          [
            48.9957981,
            -18.8498336
          ],
          [
            48.9958513,
            -18.850498
          ],
          [
            48.995967,
            -18.8508213
          ],
          [
            48.9961383,
            -18.8511046
          ],
          [
            48.9964002,
            -18.8514878
          ],
          [
            48.9966184,
            -18.851823
          ],
          [
            48.9967516,
            -18.8520715
          ],
          [
            48.996774,
            -18.8523459
          ],
          [
            48.9966792,
            -18.8526909
          ],
          [
            48.9961429,
            -18.8538526
          ],
          [
            48.9960036,
            -18.8542364
          ],
          [
            48.996006,
            -18.854893
          ],
          [
            48.9961195,
            -18.8564148
          ],
          [
            48.996029,
            -18.856794
          ],
          [
            48.995651,
            -18.857523
          ],
          [
            48.9950669,
            -18.858515
          ],
          [
            48.9943412,
            -18.8597475
          ],
          [
            48.9937672,
            -18.860811
          ],
          [
            48.9936719,
            -18.8611539
          ],
          [
            48.993599,
            -18.861416
          ],
          [
            48.9933866,
            -18.8624599
          ],
          [
            48.993282,
            -18.862974
          ],
          [
            48.9933488,
            -18.8633314
          ],
          [
            48.9935928,
            -18.8638339
          ],
          [
            48.9954704,
            -18.8673619
          ],
          [
            48.9955991,
            -18.8676944
          ],
          [
            48.9956179,
            -18.8680878
          ],
          [
            48.995464,
            -18.868444
          ],
          [
            48.9953162,
            -18.8686714
          ],
          [
            48.9952806,
            -18.8687262
          ],
          [
            48.9952611,
            -18.8687562
          ],
          [
            48.9949693,
            -18.8692051
          ],
          [
            48.9945209,
            -18.8698949
          ],
          [
            48.9942273,
            -18.8705865
          ],
          [
            48.993362,
            -18.872625
          ],
          [
            48.9932993,
            -18.8727275
          ],
          [
            48.9930698,
            -18.873103
          ],
          [
            48.9929679,
            -18.873207
          ],
          [
            48.9924502,
            -18.8735268
          ],
          [
            48.9922385,
            -18.8736407
          ],
          [
            48.9915866,
            -18.8739913
          ],
          [
            48.990975,
            -18.8742324
          ],
          [
            48.9896017,
            -18.8745573
          ],
          [
            48.9895387,
            -18.8746046
          ],
          [
            48.9892638,
            -18.8748111
          ]
        ]
      },
      "id": "way/225729532"
    },
    {
      "type": "Feature",
      "properties": {
        "@id": "way/225729539",
        "highway": "primary",
        "ref": "N 2"
      },
      "geometry": {
        "type": "LineString",
        "coordinates": [
          [
            48.9845216,
            -18.8831905
          ],
          [
            48.983321,
            -18.884065
          ],
          [
            48.9831427,
            -18.8841825
          ],
          [
            48.9829925,
            -18.8842634
          ],
          [
            48.9828508,
            -18.8843267
          ],
          [
            48.9827556,
            -18.8843802
          ],
          [
            48.981962,
            -18.8845667
          ],
          [
            48.9814727,
            -18.8847144
          ],
          [
            48.9813055,
            -18.8848093
          ],
          [
            48.9811522,
            -18.8849435
          ],
          [
            48.9806132,
            -18.8855958
          ],
          [
            48.9803111,
            -18.8859614
          ],
          [
            48.979463,
            -18.8870763
          ],
          [
            48.9794122,
            -18.8871401
          ],
          [
            48.9786492,
            -18.8880972
          ],
          [
            48.9785725,
            -18.8882455
          ],
          [
            48.9785274,
            -18.8883938
          ],
          [
            48.9785159,
            -18.8885383
          ],
          [
            48.9785411,
            -18.8887278
          ],
          [
            48.978912,
            -18.8914066
          ],
          [
            48.9790117,
            -18.8921268
          ],
          [
            48.9790372,
            -18.892384
          ],
          [
            48.9790519,
            -18.8925905
          ],
          [
            48.9790487,
            -18.8926976
          ],
          [
            48.9790214,
            -18.8928187
          ],
          [
            48.9789547,
            -18.8929566
          ],
          [
            48.978795,
            -18.8932016
          ],
          [
            48.9782727,
            -18.8940514
          ],
          [
            48.9782452,
            -18.8940961
          ],
          [
            48.9779689,
            -18.8943046
          ],
          [
            48.9772233,
            -18.8945025
          ],
          [
            48.9770132,
            -18.8947237
          ],
          [
            48.976917,
            -18.895004
          ],
          [
            48.976768,
            -18.895706
          ],
          [
            48.976662,
            -18.895979
          ],
          [
            48.9762896,
            -18.8965752
          ],
          [
            48.9761638,
            -18.8969006
          ],
          [
            48.9762874,
            -18.8973558
          ],
          [
            48.9766572,
            -18.8981929
          ],
          [
            48.9766679,
            -18.8983705
          ],
          [
            48.9765766,
            -18.8987664
          ],
          [
            48.976189,
            -18.899256
          ],
          [
            48.9758273,
            -18.8996167
          ],
          [
            48.9745954,
            -18.900894
          ],
          [
            48.9731622,
            -18.9023444
          ],
          [
            48.9727894,
            -18.9026159
          ],
          [
            48.9725238,
            -18.9026768
          ],
          [
            48.9719766,
            -18.9026515
          ],
          [
            48.9717218,
            -18.902692
          ],
          [
            48.9714094,
            -18.9028864
          ],
          [
            48.9713422,
            -18.9029707
          ],
          [
            48.9711827,
            -18.9031919
          ],
          [
            48.9710942,
            -18.9034
          ],
          [
            48.9708796,
            -18.904882
          ],
          [
            48.9706444,
            -18.9058132
          ],
          [
            48.97045,
            -18.9064247
          ],
          [
            48.9702094,
            -18.9071185
          ],
          [
            48.970139,
            -18.907339
          ],
          [
            48.970024,
            -18.9078534
          ],
          [
            48.9700535,
            -18.9081147
          ],
          [
            48.9703821,
            -18.9089797
          ],
          [
            48.9704612,
            -18.9091881
          ],
          [
            48.9705363,
            -18.90949
          ],
          [
            48.9705497,
            -18.9097108
          ],
          [
            48.970493,
            -18.909958
          ],
          [
            48.9701098,
            -18.9105786
          ],
          [
            48.970001,
            -18.910833
          ],
          [
            48.969627,
            -18.912214
          ],
          [
            48.9693561,
            -18.9128953
          ],
          [
            48.9691038,
            -18.9133876
          ],
          [
            48.9688009,
            -18.9139787
          ],
          [
            48.9686659,
            -18.9142074
          ],
          [
            48.9684982,
            -18.9143927
          ],
          [
            48.9683147,
            -18.9145462
          ],
          [
            48.9672077,
            -18.9155062
          ],
          [
            48.96689,
            -18.915882
          ],
          [
            48.9666739,
            -18.9162979
          ],
          [
            48.966293,
            -18.9173547
          ]
        ]
      },
      "id": "way/225729539"
    },
    {
      "type": "Feature",
      "properties": {
        "@id": "way/226097805",
        "highway": "primary",
        "ref": "N 2"
      },
      "geometry": {
        "type": "LineString",
        "coordinates": [
          [
            48.7343109,
            -18.9686568
          ],
          [
            48.7345858,
            -18.9689308
          ],
          [
            48.7348225,
            -18.9691179
          ],
          [
            48.7349204,
            -18.9691616
          ],
          [
            48.7350223,
            -18.9691901
          ],
          [
            48.7352581,
            -18.969224
          ],
          [
            48.7354455,
            -18.9692837
          ],
          [
            48.7355662,
            -18.9693344
          ],
          [
            48.7357727,
            -18.9694381
          ],
          [
            48.7359202,
            -18.9695449
          ],
          [
            48.7360061,
            -18.9696312
          ],
          [
            48.7363199,
            -18.9699381
          ],
          [
            48.7364325,
            -18.9700624
          ],
          [
            48.7366712,
            -18.9702688
          ],
          [
            48.7368631,
            -18.9704112
          ],
          [
            48.7370749,
            -18.9705431
          ],
          [
            48.737197,
            -18.9706027
          ],
          [
            48.7374598,
            -18.970719
          ],
          [
            48.73772,
            -18.9708132
          ],
          [
            48.7378809,
            -18.9708716
          ],
          [
            48.7384068,
            -18.9710636
          ],
          [
            48.7385514,
            -18.9711319
          ],
          [
            48.7388653,
            -18.9712701
          ],
          [
            48.7390295,
            -18.9713354
          ],
          [
            48.739173,
            -18.9713671
          ],
          [
            48.7393258,
            -18.9713766
          ],
          [
            48.7398258,
            -18.9713686
          ],
          [
            48.7405358,
            -18.9713516
          ],
          [
            48.7407148,
            -18.9713496
          ],
          [
            48.7410533,
            -18.9713665
          ],
          [
            48.7412148,
            -18.9713876
          ],
          [
            48.7418248,
            -18.9715306
          ],
          [
            48.7420357,
            -18.9715945
          ],
          [
            48.7421108,
            -18.9716336
          ],
          [
            48.7422342,
            -18.9717035
          ],
          [
            48.7423388,
            -18.9718101
          ],
          [
            48.7424192,
            -18.9719394
          ],
          [
            48.7425023,
            -18.972104
          ],
          [
            48.7425694,
            -18.9722869
          ],
          [
            48.7427437,
            -18.9728649
          ],
          [
            48.7428403,
            -18.9730552
          ],
          [
            48.7429865,
            -18.9732834
          ],
          [
            48.7431247,
            -18.9734765
          ],
          [
            48.7435228,
            -18.9740086
          ],
          [
            48.7438768,
            -18.9744186
          ],
          [
            48.7439798,
            -18.9745136
          ],
          [
            48.7440868,
            -18.9746016
          ],
          [
            48.7444778,
            -18.9748719
          ],
          [
            48.7445763,
            -18.97491
          ],
          [
            48.744681,
            -18.9749024
          ],
          [
            48.7447662,
            -18.9748589
          ],
          [
            48.7448037,
            -18.9747927
          ],
          [
            48.7449244,
            -18.9744857
          ],
          [
            48.7450196,
            -18.9743297
          ],
          [
            48.7451296,
            -18.9742498
          ],
          [
            48.7453227,
            -18.9741915
          ],
          [
            48.7454917,
            -18.9741852
          ],
          [
            48.7456318,
            -18.9742226
          ],
          [
            48.7457291,
            -18.9742629
          ],
          [
            48.7457974,
            -18.9743272
          ],
          [
            48.746008,
            -18.9745698
          ],
          [
            48.7460805,
            -18.9746382
          ],
          [
            48.7462708,
            -18.9747673
          ],
          [
            48.746464,
            -18.9748675
          ],
          [
            48.7466906,
            -18.9749461
          ],
          [
            48.7468167,
            -18.9749512
          ],
          [
            48.7469307,
            -18.9749119
          ],
          [
            48.7469816,
            -18.9748446
          ],
          [
            48.7470695,
            -18.9746183
          ],
          [
            48.7471231,
            -18.9745016
          ],
          [
            48.7472016,
            -18.9744154
          ],
          [
            48.7473149,
            -18.9743583
          ],
          [
            48.7474403,
            -18.9743272
          ],
          [
            48.7476897,
            -18.9743069
          ],
          [
            48.7479164,
            -18.9743006
          ],
          [
            48.7481752,
            -18.974279
          ],
          [
            48.7482959,
            -18.9742663
          ],
          [
            48.7484716,
            -18.974246
          ],
          [
            48.7485963,
            -18.9742549
          ],
          [
            48.7486634,
            -18.9742679
          ],
          [
            48.7489848,
            -18.9743766
          ],
          [
            48.74911,
            -18.9744261
          ],
          [
            48.7492058,
            -18.9745066
          ],
          [
            48.7492602,
            -18.9745821
          ],
          [
            48.7495069,
            -18.9750184
          ],
          [
            48.7495123,
            -18.9751452
          ],
          [
            48.7494814,
            -18.9752378
          ],
          [
            48.749409,
            -18.975319
          ],
          [
            48.7492762,
            -18.9753913
          ],
          [
            48.7488766,
            -18.9755574
          ],
          [
            48.7487787,
            -18.9756512
          ],
          [
            48.7487371,
            -18.9757996
          ],
          [
            48.7487556,
            -18.9759339
          ],
          [
            48.7488058,
            -18.9762576
          ],
          [
            48.7489369,
            -18.9766874
          ],
          [
            48.7490121,
            -18.9768373
          ],
          [
            48.7491026,
            -18.9769658
          ],
          [
            48.7491918,
            -18.9770529
          ],
          [
            48.7492776,
            -18.9771062
          ],
          [
            48.7493688,
            -18.9771544
          ],
          [
            48.7498221,
            -18.9772761
          ],
          [
            48.749916,
            -18.9773091
          ],
          [
            48.750431,
            -18.9774791
          ],
          [
            48.7506241,
            -18.9775298
          ],
          [
            48.7508668,
            -18.9775466
          ],
          [
            48.7510572,
            -18.9775307
          ],
          [
            48.7514663,
            -18.9774546
          ],
          [
            48.7517023,
            -18.9774242
          ],
          [
            48.7519501,
            -18.9774233
          ],
          [
            48.752507,
            -18.9775041
          ],
          [
            48.7526169,
            -18.9775168
          ],
          [
            48.7530917,
            -18.9775701
          ],
          [
            48.7532714,
            -18.9775574
          ],
          [
            48.7534323,
            -18.9775168
          ],
          [
            48.7535799,
            -18.9774103
          ],
          [
            48.753671,
            -18.9772961
          ],
          [
            48.7537649,
            -18.9771084
          ],
          [
            48.7537824,
            -18.9769829
          ],
          [
            48.7537716,
            -18.9768472
          ],
          [
            48.7537193,
            -18.9767178
          ],
          [
            48.7535725,
            -18.9764954
          ],
          [
            48.7532701,
            -18.9760926
          ],
          [
            48.7531963,
            -18.9759518
          ],
          [
            48.7531641,
            -18.9757869
          ],
          [
            48.7531728,
            -18.9756978
          ],
          [
            48.7531963,
            -18.9755992
          ],
          [
            48.7532312,
            -18.9755079
          ],
          [
            48.7533063,
            -18.9754192
          ],
          [
            48.7533934,
            -18.9753545
          ],
          [
            48.7534994,
            -18.9753076
          ],
          [
            48.753785,
            -18.9751845
          ],
          [
            48.7540278,
            -18.9750818
          ],
          [
            48.7542021,
            -18.9750514
          ],
          [
            48.7543282,
            -18.9750615
          ],
          [
            48.7544623,
            -18.9750793
          ],
          [
            48.754634,
            -18.9751325
          ],
          [
            48.7548861,
            -18.9752949
          ],
          [
            48.7554467,
            -18.9757508
          ],
          [
            48.7555996,
            -18.9758288
          ],
          [
            48.7557726,
            -18.975863
          ],
          [
            48.7559348,
            -18.9758605
          ],
          [
            48.7561883,
            -18.9757793
          ],
          [
            48.7563372,
            -18.9757185
          ],
          [
            48.7568454,
            -18.975461
          ],
          [
            48.7569299,
            -18.9753659
          ],
          [
            48.7569876,
            -18.9752809
          ],
          [
            48.7570158,
            -18.9751782
          ],
          [
            48.7570292,
            -18.9750564
          ],
          [
            48.7570513,
            -18.9746083
          ],
          [
            48.757046,
            -18.9744713
          ],
          [
            48.7570171,
            -18.9740406
          ],
          [
            48.7570198,
            -18.9738427
          ],
          [
            48.7570386,
            -18.9737185
          ],
          [
            48.7571056,
            -18.9735777
          ],
          [
            48.7571616,
            -18.9735131
          ],
          [
            48.7572714,
            -18.9733865
          ]
        ]
      },
      "id": "way/226097805"
    },
    {
      "type": "Feature",
      "properties": {
        "@id": "way/232431637",
        "bridge": "yes",
        "highway": "primary",
        "layer": "1",
        "ref": "N 2"
      },
      "geometry": {
        "type": "LineString",
        "coordinates": [
          [
            48.4103332,
            -18.957193
          ],
          [
            48.4104327,
            -18.9571518
          ]
        ]
      },
      "id": "way/232431637"
    },
    {
      "type": "Feature",
      "properties": {
        "@id": "way/232431638",
        "highway": "primary",
        "ref": "N 2"
      },
      "geometry": {
        "type": "LineString",
        "coordinates": [
          [
            48.3498059,
            -18.9636472
          ],
          [
            48.350292,
            -18.963682
          ],
          [
            48.350445,
            -18.963655
          ],
          [
            48.350983,
            -18.963398
          ],
          [
            48.351105,
            -18.96332
          ],
          [
            48.351406,
            -18.96303
          ],
          [
            48.351475,
            -18.962912
          ],
          [
            48.351639,
            -18.962368
          ],
          [
            48.351677,
            -18.962219
          ],
          [
            48.35186,
            -18.96159
          ],
          [
            48.351952,
            -18.961109
          ],
          [
            48.351959,
            -18.960949
          ],
          [
            48.351944,
            -18.960474
          ],
          [
            48.35194,
            -18.960321
          ],
          [
            48.35194,
            -18.959883
          ],
          [
            48.351967,
            -18.959747
          ],
          [
            48.352203,
            -18.959393
          ],
          [
            48.352314,
            -18.959284
          ],
          [
            48.35244,
            -18.959192
          ],
          [
            48.353092,
            -18.9588503
          ],
          [
            48.3531794,
            -18.9587889
          ],
          [
            48.3532709,
            -18.9586549
          ],
          [
            48.3533353,
            -18.9584925
          ],
          [
            48.353428,
            -18.957544
          ],
          [
            48.353558,
            -18.957323
          ],
          [
            48.353657,
            -18.957245
          ],
          [
            48.353771,
            -18.957195
          ],
          [
            48.354279,
            -18.957191
          ],
          [
            48.354408,
            -18.957205
          ],
          [
            48.354916,
            -18.957239
          ],
          [
            48.355034,
            -18.957222
          ],
          [
            48.355141,
            -18.957172
          ],
          [
            48.355362,
            -18.956751
          ],
          [
            48.355396,
            -18.956619
          ],
          [
            48.35553,
            -18.956043
          ],
          [
            48.355568,
            -18.955896
          ],
          [
            48.35574,
            -18.955351
          ],
          [
            48.355824,
            -18.955246
          ],
          [
            48.355934,
            -18.95517
          ],
          [
            48.356335,
            -18.955111
          ],
          [
            48.356468,
            -18.955101
          ],
          [
            48.356598,
            -18.955067
          ],
          [
            48.356922,
            -18.954803
          ],
          [
            48.357018,
            -18.954685
          ],
          [
            48.357433,
            -18.954233
          ],
          [
            48.357697,
            -18.954092
          ],
          [
            48.357841,
            -18.954054
          ],
          [
            48.358307,
            -18.954
          ],
          [
            48.358955,
            -18.953947
          ],
          [
            48.359116,
            -18.953938
          ],
          [
            48.35973,
            -18.953941
          ],
          [
            48.359875,
            -18.953951
          ],
          [
            48.360443,
            -18.953978
          ],
          [
            48.360577,
            -18.953983
          ],
          [
            48.361095,
            -18.954014
          ],
          [
            48.361362,
            -18.953999
          ],
          [
            48.361496,
            -18.953968
          ],
          [
            48.362007,
            -18.953663
          ],
          [
            48.362133,
            -18.95355
          ],
          [
            48.362652,
            -18.95307
          ],
          [
            48.363041,
            -18.952715
          ],
          [
            48.363716,
            -18.952085
          ],
          [
            48.364151,
            -18.951681
          ],
          [
            48.364742,
            -18.95113
          ],
          [
            48.365307,
            -18.950602
          ],
          [
            48.365852,
            -18.95009
          ],
          [
            48.365993,
            -18.949963
          ],
          [
            48.366428,
            -18.949568
          ],
          [
            48.36657,
            -18.949434
          ],
          [
            48.366982,
            -18.949064
          ],
          [
            48.3671391,
            -18.9489661
          ],
          [
            48.3673943,
            -18.9488407
          ],
          [
            48.3675903,
            -18.9487616
          ],
          [
            48.368122,
            -18.948574
          ],
          [
            48.3686678,
            -18.9483569
          ],
          [
            48.3689978,
            -18.9482932
          ],
          [
            48.3692837,
            -18.948287
          ],
          [
            48.369625,
            -18.94832
          ],
          [
            48.36977,
            -18.948351
          ],
          [
            48.370346,
            -18.948483
          ],
          [
            48.370491,
            -18.948513
          ],
          [
            48.371056,
            -18.948639
          ],
          [
            48.371201,
            -18.948668
          ],
          [
            48.37175,
            -18.948782
          ],
          [
            48.371876,
            -18.948809
          ],
          [
            48.372379,
            -18.948927
          ],
          [
            48.37252,
            -18.948963
          ],
          [
            48.373001,
            -18.949095
          ],
          [
            48.373169,
            -18.94915
          ],
          [
            48.3734534,
            -18.9492656
          ],
          [
            48.3737944,
            -18.94939
          ],
          [
            48.3740018,
            -18.9494754
          ],
          [
            48.3743871,
            -18.9495905
          ],
          [
            48.3747527,
            -18.9496772
          ],
          [
            48.375099,
            -18.949739
          ],
          [
            48.375248,
            -18.949764
          ],
          [
            48.3754601,
            -18.9497768
          ],
          [
            48.3756593,
            -18.9497153
          ],
          [
            48.3758221,
            -18.9495959
          ],
          [
            48.3759364,
            -18.9494578
          ],
          [
            48.3760309,
            -18.9492261
          ],
          [
            48.3761099,
            -18.9490202
          ],
          [
            48.3762251,
            -18.9488376
          ],
          [
            48.3764621,
            -18.9485701
          ],
          [
            48.376874,
            -18.9481622
          ],
          [
            48.3769575,
            -18.9480993
          ],
          [
            48.3770747,
            -18.9480503
          ],
          [
            48.3772042,
            -18.9480118
          ],
          [
            48.3773619,
            -18.9479975
          ],
          [
            48.3774926,
            -18.9479966
          ],
          [
            48.377632,
            -18.948021
          ],
          [
            48.377789,
            -18.948074
          ],
          [
            48.377903,
            -18.948139
          ],
          [
            48.378025,
            -18.948217
          ],
          [
            48.378567,
            -18.948589
          ],
          [
            48.379002,
            -18.948893
          ],
          [
            48.379288,
            -18.94908
          ],
          [
            48.379707,
            -18.949297
          ],
          [
            48.379852,
            -18.949341
          ],
          [
            48.380005,
            -18.949375
          ],
          [
            48.380489,
            -18.94945
          ],
          [
            48.380653,
            -18.949472
          ],
          [
            48.381142,
            -18.949547
          ],
          [
            48.381935,
            -18.949677
          ],
          [
            48.3825903,
            -18.9498006
          ],
          [
            48.382867,
            -18.9497983
          ],
          [
            48.383114,
            -18.94977
          ],
          [
            48.383247,
            -18.949747
          ],
          [
            48.383762,
            -18.9496
          ],
          [
            48.383881,
            -18.949564
          ],
          [
            48.384407,
            -18.949413
          ],
          [
            48.3846337,
            -18.9494093
          ],
          [
            48.384922,
            -18.949532
          ],
          [
            48.384998,
            -18.949612
          ],
          [
            48.385063,
            -18.949707
          ],
          [
            48.38525,
            -18.950186
          ],
          [
            48.385303,
            -18.950331
          ],
          [
            48.385471,
            -18.950769
          ],
          [
            48.385529,
            -18.950916
          ],
          [
            48.385719,
            -18.951349
          ],
          [
            48.385788,
            -18.951488
          ],
          [
            48.386047,
            -18.952023
          ],
          [
            48.386108,
            -18.952154
          ],
          [
            48.386375,
            -18.952682
          ],
          [
            48.386688,
            -18.953251
          ],
          [
            48.386765,
            -18.953402
          ],
          [
            48.387009,
            -18.953838
          ],
          [
            48.3871,
            -18.953976
          ],
          [
            48.3872142,
            -18.9541496
          ],
          [
            48.3873899,
            -18.9543347
          ],
          [
            48.3876326,
            -18.9544814
          ],
          [
            48.3881427,
            -18.954722
          ],
          [
            48.3884682,
            -18.9548381
          ],
          [
            48.3888314,
            -18.9548615
          ],
          [
            48.3891193,
            -18.9548141
          ],
          [
            48.3909931,
            -18.95434
          ],
          [
            48.3919963,
            -18.9541302
          ],
          [
            48.3923292,
            -18.9541141
          ],
          [
            48.39259,
            -18.954142
          ],
          [
            48.3927,
            -18.954185
          ],
          [
            48.393009,
            -18.954416
          ],
          [
            48.393108,
            -18.954514
          ],
          [
            48.393555,
            -18.954964
          ],
          [
            48.393913,
            -18.95533
          ],
          [
            48.394039,
            -18.95545
          ],
          [
            48.394428,
            -18.955782
          ],
          [
            48.394562,
            -18.955881
          ],
          [
            48.394993,
            -18.956142
          ],
          [
            48.395142,
            -18.956223
          ],
          [
            48.395573,
            -18.956465
          ],
          [
            48.39571,
            -18.956547
          ],
          [
            48.395847,
            -18.956631
          ],
          [
            48.396225,
            -18.956924
          ],
          [
            48.396343,
            -18.957035
          ],
          [
            48.396671,
            -18.957369
          ],
          [
            48.3971224,
            -18.9579007
          ],
          [
            48.3973164,
            -18.9579967
          ],
          [
            48.3974154,
            -18.9580057
          ],
          [
            48.3975144,
            -18.9579967
          ],
          [
            48.3981031,
            -18.9578625
          ],
          [
            48.3982211,
            -18.9578395
          ],
          [
            48.3987198,
            -18.9577544
          ],
          [
            48.399483,
            -18.957666
          ],
          [
            48.399967,
            -18.957647
          ],
          [
            48.400322,
            -18.957705
          ],
          [
            48.400391,
            -18.957727
          ],
          [
            48.400841,
            -18.95788
          ],
          [
            48.400928,
            -18.957911
          ],
          [
            48.40139,
            -18.958061
          ],
          [
            48.401978,
            -18.958258
          ],
          [
            48.4021,
            -18.9583
          ],
          [
            48.402611,
            -18.958473
          ],
          [
            48.402878,
            -18.95854
          ],
          [
            48.4031304,
            -18.9585328
          ],
          [
            48.4033906,
            -18.9584672
          ],
          [
            48.4039273,
            -18.9582697
          ],
          [
            48.404488,
            -18.958107
          ],
          [
            48.404972,
            -18.957977
          ],
          [
            48.40514,
            -18.957939
          ],
          [
            48.405796,
            -18.9577831
          ],
          [
            48.4069869,
            -18.9575467
          ],
          [
            48.4078773,
            -18.9573375
          ],
          [
            48.4081345,
            -18.9572871
          ],
          [
            48.4084124,
            -18.9572191
          ],
          [
            48.4086445,
            -18.9571993
          ],
          [
            48.4089592,
            -18.9572307
          ],
          [
            48.4094796,
            -18.9573094
          ],
          [
            48.4097941,
            -18.9573176
          ],
          [
            48.4100485,
            -18.9572705
          ],
          [
            48.4103332,
            -18.957193
          ]
        ]
      },
      "id": "way/232431638"
    },
    {
      "type": "Feature",
      "properties": {
        "@id": "way/301620181",
        "highway": "primary",
        "oneway": "no",
        "ref": "N 2"
      },
      "geometry": {
        "type": "LineString",
        "coordinates": [
          [
            47.5329865,
            -18.9017624
          ],
          [
            47.5329159,
            -18.9017639
          ]
        ]
      },
      "id": "way/301620181"
    },
    {
      "type": "Feature",
      "properties": {
        "@id": "way/301883054",
        "highway": "primary",
        "junction": "roundabout",
        "ref": "N 2",
        "surface": "asphalt"
      },
      "geometry": {
        "type": "LineString",
        "coordinates": [
          [
            47.545739,
            -18.8968517
          ],
          [
            47.5457486,
            -18.8968646
          ],
          [
            47.5457621,
            -18.8968738
          ],
          [
            47.5457781,
            -18.8968784
          ],
          [
            47.5457947,
            -18.8968778
          ],
          [
            47.5458103,
            -18.8968721
          ]
        ]
      },
      "id": "way/301883054"
    },
    {
      "type": "Feature",
      "properties": {
        "@id": "way/307642696",
        "highway": "primary",
        "ref": "N 2"
      },
      "geometry": {
        "type": "LineString",
        "coordinates": [
          [
            48.4169569,
            -18.9523625
          ],
          [
            48.4172756,
            -18.951987
          ],
          [
            48.4176406,
            -18.9515633
          ],
          [
            48.4176629,
            -18.9515374
          ],
          [
            48.417983,
            -18.9511633
          ],
          [
            48.4181455,
            -18.9509777
          ],
          [
            48.4183116,
            -18.9508063
          ],
          [
            48.4185956,
            -18.9505572
          ],
          [
            48.4188572,
            -18.950362
          ],
          [
            48.4190966,
            -18.9502205
          ],
          [
            48.4200928,
            -18.949728
          ],
          [
            48.42112,
            -18.9492308
          ],
          [
            48.4212998,
            -18.9491952
          ],
          [
            48.4214902,
            -18.94918
          ],
          [
            48.4217879,
            -18.9491851
          ],
          [
            48.4221715,
            -18.9491699
          ],
          [
            48.4224316,
            -18.9491876
          ],
          [
            48.4226489,
            -18.949246
          ],
          [
            48.422842,
            -18.9493475
          ],
          [
            48.4231096,
            -18.9495354
          ],
          [
            48.4232926,
            -18.9497178
          ],
          [
            48.4235421,
            -18.9499335
          ],
          [
            48.4237245,
            -18.9500654
          ],
          [
            48.4241429,
            -18.950281
          ],
          [
            48.4244192,
            -18.9504307
          ],
          [
            48.4247705,
            -18.9506362
          ],
          [
            48.425079,
            -18.9508417
          ],
          [
            48.4253284,
            -18.9510294
          ],
          [
            48.4255001,
            -18.9511841
          ],
          [
            48.425779,
            -18.9515139
          ],
          [
            48.4259802,
            -18.951661
          ],
          [
            48.4264737,
            -18.9519147
          ],
          [
            48.4267205,
            -18.9520847
          ],
          [
            48.4269726,
            -18.9522699
          ],
          [
            48.4272221,
            -18.9524576
          ],
          [
            48.4275198,
            -18.9526808
          ],
          [
            48.4276968,
            -18.9528584
          ],
          [
            48.4278846,
            -18.9530842
          ],
          [
            48.4279919,
            -18.953277
          ],
          [
            48.428272,
            -18.953751
          ],
          [
            48.4283674,
            -18.9540152
          ],
          [
            48.4283996,
            -18.9541522
          ],
          [
            48.4283969,
            -18.9546367
          ],
          [
            48.4284076,
            -18.9547559
          ],
          [
            48.4284559,
            -18.9548777
          ],
          [
            48.4285015,
            -18.9549614
          ],
          [
            48.4286195,
            -18.9550477
          ],
          [
            48.428759,
            -18.9551035
          ],
          [
            48.4289306,
            -18.9551111
          ],
          [
            48.4304059,
            -18.9550324
          ],
          [
            48.4332973,
            -18.9548117
          ],
          [
            48.433544,
            -18.9548193
          ],
          [
            48.4337532,
            -18.9549107
          ],
          [
            48.4338954,
            -18.9550553
          ],
          [
            48.43412,
            -18.955482
          ],
          [
            48.434353,
            -18.955713
          ],
          [
            48.434681,
            -18.955843
          ],
          [
            48.434799,
            -18.955879
          ],
          [
            48.43536,
            -18.956038
          ],
          [
            48.43557,
            -18.956013
          ],
          [
            48.435764,
            -18.955906
          ],
          [
            48.436283,
            -18.955509
          ],
          [
            48.43639,
            -18.955421
          ],
          [
            48.436787,
            -18.955145
          ],
          [
            48.436893,
            -18.955112
          ],
          [
            48.437462,
            -18.955166
          ],
          [
            48.438194,
            -18.955305
          ],
          [
            48.438351,
            -18.95533
          ],
          [
            48.438972,
            -18.955421
          ],
          [
            48.439121,
            -18.955418
          ],
          [
            48.439262,
            -18.955399
          ],
          [
            48.439823,
            -18.95521
          ],
          [
            48.439968,
            -18.955164
          ],
          [
            48.440407,
            -18.955122
          ],
          [
            48.440662,
            -18.955193
          ],
          [
            48.440868,
            -18.95533
          ],
          [
            48.440964,
            -18.955412
          ],
          [
            48.441315,
            -18.95577
          ],
          [
            48.44141,
            -18.955862
          ],
          [
            48.441704,
            -18.956099
          ],
          [
            48.441814,
            -18.95616
          ],
          [
            48.442162,
            -18.956278
          ],
          [
            48.442398,
            -18.956238
          ],
          [
            48.442593,
            -18.9561
          ],
          [
            48.442684,
            -18.956011
          ],
          [
            48.443054,
            -18.95561
          ],
          [
            48.443146,
            -18.955509
          ],
          [
            48.443432,
            -18.955254
          ],
          [
            48.443661,
            -18.955177
          ],
          [
            48.443779,
            -18.955158
          ],
          [
            48.444294,
            -18.955086
          ],
          [
            48.444565,
            -18.955019
          ],
          [
            48.444698,
            -18.954971
          ],
          [
            48.4451629,
            -18.9547868
          ],
          [
            48.4453256,
            -18.9547344
          ],
          [
            48.4454867,
            -18.9547011
          ],
          [
            48.4455937,
            -18.9547172
          ],
          [
            48.446068,
            -18.954897
          ],
          [
            48.4461732,
            -18.954931
          ],
          [
            48.4462713,
            -18.9549436
          ],
          [
            48.4463891,
            -18.9549081
          ],
          [
            48.4464723,
            -18.9548523
          ],
          [
            48.4465625,
            -18.9547751
          ],
          [
            48.4466681,
            -18.9546925
          ],
          [
            48.4467757,
            -18.9546309
          ],
          [
            48.4469175,
            -18.9546012
          ],
          [
            48.4470536,
            -18.9545976
          ],
          [
            48.4472191,
            -18.9546056
          ],
          [
            48.4473422,
            -18.9546288
          ],
          [
            48.4474821,
            -18.9546976
          ],
          [
            48.447697,
            -18.954859
          ],
          [
            48.447845,
            -18.954966
          ],
          [
            48.4480253,
            -18.9549893
          ],
          [
            48.4482881,
            -18.9549855
          ],
          [
            48.4484182,
            -18.9550121
          ],
          [
            48.4485295,
            -18.9550781
          ],
          [
            48.448631,
            -18.955181
          ],
          [
            48.448929,
            -18.955549
          ],
          [
            48.449009,
            -18.955633
          ],
          [
            48.4491023,
            -18.9556912
          ],
          [
            48.449245,
            -18.955721
          ],
          [
            48.449333,
            -18.955696
          ],
          [
            48.449677,
            -18.955278
          ],
          [
            48.449776,
            -18.955061
          ],
          [
            48.449806,
            -18.954952
          ],
          [
            48.449902,
            -18.954426
          ],
          [
            48.45002,
            -18.95426
          ],
          [
            48.450104,
            -18.954193
          ],
          [
            48.450191,
            -18.954132
          ],
          [
            48.450645,
            -18.953857
          ],
          [
            48.450745,
            -18.953804
          ],
          [
            48.451206,
            -18.953568
          ],
          [
            48.451729,
            -18.953291
          ],
          [
            48.4518206,
            -18.9532263
          ],
          [
            48.452007,
            -18.9530436
          ],
          [
            48.4521049,
            -18.952965
          ],
          [
            48.4521908,
            -18.952932
          ],
          [
            48.4522967,
            -18.952918
          ],
          [
            48.4526373,
            -18.9529599
          ],
          [
            48.452869,
            -18.953012
          ],
          [
            48.452953,
            -18.953068
          ],
          [
            48.4530048,
            -18.9531438
          ],
          [
            48.4530397,
            -18.9532389
          ],
          [
            48.4530276,
            -18.9534672
          ],
          [
            48.453045,
            -18.953579
          ],
          [
            48.453102,
            -18.953674
          ],
          [
            48.453205,
            -18.953741
          ],
          [
            48.4533468,
            -18.9537793
          ],
          [
            48.4535198,
            -18.9537564
          ],
          [
            48.4536485,
            -18.9536956
          ],
          [
            48.453729,
            -18.9536017
          ],
          [
            48.4537531,
            -18.9534888
          ],
          [
            48.4537169,
            -18.9532799
          ],
          [
            48.453678,
            -18.953056
          ],
          [
            48.453594,
            -18.952606
          ],
          [
            48.453602,
            -18.952459
          ],
          [
            48.453651,
            -18.952326
          ],
          [
            48.453705,
            -18.952259
          ],
          [
            48.453781,
            -18.952208
          ],
          [
            48.454227,
            -18.951986
          ],
          [
            48.4557272,
            -18.9513262
          ],
          [
            48.4558184,
            -18.9512285
          ],
          [
            48.4558801,
            -18.9510915
          ],
          [
            48.455914,
            -18.950964
          ],
          [
            48.4559727,
            -18.9508087
          ],
          [
            48.4560652,
            -18.9506045
          ],
          [
            48.4560831,
            -18.9505805
          ],
          [
            48.456158,
            -18.95048
          ],
          [
            48.4563146,
            -18.950338
          ],
          [
            48.456436,
            -18.950228
          ],
          [
            48.4565869,
            -18.9501529
          ],
          [
            48.4566713,
            -18.9501521
          ],
          [
            48.4568103,
            -18.9501507
          ],
          [
            48.4571407,
            -18.9503087
          ],
          [
            48.4572477,
            -18.9503477
          ],
          [
            48.4573087,
            -18.9503547
          ],
          [
            48.457444,
            -18.9503377
          ],
          [
            48.4578876,
            -18.9501641
          ],
          [
            48.458836,
            -18.949759
          ],
          [
            48.45903,
            -18.94973
          ],
          [
            48.459396,
            -18.949839
          ],
          [
            48.459465,
            -18.949873
          ],
          [
            48.459946,
            -18.950094
          ],
          [
            48.460129,
            -18.950087
          ],
          [
            48.460243,
            -18.950018
          ],
          [
            48.460289,
            -18.949972
          ],
          [
            48.460335,
            -18.949923
          ],
          [
            48.460594,
            -18.949539
          ],
          [
            48.460712,
            -18.949291
          ],
          [
            48.460712,
            -18.94911
          ],
          [
            48.46069,
            -18.949015
          ],
          [
            48.460506,
            -18.948536
          ],
          [
            48.460487,
            -18.948441
          ],
          [
            48.460484,
            -18.947968
          ],
          [
            48.460537,
            -18.947788
          ],
          [
            48.460583,
            -18.947702
          ],
          [
            48.460838,
            -18.947392
          ],
          [
            48.461113,
            -18.947254
          ],
          [
            48.461216,
            -18.947227
          ],
          [
            48.4612516,
            -18.9472197
          ],
          [
            48.461319,
            -18.947206
          ],
          [
            48.461815,
            -18.947144
          ],
          [
            48.4621361,
            -18.9471491
          ],
          [
            48.4623007,
            -18.9470804
          ],
          [
            48.4624586,
            -18.946954
          ],
          [
            48.4628198,
            -18.9465602
          ],
          [
            48.4629997,
            -18.9464165
          ],
          [
            48.4632038,
            -18.9463799
          ],
          [
            48.4633685,
            -18.9463817
          ],
          [
            48.4635252,
            -18.9464275
          ],
          [
            48.464012,
            -18.946569
          ],
          [
            48.464119,
            -18.946611
          ],
          [
            48.4645239,
            -18.9467794
          ],
          [
            48.4647138,
            -18.9468565
          ],
          [
            48.4648837,
            -18.9469738
          ],
          [
            48.4651342,
            -18.9471467
          ],
          [
            48.4653621,
            -18.9472632
          ],
          [
            48.4655482,
            -18.9472824
          ],
          [
            48.465752,
            -18.9472499
          ],
          [
            48.466068,
            -18.9471452
          ],
          [
            48.4663826,
            -18.9470819
          ],
          [
            48.466911,
            -18.947041
          ],
          [
            48.467098,
            -18.947113
          ],
          [
            48.467186,
            -18.947205
          ],
          [
            48.467224,
            -18.947311
          ],
          [
            48.467247,
            -18.947638
          ],
          [
            48.46727,
            -18.947731
          ],
          [
            48.4673583,
            -18.9478828
          ],
          [
            48.4674771,
            -18.9479499
          ],
          [
            48.468513,
            -18.948158
          ],
          [
            48.468678,
            -18.948244
          ],
          [
            48.468777,
            -18.94836
          ],
          [
            48.468803,
            -18.948399
          ],
          [
            48.469028,
            -18.948824
          ],
          [
            48.469151,
            -18.949015
          ],
          [
            48.4692255,
            -18.9490938
          ],
          [
            48.4695286,
            -18.9491293
          ],
          [
            48.4699938,
            -18.9491382
          ],
          [
            48.4701347,
            -18.9491065
          ],
          [
            48.4707755,
            -18.9488499
          ],
          [
            48.4708804,
            -18.9487868
          ],
          [
            48.4709635,
            -18.9487132
          ],
          [
            48.4711295,
            -18.9483789
          ],
          [
            48.471234,
            -18.9482994
          ],
          [
            48.4714099,
            -18.94825
          ],
          [
            48.4717053,
            -18.9482265
          ],
          [
            48.4718057,
            -18.9481704
          ],
          [
            48.4718472,
            -18.9480734
          ],
          [
            48.4719115,
            -18.9477461
          ],
          [
            48.471939,
            -18.94763
          ],
          [
            48.4720123,
            -18.9475666
          ],
          [
            48.4721142,
            -18.9475463
          ],
          [
            48.4724757,
            -18.9474874
          ],
          [
            48.472698,
            -18.947405
          ],
          [
            48.472805,
            -18.947365
          ],
          [
            48.473309,
            -18.947163
          ],
          [
            48.4734,
            -18.947123
          ],
          [
            48.4735621,
            -18.947071
          ],
          [
            48.473885,
            -18.946747
          ],
          [
            48.473942,
            -18.946686
          ],
          [
            48.474316,
            -18.946321
          ],
          [
            48.474453,
            -18.946238
          ],
          [
            48.474617,
            -18.946205
          ],
          [
            48.474655,
            -18.946203
          ],
          [
            48.475143,
            -18.946196
          ],
          [
            48.475681,
            -18.946175
          ],
          [
            48.4758856,
            -18.9461858
          ],
          [
            48.4760315,
            -18.9461578
          ],
          [
            48.4761777,
            -18.9460926
          ],
          [
            48.4763092,
            -18.9459074
          ],
          [
            48.4764288,
            -18.9457834
          ],
          [
            48.4765345,
            -18.9457273
          ],
          [
            48.47673,
            -18.945705
          ],
          [
            48.476841,
            -18.945709
          ],
          [
            48.477425,
            -18.945724
          ],
          [
            48.477531,
            -18.945719
          ],
          [
            48.477928,
            -18.945662
          ],
          [
            48.478493,
            -18.945536
          ],
          [
            48.47855,
            -18.94552
          ],
          [
            48.479038,
            -18.945396
          ],
          [
            48.4792744,
            -18.9453392
          ],
          [
            48.4795158,
            -18.9452656
          ],
          [
            48.4797035,
            -18.9451641
          ],
          [
            48.4798712,
            -18.9450018
          ],
          [
            48.4800066,
            -18.9448115
          ],
          [
            48.4800911,
            -18.9446732
          ],
          [
            48.4803016,
            -18.9443904
          ],
          [
            48.4804599,
            -18.9441392
          ],
          [
            48.4806839,
            -18.9438817
          ],
          [
            48.4808663,
            -18.9437244
          ],
          [
            48.4811036,
            -18.9436458
          ],
          [
            48.4813316,
            -18.9436762
          ],
          [
            48.48151,
            -18.9437891
          ],
          [
            48.481911,
            -18.94411
          ],
          [
            48.4820934,
            -18.9442166
          ],
          [
            48.4822524,
            -18.9442644
          ],
          [
            48.482438,
            -18.9442559
          ],
          [
            48.4826412,
            -18.9442297
          ],
          [
            48.4830636,
            -18.9441336
          ],
          [
            48.4837778,
            -18.943921
          ],
          [
            48.4842204,
            -18.9438069
          ],
          [
            48.484502,
            -18.9437498
          ],
          [
            48.4846227,
            -18.9436813
          ],
          [
            48.4848139,
            -18.9435163
          ]
        ]
      },
      "id": "way/307642696"
    },
    {
      "type": "Feature",
      "properties": {
        "@id": "way/307642697",
        "bridge": "yes",
        "highway": "primary",
        "layer": "1",
        "ref": "N 2"
      },
      "geometry": {
        "type": "LineString",
        "coordinates": [
          [
            48.5129768,
            -18.9457053
          ],
          [
            48.5131745,
            -18.9455664
          ]
        ]
      },
      "id": "way/307642697"
    },
    {
      "type": "Feature",
      "properties": {
        "@id": "way/307642698",
        "bridge": "yes",
        "highway": "primary",
        "layer": "1",
        "ref": "N 2"
      },
      "geometry": {
        "type": "LineString",
        "coordinates": [
          [
            48.8255176,
            -18.9584851
          ],
          [
            48.8252835,
            -18.95869
          ]
        ]
      },
      "id": "way/307642698"
    },
    {
      "type": "Feature",
      "properties": {
        "@id": "way/307642699",
        "highway": "primary",
        "ref": "N 2"
      },
      "geometry": {
        "type": "LineString",
        "coordinates": [
          [
            48.8252835,
            -18.95869
          ],
          [
            48.8249543,
            -18.9589087
          ],
          [
            48.8245869,
            -18.959203
          ],
          [
            48.8244742,
            -18.9592816
          ],
          [
            48.8240075,
            -18.9595302
          ],
          [
            48.823872,
            -18.959583
          ],
          [
            48.8236963,
            -18.9596851
          ],
          [
            48.8234872,
            -18.9598067
          ],
          [
            48.8234281,
            -18.9598549
          ],
          [
            48.8233825,
            -18.9599107
          ],
          [
            48.8231036,
            -18.9603826
          ],
          [
            48.8230204,
            -18.9605449
          ],
          [
            48.8228354,
            -18.9609558
          ],
          [
            48.8227871,
            -18.961108
          ],
          [
            48.8226798,
            -18.9616154
          ],
          [
            48.8226664,
            -18.9617549
          ],
          [
            48.8226348,
            -18.9620981
          ],
          [
            48.8226154,
            -18.9623079
          ],
          [
            48.8225859,
            -18.9624829
          ],
          [
            48.8225403,
            -18.962663
          ],
          [
            48.8224465,
            -18.9627975
          ],
          [
            48.822248,
            -18.9629649
          ],
          [
            48.8220924,
            -18.9630384
          ]
        ]
      },
      "id": "way/307642699"
    },
    {
      "type": "Feature",
      "properties": {
        "@id": "way/307917754",
        "bridge": "yes",
        "highway": "primary",
        "layer": "1",
        "ref": "N 2"
      },
      "geometry": {
        "type": "LineString",
        "coordinates": [
          [
            47.7979264,
            -18.8928266
          ],
          [
            47.7980437,
            -18.8928193
          ]
        ]
      },
      "id": "way/307917754"
    },
    {
      "type": "Feature",
      "properties": {
        "@id": "way/308418740",
        "bridge": "yes",
        "highway": "primary",
        "layer": "1",
        "ref": "N 2"
      },
      "geometry": {
        "type": "LineString",
        "coordinates": [
          [
            48.0192537,
            -18.8863572
          ],
          [
            48.0195393,
            -18.8861423
          ]
        ]
      },
      "id": "way/308418740"
    },
    {
      "type": "Feature",
      "properties": {
        "@id": "way/312190300",
        "highway": "primary",
        "ref": "N 2"
      },
      "geometry": {
        "type": "LineString",
        "coordinates": [
          [
            47.5593766,
            -18.8945736
          ],
          [
            47.559535,
            -18.894293
          ],
          [
            47.5596594,
            -18.8939867
          ],
          [
            47.5596387,
            -18.8936899
          ],
          [
            47.5596373,
            -18.8936698
          ],
          [
            47.5595436,
            -18.8930109
          ],
          [
            47.5594751,
            -18.8927267
          ],
          [
            47.5594108,
            -18.8925365
          ],
          [
            47.5593501,
            -18.8923932
          ],
          [
            47.5593244,
            -18.8923514
          ],
          [
            47.5592852,
            -18.8922919
          ],
          [
            47.5591841,
            -18.8921557
          ],
          [
            47.5591581,
            -18.8921206
          ],
          [
            47.559082,
            -18.892041
          ],
          [
            47.5589997,
            -18.8919711
          ]
        ]
      },
      "id": "way/312190300"
    },
    {
      "type": "Feature",
      "properties": {
        "@id": "way/312190302",
        "highway": "primary",
        "ref": "N 2"
      },
      "geometry": {
        "type": "LineString",
        "coordinates": [
          [
            47.5376942,
            -18.9016183
          ],
          [
            47.5370276,
            -18.9016196
          ],
          [
            47.5366508,
            -18.9016322
          ],
          [
            47.536447,
            -18.9016453
          ],
          [
            47.5362819,
            -18.9016513
          ],
          [
            47.5361238,
            -18.9016525
          ],
          [
            47.5354944,
            -18.9016782
          ],
          [
            47.5351654,
            -18.9016915
          ],
          [
            47.5351254,
            -18.9016935
          ],
          [
            47.5350915,
            -18.9016945
          ]
        ]
      },
      "id": "way/312190302"
    },
    {
      "type": "Feature",
      "properties": {
        "@id": "way/389389212",
        "highway": "primary",
        "ref": "N 2",
        "source": "GPS"
      },
      "geometry": {
        "type": "LineString",
        "coordinates": [
          [
            49.0704187,
            -18.824627
          ],
          [
            49.0703878,
            -18.8245825
          ],
          [
            49.0703259,
            -18.8244886
          ],
          [
            49.0702374,
            -18.8243414
          ],
          [
            49.070173,
            -18.8241713
          ],
          [
            49.0701381,
            -18.8240342
          ],
          [
            49.0701328,
            -18.8238996
          ],
          [
            49.0701784,
            -18.8237778
          ],
          [
            49.0702567,
            -18.8236685
          ],
          [
            49.0703259,
            -18.8235468
          ],
          [
            49.0703876,
            -18.8234427
          ],
          [
            49.0706008,
            -18.8230599
          ],
          [
            49.0706276,
            -18.8229095
          ],
          [
            49.0705887,
            -18.8228118
          ],
          [
            49.0705163,
            -18.8226607
          ],
          [
            49.0700107,
            -18.8218712
          ],
          [
            49.0696553,
            -18.8213583
          ],
          [
            49.0695293,
            -18.8212238
          ],
          [
            49.0694193,
            -18.8211032
          ],
          [
            49.0691049,
            -18.8208528
          ],
          [
            49.0687708,
            -18.820603
          ],
          [
            49.0685503,
            -18.8204494
          ],
          [
            49.068392,
            -18.8203276
          ],
          [
            49.0683041,
            -18.8202145
          ],
          [
            49.0681928,
            -18.8200673
          ],
          [
            49.0680896,
            -18.8198946
          ],
          [
            49.0676879,
            -18.819081
          ]
        ]
      },
      "id": "way/389389212"
    },
    {
      "type": "Feature",
      "properties": {
        "@id": "way/389389214",
        "bridge": "yes",
        "highway": "primary",
        "layer": "1",
        "ref": "N 2",
        "source": "GPS"
      },
      "geometry": {
        "type": "LineString",
        "coordinates": [
          [
            49.0705098,
            -18.8247095
          ],
          [
            49.0704187,
            -18.824627
          ]
        ]
      },
      "id": "way/389389214"
    },
    {
      "type": "Feature",
      "properties": {
        "@id": "way/402089596",
        "highway": "primary",
        "name": "Arabe Dokotera Andriamanana",
        "name:fr": "Avenue Docteur Andriamanana",
        "oneway": "yes",
        "ref": "N 2"
      },
      "geometry": {
        "type": "LineString",
        "coordinates": [
          [
            47.5306621,
            -18.901
          ],
          [
            47.5306957,
            -18.9009849
          ],
          [
            47.5307258,
            -18.9009872
          ],
          [
            47.5307518,
            -18.9009939
          ],
          [
            47.5307967,
            -18.9010114
          ],
          [
            47.5308324,
            -18.9010364
          ],
          [
            47.5308567,
            -18.9010706
          ],
          [
            47.5308546,
            -18.9011023
          ],
          [
            47.5308439,
            -18.9011454
          ],
          [
            47.5308042,
            -18.9012559
          ],
          [
            47.5307013,
            -18.9015568
          ],
          [
            47.5304766,
            -18.9020355
          ],
          [
            47.5304734,
            -18.9021401
          ]
        ]
      },
      "id": "way/402089596"
    },
    {
      "type": "Feature",
      "properties": {
        "@id": "way/479365892",
        "highway": "primary",
        "oneway": "no",
        "ref": "N 2"
      },
      "geometry": {
        "type": "LineString",
        "coordinates": [
          [
            47.530867,
            -18.9008897
          ],
          [
            47.5308281,
            -18.9008916
          ],
          [
            47.5307865,
            -18.9009049
          ],
          [
            47.5307517,
            -18.9009229
          ],
          [
            47.5307155,
            -18.9009441
          ],
          [
            47.5306874,
            -18.900966
          ],
          [
            47.5306621,
            -18.901
          ]
        ]
      },
      "id": "way/479365892"
    },
    {
      "type": "Feature",
      "properties": {
        "@id": "way/499817597",
        "highway": "primary",
        "ref": "N 2"
      },
      "geometry": {
        "type": "LineString",
        "coordinates": [
          [
            47.6349054,
            -18.8819092
          ],
          [
            47.634982,
            -18.8818041
          ],
          [
            47.6350236,
            -18.8817559
          ],
          [
            47.6350809,
            -18.8817132
          ],
          [
            47.6351749,
            -18.8816454
          ],
          [
            47.6353328,
            -18.8815634
          ],
          [
            47.6355238,
            -18.8814782
          ],
          [
            47.6357718,
            -18.8813524
          ],
          [
            47.6360342,
            -18.881224
          ],
          [
            47.6362641,
            -18.8810923
          ],
          [
            47.6363919,
            -18.8809972
          ],
          [
            47.6364546,
            -18.88094
          ],
          [
            47.636576,
            -18.8808024
          ],
          [
            47.6366618,
            -18.8807313
          ],
          [
            47.6367302,
            -18.8806918
          ],
          [
            47.6368153,
            -18.8806538
          ],
          [
            47.6368743,
            -18.8806316
          ],
          [
            47.6369381,
            -18.8806158
          ],
          [
            47.6370531,
            -18.8805937
          ],
          [
            47.6373719,
            -18.8805377
          ],
          [
            47.6374678,
            -18.8805148
          ],
          [
            47.6375596,
            -18.8804654
          ],
          [
            47.6376514,
            -18.8804072
          ],
          [
            47.6379861,
            -18.880152
          ],
          [
            47.6380575,
            -18.8801151
          ],
          [
            47.6385784,
            -18.8798994
          ],
          [
            47.639201,
            -18.8796412
          ],
          [
            47.6392695,
            -18.8795848
          ],
          [
            47.6394187,
            -18.879464
          ],
          [
            47.639749,
            -18.8791334
          ],
          [
            47.6398603,
            -18.879043
          ],
          [
            47.6399903,
            -18.8789834
          ],
          [
            47.6410441,
            -18.8786108
          ],
          [
            47.6420046,
            -18.8782917
          ],
          [
            47.6420926,
            -18.8782646
          ]
        ]
      },
      "id": "way/499817597"
    },
    {
      "type": "Feature",
      "properties": {
        "@id": "way/499821685",
        "highway": "primary",
        "lane_markings": "no",
        "maxspeed": "30",
        "ref": "N 2",
        "surface": "asphalt"
      },
      "geometry": {
        "type": "LineString",
        "coordinates": [
          [
            47.6871963,
            -18.8721769
          ],
          [
            47.6872972,
            -18.872316
          ],
          [
            47.6873552,
            -18.8724349
          ],
          [
            47.687383,
            -18.8725165
          ],
          [
            47.6873971,
            -18.8726304
          ],
          [
            47.6874035,
            -18.8727618
          ],
          [
            47.6873963,
            -18.8730545
          ],
          [
            47.6873949,
            -18.8731104
          ],
          [
            47.6873821,
            -18.8736324
          ],
          [
            47.6873749,
            -18.8737373
          ],
          [
            47.6873488,
            -18.8738537
          ],
          [
            47.6872849,
            -18.8739837
          ],
          [
            47.6872535,
            -18.8740357
          ],
          [
            47.6872393,
            -18.8740593
          ],
          [
            47.6870817,
            -18.8742019
          ],
          [
            47.6864925,
            -18.8747119
          ],
          [
            47.6862491,
            -18.8749562
          ],
          [
            47.6854782,
            -18.8760537
          ],
          [
            47.6853546,
            -18.8762544
          ],
          [
            47.6853342,
            -18.8763917
          ],
          [
            47.6853539,
            -18.8764897
          ],
          [
            47.6853767,
            -18.8765418
          ],
          [
            47.6854362,
            -18.8766208
          ],
          [
            47.6858465,
            -18.8771277
          ],
          [
            47.6859243,
            -18.8773049
          ],
          [
            47.6859882,
            -18.8774745
          ],
          [
            47.6860249,
            -18.8775698
          ],
          [
            47.6860821,
            -18.877727
          ],
          [
            47.6861358,
            -18.8778234
          ],
          [
            47.6861941,
            -18.8779008
          ],
          [
            47.6862419,
            -18.8779744
          ],
          [
            47.6865623,
            -18.8782671
          ],
          [
            47.6866534,
            -18.8783412
          ],
          [
            47.686699,
            -18.8784097
          ],
          [
            47.6867529,
            -18.8785371
          ],
          [
            47.6868316,
            -18.8788141
          ],
          [
            47.6868713,
            -18.8788993
          ],
          [
            47.6869247,
            -18.878988
          ],
          [
            47.6869916,
            -18.8790903
          ],
          [
            47.6870817,
            -18.8792281
          ],
          [
            47.6871645,
            -18.8793223
          ],
          [
            47.6872358,
            -18.8793794
          ],
          [
            47.6872703,
            -18.8794071
          ],
          [
            47.6873294,
            -18.8794499
          ],
          [
            47.6873665,
            -18.8794768
          ],
          [
            47.6874888,
            -18.8795438
          ],
          [
            47.6876096,
            -18.8796101
          ],
          [
            47.6877062,
            -18.8796507
          ],
          [
            47.6878062,
            -18.8796725
          ],
          [
            47.6879475,
            -18.8796786
          ],
          [
            47.6881514,
            -18.8796888
          ],
          [
            47.688352,
            -18.8797316
          ],
          [
            47.6885408,
            -18.8798047
          ],
          [
            47.6886463,
            -18.8798931
          ],
          [
            47.6887375,
            -18.8800505
          ],
          [
            47.688767,
            -18.880204
          ],
          [
            47.6887282,
            -18.8804146
          ]
        ]
      },
      "id": "way/499821685"
    },
    {
      "type": "Feature",
      "properties": {
        "@id": "way/499821690",
        "highway": "primary",
        "ref": "N 2"
      },
      "geometry": {
        "type": "LineString",
        "coordinates": [
          [
            47.6887282,
            -18.8804146
          ],
          [
            47.6885149,
            -18.8811227
          ],
          [
            47.6882949,
            -18.8818232
          ],
          [
            47.6882829,
            -18.8819488
          ],
          [
            47.6882842,
            -18.8820515
          ],
          [
            47.6884009,
            -18.8823536
          ],
          [
            47.689114,
            -18.8836019
          ],
          [
            47.6892444,
            -18.8838179
          ],
          [
            47.6893182,
            -18.8839626
          ],
          [
            47.689371,
            -18.8841194
          ],
          [
            47.6894429,
            -18.8843483
          ],
          [
            47.6895516,
            -18.884828
          ],
          [
            47.6897259,
            -18.8856261
          ],
          [
            47.6897889,
            -18.8858482
          ],
          [
            47.6899296,
            -18.8865577
          ],
          [
            47.690128,
            -18.8873652
          ],
          [
            47.6902584,
            -18.8877845
          ],
          [
            47.690323,
            -18.887965
          ],
          [
            47.6904568,
            -18.8882569
          ],
          [
            47.6905078,
            -18.8884532
          ],
          [
            47.6905211,
            -18.8885814
          ],
          [
            47.6905211,
            -18.8887235
          ],
          [
            47.6904944,
            -18.8888809
          ],
          [
            47.6904541,
            -18.8890585
          ],
          [
            47.6903978,
            -18.8892336
          ],
          [
            47.6902173,
            -18.8896618
          ],
          [
            47.6901295,
            -18.8898913
          ],
          [
            47.6900652,
            -18.8900406
          ],
          [
            47.6900116,
            -18.8903198
          ],
          [
            47.6899703,
            -18.8905724
          ],
          [
            47.6899454,
            -18.8907885
          ],
          [
            47.6899477,
            -18.8909718
          ],
          [
            47.6899937,
            -18.8912775
          ],
          [
            47.6900117,
            -18.8913972
          ],
          [
            47.6901048,
            -18.8920154
          ],
          [
            47.6900979,
            -18.8921727
          ],
          [
            47.6901054,
            -18.8923601
          ],
          [
            47.6901211,
            -18.8925003
          ],
          [
            47.6901643,
            -18.8926278
          ],
          [
            47.6902235,
            -18.8927408
          ],
          [
            47.6903442,
            -18.8928448
          ],
          [
            47.6904663,
            -18.8929328
          ],
          [
            47.6906204,
            -18.8930275
          ],
          [
            47.6908484,
            -18.893129
          ],
          [
            47.6913708,
            -18.8932972
          ],
          [
            47.691586,
            -18.8933879
          ],
          [
            47.6917271,
            -18.8934665
          ],
          [
            47.6918538,
            -18.8935372
          ],
          [
            47.6921412,
            -18.8936975
          ],
          [
            47.6922661,
            -18.8937803
          ],
          [
            47.6923719,
            -18.8938688
          ],
          [
            47.6924547,
            -18.8939595
          ],
          [
            47.6925194,
            -18.8940578
          ],
          [
            47.6925638,
            -18.894158
          ],
          [
            47.6925972,
            -18.8942646
          ],
          [
            47.6926177,
            -18.894398
          ],
          [
            47.6926153,
            -18.8946046
          ],
          [
            47.6925834,
            -18.8947472
          ],
          [
            47.6920856,
            -18.895811
          ],
          [
            47.6919106,
            -18.8962199
          ],
          [
            47.691865,
            -18.8963772
          ],
          [
            47.6918542,
            -18.8966945
          ],
          [
            47.6918918,
            -18.8970243
          ],
          [
            47.6919025,
            -18.8972121
          ],
          [
            47.6918901,
            -18.8973703
          ],
          [
            47.6918086,
            -18.8975268
          ],
          [
            47.6915833,
            -18.8978262
          ],
          [
            47.6915243,
            -18.8979709
          ],
          [
            47.6914841,
            -18.8980876
          ],
          [
            47.6914921,
            -18.8982094
          ],
          [
            47.6915619,
            -18.8984023
          ],
          [
            47.6916801,
            -18.8986344
          ],
          [
            47.6917228,
            -18.898788
          ],
          [
            47.6916993,
            -18.8990023
          ],
          [
            47.6915789,
            -18.8995543
          ],
          [
            47.6914247,
            -18.900261
          ],
          [
            47.6913646,
            -18.9005046
          ],
          [
            47.6913536,
            -18.9007193
          ],
          [
            47.6913389,
            -18.9011298
          ],
          [
            47.6913455,
            -18.9020526
          ],
          [
            47.6913393,
            -18.9024041
          ]
        ]
      },
      "id": "way/499821690"
    },
    {
      "type": "Feature",
      "properties": {
        "@id": "way/499826929",
        "highway": "primary",
        "maxspeed": "30",
        "ref": "N 2"
      },
      "geometry": {
        "type": "LineString",
        "coordinates": [
          [
            47.6941985,
            -18.9060607
          ],
          [
            47.694346,
            -18.9069945
          ],
          [
            47.6943445,
            -18.9070579
          ],
          [
            47.6943299,
            -18.9076542
          ],
          [
            47.6944202,
            -18.9080888
          ],
          [
            47.6945418,
            -18.9086667
          ],
          [
            47.6946115,
            -18.9091792
          ],
          [
            47.6946487,
            -18.9093264
          ],
          [
            47.6947034,
            -18.909461
          ],
          [
            47.6947978,
            -18.9095666
          ],
          [
            47.6949266,
            -18.9096153
          ],
          [
            47.6955607,
            -18.9096723
          ],
          [
            47.6958227,
            -18.9097009
          ],
          [
            47.6960095,
            -18.9097174
          ],
          [
            47.6962236,
            -18.9097451
          ],
          [
            47.6964431,
            -18.9097618
          ],
          [
            47.6966527,
            -18.909773
          ],
          [
            47.6969317,
            -18.9097679
          ],
          [
            47.6973474,
            -18.9097248
          ],
          [
            47.6977605,
            -18.9098136
          ],
          [
            47.6981199,
            -18.9099303
          ],
          [
            47.6991384,
            -18.9102685
          ],
          [
            47.7005911,
            -18.9111705
          ],
          [
            47.7010868,
            -18.9114783
          ],
          [
            47.7012609,
            -18.9116453
          ],
          [
            47.7013553,
            -18.911832
          ],
          [
            47.701413,
            -18.9123228
          ],
          [
            47.7014926,
            -18.9124735
          ],
          [
            47.7016189,
            -18.9125826
          ],
          [
            47.7017649,
            -18.9126638
          ],
          [
            47.7020567,
            -18.9126557
          ],
          [
            47.7030805,
            -18.9123679
          ],
          [
            47.7035354,
            -18.9122948
          ],
          [
            47.7037328,
            -18.912238
          ],
          [
            47.7039434,
            -18.9121411
          ],
          [
            47.7040161,
            -18.9120025
          ],
          [
            47.7041963,
            -18.9115559
          ],
          [
            47.7042564,
            -18.9111581
          ],
          [
            47.7041555,
            -18.9108607
          ],
          [
            47.7038015,
            -18.9106222
          ],
          [
            47.703647,
            -18.9104598
          ],
          [
            47.7035955,
            -18.9102649
          ],
          [
            47.7036813,
            -18.9100944
          ],
          [
            47.7038186,
            -18.9099807
          ],
          [
            47.7039926,
            -18.90991
          ],
          [
            47.7043453,
            -18.9098136
          ],
          [
            47.7044928,
            -18.9097349
          ],
          [
            47.7046229,
            -18.9096258
          ],
          [
            47.7047181,
            -18.9094977
          ],
          [
            47.7047771,
            -18.9093594
          ],
          [
            47.7048841,
            -18.9089637
          ]
        ]
      },
      "id": "way/499826929"
    },
    {
      "type": "Feature",
      "properties": {
        "@id": "way/499826930",
        "highway": "primary",
        "ref": "N 2"
      },
      "geometry": {
        "type": "LineString",
        "coordinates": [
          [
            47.7183323,
            -18.8928402
          ],
          [
            47.7185087,
            -18.8927763
          ],
          [
            47.7187086,
            -18.8927255
          ],
          [
            47.7189138,
            -18.8926925
          ],
          [
            47.7193979,
            -18.8926786
          ],
          [
            47.7203665,
            -18.8926615
          ],
          [
            47.7206068,
            -18.8926453
          ],
          [
            47.7207871,
            -18.8926128
          ],
          [
            47.7209858,
            -18.8925593
          ],
          [
            47.7212205,
            -18.8924641
          ],
          [
            47.7218172,
            -18.8921177
          ],
          [
            47.7220466,
            -18.8919401
          ],
          [
            47.7222746,
            -18.8916977
          ],
          [
            47.722435,
            -18.8915165
          ],
          [
            47.7226326,
            -18.8913057
          ],
          [
            47.7227654,
            -18.8912257
          ],
          [
            47.7228995,
            -18.8911775
          ],
          [
            47.7230202,
            -18.8911521
          ],
          [
            47.7231355,
            -18.8911445
          ],
          [
            47.723326,
            -18.8911661
          ],
          [
            47.7235472,
            -18.8912625
          ],
          [
            47.724018,
            -18.8912194
          ],
          [
            47.7244297,
            -18.8912321
          ],
          [
            47.7246013,
            -18.8912638
          ],
          [
            47.724726,
            -18.8912701
          ],
          [
            47.7247958,
            -18.8912879
          ],
          [
            47.7248575,
            -18.891293
          ],
          [
            47.7248897,
            -18.8912943
          ],
          [
            47.7249433,
            -18.8913146
          ],
          [
            47.7249835,
            -18.8913425
          ],
          [
            47.7250258,
            -18.8913558
          ],
          [
            47.7250882,
            -18.8913849
          ],
          [
            47.725127,
            -18.8914135
          ],
          [
            47.7251512,
            -18.8914579
          ],
          [
            47.7252021,
            -18.8915138
          ],
          [
            47.7253169,
            -18.8916013
          ],
          [
            47.7253578,
            -18.8916533
          ],
          [
            47.7254027,
            -18.8916958
          ],
          [
            47.7254443,
            -18.8917396
          ],
          [
            47.7254845,
            -18.8917675
          ],
          [
            47.7255435,
            -18.8917942
          ],
          [
            47.7256021,
            -18.8918177
          ],
          [
            47.7256541,
            -18.891836
          ],
          [
            47.7257098,
            -18.8918513
          ],
          [
            47.7257655,
            -18.8918659
          ],
          [
            47.7257976,
            -18.8918735
          ],
          [
            47.7258654,
            -18.8918906
          ],
          [
            47.7259103,
            -18.8919007
          ],
          [
            47.7259613,
            -18.8919134
          ],
          [
            47.7260491,
            -18.8919356
          ],
          [
            47.7261517,
            -18.891968
          ],
          [
            47.7262295,
            -18.8919902
          ],
          [
            47.7263334,
            -18.8920277
          ],
          [
            47.7264052,
            -18.8920676
          ],
          [
            47.7264481,
            -18.8920923
          ],
          [
            47.7265225,
            -18.8921387
          ],
          [
            47.7265822,
            -18.8921939
          ],
          [
            47.7266633,
            -18.8922808
          ],
          [
            47.7267284,
            -18.8923487
          ],
          [
            47.7268035,
            -18.8924533
          ],
          [
            47.7268813,
            -18.8925675
          ],
          [
            47.7270965,
            -18.8928803
          ],
          [
            47.7274955,
            -18.893445
          ],
          [
            47.7275578,
            -18.8935452
          ],
          [
            47.7276088,
            -18.8936277
          ],
          [
            47.7276316,
            -18.8936657
          ],
          [
            47.7277322,
            -18.893797
          ],
          [
            47.7277899,
            -18.8938744
          ],
          [
            47.7278603,
            -18.8939544
          ],
          [
            47.7279273,
            -18.894021
          ],
          [
            47.7280842,
            -18.8941454
          ],
          [
            47.7283585,
            -18.8943224
          ],
          [
            47.7286549,
            -18.8945064
          ],
          [
            47.7288855,
            -18.8946535
          ],
          [
            47.7289881,
            -18.894722
          ],
          [
            47.7290505,
            -18.8947595
          ],
          [
            47.7291136,
            -18.8947905
          ],
          [
            47.729204,
            -18.8948229
          ],
          [
            47.7292798,
            -18.8948451
          ],
          [
            47.7293394,
            -18.8948654
          ],
          [
            47.7294454,
            -18.8948921
          ],
          [
            47.7296117,
            -18.8949244
          ],
          [
            47.7302542,
            -18.89505
          ],
          [
            47.7309494,
            -18.895187
          ],
          [
            47.7310326,
            -18.8951998
          ],
          [
            47.7311212,
            -18.8952086
          ],
          [
            47.7312137,
            -18.8952175
          ],
          [
            47.7312693,
            -18.8952175
          ],
          [
            47.7313304,
            -18.8952035
          ],
          [
            47.731382,
            -18.895189
          ],
          [
            47.7314283,
            -18.8951674
          ],
          [
            47.7314853,
            -18.8951439
          ],
          [
            47.7315452,
            -18.8951098
          ],
          [
            47.7316227,
            -18.8950551
          ],
          [
            47.731665,
            -18.8950234
          ],
          [
            47.7317048,
            -18.894984
          ],
          [
            47.7317662,
            -18.8949244
          ],
          [
            47.7318157,
            -18.8948543
          ],
          [
            47.7318467,
            -18.8948026
          ],
          [
            47.7318668,
            -18.8947531
          ],
          [
            47.731896,
            -18.8946665
          ],
          [
            47.7319198,
            -18.8945273
          ],
          [
            47.7319451,
            -18.8942532
          ],
          [
            47.7319627,
            -18.8941181
          ],
          [
            47.7319915,
            -18.8940312
          ],
          [
            47.732015,
            -18.893988
          ],
          [
            47.732068,
            -18.8939068
          ],
          [
            47.7321263,
            -18.8938389
          ],
          [
            47.7321873,
            -18.8937787
          ],
          [
            47.7322316,
            -18.8937425
          ],
          [
            47.7323114,
            -18.8936924
          ],
          [
            47.7323717,
            -18.8936727
          ],
          [
            47.7324509,
            -18.893646
          ],
          [
            47.7325293,
            -18.8936277
          ],
          [
            47.7326031,
            -18.8936181
          ],
          [
            47.7330584,
            -18.8935655
          ],
          [
            47.7333346,
            -18.8935757
          ],
          [
            47.7334265,
            -18.893575
          ],
          [
            47.7335123,
            -18.8935718
          ],
          [
            47.7335519,
            -18.8935706
          ],
          [
            47.7335995,
            -18.893568
          ],
          [
            47.7336907,
            -18.893561
          ],
          [
            47.7338054,
            -18.8935566
          ],
          [
            47.7338429,
            -18.8935566
          ],
          [
            47.7338845,
            -18.8935503
          ],
          [
            47.7339717,
            -18.8935338
          ],
          [
            47.7340676,
            -18.8935166
          ],
          [
            47.7341534,
            -18.893497
          ],
          [
            47.7343116,
            -18.8934576
          ],
          [
            47.7345671,
            -18.8933967
          ],
          [
            47.7346302,
            -18.8933783
          ],
          [
            47.7347549,
            -18.8933466
          ],
          [
            47.7348635,
            -18.8933219
          ],
          [
            47.7349641,
            -18.8933034
          ],
          [
            47.7350177,
            -18.8932933
          ],
          [
            47.7350881,
            -18.8932775
          ],
          [
            47.7351612,
            -18.8932736
          ],
          [
            47.7352544,
            -18.8932768
          ],
          [
            47.735404,
            -18.8932825
          ],
          [
            47.7355408,
            -18.893294
          ],
          [
            47.7356648,
            -18.8933054
          ],
          [
            47.7357822,
            -18.8933085
          ],
          [
            47.7358713,
            -18.8933047
          ],
          [
            47.7359116,
            -18.8933022
          ],
          [
            47.7359511,
            -18.8932971
          ],
          [
            47.7360068,
            -18.8932844
          ],
          [
            47.7360578,
            -18.8932724
          ],
          [
            47.7361047,
            -18.8932572
          ],
          [
            47.7361624,
            -18.8932451
          ],
          [
            47.7362589,
            -18.8932045
          ],
          [
            47.7363334,
            -18.8931633
          ],
          [
            47.7364141,
            -18.8931214
          ],
          [
            47.7366794,
            -18.8929158
          ],
          [
            47.7370468,
            -18.8926113
          ],
          [
            47.737211,
            -18.8925146
          ],
          [
            47.7373097,
            -18.8924565
          ],
          [
            47.7375645,
            -18.8922636
          ],
          [
            47.7378488,
            -18.8921234
          ],
          [
            47.7381707,
            -18.8918919
          ],
          [
            47.7384785,
            -18.8916704
          ],
          [
            47.7386223,
            -18.8915753
          ],
          [
            47.7386826,
            -18.8915287
          ],
          [
            47.7387215,
            -18.8914995
          ],
          [
            47.7387641,
            -18.8914708
          ],
          [
            47.7388121,
            -18.8914405
          ],
          [
            47.7388546,
            -18.8914132
          ],
          [
            47.7388959,
            -18.8913916
          ],
          [
            47.7389725,
            -18.8913565
          ],
          [
            47.7390196,
            -18.8913342
          ],
          [
            47.7390649,
            -18.8913145
          ],
          [
            47.7391513,
            -18.8912889
          ],
          [
            47.7392094,
            -18.8912793
          ],
          [
            47.739271,
            -18.891272
          ],
          [
            47.7393381,
            -18.8912685
          ],
          [
            47.7394073,
            -18.8912656
          ],
          [
            47.7395215,
            -18.8912673
          ],
          [
            47.7395802,
            -18.8912714
          ],
          [
            47.7396389,
            -18.8912759
          ],
          [
            47.7396781,
            -18.8912806
          ],
          [
            47.739715,
            -18.8912876
          ],
          [
            47.7397572,
            -18.8912958
          ],
          [
            47.7398021,
            -18.8913079
          ],
          [
            47.7398872,
            -18.891339
          ],
          [
            47.7399983,
            -18.8913777
          ],
          [
            47.7401377,
            -18.8914294
          ],
          [
            47.7402952,
            -18.8914837
          ],
          [
            47.7403895,
            -18.8915214
          ],
          [
            47.7404841,
            -18.8915664
          ],
          [
            47.740677,
            -18.8916516
          ],
          [
            47.7408341,
            -18.8917206
          ],
          [
            47.7409099,
            -18.8917593
          ],
          [
            47.7409888,
            -18.8918032
          ],
          [
            47.7410654,
            -18.8918468
          ],
          [
            47.7411405,
            -18.8918969
          ],
          [
            47.741192,
            -18.8919351
          ],
          [
            47.7412619,
            -18.891987
          ],
          [
            47.7413779,
            -18.892085
          ],
          [
            47.7415995,
            -18.8923039
          ],
          [
            47.7417876,
            -18.8925079
          ],
          [
            47.7419839,
            -18.89273
          ],
          [
            47.7421551,
            -18.8929241
          ],
          [
            47.7422349,
            -18.8930091
          ],
          [
            47.7423067,
            -18.8930903
          ],
          [
            47.742367,
            -18.8931569
          ],
          [
            47.7424267,
            -18.893221
          ],
          [
            47.7424951,
            -18.8932863
          ],
          [
            47.7425502,
            -18.893342
          ],
          [
            47.7426231,
            -18.8934024
          ],
          [
            47.742726,
            -18.8934699
          ],
          [
            47.7428337,
            -18.8935401
          ],
          [
            47.7429559,
            -18.8936056
          ],
          [
            47.7430422,
            -18.8936448
          ],
          [
            47.7431368,
            -18.8936816
          ],
          [
            47.7432354,
            -18.8937127
          ],
          [
            47.7433058,
            -18.8937298
          ],
          [
            47.7433992,
            -18.8937518
          ],
          [
            47.7436323,
            -18.8937907
          ],
          [
            47.7437644,
            -18.8938091
          ],
          [
            47.7439029,
            -18.8938236
          ],
          [
            47.7439917,
            -18.8938357
          ],
          [
            47.7440957,
            -18.8938554
          ],
          [
            47.7441974,
            -18.8938807
          ],
          [
            47.7443297,
            -18.8939194
          ],
          [
            47.744447,
            -18.8939677
          ],
          [
            47.7445295,
            -18.8940134
          ],
          [
            47.7446097,
            -18.8940593
          ],
          [
            47.7447025,
            -18.8941168
          ],
          [
            47.7447957,
            -18.8941873
          ],
          [
            47.7451733,
            -18.894538
          ],
          [
            47.7452866,
            -18.8946465
          ],
          [
            47.7453958,
            -18.8947544
          ],
          [
            47.7456413,
            -18.8950443
          ],
          [
            47.7456882,
            -18.8951071
          ],
          [
            47.7457325,
            -18.8951725
          ],
          [
            47.7457687,
            -18.8952441
          ],
          [
            47.7457942,
            -18.8952905
          ],
          [
            47.745815,
            -18.8953463
          ],
          [
            47.7458331,
            -18.8954028
          ],
          [
            47.7458431,
            -18.8954599
          ],
          [
            47.7458668,
            -18.8956499
          ],
          [
            47.7458733,
            -18.8957811
          ],
          [
            47.7458767,
            -18.8958811
          ],
          [
            47.7458807,
            -18.8959357
          ],
          [
            47.7458954,
            -18.8960086
          ],
          [
            47.7459095,
            -18.8960657
          ],
          [
            47.745933,
            -18.8961203
          ],
          [
            47.7459685,
            -18.8961792
          ],
          [
            47.7460099,
            -18.8962424
          ],
          [
            47.7461434,
            -18.8963978
          ],
          [
            47.746517,
            -18.8967863
          ],
          [
            47.746871,
            -18.8971603
          ],
          [
            47.7469397,
            -18.8972578
          ],
          [
            47.7469998,
            -18.8973714
          ],
          [
            47.7470084,
            -18.897477
          ],
          [
            47.7469643,
            -18.8977311
          ],
          [
            47.7469375,
            -18.8979087
          ],
          [
            47.7469415,
            -18.8980394
          ],
          [
            47.7469831,
            -18.8981612
          ],
          [
            47.7470407,
            -18.8982735
          ],
          [
            47.7471212,
            -18.8983858
          ],
          [
            47.7472365,
            -18.8985165
          ],
          [
            47.7473264,
            -18.8985862
          ],
          [
            47.7476496,
            -18.8988
          ],
          [
            47.7477334,
            -18.8988749
          ],
          [
            47.7478186,
            -18.8989675
          ],
          [
            47.7479775,
            -18.8991572
          ],
          [
            47.7480881,
            -18.8992714
          ],
          [
            47.74818,
            -18.8993405
          ],
          [
            47.748296,
            -18.8994154
          ],
          [
            47.7483865,
            -18.8994585
          ],
          [
            47.7484677,
            -18.8994814
          ],
          [
            47.7485381,
            -18.8994865
          ],
          [
            47.7486071,
            -18.8994801
          ],
          [
            47.7488351,
            -18.8994535
          ],
          [
            47.7491114,
            -18.899423
          ],
          [
            47.7492006,
            -18.8994167
          ],
          [
            47.7493085,
            -18.8994173
          ],
          [
            47.7495566,
            -18.899437
          ],
          [
            47.7497994,
            -18.8994643
          ],
          [
            47.7499838,
            -18.8994928
          ],
          [
            47.7501326,
            -18.8995233
          ],
          [
            47.7503311,
            -18.8995753
          ],
          [
            47.7504847,
            -18.8996298
          ],
          [
            47.7505692,
            -18.8996622
          ],
          [
            47.7506409,
            -18.8996958
          ],
          [
            47.7507636,
            -18.899751
          ],
          [
            47.7508643,
            -18.8998149
          ],
          [
            47.7509167,
            -18.8998593
          ],
          [
            47.7509678,
            -18.8999108
          ],
          [
            47.7510085,
            -18.899959
          ],
          [
            47.7510488,
            -18.9000156
          ],
          [
            47.7510843,
            -18.9000758
          ],
          [
            47.7511126,
            -18.900135
          ],
          [
            47.7511366,
            -18.9001982
          ],
          [
            47.7511595,
            -18.9002835
          ],
          [
            47.751168,
            -18.9003499
          ],
          [
            47.751178,
            -18.9004488
          ],
          [
            47.7511794,
            -18.900563
          ],
          [
            47.7511712,
            -18.9007089
          ],
          [
            47.7511606,
            -18.9008625
          ],
          [
            47.7511405,
            -18.9009424
          ],
          [
            47.7509823,
            -18.9012042
          ],
          [
            47.7508294,
            -18.9014195
          ],
          [
            47.7507985,
            -18.9014728
          ],
          [
            47.7507757,
            -18.9015565
          ],
          [
            47.7507757,
            -18.9016237
          ],
          [
            47.7507864,
            -18.9017075
          ],
          [
            47.750832,
            -18.9017874
          ],
          [
            47.750879,
            -18.9018597
          ],
          [
            47.7509206,
            -18.9019003
          ],
          [
            47.7509702,
            -18.9019371
          ],
          [
            47.7510386,
            -18.9019714
          ],
          [
            47.7511164,
            -18.9019866
          ],
          [
            47.7512236,
            -18.9019942
          ],
          [
            47.7514141,
            -18.901972
          ],
          [
            47.7515864,
            -18.9019593
          ],
          [
            47.7516917,
            -18.9019587
          ],
          [
            47.7518117,
            -18.9019657
          ],
          [
            47.7520189,
            -18.9019581
          ],
          [
            47.7521255,
            -18.901965
          ],
          [
            47.7521926,
            -18.9019638
          ],
          [
            47.7522543,
            -18.9019524
          ],
          [
            47.7523099,
            -18.9019327
          ],
          [
            47.752373,
            -18.901901
          ],
          [
            47.7524454,
            -18.9018547
          ],
          [
            47.7525017,
            -18.9018014
          ],
          [
            47.7525815,
            -18.9016548
          ],
          [
            47.7526895,
            -18.9013795
          ],
          [
            47.7529752,
            -18.9006546
          ],
          [
            47.7531052,
            -18.9004679
          ],
          [
            47.7533341,
            -18.900376
          ],
          [
            47.7534231,
            -18.9003511
          ],
          [
            47.7535109,
            -18.9003321
          ],
          [
            47.7536289,
            -18.9003182
          ],
          [
            47.7537496,
            -18.9003175
          ],
          [
            47.7538535,
            -18.9003232
          ],
          [
            47.7539273,
            -18.9003366
          ],
          [
            47.7540145,
            -18.9003689
          ],
          [
            47.7541151,
            -18.9004247
          ],
          [
            47.7541754,
            -18.900466
          ],
          [
            47.7542267,
            -18.900514
          ],
          [
            47.7543029,
            -18.9005989
          ],
          [
            47.7543726,
            -18.9006764
          ],
          [
            47.7546535,
            -18.9010553
          ],
          [
            47.754732,
            -18.9011682
          ],
          [
            47.7548071,
            -18.9012444
          ],
          [
            47.7549036,
            -18.9013262
          ],
          [
            47.7549975,
            -18.9013852
          ],
          [
            47.7550934,
            -18.9014309
          ],
          [
            47.755196,
            -18.9014632
          ],
          [
            47.7552718,
            -18.9014766
          ],
          [
            47.7553482,
            -18.9014709
          ],
          [
            47.7554247,
            -18.9014353
          ],
          [
            47.7555228,
            -18.9013585
          ],
          [
            47.7556654,
            -18.9012355
          ],
          [
            47.7557398,
            -18.9011828
          ],
          [
            47.7558015,
            -18.9011543
          ],
          [
            47.7558661,
            -18.9011312
          ],
          [
            47.7559899,
            -18.9011048
          ],
          [
            47.7561147,
            -18.9010889
          ],
          [
            47.7562005,
            -18.9010775
          ],
          [
            47.7563641,
            -18.9010116
          ],
          [
            47.7565914,
            -18.9009056
          ],
          [
            47.7567094,
            -18.9008783
          ],
          [
            47.7567931,
            -18.9008713
          ],
          [
            47.7569025,
            -18.9008726
          ],
          [
            47.7571647,
            -18.9008923
          ],
          [
            47.7574765,
            -18.9007971
          ],
          [
            47.7575698,
            -18.9007812
          ],
          [
            47.7576147,
            -18.9007779
          ],
          [
            47.7576858,
            -18.900782
          ],
          [
            47.7577406,
            -18.9007932
          ],
          [
            47.7577962,
            -18.9008126
          ],
          [
            47.7578665,
            -18.9008506
          ],
          [
            47.757926,
            -18.9008957
          ],
          [
            47.7580119,
            -18.900985
          ],
          [
            47.7580922,
            -18.9010938
          ],
          [
            47.7582068,
            -18.9012571
          ],
          [
            47.7582739,
            -18.9013713
          ],
          [
            47.7584937,
            -18.9016301
          ],
          [
            47.7586742,
            -18.9016866
          ],
          [
            47.7587848,
            -18.9016726
          ],
          [
            47.7589511,
            -18.9015807
          ],
          [
            47.7592341,
            -18.9013129
          ],
          [
            47.7593658,
            -18.9012177
          ],
          [
            47.7594958,
            -18.9011237
          ],
          [
            47.7596967,
            -18.9009963
          ],
          [
            47.7597618,
            -18.9009646
          ],
          [
            47.7598329,
            -18.9009386
          ],
          [
            47.7599318,
            -18.900918
          ],
          [
            47.7600588,
            -18.9008993
          ],
          [
            47.7601769,
            -18.9008885
          ],
          [
            47.7603069,
            -18.9008802
          ],
          [
            47.7604652,
            -18.9008859
          ],
          [
            47.7606047,
            -18.9009005
          ],
          [
            47.7608514,
            -18.9009298
          ],
          [
            47.7608923,
            -18.9009332
          ],
          [
            47.760936,
            -18.9009322
          ],
          [
            47.760983,
            -18.9009258
          ],
          [
            47.7610365,
            -18.9009122
          ],
          [
            47.7610919,
            -18.9008874
          ],
          [
            47.7612332,
            -18.9007985
          ],
          [
            47.7614108,
            -18.9006683
          ],
          [
            47.7614616,
            -18.9006322
          ],
          [
            47.761518,
            -18.9006093
          ],
          [
            47.7615709,
            -18.9005979
          ],
          [
            47.7616387,
            -18.9005929
          ],
          [
            47.7617091,
            -18.9006005
          ],
          [
            47.7617627,
            -18.9006115
          ],
          [
            47.7619687,
            -18.9006639
          ],
          [
            47.7621738,
            -18.9007153
          ],
          [
            47.7623636,
            -18.9007818
          ],
          [
            47.762434,
            -18.9008177
          ],
          [
            47.7624723,
            -18.9008452
          ],
          [
            47.7625533,
            -18.9009551
          ],
          [
            47.7626975,
            -18.9012683
          ],
          [
            47.7628168,
            -18.9015273
          ],
          [
            47.7628523,
            -18.901594
          ],
          [
            47.7629429,
            -18.9017112
          ],
          [
            47.7630247,
            -18.9017716
          ],
          [
            47.7632493,
            -18.9018889
          ],
          [
            47.763417,
            -18.9019759
          ],
          [
            47.763484,
            -18.9020095
          ],
          [
            47.7635513,
            -18.9020326
          ],
          [
            47.7636415,
            -18.9020509
          ],
          [
            47.7637192,
            -18.9020643
          ],
          [
            47.7637985,
            -18.9020737
          ],
          [
            47.7638841,
            -18.9020811
          ],
          [
            47.7639558,
            -18.9020699
          ],
          [
            47.7640486,
            -18.902052
          ],
          [
            47.7642216,
            -18.9019955
          ],
          [
            47.7643484,
            -18.9019111
          ],
          [
            47.7644684,
            -18.9017982
          ],
          [
            47.7649063,
            -18.9014404
          ],
          [
            47.7654061,
            -18.9009825
          ],
          [
            47.7655782,
            -18.9008783
          ],
          [
            47.7656886,
            -18.9008593
          ],
          [
            47.7657577,
            -18.9008359
          ],
          [
            47.765823,
            -18.9008241
          ],
          [
            47.7658738,
            -18.9008186
          ],
          [
            47.7659416,
            -18.9008164
          ],
          [
            47.7660239,
            -18.9008214
          ],
          [
            47.7661242,
            -18.9008445
          ],
          [
            47.7666653,
            -18.9010573
          ],
          [
            47.766733,
            -18.9010802
          ],
          [
            47.7668148,
            -18.9010977
          ],
          [
            47.7668924,
            -18.901105
          ],
          [
            47.7669721,
            -18.9011032
          ],
          [
            47.7670478,
            -18.9010947
          ],
          [
            47.7671191,
            -18.901075
          ],
          [
            47.7672016,
            -18.9010382
          ],
          [
            47.7672807,
            -18.9009963
          ],
          [
            47.7673813,
            -18.9009342
          ],
          [
            47.7674785,
            -18.9008549
          ],
          [
            47.7675958,
            -18.9007356
          ],
          [
            47.7676651,
            -18.9006148
          ],
          [
            47.7679438,
            -18.9002077
          ],
          [
            47.7681034,
            -18.899985
          ],
          [
            47.7682,
            -18.8998753
          ],
          [
            47.7682925,
            -18.8997922
          ],
          [
            47.768365,
            -18.8997307
          ],
          [
            47.768479,
            -18.8996495
          ],
          [
            47.7687836,
            -18.8995071
          ],
          [
            47.7690669,
            -18.8993934
          ],
          [
            47.7696591,
            -18.8991985
          ],
          [
            47.7699337,
            -18.8990524
          ],
          [
            47.7703457,
            -18.8987682
          ],
          [
            47.7709358,
            -18.8983535
          ],
          [
            47.7712995,
            -18.8980845
          ],
          [
            47.771534,
            -18.8979815
          ],
          [
            47.7716632,
            -18.8979307
          ],
          [
            47.7718236,
            -18.8979033
          ],
          [
            47.7721053,
            -18.8979236
          ],
          [
            47.7723504,
            -18.897967
          ],
          [
            47.7725602,
            -18.8979642
          ],
          [
            47.7729292,
            -18.897948
          ],
          [
            47.7741979,
            -18.8977785
          ],
          [
            47.7749947,
            -18.8976765
          ],
          [
            47.7753754,
            -18.8976313
          ],
          [
            47.7756409,
            -18.8975818
          ],
          [
            47.7761667,
            -18.8974714
          ],
          [
            47.7767315,
            -18.8973065
          ],
          [
            47.7768336,
            -18.8972498
          ],
          [
            47.7769804,
            -18.8971684
          ],
          [
            47.7771051,
            -18.8970978
          ],
          [
            47.7772529,
            -18.8969286
          ],
          [
            47.7774316,
            -18.8966683
          ],
          [
            47.7775173,
            -18.8965435
          ],
          [
            47.7779394,
            -18.89593
          ],
          [
            47.7781441,
            -18.8956248
          ],
          [
            47.7786325,
            -18.8948964
          ],
          [
            47.7787605,
            -18.8946237
          ],
          [
            47.7788046,
            -18.8944836
          ],
          [
            47.7788156,
            -18.8943365
          ],
          [
            47.7788249,
            -18.8941263
          ],
          [
            47.7788086,
            -18.8939202
          ],
          [
            47.7788258,
            -18.8935792
          ],
          [
            47.778841,
            -18.8934361
          ],
          [
            47.7788945,
            -18.8933112
          ],
          [
            47.7790232,
            -18.893165
          ],
          [
            47.7792292,
            -18.8930188
          ],
          [
            47.7794008,
            -18.8929471
          ],
          [
            47.779653,
            -18.8928508
          ],
          [
            47.7805907,
            -18.8924301
          ],
          [
            47.7813864,
            -18.8920709
          ],
          [
            47.7817217,
            -18.8919147
          ],
          [
            47.782045,
            -18.8917755
          ],
          [
            47.7822658,
            -18.8916962
          ],
          [
            47.7824374,
            -18.8916524
          ],
          [
            47.7825925,
            -18.8916134
          ],
          [
            47.7827489,
            -18.8916216
          ],
          [
            47.7831268,
            -18.8916614
          ],
          [
            47.7833947,
            -18.8916928
          ],
          [
            47.7838729,
            -18.8917487
          ],
          [
            47.7840134,
            -18.8917652
          ],
          [
            47.7847296,
            -18.8918495
          ],
          [
            47.7852878,
            -18.8918927
          ],
          [
            47.787225,
            -18.8920429
          ],
          [
            47.7880821,
            -18.8921093
          ],
          [
            47.7890642,
            -18.892171
          ],
          [
            47.7901217,
            -18.8922408
          ],
          [
            47.791195,
            -18.8923493
          ],
          [
            47.7911971,
            -18.8923496
          ]
        ]
      },
      "id": "way/499826930"
    },
    {
      "type": "Feature",
      "properties": {
        "@id": "way/531720065",
        "highway": "secondary",
        "name": "Làlana Rabemanantsoa Naka",
        "name:fr": "Rue Naka Rabemanantsoa",
        "oneway": "yes",
        "ref": "N 2"
      },
      "geometry": {
        "type": "LineString",
        "coordinates": [
          [
            47.5247985,
            -18.9012554
          ],
          [
            47.5247707,
            -18.9012298
          ],
          [
            47.5244744,
            -18.9009903
          ],
          [
            47.5243894,
            -18.9009208
          ]
        ]
      },
      "id": "way/531720065"
    },
    {
      "type": "Feature",
      "properties": {
        "@id": "way/544310429",
        "highway": "primary",
        "ref": "N 2"
      },
      "geometry": {
        "type": "LineString",
        "coordinates": [
          [
            47.8177169,
            -18.9263576
          ],
          [
            47.817737,
            -18.9265117
          ],
          [
            47.8178222,
            -18.9267817
          ],
          [
            47.8179865,
            -18.9270128
          ],
          [
            47.8181782,
            -18.9271866
          ],
          [
            47.8188515,
            -18.9276351
          ],
          [
            47.8191052,
            -18.9279022
          ],
          [
            47.8194551,
            -18.9283765
          ],
          [
            47.8198573,
            -18.9289181
          ],
          [
            47.8200691,
            -18.9291154
          ],
          [
            47.8203711,
            -18.9292454
          ],
          [
            47.8211763,
            -18.9294351
          ],
          [
            47.8215364,
            -18.9294265
          ],
          [
            47.8218244,
            -18.929328
          ],
          [
            47.8225851,
            -18.9289804
          ],
          [
            47.8230585,
            -18.9289277
          ],
          [
            47.8234039,
            -18.9289532
          ],
          [
            47.8237619,
            -18.9287596
          ],
          [
            47.8241877,
            -18.9284286
          ],
          [
            47.8244627,
            -18.9282979
          ],
          [
            47.8247772,
            -18.9282446
          ],
          [
            47.8254172,
            -18.9282699
          ]
        ]
      },
      "id": "way/544310429"
    },
    {
      "type": "Feature",
      "properties": {
        "@id": "way/544310430",
        "highway": "primary",
        "ref": "N 2"
      },
      "geometry": {
        "type": "LineString",
        "coordinates": [
          [
            47.8254172,
            -18.9282699
          ],
          [
            47.825673,
            -18.928237
          ],
          [
            47.826305,
            -18.9279436
          ],
          [
            47.8272407,
            -18.9275808
          ],
          [
            47.8275056,
            -18.9275197
          ],
          [
            47.8282338,
            -18.9277454
          ],
          [
            47.828602,
            -18.9277365
          ],
          [
            47.8288481,
            -18.9276756
          ],
          [
            47.829349,
            -18.9274143
          ],
          [
            47.829807,
            -18.9273883
          ],
          [
            47.8299605,
            -18.9273407
          ],
          [
            47.8302193,
            -18.926983
          ],
          [
            47.8303305,
            -18.9268241
          ],
          [
            47.8304335,
            -18.9267629
          ],
          [
            47.8307688,
            -18.9267291
          ],
          [
            47.8310914,
            -18.9266114
          ],
          [
            47.8321109,
            -18.9258826
          ],
          [
            47.8322253,
            -18.9257052
          ],
          [
            47.8322572,
            -18.9253795
          ],
          [
            47.8317522,
            -18.9240652
          ],
          [
            47.8316884,
            -18.9236748
          ],
          [
            47.8318929,
            -18.9228328
          ],
          [
            47.8320949,
            -18.9225803
          ],
          [
            47.8326025,
            -18.9222669
          ],
          [
            47.8327866,
            -18.9220008
          ],
          [
            47.8329905,
            -18.9215592
          ],
          [
            47.8332482,
            -18.9209675
          ],
          [
            47.8333133,
            -18.9203443
          ],
          [
            47.8335205,
            -18.9197918
          ],
          [
            47.8335573,
            -18.9187014
          ],
          [
            47.8337726,
            -18.918158
          ],
          [
            47.8342601,
            -18.9171792
          ],
          [
            47.8345169,
            -18.9166931
          ],
          [
            47.8348402,
            -18.9162423
          ],
          [
            47.835675,
            -18.915237
          ],
          [
            47.8359305,
            -18.9150641
          ],
          [
            47.8365064,
            -18.9147006
          ],
          [
            47.83691,
            -18.9143695
          ]
        ]
      },
      "id": "way/544310430"
    },
    {
      "type": "Feature",
      "properties": {
        "@id": "way/549220980",
        "highway": "primary",
        "ref": "N 2"
      },
      "geometry": {
        "type": "LineString",
        "coordinates": [
          [
            49.3463047,
            -18.1842475
          ],
          [
            49.346367,
            -18.183784
          ],
          [
            49.34647,
            -18.183311
          ],
          [
            49.346512,
            -18.183191
          ],
          [
            49.346733,
            -18.182718
          ],
          [
            49.346809,
            -18.182602
          ],
          [
            49.347168,
            -18.182142
          ],
          [
            49.347267,
            -18.182026
          ],
          [
            49.347565,
            -18.181669
          ],
          [
            49.34766,
            -18.181549
          ],
          [
            49.348026,
            -18.181112
          ],
          [
            49.348118,
            -18.181009
          ],
          [
            49.348454,
            -18.18062
          ],
          [
            49.348537,
            -18.180525
          ],
          [
            49.348854,
            -18.180147
          ],
          [
            49.34893,
            -18.180048
          ],
          [
            49.349251,
            -18.179667
          ],
          [
            49.349335,
            -18.179569
          ],
          [
            49.349751,
            -18.179068
          ],
          [
            49.3500962,
            -18.1786571
          ],
          [
            49.350595,
            -18.1780913
          ],
          [
            49.3509276,
            -18.1776989
          ],
          [
            49.351228,
            -18.1773472
          ],
          [
            49.3515392,
            -18.1769701
          ],
          [
            49.3518825,
            -18.1765674
          ],
          [
            49.3522366,
            -18.1761495
          ],
          [
            49.3526443,
            -18.1756857
          ],
          [
            49.3531,
            -18.17514
          ],
          [
            49.3536034,
            -18.1745994
          ],
          [
            49.354298,
            -18.17383
          ],
          [
            49.354351,
            -18.173771
          ],
          [
            49.354408,
            -18.173716
          ],
          [
            49.3544862,
            -18.1736383
          ],
          [
            49.3546023,
            -18.1735309
          ]
        ]
      },
      "id": "way/549220980"
    },
    {
      "type": "Feature",
      "properties": {
        "@id": "way/549220981",
        "highway": "primary",
        "ref": "N 2"
      },
      "geometry": {
        "type": "LineString",
        "coordinates": [
          [
            49.3462563,
            -18.1846109
          ],
          [
            49.3462701,
            -18.1844868
          ],
          [
            49.346279,
            -18.184439
          ],
          [
            49.3463047,
            -18.1842475
          ]
        ]
      },
      "id": "way/549220981"
    },
    {
      "type": "Feature",
      "properties": {
        "@id": "way/561680602",
        "highway": "primary",
        "junction": "roundabout",
        "ref": "N 2",
        "surface": "asphalt"
      },
      "geometry": {
        "type": "LineString",
        "coordinates": [
          [
            47.5457686,
            -18.8967855
          ],
          [
            47.5457535,
            -18.8967932
          ],
          [
            47.545742,
            -18.8968051
          ],
          [
            47.5457353,
            -18.89682
          ],
          [
            47.5457343,
            -18.8968361
          ],
          [
            47.545739,
            -18.8968517
          ]
        ]
      },
      "id": "way/561680602"
    },
    {
      "type": "Feature",
      "properties": {
        "@id": "way/561680603",
        "highway": "primary",
        "junction": "roundabout",
        "ref": "N 2",
        "surface": "asphalt"
      },
      "geometry": {
        "type": "LineString",
        "coordinates": [
          [
            47.5458337,
            -18.8968197
          ],
          [
            47.5458272,
            -18.8968052
          ],
          [
            47.545816,
            -18.8967935
          ],
          [
            47.5458015,
            -18.8967859
          ],
          [
            47.5457851,
            -18.8967831
          ],
          [
            47.5457686,
            -18.8967855
          ]
        ]
      },
      "id": "way/561680603"
    },
    {
      "type": "Feature",
      "properties": {
        "@id": "way/561680604",
        "highway": "primary",
        "ref": "N 2",
        "surface": "asphalt"
      },
      "geometry": {
        "type": "LineString",
        "coordinates": [
          [
            47.5427953,
            -18.9017669
          ],
          [
            47.5425744,
            -18.9017251
          ],
          [
            47.5425047,
            -18.9016994
          ],
          [
            47.5423226,
            -18.901647
          ],
          [
            47.5421889,
            -18.9015945
          ],
          [
            47.5415874,
            -18.9013912
          ],
          [
            47.5413661,
            -18.9013848
          ],
          [
            47.5411864,
            -18.9014127
          ],
          [
            47.5410362,
            -18.9014761
          ],
          [
            47.5407425,
            -18.9015789
          ],
          [
            47.5404796,
            -18.9015865
          ],
          [
            47.5401819,
            -18.9015395
          ],
          [
            47.5396254,
            -18.9015485
          ],
          [
            47.5390608,
            -18.9015765
          ],
          [
            47.5387309,
            -18.9015655
          ],
          [
            47.538639,
            -18.9015764
          ]
        ]
      },
      "id": "way/561680604"
    },
    {
      "type": "Feature",
      "properties": {
        "@id": "way/562709775",
        "highway": "primary",
        "oneway": "no",
        "ref": "N 2",
        "surface": "asphalt"
      },
      "geometry": {
        "type": "LineString",
        "coordinates": [
          [
            47.5326014,
            -18.9017208
          ],
          [
            47.5325528,
            -18.9017078
          ],
          [
            47.5324438,
            -18.9016693
          ]
        ]
      },
      "id": "way/562709775"
    },
    {
      "type": "Feature",
      "properties": {
        "@id": "way/562709776",
        "highway": "primary",
        "ref": "N 2"
      },
      "geometry": {
        "type": "LineString",
        "coordinates": [
          [
            47.538639,
            -18.9015764
          ],
          [
            47.5384163,
            -18.9015798
          ],
          [
            47.5381206,
            -18.9015878
          ]
        ]
      },
      "id": "way/562709776"
    },
    {
      "type": "Feature",
      "properties": {
        "@id": "way/563867091",
        "highway": "primary",
        "ref": "N 2"
      },
      "geometry": {
        "type": "LineString",
        "coordinates": [
          [
            47.5350915,
            -18.9016945
          ],
          [
            47.5344439,
            -18.901722
          ],
          [
            47.533819,
            -18.9017358
          ],
          [
            47.5334849,
            -18.9017424
          ],
          [
            47.5329865,
            -18.9017624
          ]
        ]
      },
      "id": "way/563867091"
    },
    {
      "type": "Feature",
      "properties": {
        "@id": "way/563867092",
        "highway": "primary",
        "oneway": "no",
        "ref": "N 2"
      },
      "geometry": {
        "type": "LineString",
        "coordinates": [
          [
            47.5618992,
            -18.8946002
          ],
          [
            47.5620548,
            -18.8945689
          ],
          [
            47.5621022,
            -18.8945594
          ],
          [
            47.5623471,
            -18.8945875
          ],
          [
            47.5625235,
            -18.8946277
          ],
          [
            47.5625751,
            -18.8946395
          ],
          [
            47.5628881,
            -18.8947749
          ],
          [
            47.5629863,
            -18.894873
          ],
          [
            47.5630142,
            -18.8949009
          ],
          [
            47.5630806,
            -18.8949672
          ],
          [
            47.5633034,
            -18.8952012
          ],
          [
            47.5634281,
            -18.8953564
          ],
          [
            47.5635742,
            -18.895482
          ],
          [
            47.5637285,
            -18.8955556
          ],
          [
            47.5639444,
            -18.8955709
          ],
          [
            47.5642341,
            -18.8955036
          ],
          [
            47.5646833,
            -18.8953222
          ],
          [
            47.5650535,
            -18.8951788
          ],
          [
            47.5652761,
            -18.8950494
          ],
          [
            47.5653939,
            -18.8949617
          ],
          [
            47.5654773,
            -18.8948996
          ],
          [
            47.5656717,
            -18.894741
          ],
          [
            47.5658474,
            -18.8946586
          ],
          [
            47.5659654,
            -18.8946395
          ],
          [
            47.566058,
            -18.8946281
          ],
          [
            47.5663007,
            -18.8947004
          ],
          [
            47.5666199,
            -18.8948324
          ],
          [
            47.5667674,
            -18.8948857
          ],
          [
            47.5668988,
            -18.894887
          ],
          [
            47.5669779,
            -18.8948591
          ],
          [
            47.5670625,
            -18.8948032
          ],
          [
            47.5671315,
            -18.8947316
          ],
          [
            47.5671835,
            -18.8946418
          ],
          [
            47.5672449,
            -18.8944809
          ],
          [
            47.5672836,
            -18.8943614
          ],
          [
            47.5673264,
            -18.8942922
          ],
          [
            47.5673623,
            -18.8942524
          ],
          [
            47.5673908,
            -18.8942287
          ]
        ]
      },
      "id": "way/563867092"
    },
    {
      "type": "Feature",
      "properties": {
        "@id": "way/565297459",
        "highway": "primary",
        "junction": "roundabout",
        "ref": "N 2"
      },
      "geometry": {
        "type": "LineString",
        "coordinates": [
          [
            47.5293128,
            -18.9020594
          ],
          [
            47.5293016,
            -18.9020411
          ],
          [
            47.5292846,
            -18.9020275
          ],
          [
            47.5292637,
            -18.9020199
          ],
          [
            47.5292414,
            -18.9020193
          ],
          [
            47.5292202,
            -18.9020257
          ],
          [
            47.5292023,
            -18.9020384
          ],
          [
            47.5291899,
            -18.9020559
          ]
        ]
      },
      "id": "way/565297459"
    },
    {
      "type": "Feature",
      "properties": {
        "@id": "way/565297460",
        "highway": "primary",
        "junction": "roundabout",
        "ref": "N 2"
      },
      "geometry": {
        "type": "LineString",
        "coordinates": [
          [
            47.5292637,
            -18.9021432
          ],
          [
            47.5292851,
            -18.9021353
          ],
          [
            47.5293023,
            -18.902121
          ],
          [
            47.5293134,
            -18.9021021
          ],
          [
            47.5293171,
            -18.9020807
          ],
          [
            47.5293128,
            -18.9020594
          ]
        ]
      },
      "id": "way/565297460"
    },
    {
      "type": "Feature",
      "properties": {
        "@id": "way/565297461",
        "highway": "primary",
        "junction": "roundabout",
        "ref": "N 2"
      },
      "geometry": {
        "type": "LineString",
        "coordinates": [
          [
            47.5291899,
            -18.9020559
          ],
          [
            47.5291846,
            -18.9020748
          ],
          [
            47.5291856,
            -18.9020944
          ],
          [
            47.5291929,
            -18.9021127
          ],
          [
            47.5292058,
            -18.902128
          ],
          [
            47.5292231,
            -18.9021388
          ],
          [
            47.5292431,
            -18.902144
          ],
          [
            47.5292637,
            -18.9021432
          ]
        ]
      },
      "id": "way/565297461"
    },
    {
      "type": "Feature",
      "properties": {
        "@id": "way/565386353",
        "highway": "primary",
        "junction": "roundabout",
        "ref": "N 2",
        "surface": "asphalt"
      },
      "geometry": {
        "type": "LineString",
        "coordinates": [
          [
            47.5458103,
            -18.8968721
          ],
          [
            47.545826,
            -18.896863
          ],
          [
            47.5458345,
            -18.8968502
          ],
          [
            47.5458384,
            -18.8968355
          ],
          [
            47.5458337,
            -18.8968197
          ]
        ]
      },
      "id": "way/565386353"
    },
    {
      "type": "Feature",
      "properties": {
        "@id": "way/565444940",
        "highway": "primary",
        "lane_markings": "no",
        "ref": "N 2",
        "surface": "asphalt"
      },
      "geometry": {
        "type": "LineString",
        "coordinates": [
          [
            47.5549866,
            -18.8924183
          ],
          [
            47.5547581,
            -18.8924105
          ],
          [
            47.5547142,
            -18.8924066
          ],
          [
            47.5545532,
            -18.8924346
          ],
          [
            47.5543508,
            -18.8925109
          ],
          [
            47.5542469,
            -18.8925478
          ],
          [
            47.5540162,
            -18.8926297
          ],
          [
            47.5538284,
            -18.8927071
          ],
          [
            47.5537439,
            -18.8927591
          ],
          [
            47.5537024,
            -18.8928149
          ],
          [
            47.5536675,
            -18.892853
          ],
          [
            47.5536407,
            -18.8928961
          ],
          [
            47.5535414,
            -18.8930357
          ],
          [
            47.5534046,
            -18.893259
          ],
          [
            47.5532504,
            -18.8934011
          ],
          [
            47.5531686,
            -18.8934398
          ],
          [
            47.5530868,
            -18.8934785
          ],
          [
            47.5527381,
            -18.893575
          ],
          [
            47.5523206,
            -18.8936933
          ],
          [
            47.5521963,
            -18.8937285
          ],
          [
            47.5515333,
            -18.8939439
          ],
          [
            47.5511341,
            -18.8940736
          ],
          [
            47.5510505,
            -18.8940686
          ],
          [
            47.5508351,
            -18.8940559
          ],
          [
            47.5503322,
            -18.8939505
          ],
          [
            47.5499456,
            -18.8938355
          ],
          [
            47.5497991,
            -18.8938008
          ],
          [
            47.5495655,
            -18.8938248
          ],
          [
            47.5495516,
            -18.8938262
          ],
          [
            47.5493652,
            -18.8938782
          ],
          [
            47.5493098,
            -18.8939097
          ],
          [
            47.5492445,
            -18.8939467
          ],
          [
            47.5490031,
            -18.8941003
          ],
          [
            47.5486672,
            -18.8942961
          ],
          [
            47.5484748,
            -18.8944467
          ],
          [
            47.5481985,
            -18.8946522
          ],
          [
            47.5479048,
            -18.8947728
          ],
          [
            47.5476607,
            -18.8947994
          ],
          [
            47.5474327,
            -18.8948451
          ],
          [
            47.5471631,
            -18.8949758
          ],
          [
            47.5469317,
            -18.8951553
          ]
        ]
      },
      "id": "way/565444940"
    },
    {
      "type": "Feature",
      "properties": {
        "@id": "way/565444944",
        "highway": "primary",
        "ref": "N 2"
      },
      "geometry": {
        "type": "LineString",
        "coordinates": [
          [
            47.5589997,
            -18.8919711
          ],
          [
            47.5588271,
            -18.8918784
          ],
          [
            47.5587637,
            -18.8918443
          ],
          [
            47.5585558,
            -18.8917618
          ],
          [
            47.5584418,
            -18.8917301
          ],
          [
            47.5583319,
            -18.8917288
          ],
          [
            47.5580355,
            -18.8918087
          ],
          [
            47.5579577,
            -18.8918239
          ],
          [
            47.5577846,
            -18.8918646
          ],
          [
            47.5572751,
            -18.8919343
          ],
          [
            47.5566796,
            -18.8920003
          ],
          [
            47.5565321,
            -18.8920244
          ],
          [
            47.5563859,
            -18.8920663
          ],
          [
            47.556225,
            -18.892145
          ],
          [
            47.5560439,
            -18.8922604
          ],
          [
            47.5557529,
            -18.8924343
          ],
          [
            47.5555115,
            -18.892532
          ],
          [
            47.5554056,
            -18.8925477
          ],
          [
            47.5553667,
            -18.8925535
          ],
          [
            47.5552138,
            -18.8925167
          ],
          [
            47.5549866,
            -18.8924183
          ]
        ]
      },
      "id": "way/565444944"
    },
    {
      "type": "Feature",
      "properties": {
        "@id": "way/569828935",
        "highway": "primary",
        "ref": "N 2"
      },
      "geometry": {
        "type": "LineString",
        "coordinates": [
          [
            47.5381206,
            -18.9015878
          ],
          [
            47.5376942,
            -18.9016183
          ]
        ]
      },
      "id": "way/569828935"
    },
    {
      "type": "Feature",
      "properties": {
        "@id": "way/577959643",
        "highway": "primary",
        "ref": "N 2"
      },
      "geometry": {
        "type": "LineString",
        "coordinates": [
          [
            47.5683246,
            -18.894319
          ],
          [
            47.5683444,
            -18.8943743
          ],
          [
            47.5683595,
            -18.8944372
          ],
          [
            47.5683765,
            -18.8945682
          ],
          [
            47.568386,
            -18.8946992
          ],
          [
            47.568405,
            -18.8948284
          ],
          [
            47.5684315,
            -18.8950688
          ],
          [
            47.5684941,
            -18.8952716
          ],
          [
            47.5685586,
            -18.8954528
          ],
          [
            47.5687502,
            -18.8956969
          ],
          [
            47.5690423,
            -18.8959427
          ],
          [
            47.5691333,
            -18.896045
          ],
          [
            47.5691902,
            -18.8961562
          ]
        ]
      },
      "id": "way/577959643"
    },
    {
      "type": "Feature",
      "properties": {
        "@id": "way/578066616",
        "highway": "primary",
        "maxspeed": "30",
        "ref": "N 2"
      },
      "geometry": {
        "type": "LineString",
        "coordinates": [
          [
            47.6120481,
            -18.8956113
          ],
          [
            47.6121572,
            -18.8956955
          ],
          [
            47.6124036,
            -18.8958613
          ],
          [
            47.6124282,
            -18.8958789
          ],
          [
            47.6125369,
            -18.8959566
          ],
          [
            47.6129649,
            -18.8962664
          ],
          [
            47.6131556,
            -18.8964045
          ],
          [
            47.6133333,
            -18.896519
          ],
          [
            47.6134707,
            -18.8966139
          ]
        ]
      },
      "id": "way/578066616"
    },
    {
      "type": "Feature",
      "properties": {
        "@id": "way/578543741",
        "bridge": "yes",
        "highway": "primary",
        "layer": "1",
        "ref": "N 2"
      },
      "geometry": {
        "type": "LineString",
        "coordinates": [
          [
            48.6708401,
            -18.9642313
          ],
          [
            48.6708979,
            -18.9644385
          ]
        ]
      },
      "id": "way/578543741"
    },
    {
      "type": "Feature",
      "properties": {
        "@id": "way/578543742",
        "highway": "primary",
        "ref": "N 2"
      },
      "geometry": {
        "type": "LineString",
        "coordinates": [
          [
            48.6203538,
            -18.9793842
          ],
          [
            48.6204765,
            -18.9792682
          ],
          [
            48.6205758,
            -18.979149
          ],
          [
            48.6206992,
            -18.9789994
          ],
          [
            48.6208963,
            -18.9786886
          ],
          [
            48.6210318,
            -18.9785149
          ],
          [
            48.6210867,
            -18.978312
          ],
          [
            48.6210532,
            -18.9780786
          ],
          [
            48.6209191,
            -18.9777831
          ],
          [
            48.6207595,
            -18.9773875
          ],
          [
            48.6206884,
            -18.9771351
          ],
          [
            48.6206764,
            -18.9768269
          ],
          [
            48.6207555,
            -18.9764896
          ],
          [
            48.6208681,
            -18.9760571
          ],
          [
            48.6209218,
            -18.9757502
          ],
          [
            48.6208534,
            -18.9754737
          ],
          [
            48.6208717,
            -18.9752875
          ],
          [
            48.6210017,
            -18.9751255
          ],
          [
            48.6213107,
            -18.9749445
          ],
          [
            48.6219287,
            -18.9746225
          ],
          [
            48.6220507,
            -18.9745785
          ],
          [
            48.6222437,
            -18.9745447
          ],
          [
            48.6225277,
            -18.9746335
          ],
          [
            48.6226457,
            -18.9746795
          ],
          [
            48.6231267,
            -18.9748455
          ],
          [
            48.6233667,
            -18.9748415
          ],
          [
            48.6234807,
            -18.9748125
          ],
          [
            48.6238927,
            -18.9745405
          ],
          [
            48.6241027,
            -18.9743835
          ],
          [
            48.6242177,
            -18.9743165
          ],
          [
            48.6247327,
            -18.9740595
          ],
          [
            48.6248617,
            -18.9739965
          ],
          [
            48.6254147,
            -18.9738215
          ],
          [
            48.6255567,
            -18.9737865
          ],
          [
            48.6259337,
            -18.9735975
          ],
          [
            48.6261397,
            -18.9733975
          ],
          [
            48.6262387,
            -18.9732865
          ],
          [
            48.6266247,
            -18.9728175
          ],
          [
            48.6267157,
            -18.9726995
          ],
          [
            48.6270787,
            -18.9722605
          ],
          [
            48.6271587,
            -18.9721555
          ],
          [
            48.6273297,
            -18.9716445
          ],
          [
            48.6273717,
            -18.9715685
          ],
          [
            48.6274407,
            -18.9715135
          ],
          [
            48.6279857,
            -18.9714845
          ],
          [
            48.6281277,
            -18.9713795
          ],
          [
            48.6281497,
            -18.9711985
          ],
          [
            48.6279827,
            -18.9709655
          ],
          [
            48.6277117,
            -18.9708555
          ],
          [
            48.6275547,
            -18.9707695
          ],
          [
            48.6274827,
            -18.9706415
          ],
          [
            48.6275127,
            -18.9704985
          ],
          [
            48.6276357,
            -18.9703665
          ],
          [
            48.6277227,
            -18.9703055
          ],
          [
            48.6281347,
            -18.9700365
          ],
          [
            48.6283637,
            -18.9699775
          ],
          [
            48.6284937,
            -18.9699755
          ],
          [
            48.6289097,
            -18.9698885
          ],
          [
            48.6290387,
            -18.9698195
          ],
          [
            48.6296147,
            -18.9695925
          ],
          [
            48.6298817,
            -18.9694375
          ],
          [
            48.6299967,
            -18.9693425
          ],
          [
            48.6303707,
            -18.9690795
          ],
          [
            48.6305117,
            -18.9690105
          ],
          [
            48.6309887,
            -18.9688425
          ],
          [
            48.6311597,
            -18.9688125
          ],
          [
            48.6315067,
            -18.9687975
          ],
          [
            48.6316787,
            -18.9688085
          ],
          [
            48.6329837,
            -18.9689495
          ],
          [
            48.6331247,
            -18.9689785
          ],
          [
            48.6337617,
            -18.9691405
          ],
          [
            48.6342347,
            -18.9692585
          ],
          [
            48.6345432,
            -18.9693316
          ],
          [
            48.6350317,
            -18.9694475
          ],
          [
            48.6355967,
            -18.9695525
          ],
          [
            48.6357147,
            -18.9695675
          ],
          [
            48.6360847,
            -18.9695165
          ],
          [
            48.6361997,
            -18.9694555
          ],
          [
            48.6363097,
            -18.9693865
          ],
          [
            48.6365184,
            -18.9692347
          ],
          [
            48.6367492,
            -18.9690176
          ],
          [
            48.6368806,
            -18.9689274
          ],
          [
            48.6372747,
            -18.9686525
          ],
          [
            48.6374617,
            -18.9684115
          ],
          [
            48.6375417,
            -18.9682825
          ],
          [
            48.6377667,
            -18.9678755
          ],
          [
            48.6378437,
            -18.9677385
          ],
          [
            48.6380567,
            -18.9673185
          ],
          [
            48.6381067,
            -18.9671775
          ],
          [
            48.6381407,
            -18.9670345
          ],
          [
            48.6381739,
            -18.9666826
          ],
          [
            48.6381947,
            -18.9664625
          ],
          [
            48.6382057,
            -18.9663285
          ],
          [
            48.6382587,
            -18.9659495
          ],
          [
            48.6382977,
            -18.9658345
          ],
          [
            48.6386287,
            -18.9653795
          ],
          [
            48.6389037,
            -18.9652155
          ],
          [
            48.6391217,
            -18.9652155
          ],
          [
            48.6392207,
            -18.9652535
          ],
          [
            48.6393077,
            -18.9653125
          ],
          [
            48.6395447,
            -18.9656705
          ],
          [
            48.6395907,
            -18.9657725
          ],
          [
            48.6397817,
            -18.9662855
          ],
          [
            48.6398917,
            -18.9664735
          ],
          [
            48.6399607,
            -18.9665595
          ],
          [
            48.6403377,
            -18.9669465
          ],
          [
            48.6404147,
            -18.9670235
          ],
          [
            48.6405596,
            -18.9671882
          ],
          [
            48.6406263,
            -18.9674708
          ],
          [
            48.6407999,
            -18.9677118
          ],
          [
            48.6411547,
            -18.9677465
          ],
          [
            48.6412767,
            -18.9677615
          ],
          [
            48.6414027,
            -18.9677575
          ],
          [
            48.6419017,
            -18.9676885
          ],
          [
            48.6422136,
            -18.9676979
          ],
          [
            48.6423986,
            -18.9677693
          ],
          [
            48.6424564,
            -18.9678482
          ],
          [
            48.6424484,
            -18.96799
          ],
          [
            48.6421908,
            -18.9683266
          ],
          [
            48.6421405,
            -18.9684222
          ],
          [
            48.6420693,
            -18.9686094
          ],
          [
            48.6419979,
            -18.9689782
          ],
          [
            48.6419231,
            -18.9696085
          ],
          [
            48.6419017,
            -18.9697664
          ],
          [
            48.6419698,
            -18.9699864
          ],
          [
            48.6420788,
            -18.970095
          ],
          [
            48.6422619,
            -18.9701461
          ],
          [
            48.6423967,
            -18.9701045
          ],
          [
            48.642486,
            -18.9700214
          ],
          [
            48.6426808,
            -18.9694236
          ],
          [
            48.6428542,
            -18.9690804
          ],
          [
            48.6429554,
            -18.9689419
          ],
          [
            48.6430602,
            -18.9688448
          ],
          [
            48.6432314,
            -18.9687354
          ],
          [
            48.643702,
            -18.9685171
          ],
          [
            48.6439308,
            -18.9684327
          ],
          [
            48.6442856,
            -18.9683309
          ],
          [
            48.6444023,
            -18.968245
          ],
          [
            48.6444488,
            -18.9681974
          ],
          [
            48.644476,
            -18.9680915
          ],
          [
            48.6444861,
            -18.967734
          ],
          [
            48.6445236,
            -18.9676052
          ],
          [
            48.644646,
            -18.9673906
          ],
          [
            48.6448849,
            -18.9668996
          ],
          [
            48.6449287,
            -18.9668174
          ],
          [
            48.6449861,
            -18.9667739
          ],
          [
            48.6450836,
            -18.966741
          ],
          [
            48.6453167,
            -18.9666912
          ],
          [
            48.6454153,
            -18.966644
          ],
          [
            48.6456288,
            -18.9664258
          ],
          [
            48.6456934,
            -18.9663384
          ],
          [
            48.6458287,
            -18.9661457
          ],
          [
            48.6458909,
            -18.9660149
          ],
          [
            48.6459076,
            -18.9658999
          ],
          [
            48.64589,
            -18.9654728
          ],
          [
            48.6459176,
            -18.9654106
          ],
          [
            48.6459867,
            -18.9653559
          ],
          [
            48.6460696,
            -18.9653204
          ],
          [
            48.6464549,
            -18.9652881
          ],
          [
            48.6469466,
            -18.965335
          ],
          [
            48.6471326,
            -18.9653389
          ],
          [
            48.6476744,
            -18.965313
          ],
          [
            48.6477749,
            -18.9653402
          ],
          [
            48.6478757,
            -18.9653919
          ],
          [
            48.6479541,
            -18.965447
          ],
          [
            48.6481958,
            -18.9658905
          ],
          [
            48.6482602,
            -18.9659492
          ],
          [
            48.6483279,
            -18.9659815
          ],
          [
            48.6484311,
            -18.9659674
          ],
          [
            48.6485512,
            -18.9658749
          ],
          [
            48.6488303,
            -18.9656459
          ],
          [
            48.6488857,
            -18.9656228
          ],
          [
            48.6489624,
            -18.9656134
          ],
          [
            48.6490585,
            -18.9656302
          ],
          [
            48.6496577,
            -18.9658148
          ],
          [
            48.6497567,
            -18.9658485
          ],
          [
            48.6499241,
            -18.9659584
          ],
          [
            48.6502962,
            -18.9662142
          ],
          [
            48.6505781,
            -18.9663427
          ],
          [
            48.6507104,
            -18.9663714
          ],
          [
            48.6508327,
            -18.9663661
          ],
          [
            48.6510362,
            -18.9663085
          ],
          [
            48.6513269,
            -18.9662217
          ],
          [
            48.6515568,
            -18.9661506
          ],
          [
            48.651757,
            -18.9660839
          ],
          [
            48.6518759,
            -18.9660076
          ],
          [
            48.6519655,
            -18.9658597
          ],
          [
            48.6519776,
            -18.9656598
          ],
          [
            48.6518465,
            -18.9653058
          ],
          [
            48.6518426,
            -18.9651988
          ],
          [
            48.6518968,
            -18.9650871
          ],
          [
            48.651996,
            -18.9650205
          ],
          [
            48.652951,
            -18.9648379
          ],
          [
            48.65308,
            -18.9648078
          ],
          [
            48.6531881,
            -18.9647382
          ],
          [
            48.6532966,
            -18.9646155
          ],
          [
            48.6535164,
            -18.9641578
          ],
          [
            48.6535448,
            -18.9640079
          ],
          [
            48.6535461,
            -18.9639041
          ],
          [
            48.65345,
            -18.9633802
          ],
          [
            48.6534367,
            -18.9632564
          ],
          [
            48.6534725,
            -18.9631558
          ],
          [
            48.6535246,
            -18.9630849
          ],
          [
            48.6536437,
            -18.9630345
          ],
          [
            48.6537977,
            -18.9630535
          ],
          [
            48.6541877,
            -18.9633058
          ],
          [
            48.654259,
            -18.9633287
          ],
          [
            48.6544048,
            -18.9633418
          ],
          [
            48.654483,
            -18.9633311
          ],
          [
            48.6548411,
            -18.9632503
          ],
          [
            48.6555618,
            -18.963132
          ],
          [
            48.6557196,
            -18.9631222
          ],
          [
            48.6558424,
            -18.9631519
          ],
          [
            48.65592,
            -18.9631982
          ],
          [
            48.6560818,
            -18.9635215
          ],
          [
            48.6562795,
            -18.9637603
          ],
          [
            48.6566358,
            -18.9640698
          ],
          [
            48.6568442,
            -18.9642705
          ],
          [
            48.6570045,
            -18.964406
          ],
          [
            48.6571754,
            -18.9644668
          ],
          [
            48.6573656,
            -18.9644678
          ],
          [
            48.6574791,
            -18.9644091
          ],
          [
            48.6576016,
            -18.9642845
          ],
          [
            48.6579413,
            -18.9639034
          ],
          [
            48.6580771,
            -18.9636655
          ],
          [
            48.6581702,
            -18.9634473
          ],
          [
            48.6582514,
            -18.9632391
          ],
          [
            48.6583373,
            -18.9630586
          ],
          [
            48.6583869,
            -18.9630015
          ],
          [
            48.6584674,
            -18.9629558
          ],
          [
            48.6590776,
            -18.9626654
          ],
          [
            48.6592412,
            -18.9625944
          ],
          [
            48.6594021,
            -18.9625779
          ],
          [
            48.6595751,
            -18.9625944
          ],
          [
            48.6601097,
            -18.9627885
          ],
          [
            48.6602237,
            -18.9628305
          ],
          [
            48.6607427,
            -18.9630385
          ],
          [
            48.6610827,
            -18.9630655
          ],
          [
            48.6617117,
            -18.9630755
          ],
          [
            48.6618457,
            -18.9630755
          ],
          [
            48.6623337,
            -18.9630675
          ],
          [
            48.6624597,
            -18.9629795
          ],
          [
            48.6625127,
            -18.9627085
          ],
          [
            48.6624257,
            -18.9624225
          ],
          [
            48.6623647,
            -18.9623445
          ],
          [
            48.6619677,
            -18.9619645
          ],
          [
            48.6617877,
            -18.9617115
          ],
          [
            48.6616837,
            -18.9615179
          ],
          [
            48.6616704,
            -18.9613525
          ],
          [
            48.6616514,
            -18.9608656
          ],
          [
            48.6616458,
            -18.9606704
          ],
          [
            48.6615307,
            -18.9598906
          ],
          [
            48.6615548,
            -18.9594792
          ],
          [
            48.6615827,
            -18.9592605
          ],
          [
            48.6614767,
            -18.9588315
          ],
          [
            48.6613711,
            -18.9585048
          ],
          [
            48.6613513,
            -18.9583268
          ],
          [
            48.6613316,
            -18.9582046
          ],
          [
            48.6614304,
            -18.9581257
          ],
          [
            48.6616766,
            -18.9580309
          ],
          [
            48.6619724,
            -18.9579931
          ],
          [
            48.6621615,
            -18.9580059
          ],
          [
            48.6626317,
            -18.9581125
          ],
          [
            48.6629597,
            -18.9582325
          ],
          [
            48.6630437,
            -18.9583025
          ],
          [
            48.6631117,
            -18.9583865
          ],
          [
            48.6632237,
            -18.9587786
          ],
          [
            48.6632697,
            -18.9589413
          ],
          [
            48.6633799,
            -18.9593515
          ],
          [
            48.6635217,
            -18.9594783
          ],
          [
            48.6636577,
            -18.9594815
          ],
          [
            48.6640065,
            -18.959482
          ],
          [
            48.664168,
            -18.959455
          ],
          [
            48.6642724,
            -18.9593719
          ],
          [
            48.664313,
            -18.9592248
          ],
          [
            48.6643484,
            -18.9591368
          ],
          [
            48.6644661,
            -18.9587495
          ],
          [
            48.6645597,
            -18.9584806
          ],
          [
            48.6647329,
            -18.9583809
          ],
          [
            48.6649997,
            -18.9584135
          ],
          [
            48.6651567,
            -18.9584615
          ],
          [
            48.6652407,
            -18.9584895
          ],
          [
            48.6657437,
            -18.9586695
          ],
          [
            48.6663547,
            -18.9588865
          ],
          [
            48.6664807,
            -18.9589265
          ],
          [
            48.6669457,
            -18.9591115
          ],
          [
            48.6672207,
            -18.9593085
          ],
          [
            48.6673047,
            -18.9593825
          ],
          [
            48.6676557,
            -18.9597045
          ],
          [
            48.6677507,
            -18.9597905
          ],
          [
            48.6681627,
            -18.9601525
          ],
          [
            48.6682657,
            -18.9602485
          ],
          [
            48.6687047,
            -18.9606465
          ],
          [
            48.6692307,
            -18.9611315
          ],
          [
            48.6693297,
            -18.9612195
          ],
          [
            48.6696957,
            -18.9615945
          ],
          [
            48.6697797,
            -18.9616965
          ],
          [
            48.6700777,
            -18.9621095
          ],
          [
            48.6701157,
            -18.9622225
          ],
          [
            48.6701427,
            -18.9623385
          ],
          [
            48.6701347,
            -18.9628955
          ],
          [
            48.6701807,
            -18.9631975
          ],
          [
            48.6702607,
            -18.9633825
          ],
          [
            48.6703137,
            -18.9634755
          ],
          [
            48.6705938,
            -18.9638576
          ],
          [
            48.670749,
            -18.9640246
          ],
          [
            48.6707868,
            -18.9640948
          ],
          [
            48.6708401,
            -18.9642313
          ]
        ]
      },
      "id": "way/578543742"
    },
    {
      "type": "Feature",
      "properties": {
        "@id": "way/579843060",
        "highway": "secondary",
        "name": "Làlana Dokotera Ramisaray",
        "name:fr": "Rue Docteur Ramisaray",
        "oneway": "yes",
        "ref": "N 2"
      },
      "geometry": {
        "type": "LineString",
        "coordinates": [
          [
            47.5243271,
            -18.9019166
          ],
          [
            47.5246963,
            -18.9017255
          ]
        ]
      },
      "id": "way/579843060"
    },
    {
      "type": "Feature",
      "properties": {
        "@id": "way/592346178",
        "highway": "primary",
        "lanes": "3",
        "name": "Boulevard de l'Ivondro",
        "ref": "N 2"
      },
      "geometry": {
        "type": "LineString",
        "coordinates": [
          [
            49.4082514,
            -18.1638573
          ],
          [
            49.4087389,
            -18.1636288
          ],
          [
            49.4092972,
            -18.1634217
          ],
          [
            49.4097206,
            -18.1632848
          ],
          [
            49.4099273,
            -18.1632127
          ],
          [
            49.4102874,
            -18.1631252
          ],
          [
            49.4106017,
            -18.1630459
          ],
          [
            49.4108835,
            -18.1629922
          ],
          [
            49.4113208,
            -18.1629226
          ],
          [
            49.4116764,
            -18.1628805
          ],
          [
            49.4138905,
            -18.162577
          ],
          [
            49.4140592,
            -18.1625522
          ],
          [
            49.4151818,
            -18.1623857
          ],
          [
            49.4158323,
            -18.1623045
          ],
          [
            49.4162855,
            -18.1622447
          ],
          [
            49.4169226,
            -18.1621478
          ],
          [
            49.4177595,
            -18.162042
          ],
          [
            49.4187054,
            -18.1619796
          ],
          [
            49.4193151,
            -18.1619782
          ],
          [
            49.4202755,
            -18.1620105
          ],
          [
            49.4206702,
            -18.1620644
          ],
          [
            49.420908,
            -18.1621044
          ],
          [
            49.4212796,
            -18.1622026
          ],
          [
            49.4214871,
            -18.1622725
          ],
          [
            49.4216673,
            -18.1623594
          ],
          [
            49.4221333,
            -18.1625809
          ],
          [
            49.4223345,
            -18.1626802
          ],
          [
            49.4225898,
            -18.1627955
          ],
          [
            49.4228037,
            -18.1628433
          ],
          [
            49.4229298,
            -18.1628484
          ]
        ]
      },
      "id": "way/592346178"
    },
    {
      "type": "Feature",
      "properties": {
        "@id": "way/628515938",
        "bridge": "yes",
        "highway": "primary",
        "layer": "1",
        "ref": "N 2"
      },
      "geometry": {
        "type": "LineString",
        "coordinates": [
          [
            48.8088912,
            -18.9556095
          ],
          [
            48.8088079,
            -18.9554789
          ],
          [
            48.8087207,
            -18.9553254
          ]
        ]
      },
      "id": "way/628515938"
    },
    {
      "type": "Feature",
      "properties": {
        "@id": "way/628515939",
        "highway": "primary",
        "ref": "N 2"
      },
      "geometry": {
        "type": "LineString",
        "coordinates": [
          [
            48.8087207,
            -18.9553254
          ],
          [
            48.808507,
            -18.9549869
          ],
          [
            48.8081825,
            -18.9545582
          ],
          [
            48.808102,
            -18.9544694
          ]
        ]
      },
      "id": "way/628515939"
    },
    {
      "type": "Feature",
      "properties": {
        "@id": "way/630671061",
        "bridge": "yes",
        "highway": "primary",
        "layer": "1",
        "ref": "N 2"
      },
      "geometry": {
        "type": "LineString",
        "coordinates": [
          [
            48.8939407,
            -18.9693584
          ],
          [
            48.8936242,
            -18.9693546
          ]
        ]
      },
      "id": "way/630671061"
    },
    {
      "type": "Feature",
      "properties": {
        "@id": "way/630671062",
        "highway": "primary",
        "ref": "N 2"
      },
      "geometry": {
        "type": "LineString",
        "coordinates": [
          [
            48.8936242,
            -18.9693546
          ],
          [
            48.8933921,
            -18.9693731
          ],
          [
            48.8932098,
            -18.9693876
          ],
          [
            48.8929859,
            -18.9694408
          ],
          [
            48.8926801,
            -18.9694712
          ],
          [
            48.8924548,
            -18.9695118
          ],
          [
            48.8922885,
            -18.9695524
          ],
          [
            48.892082,
            -18.96953
          ],
          [
            48.8918057,
            -18.9694104
          ],
          [
            48.8915482,
            -18.969248
          ],
          [
            48.8913797,
            -18.9691586
          ],
          [
            48.8912404,
            -18.9691196
          ],
          [
            48.890823,
            -18.9691328
          ],
          [
            48.89069,
            -18.9691388
          ],
          [
            48.8902929,
            -18.9692074
          ],
          [
            48.8901696,
            -18.9692861
          ],
          [
            48.8897136,
            -18.9696108
          ],
          [
            48.889562,
            -18.969735
          ],
          [
            48.8893461,
            -18.9698796
          ],
          [
            48.8891431,
            -18.9699732
          ],
          [
            48.8889661,
            -18.9700329
          ],
          [
            48.8887397,
            -18.9701137
          ],
          [
            48.888393,
            -18.9702554
          ],
          [
            48.8881687,
            -18.9703107
          ],
          [
            48.8877051,
            -18.9703028
          ],
          [
            48.8872699,
            -18.9702914
          ],
          [
            48.8867148,
            -18.9703698
          ],
          [
            48.8864879,
            -18.9703908
          ],
          [
            48.8857567,
            -18.9705069
          ],
          [
            48.8848355,
            -18.9706388
          ],
          [
            48.8844985,
            -18.9707141
          ]
        ]
      },
      "id": "way/630671062"
    },
    {
      "type": "Feature",
      "properties": {
        "@id": "way/632820382",
        "bridge": "yes",
        "highway": "primary",
        "layer": "1",
        "ref": "N 2"
      },
      "geometry": {
        "type": "LineString",
        "coordinates": [
          [
            48.9631627,
            -18.9737592
          ],
          [
            48.963157,
            -18.9738809
          ]
        ]
      },
      "id": "way/632820382"
    },
    {
      "type": "Feature",
      "properties": {
        "@id": "way/632820383",
        "highway": "primary",
        "ref": "N 2"
      },
      "geometry": {
        "type": "LineString",
        "coordinates": [
          [
            48.967304,
            -18.965479
          ],
          [
            48.967247,
            -18.965591
          ],
          [
            48.966996,
            -18.9660086
          ],
          [
            48.9665202,
            -18.9667999
          ],
          [
            48.965881,
            -18.967863
          ],
          [
            48.9658042,
            -18.9682297
          ],
          [
            48.965831,
            -18.9684631
          ],
          [
            48.9660724,
            -18.9691023
          ],
          [
            48.9661046,
            -18.969356
          ],
          [
            48.9660528,
            -18.9696226
          ],
          [
            48.9657774,
            -18.9698481
          ],
          [
            48.9650639,
            -18.9702843
          ],
          [
            48.963444,
            -18.971655
          ],
          [
            48.9633097,
            -18.971999
          ],
          [
            48.9632883,
            -18.9721766
          ],
          [
            48.9631627,
            -18.9737592
          ]
        ]
      },
      "id": "way/632820383"
    },
    {
      "type": "Feature",
      "properties": {
        "@id": "way/642718733",
        "bridge": "yes",
        "highway": "primary",
        "layer": "1",
        "ref": "N 2"
      },
      "geometry": {
        "type": "LineString",
        "coordinates": [
          [
            48.776306,
            -18.9701581
          ],
          [
            48.7762237,
            -18.9701998
          ]
        ]
      },
      "id": "way/642718733"
    },
    {
      "type": "Feature",
      "properties": {
        "@id": "way/642718736",
        "highway": "primary",
        "ref": "N 2"
      },
      "geometry": {
        "type": "LineString",
        "coordinates": [
          [
            48.7762237,
            -18.9701998
          ],
          [
            48.7759126,
            -18.9704155
          ],
          [
            48.775749,
            -18.970517
          ],
          [
            48.775126,
            -18.9708941
          ],
          [
            48.7747555,
            -18.9712514
          ],
          [
            48.774721,
            -18.9712847
          ],
          [
            48.7746084,
            -18.971414
          ],
          [
            48.774536,
            -18.9714927
          ],
          [
            48.7743998,
            -18.9716482
          ],
          [
            48.7742329,
            -18.9717768
          ],
          [
            48.7740907,
            -18.9718275
          ],
          [
            48.7736864,
            -18.971841
          ],
          [
            48.7735523,
            -18.9718334
          ],
          [
            48.7730882,
            -18.9717446
          ],
          [
            48.7729729,
            -18.9716964
          ],
          [
            48.7727771,
            -18.9715417
          ],
          [
            48.7724204,
            -18.9711967
          ],
          [
            48.7723238,
            -18.9710902
          ],
          [
            48.77202,
            -18.9707571
          ],
          [
            48.7719,
            -18.9706133
          ],
          [
            48.7717133,
            -18.9701863
          ],
          [
            48.7716881,
            -18.9701288
          ],
          [
            48.7716209,
            -18.9700119
          ],
          [
            48.7715386,
            -18.9699175
          ],
          [
            48.7713227,
            -18.9697805
          ],
          [
            48.7710893,
            -18.9696765
          ],
          [
            48.7709016,
            -18.9696106
          ],
          [
            48.7706011,
            -18.9696309
          ],
          [
            48.770231,
            -18.9696664
          ],
          [
            48.7700701,
            -18.9696512
          ],
          [
            48.7699681,
            -18.9696461
          ],
          [
            48.7697321,
            -18.9695142
          ],
          [
            48.7696034,
            -18.9693671
          ],
          [
            48.7694693,
            -18.9692504
          ],
          [
            48.7692761,
            -18.9691692
          ],
          [
            48.76867,
            -18.9689663
          ],
          [
            48.7680981,
            -18.968795
          ],
          [
            48.7679398,
            -18.9687433
          ],
          [
            48.7677272,
            -18.9686835
          ],
          [
            48.767509,
            -18.968649
          ],
          [
            48.7673751,
            -18.9686526
          ],
          [
            48.7672591,
            -18.9686682
          ],
          [
            48.7671257,
            -18.9687084
          ],
          [
            48.7669862,
            -18.9687819
          ],
          [
            48.766836,
            -18.9688986
          ],
          [
            48.7667314,
            -18.9690128
          ],
          [
            48.76649,
            -18.9693349
          ],
          [
            48.7663022,
            -18.9695518
          ],
          [
            48.7660917,
            -18.9697559
          ],
          [
            48.7658329,
            -18.9698092
          ],
          [
            48.7656652,
            -18.9697814
          ],
          [
            48.7654654,
            -18.9696444
          ],
          [
            48.7651516,
            -18.9693755
          ],
          [
            48.764988,
            -18.969271
          ],
          [
            48.7647788,
            -18.9692005
          ],
          [
            48.7644086,
            -18.9692182
          ],
          [
            48.7642879,
            -18.9692334
          ],
          [
            48.763927,
            -18.969206
          ],
          [
            48.763663,
            -18.969028
          ],
          [
            48.7633357,
            -18.9686855
          ],
          [
            48.7632204,
            -18.9685968
          ],
          [
            48.7627671,
            -18.9682924
          ],
          [
            48.7626464,
            -18.9682137
          ],
          [
            48.7623782,
            -18.9680818
          ],
          [
            48.7621949,
            -18.9680751
          ],
          [
            48.762169,
            -18.9680742
          ],
          [
            48.7619678,
            -18.9681757
          ],
          [
            48.7618417,
            -18.9683203
          ]
        ]
      },
      "id": "way/642718736"
    },
    {
      "type": "Feature",
      "properties": {
        "@id": "way/670283958",
        "bridge": "yes",
        "highway": "primary",
        "layer": "1",
        "ref": "N 2",
        "source": "bing"
      },
      "geometry": {
        "type": "LineString",
        "coordinates": [
          [
            49.0762911,
            -18.8218234
          ],
          [
            49.0766464,
            -18.8216732
          ]
        ]
      },
      "id": "way/670283958"
    },
    {
      "type": "Feature",
      "properties": {
        "@id": "way/670283959",
        "highway": "primary",
        "ref": "N 2"
      },
      "geometry": {
        "type": "LineString",
        "coordinates": [
          [
            49.0736109,
            -18.8249722
          ],
          [
            49.0736902,
            -18.8248698
          ],
          [
            49.0737894,
            -18.8247644
          ],
          [
            49.074171,
            -18.8243919
          ],
          [
            49.0742918,
            -18.8242969
          ],
          [
            49.0744029,
            -18.8242276
          ],
          [
            49.0745174,
            -18.8241673
          ],
          [
            49.074639,
            -18.824124
          ],
          [
            49.0748346,
            -18.8240649
          ],
          [
            49.0751256,
            -18.8239708
          ],
          [
            49.0752509,
            -18.8239141
          ],
          [
            49.0753551,
            -18.8238506
          ],
          [
            49.0754365,
            -18.8237641
          ],
          [
            49.075461,
            -18.8237123
          ],
          [
            49.0754842,
            -18.8236341
          ],
          [
            49.0755054,
            -18.8235058
          ],
          [
            49.0755242,
            -18.8233822
          ],
          [
            49.0755648,
            -18.8231157
          ],
          [
            49.075686,
            -18.8224251
          ],
          [
            49.0757183,
            -18.8223222
          ],
          [
            49.0757655,
            -18.8222296
          ],
          [
            49.0758366,
            -18.8221404
          ],
          [
            49.0759492,
            -18.8220316
          ],
          [
            49.0760578,
            -18.8219519
          ],
          [
            49.0761795,
            -18.8218808
          ],
          [
            49.0762911,
            -18.8218234
          ]
        ]
      },
      "id": "way/670283959"
    },
    {
      "type": "Feature",
      "properties": {
        "@id": "way/670302987",
        "bridge": "yes",
        "highway": "primary",
        "layer": "1",
        "ref": "N 2"
      },
      "geometry": {
        "type": "LineString",
        "coordinates": [
          [
            49.080107,
            -18.8135373
          ],
          [
            49.0801396,
            -18.8134574
          ]
        ]
      },
      "id": "way/670302987"
    },
    {
      "type": "Feature",
      "properties": {
        "@id": "way/670302988",
        "highway": "primary",
        "ref": "N 2"
      },
      "geometry": {
        "type": "LineString",
        "coordinates": [
          [
            49.0766464,
            -18.8216732
          ],
          [
            49.0770342,
            -18.821479
          ],
          [
            49.0771897,
            -18.8213906
          ],
          [
            49.0773585,
            -18.8212727
          ],
          [
            49.0774794,
            -18.8211608
          ],
          [
            49.0776037,
            -18.820998
          ],
          [
            49.0777079,
            -18.8208536
          ],
          [
            49.077761,
            -18.8207699
          ],
          [
            49.0777927,
            -18.8206909
          ],
          [
            49.0778997,
            -18.8203735
          ],
          [
            49.0779509,
            -18.8201188
          ],
          [
            49.0779648,
            -18.8200298
          ],
          [
            49.0779556,
            -18.8199175
          ],
          [
            49.0779184,
            -18.8196461
          ],
          [
            49.0778893,
            -18.8194241
          ],
          [
            49.0778769,
            -18.8192969
          ],
          [
            49.0778589,
            -18.8190054
          ],
          [
            49.0778551,
            -18.8188335
          ],
          [
            49.0778685,
            -18.8187031
          ],
          [
            49.0779078,
            -18.8184654
          ],
          [
            49.0781516,
            -18.8178444
          ],
          [
            49.0783126,
            -18.8173334
          ],
          [
            49.0783576,
            -18.8172054
          ],
          [
            49.0785526,
            -18.8167074
          ],
          [
            49.0786216,
            -18.8165854
          ],
          [
            49.0788363,
            -18.8161993
          ],
          [
            49.0788996,
            -18.8160854
          ],
          [
            49.0792466,
            -18.8154544
          ],
          [
            49.0795676,
            -18.8148574
          ],
          [
            49.0796246,
            -18.8147394
          ],
          [
            49.0798376,
            -18.8142514
          ],
          [
            49.0798876,
            -18.8141234
          ],
          [
            49.080107,
            -18.8135373
          ]
        ]
      },
      "id": "way/670302988"
    },
    {
      "type": "Feature",
      "properties": {
        "@id": "way/670808598",
        "bridge": "yes",
        "highway": "primary",
        "layer": "1",
        "ref": "N 2"
      },
      "geometry": {
        "type": "LineString",
        "coordinates": [
          [
            48.3353105,
            -18.9667659
          ],
          [
            48.3354074,
            -18.9667011
          ]
        ]
      },
      "id": "way/670808598"
    },
    {
      "type": "Feature",
      "properties": {
        "@id": "way/670808599",
        "highway": "primary",
        "ref": "N 2"
      },
      "geometry": {
        "type": "LineString",
        "coordinates": [
          [
            48.3269011,
            -18.9726308
          ],
          [
            48.3271435,
            -18.9725529
          ],
          [
            48.3273551,
            -18.9724985
          ],
          [
            48.3276086,
            -18.9724685
          ],
          [
            48.3277269,
            -18.9724705
          ],
          [
            48.3278304,
            -18.9724741
          ],
          [
            48.3298156,
            -18.9726457
          ],
          [
            48.3299732,
            -18.9726519
          ],
          [
            48.3301274,
            -18.9726404
          ],
          [
            48.3302498,
            -18.9726173
          ],
          [
            48.3303648,
            -18.9725808
          ],
          [
            48.3304915,
            -18.9725297
          ],
          [
            48.3306792,
            -18.9724182
          ],
          [
            48.333004,
            -18.9710511
          ],
          [
            48.3331555,
            -18.970938
          ],
          [
            48.3332719,
            -18.9708405
          ],
          [
            48.3334189,
            -18.9706542
          ],
          [
            48.3337451,
            -18.9701527
          ],
          [
            48.3341815,
            -18.9694719
          ],
          [
            48.3342524,
            -18.9693355
          ],
          [
            48.3349958,
            -18.9673541
          ],
          [
            48.3351808,
            -18.9668888
          ],
          [
            48.3353105,
            -18.9667659
          ]
        ]
      },
      "id": "way/670808599"
    },
    {
      "type": "Feature",
      "properties": {
        "@id": "way/670811211",
        "bridge": "yes",
        "highway": "primary",
        "layer": "1",
        "ref": "N 2"
      },
      "geometry": {
        "type": "LineString",
        "coordinates": [
          [
            48.2400958,
            -18.9475603
          ],
          [
            48.2401782,
            -18.9475945
          ]
        ]
      },
      "id": "way/670811211"
    },
    {
      "type": "Feature",
      "properties": {
        "@id": "way/670811214",
        "highway": "primary",
        "lane_markings": "no",
        "ref": "N 2",
        "surface": "asphalt"
      },
      "geometry": {
        "type": "LineString",
        "coordinates": [
          [
            48.2353563,
            -18.9463154
          ],
          [
            48.2355144,
            -18.9462901
          ],
          [
            48.2355997,
            -18.9462931
          ],
          [
            48.2356706,
            -18.9463192
          ],
          [
            48.2358406,
            -18.9464203
          ],
          [
            48.2362817,
            -18.9467164
          ],
          [
            48.2363892,
            -18.9467932
          ],
          [
            48.2365481,
            -18.9468312
          ],
          [
            48.2376932,
            -18.9468014
          ],
          [
            48.2379372,
            -18.9467932
          ],
          [
            48.2381076,
            -18.9468106
          ],
          [
            48.2382736,
            -18.9468541
          ],
          [
            48.2384641,
            -18.9469137
          ],
          [
            48.238928,
            -18.9470823
          ],
          [
            48.2394603,
            -18.9472763
          ],
          [
            48.2400958,
            -18.9475603
          ]
        ]
      },
      "id": "way/670811214"
    },
    {
      "type": "Feature",
      "properties": {
        "@id": "way/729399352",
        "highway": "primary",
        "lane_markings": "no",
        "name": "Rue de Rigny",
        "oneway": "yes",
        "ref": "N 2",
        "surface": "asphalt"
      },
      "geometry": {
        "type": "LineString",
        "coordinates": [
          [
            49.4055242,
            -18.1641902
          ],
          [
            49.4055109,
            -18.1640917
          ],
          [
            49.405527,
            -18.1639898
          ],
          [
            49.4055485,
            -18.163893
          ]
        ]
      },
      "id": "way/729399352"
    },
    {
      "type": "Feature",
      "properties": {
        "@id": "way/778217416",
        "bridge": "yes",
        "highway": "primary",
        "layer": "1",
        "ref": "N 2"
      },
      "geometry": {
        "type": "LineString",
        "coordinates": [
          [
            48.5839048,
            -18.9706304
          ],
          [
            48.5839747,
            -18.970588
          ]
        ]
      },
      "id": "way/778217416"
    },
    {
      "type": "Feature",
      "properties": {
        "@id": "way/778217417",
        "highway": "primary",
        "ref": "N 2"
      },
      "geometry": {
        "type": "LineString",
        "coordinates": [
          [
            48.5839747,
            -18.970588
          ],
          [
            48.5842291,
            -18.9704195
          ],
          [
            48.5842914,
            -18.9703373
          ],
          [
            48.5843325,
            -18.9702295
          ],
          [
            48.5843508,
            -18.9701365
          ],
          [
            48.5843799,
            -18.9695843
          ],
          [
            48.5843607,
            -18.9694878
          ],
          [
            48.584311,
            -18.9693924
          ],
          [
            48.5842206,
            -18.969295
          ],
          [
            48.5837625,
            -18.9690821
          ],
          [
            48.5836647,
            -18.9689796
          ],
          [
            48.5836056,
            -18.9688877
          ],
          [
            48.5835412,
            -18.9687684
          ],
          [
            48.5835257,
            -18.9686277
          ],
          [
            48.583559,
            -18.9684691
          ],
          [
            48.5836408,
            -18.9683704
          ],
          [
            48.5837564,
            -18.9683045
          ],
          [
            48.5840568,
            -18.9681794
          ],
          [
            48.5852423,
            -18.9676706
          ],
          [
            48.5859486,
            -18.967326
          ],
          [
            48.5863812,
            -18.967132
          ],
          [
            48.586838,
            -18.966993
          ],
          [
            48.5871741,
            -18.966895
          ],
          [
            48.587379,
            -18.966812
          ],
          [
            48.5874599,
            -18.9667468
          ],
          [
            48.587521,
            -18.966663
          ],
          [
            48.5875699,
            -18.9665895
          ],
          [
            48.5875954,
            -18.9664785
          ],
          [
            48.5875984,
            -18.9663814
          ],
          [
            48.5875767,
            -18.966224
          ],
          [
            48.587341,
            -18.965837
          ],
          [
            48.5872567,
            -18.9656648
          ],
          [
            48.5872447,
            -18.9655618
          ],
          [
            48.5872787,
            -18.9654228
          ],
          [
            48.5873207,
            -18.9653518
          ],
          [
            48.5874967,
            -18.9652048
          ],
          [
            48.5876377,
            -18.9651478
          ],
          [
            48.5878216,
            -18.9651168
          ],
          [
            48.5881326,
            -18.965095
          ],
          [
            48.5887472,
            -18.965123
          ],
          [
            48.5889713,
            -18.9650708
          ],
          [
            48.5890808,
            -18.9650138
          ],
          [
            48.5892691,
            -18.9648126
          ],
          [
            48.5894486,
            -18.9646072
          ],
          [
            48.5895462,
            -18.9645591
          ],
          [
            48.5896615,
            -18.9645254
          ],
          [
            48.5897612,
            -18.9645185
          ],
          [
            48.5898952,
            -18.9645451
          ],
          [
            48.5900177,
            -18.9645896
          ],
          [
            48.590347,
            -18.964718
          ],
          [
            48.590561,
            -18.964876
          ],
          [
            48.590656,
            -18.965063
          ],
          [
            48.590675,
            -18.965296
          ],
          [
            48.590672,
            -18.965578
          ],
          [
            48.590687,
            -18.965685
          ],
          [
            48.5907322,
            -18.9659097
          ],
          [
            48.5908722,
            -18.9661153
          ],
          [
            48.5910067,
            -18.9662408
          ],
          [
            48.5912277,
            -18.9664338
          ],
          [
            48.591549,
            -18.966696
          ],
          [
            48.591667,
            -18.966803
          ],
          [
            48.592018,
            -18.967117
          ],
          [
            48.592239,
            -18.967329
          ],
          [
            48.5923579,
            -18.9674623
          ],
          [
            48.5924649,
            -18.9678133
          ],
          [
            48.5924459,
            -18.9680453
          ],
          [
            48.5924119,
            -18.9681543
          ],
          [
            48.5923022,
            -18.9683682
          ],
          [
            48.5921378,
            -18.9685279
          ],
          [
            48.592031,
            -18.9686566
          ],
          [
            48.591682,
            -18.969046
          ],
          [
            48.5916334,
            -18.9691692
          ],
          [
            48.5916558,
            -18.9692927
          ],
          [
            48.5917191,
            -18.9694358
          ],
          [
            48.5919591,
            -18.9697505
          ],
          [
            48.5920241,
            -18.969889
          ],
          [
            48.5920486,
            -18.9700584
          ],
          [
            48.592054,
            -18.9704239
          ],
          [
            48.59202,
            -18.9708798
          ],
          [
            48.5920202,
            -18.9711629
          ],
          [
            48.592121,
            -18.971609
          ],
          [
            48.592178,
            -18.971729
          ],
          [
            48.592468,
            -18.972202
          ],
          [
            48.592525,
            -18.972324
          ],
          [
            48.592747,
            -18.972816
          ],
          [
            48.592918,
            -18.973013
          ],
          [
            48.5930945,
            -18.9731863
          ],
          [
            48.593319,
            -18.973284
          ],
          [
            48.5935209,
            -18.9733479
          ],
          [
            48.5938495,
            -18.9733999
          ],
          [
            48.594092,
            -18.9734261
          ],
          [
            48.5944677,
            -18.9734584
          ],
          [
            48.5948275,
            -18.9734466
          ],
          [
            48.5951751,
            -18.9733886
          ],
          [
            48.5955459,
            -18.9733076
          ],
          [
            48.5956755,
            -18.9732035
          ],
          [
            48.5957811,
            -18.973021
          ],
          [
            48.5959142,
            -18.9727178
          ],
          [
            48.5960267,
            -18.9726261
          ],
          [
            48.596226,
            -18.972601
          ],
          [
            48.5964414,
            -18.9726686
          ],
          [
            48.5966419,
            -18.9728361
          ],
          [
            48.5968452,
            -18.9730879
          ],
          [
            48.5969515,
            -18.9733143
          ],
          [
            48.5971011,
            -18.9735819
          ],
          [
            48.597309,
            -18.973959
          ],
          [
            48.597397,
            -18.974052
          ],
          [
            48.597492,
            -18.97414
          ],
          [
            48.597897,
            -18.974445
          ],
          [
            48.598007,
            -18.974508
          ],
          [
            48.598484,
            -18.97463
          ],
          [
            48.598602,
            -18.974648
          ],
          [
            48.599075,
            -18.974741
          ],
          [
            48.599182,
            -18.974792
          ],
          [
            48.59956,
            -18.975069
          ],
          [
            48.599655,
            -18.975145
          ],
          [
            48.600044,
            -18.975452
          ],
          [
            48.600243,
            -18.975714
          ],
          [
            48.600361,
            -18.975882
          ],
          [
            48.600544,
            -18.9760252
          ],
          [
            48.600658,
            -18.9760442
          ],
          [
            48.601238,
            -18.9759912
          ],
          [
            48.601349,
            -18.9759852
          ],
          [
            48.601455,
            -18.9759962
          ],
          [
            48.6018276,
            -18.9762376
          ],
          [
            48.6019116,
            -18.9763066
          ],
          [
            48.6023316,
            -18.9766436
          ],
          [
            48.6025486,
            -18.9768576
          ],
          [
            48.6025757,
            -18.9769884
          ],
          [
            48.6025777,
            -18.9771203
          ],
          [
            48.6024858,
            -18.9773064
          ],
          [
            48.6022691,
            -18.9778168
          ],
          [
            48.6021172,
            -18.9781256
          ],
          [
            48.602089,
            -18.978252
          ],
          [
            48.602123,
            -18.978355
          ],
          [
            48.602486,
            -18.978788
          ],
          [
            48.602573,
            -18.978886
          ],
          [
            48.602955,
            -18.979309
          ],
          [
            48.603054,
            -18.97942
          ],
          [
            48.603443,
            -18.979864
          ],
          [
            48.603539,
            -18.979967
          ],
          [
            48.603893,
            -18.980337
          ],
          [
            48.604004,
            -18.980387
          ],
          [
            48.6045,
            -18.980446
          ],
          [
            48.60463,
            -18.98048
          ],
          [
            48.605106,
            -18.980736
          ],
          [
            48.605213,
            -18.98082
          ],
          [
            48.605469,
            -18.981136
          ],
          [
            48.60553,
            -18.98126
          ],
          [
            48.605579,
            -18.98139
          ],
          [
            48.605728,
            -18.981937
          ],
          [
            48.605759,
            -18.982073
          ],
          [
            48.6057392,
            -18.9825439
          ],
          [
            48.6057445,
            -18.9828178
          ],
          [
            48.6057673,
            -18.9830271
          ],
          [
            48.6058706,
            -18.9832807
          ],
          [
            48.6059725,
            -18.9834544
          ],
          [
            48.606083,
            -18.983551
          ],
          [
            48.6064325,
            -18.9836307
          ],
          [
            48.6065599,
            -18.9836738
          ],
          [
            48.6066511,
            -18.9837677
          ],
          [
            48.606712,
            -18.983959
          ],
          [
            48.606735,
            -18.984074
          ],
          [
            48.6067168,
            -18.9845463
          ],
          [
            48.6067289,
            -18.9847099
          ],
          [
            48.6067933,
            -18.9848405
          ],
          [
            48.6071219,
            -18.98515
          ],
          [
            48.6072519,
            -18.9852793
          ],
          [
            48.6073941,
            -18.9853313
          ],
          [
            48.6075363,
            -18.985325
          ],
          [
            48.6077213,
            -18.985221
          ],
          [
            48.6078434,
            -18.9851322
          ],
          [
            48.6079627,
            -18.9850371
          ],
          [
            48.6082014,
            -18.9849407
          ],
          [
            48.6084039,
            -18.9848875
          ],
          [
            48.6087808,
            -18.9847949
          ],
          [
            48.6090034,
            -18.9847353
          ],
          [
            48.6093414,
            -18.9846427
          ],
          [
            48.6096726,
            -18.9845425
          ],
          [
            48.6099798,
            -18.9844943
          ],
          [
            48.6103526,
            -18.9843713
          ],
          [
            48.6108166,
            -18.9841715
          ]
        ]
      },
      "id": "way/778217417"
    },
    {
      "type": "Feature",
      "properties": {
        "@id": "way/778332979",
        "bridge": "yes",
        "highway": "primary",
        "layer": "1",
        "ref": "N 2"
      },
      "geometry": {
        "type": "LineString",
        "coordinates": [
          [
            48.5725584,
            -18.9743742
          ],
          [
            48.572685,
            -18.9744566
          ]
        ]
      },
      "id": "way/778332979"
    },
    {
      "type": "Feature",
      "properties": {
        "@id": "way/778332980",
        "highway": "primary",
        "ref": "N 2"
      },
      "geometry": {
        "type": "LineString",
        "coordinates": [
          [
            48.572685,
            -18.9744566
          ],
          [
            48.573013,
            -18.974661
          ],
          [
            48.5731678,
            -18.9747381
          ],
          [
            48.5733016,
            -18.9747622
          ],
          [
            48.5734194,
            -18.9747575
          ],
          [
            48.5735331,
            -18.9747336
          ],
          [
            48.5740845,
            -18.974611
          ],
          [
            48.5742152,
            -18.9745441
          ],
          [
            48.574356,
            -18.9744628
          ],
          [
            48.5744397,
            -18.9743741
          ],
          [
            48.574497,
            -18.974289
          ],
          [
            48.574795,
            -18.973852
          ],
          [
            48.5748906,
            -18.9737583
          ],
          [
            48.5749563,
            -18.9736975
          ],
          [
            48.57502,
            -18.973661
          ],
          [
            48.5751602,
            -18.9736189
          ],
          [
            48.5761539,
            -18.9734818
          ],
          [
            48.5762679,
            -18.9734565
          ],
          [
            48.5763605,
            -18.9734184
          ],
          [
            48.5764449,
            -18.9733677
          ],
          [
            48.576512,
            -18.9733132
          ],
          [
            48.5768258,
            -18.9729746
          ],
          [
            48.5770633,
            -18.9727399
          ],
          [
            48.5772508,
            -18.9725886
          ],
          [
            48.5773818,
            -18.9724829
          ],
          [
            48.577428,
            -18.9724457
          ],
          [
            48.5778357,
            -18.972135
          ],
          [
            48.5780127,
            -18.9720132
          ],
          [
            48.5780865,
            -18.9719663
          ],
          [
            48.5781589,
            -18.9719358
          ],
          [
            48.5782626,
            -18.9719163
          ],
          [
            48.5783404,
            -18.971916
          ],
          [
            48.5784258,
            -18.9719156
          ],
          [
            48.5785968,
            -18.9719403
          ],
          [
            48.579426,
            -18.972054
          ],
          [
            48.5796182,
            -18.9720606
          ],
          [
            48.5799763,
            -18.9720025
          ],
          [
            48.5802761,
            -18.9719535
          ],
          [
            48.5815219,
            -18.9718477
          ],
          [
            48.5817094,
            -18.97182
          ],
          [
            48.5818706,
            -18.9717771
          ],
          [
            48.5819765,
            -18.9717335
          ],
          [
            48.5829654,
            -18.9711962
          ],
          [
            48.5834607,
            -18.9709093
          ],
          [
            48.5839048,
            -18.9706304
          ]
        ]
      },
      "id": "way/778332980"
    },
    {
      "type": "Feature",
      "properties": {
        "@id": "way/778636939",
        "bridge": "yes",
        "highway": "primary",
        "layer": "1",
        "ref": "N 2"
      },
      "geometry": {
        "type": "LineString",
        "coordinates": [
          [
            48.4848139,
            -18.9435163
          ],
          [
            48.4849557,
            -18.9433778
          ]
        ]
      },
      "id": "way/778636939"
    },
    {
      "type": "Feature",
      "properties": {
        "@id": "way/778636940",
        "highway": "primary",
        "ref": "N 2"
      },
      "geometry": {
        "type": "LineString",
        "coordinates": [
          [
            48.4849557,
            -18.9433778
          ],
          [
            48.4852918,
            -18.9431029
          ],
          [
            48.4854153,
            -18.9430572
          ],
          [
            48.4855588,
            -18.9430395
          ],
          [
            48.4856875,
            -18.9430636
          ],
          [
            48.4858176,
            -18.9431853
          ],
          [
            48.486236,
            -18.9437168
          ],
          [
            48.4865928,
            -18.9442179
          ],
          [
            48.4868637,
            -18.9445375
          ],
          [
            48.4870796,
            -18.9447367
          ],
          [
            48.4874766,
            -18.9450449
          ],
          [
            48.4877676,
            -18.945272
          ],
          [
            48.488041,
            -18.945498
          ],
          [
            48.4881753,
            -18.9456144
          ],
          [
            48.4883201,
            -18.9456969
          ],
          [
            48.4884556,
            -18.9457108
          ],
          [
            48.4886044,
            -18.9456956
          ],
          [
            48.4887654,
            -18.9456969
          ],
          [
            48.4890497,
            -18.9457768
          ],
          [
            48.4895043,
            -18.9459988
          ],
          [
            48.4897175,
            -18.9461358
          ],
          [
            48.4899093,
            -18.9463298
          ],
          [
            48.4901507,
            -18.9465772
          ],
          [
            48.4905155,
            -18.9468816
          ],
          [
            48.490718,
            -18.9470364
          ],
          [
            48.490887,
            -18.947096
          ],
          [
            48.4910573,
            -18.9470922
          ],
          [
            48.4914744,
            -18.9470326
          ],
          [
            48.4916461,
            -18.9470288
          ],
          [
            48.4917963,
            -18.9470808
          ],
          [
            48.4920913,
            -18.9472279
          ],
          [
            48.4924212,
            -18.9473852
          ],
          [
            48.4925996,
            -18.9474448
          ],
          [
            48.4928034,
            -18.9474511
          ],
          [
            48.4930797,
            -18.9474068
          ],
          [
            48.4938844,
            -18.9472799
          ],
          [
            48.4941231,
            -18.9472799
          ],
          [
            48.4943068,
            -18.9473243
          ],
          [
            48.4944315,
            -18.9474372
          ],
          [
            48.494579,
            -18.9478279
          ],
          [
            48.4946863,
            -18.9480055
          ],
          [
            48.4947976,
            -18.948093
          ],
          [
            48.4949693,
            -18.9481513
          ],
          [
            48.4956613,
            -18.9483974
          ],
          [
            48.4958343,
            -18.9484596
          ],
          [
            48.4959832,
            -18.9484786
          ],
          [
            48.4961079,
            -18.9484684
          ],
          [
            48.4966233,
            -18.948376
          ],
          [
            48.4968353,
            -18.9483779
          ],
          [
            48.4969971,
            -18.9484063
          ],
          [
            48.4973042,
            -18.9484811
          ],
          [
            48.4975509,
            -18.9485699
          ],
          [
            48.4976904,
            -18.9486359
          ],
          [
            48.4982336,
            -18.9489238
          ],
          [
            48.498361,
            -18.9489644
          ],
          [
            48.4989309,
            -18.9489923
          ],
          [
            48.4991039,
            -18.9489644
          ],
          [
            48.499175,
            -18.9489124
          ],
          [
            48.4992461,
            -18.9488388
          ],
          [
            48.4992917,
            -18.9487056
          ],
          [
            48.4992917,
            -18.9485839
          ],
          [
            48.4992984,
            -18.9484608
          ],
          [
            48.4993413,
            -18.9483035
          ],
          [
            48.4994446,
            -18.9481412
          ],
          [
            48.4996136,
            -18.9479167
          ],
          [
            48.4999113,
            -18.9474575
          ],
          [
            48.5000092,
            -18.9473611
          ],
          [
            48.5001191,
            -18.9473268
          ],
          [
            48.5002814,
            -18.9473547
          ],
          [
            48.500504,
            -18.947545
          ],
          [
            48.5006341,
            -18.9475907
          ],
          [
            48.5008018,
            -18.9475615
          ],
          [
            48.5009158,
            -18.9474791
          ],
          [
            48.5009909,
            -18.9473509
          ],
          [
            48.5009748,
            -18.9471683
          ],
          [
            48.5008849,
            -18.9470047
          ],
          [
            48.500842,
            -18.9468524
          ],
          [
            48.5008635,
            -18.9467776
          ],
          [
            48.5009225,
            -18.9466964
          ],
          [
            48.5010378,
            -18.9466647
          ],
          [
            48.5014254,
            -18.9466127
          ],
          [
            48.501541,
            -18.946613
          ],
          [
            48.501648,
            -18.946648
          ],
          [
            48.5019479,
            -18.9469422
          ],
          [
            48.501997,
            -18.9470167
          ],
          [
            48.5020946,
            -18.9471067
          ],
          [
            48.5022426,
            -18.9471686
          ],
          [
            48.5026688,
            -18.947234
          ],
          [
            48.5027907,
            -18.9472475
          ],
          [
            48.5034099,
            -18.9471153
          ],
          [
            48.5035058,
            -18.9470368
          ],
          [
            48.5035666,
            -18.9469539
          ],
          [
            48.5036151,
            -18.9467598
          ],
          [
            48.5036301,
            -18.9465251
          ],
          [
            48.5036726,
            -18.9463362
          ],
          [
            48.5039109,
            -18.9457824
          ],
          [
            48.5040547,
            -18.9456756
          ],
          [
            48.5042706,
            -18.9456739
          ],
          [
            48.5044084,
            -18.9457306
          ],
          [
            48.5049974,
            -18.9459967
          ],
          [
            48.5054916,
            -18.9462089
          ],
          [
            48.5056476,
            -18.9462449
          ],
          [
            48.5062888,
            -18.946284
          ],
          [
            48.5065906,
            -18.9462659
          ],
          [
            48.5071497,
            -18.9460812
          ],
          [
            48.5074396,
            -18.9460491
          ],
          [
            48.508266,
            -18.946096
          ],
          [
            48.508572,
            -18.946171
          ],
          [
            48.508713,
            -18.94623
          ],
          [
            48.5090321,
            -18.9464225
          ],
          [
            48.5092116,
            -18.9466282
          ],
          [
            48.5093913,
            -18.9468835
          ],
          [
            48.509472,
            -18.9469907
          ],
          [
            48.5095764,
            -18.9470545
          ],
          [
            48.5097292,
            -18.9471483
          ],
          [
            48.5099496,
            -18.9472204
          ],
          [
            48.5104008,
            -18.9472433
          ],
          [
            48.5106933,
            -18.9472317
          ],
          [
            48.5111231,
            -18.9471854
          ],
          [
            48.511417,
            -18.947145
          ],
          [
            48.5115937,
            -18.9470456
          ],
          [
            48.5118055,
            -18.9468595
          ],
          [
            48.5119096,
            -18.9466451
          ],
          [
            48.5122133,
            -18.946227
          ],
          [
            48.5124058,
            -18.9460836
          ],
          [
            48.5124483,
            -18.9460515
          ],
          [
            48.5125587,
            -18.9459681
          ],
          [
            48.5129768,
            -18.9457053
          ]
        ]
      },
      "id": "way/778636940"
    },
    {
      "type": "Feature",
      "properties": {
        "@id": "way/786008878",
        "bridge": "yes",
        "highway": "primary",
        "lanes": "1",
        "layer": "1",
        "maxspeed": "10",
        "maxweight": "44",
        "note": "Passerelle temporaire septembre 2024",
        "ref": "N 2",
        "surface": "metal"
      },
      "geometry": {
        "type": "LineString",
        "coordinates": [
          [
            48.2079279,
            -18.9389004
          ],
          [
            48.2080529,
            -18.9389518
          ]
        ]
      },
      "id": "way/786008878"
    },
    {
      "type": "Feature",
      "properties": {
        "@id": "way/786008879",
        "highway": "primary",
        "lane_markings": "no",
        "ref": "N 2",
        "surface": "asphalt"
      },
      "geometry": {
        "type": "LineString",
        "coordinates": [
          [
            48.2080529,
            -18.9389518
          ],
          [
            48.2080965,
            -18.9389699
          ],
          [
            48.2087065,
            -18.9392237
          ],
          [
            48.2098434,
            -18.9397106
          ],
          [
            48.2101867,
            -18.9398577
          ],
          [
            48.2131794,
            -18.9411481
          ],
          [
            48.2141451,
            -18.9415644
          ],
          [
            48.2144673,
            -18.9417033
          ],
          [
            48.2145244,
            -18.941728
          ],
          [
            48.214649,
            -18.9417817
          ],
          [
            48.2148663,
            -18.9418754
          ],
          [
            48.2149902,
            -18.9419288
          ],
          [
            48.2154102,
            -18.9421099
          ],
          [
            48.2154542,
            -18.9421287
          ],
          [
            48.2155198,
            -18.9421567
          ],
          [
            48.2167349,
            -18.9426752
          ],
          [
            48.2170244,
            -18.9427987
          ],
          [
            48.2175971,
            -18.9430431
          ],
          [
            48.2181887,
            -18.9432956
          ],
          [
            48.2185474,
            -18.9434487
          ],
          [
            48.2195825,
            -18.9438904
          ],
          [
            48.2201485,
            -18.9441327
          ],
          [
            48.2203173,
            -18.9442049
          ],
          [
            48.2203666,
            -18.9442243
          ],
          [
            48.2210627,
            -18.9444991
          ],
          [
            48.2217018,
            -18.944705
          ],
          [
            48.2218028,
            -18.9447375
          ],
          [
            48.2223349,
            -18.9449205
          ],
          [
            48.2226568,
            -18.9450172
          ],
          [
            48.2234323,
            -18.9452777
          ],
          [
            48.2236458,
            -18.9453494
          ],
          [
            48.2242818,
            -18.945563
          ],
          [
            48.2264404,
            -18.9462364
          ],
          [
            48.2271604,
            -18.9463962
          ],
          [
            48.2277744,
            -18.9464926
          ],
          [
            48.2281164,
            -18.9465487
          ],
          [
            48.2284528,
            -18.9465991
          ],
          [
            48.2286288,
            -18.9466273
          ],
          [
            48.229212,
            -18.9467225
          ],
          [
            48.2295576,
            -18.9467969
          ],
          [
            48.2299594,
            -18.9469049
          ],
          [
            48.2302921,
            -18.9469944
          ],
          [
            48.2304796,
            -18.9470396
          ],
          [
            48.2309908,
            -18.9472095
          ],
          [
            48.2314177,
            -18.947334
          ],
          [
            48.2317521,
            -18.9474397
          ],
          [
            48.232203,
            -18.947568
          ],
          [
            48.2325704,
            -18.947652
          ],
          [
            48.2326506,
            -18.9476703
          ],
          [
            48.2327748,
            -18.9476879
          ],
          [
            48.2328934,
            -18.9477048
          ],
          [
            48.2334094,
            -18.9477439
          ],
          [
            48.2337679,
            -18.9477452
          ],
          [
            48.234127,
            -18.9477672
          ],
          [
            48.2341974,
            -18.9477064
          ],
          [
            48.2342278,
            -18.947653
          ],
          [
            48.2343414,
            -18.9469846
          ],
          [
            48.2343789,
            -18.946878
          ],
          [
            48.2344432,
            -18.9467918
          ],
          [
            48.2345803,
            -18.9466708
          ],
          [
            48.2346041,
            -18.9466498
          ],
          [
            48.2346909,
            -18.9465925
          ],
          [
            48.2347507,
            -18.9465669
          ],
          [
            48.2351477,
            -18.9463895
          ]
        ]
      },
      "id": "way/786008879"
    },
    {
      "type": "Feature",
      "properties": {
        "@id": "way/813438167",
        "bridge": "yes",
        "highway": "primary",
        "layer": "1",
        "ref": "N 2"
      },
      "geometry": {
        "type": "LineString",
        "coordinates": [
          [
            48.6202169,
            -18.9795137
          ],
          [
            48.6203538,
            -18.9793842
          ]
        ]
      },
      "id": "way/813438167"
    },
    {
      "type": "Feature",
      "properties": {
        "@id": "way/813438168",
        "highway": "primary",
        "ref": "N 2"
      },
      "geometry": {
        "type": "LineString",
        "coordinates": [
          [
            48.6125655,
            -18.9828246
          ],
          [
            48.612607,
            -18.9827487
          ],
          [
            48.612676,
            -18.9825832
          ],
          [
            48.6127357,
            -18.9823512
          ],
          [
            48.6127732,
            -18.9821026
          ],
          [
            48.6128188,
            -18.9819327
          ],
          [
            48.6129147,
            -18.9818225
          ],
          [
            48.6130683,
            -18.9817133
          ],
          [
            48.6132802,
            -18.9815776
          ],
          [
            48.6136222,
            -18.9814241
          ],
          [
            48.6137898,
            -18.9813455
          ],
          [
            48.6139802,
            -18.9813176
          ],
          [
            48.6142042,
            -18.9813392
          ],
          [
            48.6144469,
            -18.9813645
          ],
          [
            48.6148157,
            -18.981414
          ],
          [
            48.6149995,
            -18.9814102
          ],
          [
            48.6151591,
            -18.9813468
          ],
          [
            48.615383,
            -18.9812149
          ],
          [
            48.6155332,
            -18.9811248
          ],
          [
            48.6158135,
            -18.9810805
          ],
          [
            48.6161448,
            -18.9810564
          ],
          [
            48.6165806,
            -18.9810132
          ],
          [
            48.6169347,
            -18.9809536
          ],
          [
            48.6173062,
            -18.9808763
          ],
          [
            48.6176897,
            -18.9807875
          ],
          [
            48.6182141,
            -18.9806772
          ],
          [
            48.6185467,
            -18.9805998
          ],
          [
            48.6189329,
            -18.9805199
          ],
          [
            48.6191073,
            -18.9804552
          ],
          [
            48.6193527,
            -18.9802714
          ],
          [
            48.6196316,
            -18.9800253
          ],
          [
            48.619975,
            -18.9797349
          ],
          [
            48.6202169,
            -18.9795137
          ]
        ]
      },
      "id": "way/813438168"
    },
    {
      "type": "Feature",
      "properties": {
        "@id": "way/911829607",
        "highway": "primary",
        "oneway": "no",
        "ref": "N 2"
      },
      "geometry": {
        "type": "LineString",
        "coordinates": [
          [
            47.5329159,
            -18.9017639
          ],
          [
            47.5327463,
            -18.9017514
          ]
        ]
      },
      "id": "way/911829607"
    },
    {
      "type": "Feature",
      "properties": {
        "@id": "way/911829608",
        "highway": "primary",
        "oneway": "no",
        "ref": "N 2"
      },
      "geometry": {
        "type": "LineString",
        "coordinates": [
          [
            47.5327463,
            -18.9017514
          ],
          [
            47.5326014,
            -18.9017208
          ]
        ]
      },
      "id": "way/911829608"
    },
    {
      "type": "Feature",
      "properties": {
        "@id": "way/921074501",
        "highway": "primary",
        "oneway": "yes",
        "ref": "N 2"
      },
      "geometry": {
        "type": "LineString",
        "coordinates": [
          [
            47.5682949,
            -18.8942687
          ],
          [
            47.5682508,
            -18.8941949
          ],
          [
            47.5682075,
            -18.8941417
          ],
          [
            47.5681686,
            -18.8941102
          ],
          [
            47.5681001,
            -18.8940319
          ]
        ]
      },
      "id": "way/921074501"
    },
    {
      "type": "Feature",
      "properties": {
        "@id": "way/947624301",
        "highway": "primary",
        "name": "Rue de Melville",
        "ref": "N 2"
      },
      "geometry": {
        "type": "LineString",
        "coordinates": [
          [
            49.3930399,
            -18.1506881
          ],
          [
            49.3931257,
            -18.1507709
          ],
          [
            49.3931995,
            -18.1508461
          ],
          [
            49.3933833,
            -18.1510048
          ],
          [
            49.3934181,
            -18.1510372
          ],
          [
            49.3937775,
            -18.1513151
          ],
          [
            49.3938835,
            -18.1513928
          ],
          [
            49.3939961,
            -18.1514712
          ],
          [
            49.3941557,
            -18.151598
          ],
          [
            49.394385,
            -18.151779
          ]
        ]
      },
      "id": "way/947624301"
    },
    {
      "type": "Feature",
      "properties": {
        "@id": "way/955581587",
        "highway": "primary",
        "junction": "roundabout",
        "lanes": "2",
        "name": "Rond point Ambohimahitsy",
        "ref": "N 2",
        "surface": "asphalt"
      },
      "geometry": {
        "type": "LineString",
        "coordinates": [
          [
            47.5680318,
            -18.8938901
          ],
          [
            47.5679923,
            -18.8938618
          ],
          [
            47.5679472,
            -18.8938425
          ],
          [
            47.5678987,
            -18.8938332
          ],
          [
            47.5678492,
            -18.8938343
          ],
          [
            47.5678012,
            -18.8938457
          ],
          [
            47.5677571,
            -18.893867
          ]
        ]
      },
      "id": "way/955581587"
    },
    {
      "type": "Feature",
      "properties": {
        "@id": "way/958452695",
        "highway": "primary",
        "junction": "roundabout",
        "lanes": "2",
        "name": "Rond point Ambohimahitsy",
        "ref": "N 2",
        "surface": "asphalt"
      },
      "geometry": {
        "type": "LineString",
        "coordinates": [
          [
            47.5676643,
            -18.8939918
          ],
          [
            47.5676591,
            -18.894063
          ],
          [
            47.5676795,
            -18.8941318
          ],
          [
            47.5677231,
            -18.8941901
          ]
        ]
      },
      "id": "way/958452695"
    },
    {
      "type": "Feature",
      "properties": {
        "@id": "way/958452696",
        "highway": "primary",
        "lane_markings": "yes",
        "lanes": "2",
        "oneway": "yes",
        "ref": "N 2",
        "surface": "asphalt"
      },
      "geometry": {
        "type": "LineString",
        "coordinates": [
          [
            47.5681001,
            -18.8940319
          ],
          [
            47.5680811,
            -18.8939836
          ],
          [
            47.5680088,
            -18.8938981
          ],
          [
            47.5678882,
            -18.8938608
          ],
          [
            47.567783,
            -18.8938871
          ],
          [
            47.5676643,
            -18.8939918
          ],
          [
            47.5675419,
            -18.894094
          ],
          [
            47.5674346,
            -18.8941796
          ],
          [
            47.5673908,
            -18.8942287
          ]
        ]
      },
      "id": "way/958452696"
    },
    {
      "type": "Feature",
      "properties": {
        "@id": "way/958452697",
        "highway": "primary",
        "oneway": "no",
        "ref": "N 2"
      },
      "geometry": {
        "type": "LineString",
        "coordinates": [
          [
            47.5682949,
            -18.8942687
          ],
          [
            47.5683246,
            -18.894319
          ]
        ]
      },
      "id": "way/958452697"
    },
    {
      "type": "Feature",
      "properties": {
        "@id": "way/958452698",
        "highway": "primary",
        "oneway": "yes",
        "ref": "N 2"
      },
      "geometry": {
        "type": "LineString",
        "coordinates": [
          [
            47.5680279,
            -18.8941966
          ],
          [
            47.5681018,
            -18.894195
          ],
          [
            47.5681627,
            -18.8942041
          ],
          [
            47.5682949,
            -18.8942687
          ]
        ]
      },
      "id": "way/958452698"
    },
    {
      "type": "Feature",
      "properties": {
        "@id": "way/958452699",
        "highway": "primary",
        "oneway": "yes",
        "ref": "N 2",
        "surface": "asphalt"
      },
      "geometry": {
        "type": "LineString",
        "coordinates": [
          [
            47.5673908,
            -18.8942287
          ],
          [
            47.5674769,
            -18.8941898
          ],
          [
            47.5675841,
            -18.8941739
          ],
          [
            47.5677231,
            -18.8941901
          ]
        ]
      },
      "id": "way/958452699"
    },
    {
      "type": "Feature",
      "properties": {
        "@id": "way/958452700",
        "highway": "primary",
        "junction": "roundabout",
        "lanes": "2",
        "name": "Rond point Ambohimahitsy",
        "ref": "N 2",
        "surface": "asphalt"
      },
      "geometry": {
        "type": "LineString",
        "coordinates": [
          [
            47.5677664,
            -18.8942218
          ],
          [
            47.5678126,
            -18.8942413
          ],
          [
            47.5678622,
            -18.8942504
          ],
          [
            47.5679127,
            -18.8942485
          ],
          [
            47.5679615,
            -18.8942359
          ]
        ]
      },
      "id": "way/958452700"
    },
    {
      "type": "Feature",
      "properties": {
        "@id": "way/958452701",
        "highway": "primary",
        "junction": "roundabout",
        "lanes": "2",
        "name": "Rond point Ambohimahitsy",
        "ref": "N 2",
        "surface": "asphalt"
      },
      "geometry": {
        "type": "LineString",
        "coordinates": [
          [
            47.5679615,
            -18.8942359
          ],
          [
            47.5680279,
            -18.8941966
          ],
          [
            47.5680689,
            -18.8941493
          ],
          [
            47.5680937,
            -18.8940928
          ],
          [
            47.5681001,
            -18.8940319
          ]
        ]
      },
      "id": "way/958452701"
    },
    {
      "type": "Feature",
      "properties": {
        "@id": "way/958452702",
        "highway": "primary",
        "junction": "roundabout",
        "lanes": "2",
        "name": "Rond point Ambohimahitsy",
        "ref": "N 2",
        "surface": "asphalt"
      },
      "geometry": {
        "type": "LineString",
        "coordinates": [
          [
            47.5681001,
            -18.8940319
          ],
          [
            47.568096,
            -18.8940003
          ],
          [
            47.5680868,
            -18.8939695
          ],
          [
            47.5680728,
            -18.8939405
          ],
          [
            47.5680543,
            -18.8939138
          ],
          [
            47.5680318,
            -18.8938901
          ]
        ]
      },
      "id": "way/958452702"
    },
    {
      "type": "Feature",
      "properties": {
        "@id": "way/958452703",
        "highway": "primary",
        "junction": "roundabout",
        "lanes": "2",
        "name": "Rond point Ambohimahitsy",
        "ref": "N 2",
        "surface": "asphalt"
      },
      "geometry": {
        "type": "LineString",
        "coordinates": [
          [
            47.5677571,
            -18.893867
          ],
          [
            47.567725,
            -18.8938915
          ],
          [
            47.5676983,
            -18.8939211
          ],
          [
            47.5676778,
            -18.8939549
          ],
          [
            47.5676643,
            -18.8939918
          ]
        ]
      },
      "id": "way/958452703"
    },
    {
      "type": "Feature",
      "properties": {
        "@id": "way/1022824253",
        "bridge": "yes",
        "highway": "primary",
        "layer": "1",
        "ref": "N 2"
      },
      "geometry": {
        "type": "LineString",
        "coordinates": [
          [
            48.7573974,
            -18.9732497
          ],
          [
            48.7572714,
            -18.9733865
          ]
        ]
      },
      "id": "way/1022824253"
    },
    {
      "type": "Feature",
      "properties": {
        "@id": "way/1036025977",
        "highway": "primary",
        "ref": "N 2"
      },
      "geometry": {
        "type": "LineString",
        "coordinates": [
          [
            47.83691,
            -18.9143695
          ],
          [
            47.8370424,
            -18.9142582
          ],
          [
            47.8373769,
            -18.9140723
          ],
          [
            47.8375559,
            -18.9140428
          ],
          [
            47.8377644,
            -18.914072
          ],
          [
            47.8380708,
            -18.9141944
          ],
          [
            47.8382036,
            -18.9142953
          ],
          [
            47.8383055,
            -18.9145154
          ],
          [
            47.8382881,
            -18.9147214
          ],
          [
            47.8379448,
            -18.9151916
          ],
          [
            47.8378537,
            -18.9153914
          ],
          [
            47.8377966,
            -18.9163677
          ],
          [
            47.8379089,
            -18.9166536
          ],
          [
            47.8383411,
            -18.9170211
          ],
          [
            47.8384422,
            -18.9171602
          ],
          [
            47.8384638,
            -18.9175057
          ],
          [
            47.8383786,
            -18.9178013
          ],
          [
            47.8384544,
            -18.9181038
          ],
          [
            47.8387715,
            -18.918409
          ],
          [
            47.8390726,
            -18.918612
          ],
          [
            47.839302,
            -18.9189805
          ],
          [
            47.8394911,
            -18.9191955
          ],
          [
            47.8396292,
            -18.9192146
          ],
          [
            47.8398223,
            -18.9191356
          ],
          [
            47.8401348,
            -18.9187414
          ],
          [
            47.8402569,
            -18.9186919
          ],
          [
            47.8405881,
            -18.9187566
          ],
          [
            47.8407463,
            -18.9187401
          ],
          [
            47.8410012,
            -18.9185435
          ],
          [
            47.8412084,
            -18.9182866
          ],
          [
            47.8413807,
            -18.9182174
          ],
          [
            47.841846,
            -18.9181851
          ],
          [
            47.8420721,
            -18.9182329
          ],
          [
            47.8422651,
            -18.9183614
          ],
          [
            47.8423446,
            -18.9185471
          ]
        ]
      },
      "id": "way/1036025977"
    },
    {
      "type": "Feature",
      "properties": {
        "@id": "way/1053408986",
        "bridge": "yes",
        "highway": "primary",
        "layer": "1",
        "ref": "N 2"
      },
      "geometry": {
        "type": "LineString",
        "coordinates": [
          [
            47.7911971,
            -18.8923496
          ],
          [
            47.7912562,
            -18.8923569
          ]
        ]
      },
      "id": "way/1053408986"
    },
    {
      "type": "Feature",
      "properties": {
        "@id": "way/1053408987",
        "highway": "primary",
        "ref": "N 2"
      },
      "geometry": {
        "type": "LineString",
        "coordinates": [
          [
            47.7912562,
            -18.8923569
          ],
          [
            47.7912891,
            -18.8923601
          ],
          [
            47.7913749,
            -18.8923677
          ],
          [
            47.7952696,
            -18.8926443
          ],
          [
            47.7964255,
            -18.8927318
          ],
          [
            47.7965772,
            -18.8927572
          ],
          [
            47.796754,
            -18.8927874
          ],
          [
            47.7969365,
            -18.8928131
          ],
          [
            47.7973473,
            -18.8928142
          ],
          [
            47.7979264,
            -18.8928266
          ]
        ]
      },
      "id": "way/1053408987"
    }
  ]
}