{
  "type": "FeatureCollection",
  "generator": "overpass-turbo",
  "copyright": "The data included in this document is from www.openstreetmap.org. The data is made available under ODbL.",
  "timestamp": "2026-09-30T10:02:35Z",
  "features": [
    {
      "type": "Feature",
      "properties": {
        "@id": "way/27352406",
        "highway": "primary",
        "ref": "N 4"
      },
      "geometry": {
        "type": "LineString",
        "coordinates": [
          [
            46.5335661,
            -15.8697354
          ],
          [
            46.5313428,
            -15.8677424
          ],
          [
            46.5309994,
            -15.8673734
          ],
          [
            46.5307849,
            -15.8669505
          ],
          [
            46.5303703,
            -15.8658847
          ],
          [
            46.5299218,
            -15.8653258
          ],
          [
            46.5292548,
            -15.8647036
          ],
          [
            46.5286598,
            -15.8644864
          ],
          [
            46.5270823,
            -15.8641612
          ],
          [
            46.5265849,
            -15.8641586
          ],
          [
            46.5254635,
            -15.8644499
          ],
          [
            46.5248328,
            -15.8642497
          ],
          [
            46.5242466,
            -15.8637327
          ],
          [
            46.5229248,
            -15.8617224
          ],
          [
            46.5223317,
            -15.8609823
          ],
          [
            46.5216007,
            -15.8604086
          ],
          [
            46.5177902,
            -15.8578294
          ],
          [
            46.5175174,
            -15.8575095
          ],
          [
            46.5174383,
            -15.8570382
          ],
          [
            46.5174718,
            -15.8550574
          ],
          [
            46.5174314,
            -15.8546441
          ],
          [
            46.5172589,
            -15.8543607
          ],
          [
            46.5158467,
            -15.8526329
          ],
          [
            46.5157971,
            -15.8517498
          ],
          [
            46.5165448,
            -15.8497328
          ],
          [
            46.5164151,
            -15.8488325
          ],
          [
            46.5158314,
            -15.8480657
          ],
          [
            46.5144123,
            -15.8475164
          ],
          [
            46.5138783,
            -15.8468326
          ],
          [
            46.5136151,
            -15.8446993
          ],
          [
            46.5128979,
            -15.8438162
          ],
          [
            46.5128327,
            -15.8437034
          ],
          [
            46.5127797,
            -15.8435528
          ],
          [
            46.5127545,
            -15.8432979
          ],
          [
            46.5127721,
            -15.8430163
          ],
          [
            46.5127453,
            -15.8427995
          ],
          [
            46.5126257,
            -15.8425162
          ],
          [
            46.5124712,
            -15.8422606
          ],
          [
            46.5114548,
            -15.8409076
          ],
          [
            46.5107482,
            -15.8399704
          ],
          [
            46.5104641,
            -15.8394998
          ],
          [
            46.5103848,
            -15.8391887
          ],
          [
            46.5103584,
            -15.8388547
          ],
          [
            46.5103664,
            -15.8375799
          ],
          [
            46.5103241,
            -15.8371824
          ],
          [
            46.5100925,
            -15.8366555
          ],
          [
            46.5098082,
            -15.8361282
          ],
          [
            46.5097052,
            -15.835991
          ],
          [
            46.5095784,
            -15.835875
          ],
          [
            46.509405,
            -15.8357645
          ],
          [
            46.5085809,
            -15.8354236
          ],
          [
            46.5084163,
            -15.8353256
          ],
          [
            46.5082271,
            -15.835176
          ],
          [
            46.5078201,
            -15.8347838
          ],
          [
            46.5076727,
            -15.8346418
          ],
          [
            46.5074962,
            -15.8345373
          ],
          [
            46.5073929,
            -15.8344954
          ],
          [
            46.5072516,
            -15.8344549
          ],
          [
            46.5072264,
            -15.8344477
          ],
          [
            46.5070239,
            -15.8344086
          ],
          [
            46.5069688,
            -15.8344019
          ],
          [
            46.506567,
            -15.8343532
          ],
          [
            46.5063362,
            -15.8343577
          ],
          [
            46.5061439,
            -15.8343839
          ],
          [
            46.5058407,
            -15.8344326
          ],
          [
            46.505537,
            -15.8344813
          ],
          [
            46.5053373,
            -15.8344913
          ],
          [
            46.505157,
            -15.8344718
          ],
          [
            46.5049459,
            -15.8344125
          ],
          [
            46.5046901,
            -15.834329
          ],
          [
            46.5044344,
            -15.8342297
          ],
          [
            46.5042219,
            -15.8341153
          ],
          [
            46.5040704,
            -15.8339873
          ],
          [
            46.5039542,
            -15.8338429
          ],
          [
            46.5038467,
            -15.833671
          ],
          [
            46.5033426,
            -15.8328095
          ],
          [
            46.5030538,
            -15.8323158
          ],
          [
            46.5029534,
            -15.8321946
          ],
          [
            46.5028735,
            -15.8321256
          ],
          [
            46.5027889,
            -15.8320655
          ],
          [
            46.5026749,
            -15.8319998
          ],
          [
            46.5025701,
            -15.8319547
          ],
          [
            46.5024295,
            -15.8319066
          ],
          [
            46.5016914,
            -15.8316874
          ],
          [
            46.501261,
            -15.8315632
          ],
          [
            46.5009362,
            -15.8314585
          ],
          [
            46.5007931,
            -15.8314092
          ],
          [
            46.5006562,
            -15.8313524
          ],
          [
            46.5004711,
            -15.8312616
          ],
          [
            46.5003768,
            -15.8312008
          ],
          [
            46.5002933,
            -15.8311281
          ],
          [
            46.5002338,
            -15.8310597
          ],
          [
            46.5001807,
            -15.8309898
          ],
          [
            46.5000739,
            -15.8308192
          ],
          [
            46.4995168,
            -15.8298775
          ],
          [
            46.4993256,
            -15.8295569
          ],
          [
            46.4991345,
            -15.8292757
          ],
          [
            46.499012,
            -15.8291148
          ],
          [
            46.4988737,
            -15.8289592
          ],
          [
            46.4987662,
            -15.8288681
          ],
          [
            46.4986587,
            -15.8287883
          ],
          [
            46.4985362,
            -15.828712
          ],
          [
            46.4984307,
            -15.8286634
          ],
          [
            46.4983123,
            -15.828617
          ],
          [
            46.497736,
            -15.8284577
          ],
          [
            46.4974418,
            -15.8283527
          ],
          [
            46.4972178,
            -15.8282472
          ],
          [
            46.4970995,
            -15.8281799
          ],
          [
            46.4969906,
            -15.8280979
          ],
          [
            46.4968979,
            -15.8280174
          ],
          [
            46.4968112,
            -15.8279289
          ],
          [
            46.4967424,
            -15.8278478
          ],
          [
            46.4966843,
            -15.827761
          ],
          [
            46.4966102,
            -15.8276234
          ],
          [
            46.4965433,
            -15.8274802
          ],
          [
            46.4965025,
            -15.8273559
          ],
          [
            46.496493,
            -15.8272944
          ],
          [
            46.4964871,
            -15.8272329
          ],
          [
            46.496478,
            -15.8271055
          ],
          [
            46.4964834,
            -15.8269898
          ],
          [
            46.4965013,
            -15.8268954
          ],
          [
            46.4965428,
            -15.8267544
          ],
          [
            46.4966247,
            -15.8264828
          ],
          [
            46.4966781,
            -15.8263091
          ],
          [
            46.4966961,
            -15.8261524
          ],
          [
            46.4966978,
            -15.8259822
          ],
          [
            46.4966753,
            -15.8257905
          ],
          [
            46.4966023,
            -15.8252909
          ],
          [
            46.4965182,
            -15.824789
          ],
          [
            46.4964841,
            -15.8246223
          ],
          [
            46.4964463,
            -15.8245089
          ],
          [
            46.4964032,
            -15.8244102
          ],
          [
            46.4962662,
            -15.8240826
          ],
          [
            46.4961303,
            -15.823755
          ],
          [
            46.496088,
            -15.8236048
          ],
          [
            46.4960656,
            -15.8235161
          ],
          [
            46.4960573,
            -15.823433
          ],
          [
            46.496047,
            -15.8233037
          ],
          [
            46.4960508,
            -15.8231881
          ],
          [
            46.4960853,
            -15.8230379
          ],
          [
            46.4961964,
            -15.8227214
          ],
          [
            46.4968567,
            -15.8209801
          ],
          [
            46.4969392,
            -15.8208075
          ],
          [
            46.4970457,
            -15.8206513
          ],
          [
            46.4971084,
            -15.8205868
          ],
          [
            46.4971814,
            -15.8205184
          ],
          [
            46.4972671,
            -15.8204474
          ],
          [
            46.4974123,
            -15.8203488
          ],
          [
            46.4977708,
            -15.8201232
          ],
          [
            46.4978362,
            -15.8200644
          ],
          [
            46.4978955,
            -15.8199877
          ],
          [
            46.4979384,
            -15.8199242
          ],
          [
            46.497971,
            -15.819841
          ],
          [
            46.4980102,
            -15.8196795
          ],
          [
            46.4980294,
            -15.8194544
          ],
          [
            46.4980429,
            -15.8192345
          ],
          [
            46.4980614,
            -15.819049
          ],
          [
            46.4981138,
            -15.8188334
          ],
          [
            46.4981802,
            -15.8186913
          ],
          [
            46.4983006,
            -15.8185011
          ],
          [
            46.4985872,
            -15.8180801
          ],
          [
            46.4986561,
            -15.8179639
          ],
          [
            46.4987475,
            -15.8177707
          ],
          [
            46.4988472,
            -15.8174829
          ],
          [
            46.4990613,
            -15.8168554
          ],
          [
            46.4992549,
            -15.8161875
          ],
          [
            46.4993789,
            -15.8158549
          ],
          [
            46.499625,
            -15.8154855
          ],
          [
            46.5017125,
            -15.8131895
          ],
          [
            46.5017915,
            -15.8130874
          ],
          [
            46.5018618,
            -15.8129819
          ],
          [
            46.5019293,
            -15.8128358
          ],
          [
            46.501972,
            -15.8126879
          ],
          [
            46.502013,
            -15.8125069
          ],
          [
            46.5020194,
            -15.812336
          ],
          [
            46.5019701,
            -15.8114126
          ],
          [
            46.5019352,
            -15.8109035
          ],
          [
            46.5019329,
            -15.8107603
          ],
          [
            46.5019475,
            -15.8106127
          ],
          [
            46.5019687,
            -15.8105169
          ],
          [
            46.5020099,
            -15.8104138
          ],
          [
            46.5020681,
            -15.8103061
          ],
          [
            46.5021557,
            -15.8101715
          ],
          [
            46.5022526,
            -15.8100383
          ],
          [
            46.5023856,
            -15.8098779
          ],
          [
            46.502531,
            -15.8097293
          ],
          [
            46.502622,
            -15.8096505
          ],
          [
            46.5027246,
            -15.8095769
          ],
          [
            46.5028478,
            -15.8095007
          ],
          [
            46.5029803,
            -15.8094364
          ],
          [
            46.5032237,
            -15.8093605
          ],
          [
            46.5034568,
            -15.8093073
          ],
          [
            46.5038369,
            -15.8092276
          ],
          [
            46.5047191,
            -15.8090457
          ],
          [
            46.5048897,
            -15.8089983
          ],
          [
            46.5050216,
            -15.8089411
          ],
          [
            46.5051587,
            -15.8088759
          ],
          [
            46.5052613,
            -15.8088016
          ],
          [
            46.5053715,
            -15.8086852
          ],
          [
            46.5058039,
            -15.8080768
          ],
          [
            46.5067969,
            -15.8066262
          ],
          [
            46.507799,
            -15.8051685
          ],
          [
            46.5080775,
            -15.8047293
          ],
          [
            46.5081555,
            -15.8045515
          ],
          [
            46.5082442,
            -15.8042188
          ],
          [
            46.5082734,
            -15.803839
          ],
          [
            46.508273,
            -15.8033656
          ],
          [
            46.5082631,
            -15.8024843
          ],
          [
            46.5082675,
            -15.8009232
          ],
          [
            46.5083073,
            -15.8007049
          ],
          [
            46.5084019,
            -15.8004388
          ],
          [
            46.5096478,
            -15.7977165
          ],
          [
            46.5098041,
            -15.7975095
          ],
          [
            46.5100056,
            -15.797344
          ],
          [
            46.5112168,
            -15.7964961
          ],
          [
            46.5114463,
            -15.7963579
          ],
          [
            46.5116531,
            -15.7962868
          ],
          [
            46.5117983,
            -15.7962573
          ],
          [
            46.5121102,
            -15.7962161
          ],
          [
            46.5122929,
            -15.796163
          ],
          [
            46.5124444,
            -15.7960795
          ],
          [
            46.5127739,
            -15.7957527
          ],
          [
            46.513079,
            -15.7953749
          ],
          [
            46.5131902,
            -15.7951748
          ],
          [
            46.5132384,
            -15.7949453
          ],
          [
            46.5131802,
            -15.7946657
          ],
          [
            46.5130299,
            -15.794343
          ],
          [
            46.5121464,
            -15.7931665
          ],
          [
            46.5120444,
            -15.7929698
          ],
          [
            46.5120193,
            -15.792706
          ],
          [
            46.5120884,
            -15.7922636
          ],
          [
            46.5121785,
            -15.7918032
          ],
          [
            46.5123526,
            -15.7910502
          ],
          [
            46.5124395,
            -15.7906505
          ],
          [
            46.5124807,
            -15.7902972
          ],
          [
            46.5124621,
            -15.7897429
          ],
          [
            46.5124081,
            -15.7891912
          ],
          [
            46.5123559,
            -15.7886377
          ],
          [
            46.5123413,
            -15.7883414
          ],
          [
            46.5123532,
            -15.7880825
          ],
          [
            46.5123993,
            -15.7878439
          ],
          [
            46.5125605,
            -15.787338
          ],
          [
            46.5128102,
            -15.7865969
          ],
          [
            46.5128829,
            -15.7863125
          ],
          [
            46.5128875,
            -15.7860772
          ],
          [
            46.5128649,
            -15.7859027
          ],
          [
            46.5128156,
            -15.7857417
          ],
          [
            46.5127627,
            -15.7855988
          ],
          [
            46.5124558,
            -15.7850155
          ],
          [
            46.5122962,
            -15.7847529
          ],
          [
            46.5121021,
            -15.7845036
          ],
          [
            46.5117959,
            -15.7842228
          ],
          [
            46.5114651,
            -15.783942
          ],
          [
            46.5108269,
            -15.7833719
          ],
          [
            46.5106493,
            -15.7831307
          ],
          [
            46.5101694,
            -15.7822727
          ],
          [
            46.5097014,
            -15.7814519
          ],
          [
            46.5095235,
            -15.7812082
          ],
          [
            46.5093315,
            -15.7809892
          ],
          [
            46.5089793,
            -15.7806039
          ],
          [
            46.5086107,
            -15.7802298
          ],
          [
            46.5078898,
            -15.7794705
          ],
          [
            46.5076451,
            -15.7792522
          ],
          [
            46.5073751,
            -15.7790846
          ],
          [
            46.5070449,
            -15.7789784
          ],
          [
            46.5061023,
            -15.7787452
          ],
          [
            46.5054185,
            -15.7786379
          ],
          [
            46.5043277,
            -15.7784897
          ],
          [
            46.5037921,
            -15.7784201
          ],
          [
            46.5035042,
            -15.77833
          ],
          [
            46.5029921,
            -15.7781101
          ],
          [
            46.5025119,
            -15.7778699
          ],
          [
            46.5014932,
            -15.7772815
          ],
          [
            46.5004001,
            -15.7766522
          ],
          [
            46.4986218,
            -15.7756259
          ],
          [
            46.4982705,
            -15.775472
          ],
          [
            46.4963311,
            -15.7751487
          ],
          [
            46.4950113,
            -15.7749337
          ],
          [
            46.494308,
            -15.7746737
          ],
          [
            46.4906795,
            -15.7730988
          ],
          [
            46.4903149,
            -15.7729986
          ],
          [
            46.4901579,
            -15.7729772
          ],
          [
            46.4900034,
            -15.772983
          ],
          [
            46.4898149,
            -15.7730255
          ],
          [
            46.489667,
            -15.7730696
          ],
          [
            46.4893875,
            -15.7731973
          ],
          [
            46.4889161,
            -15.7734772
          ],
          [
            46.4886323,
            -15.773604
          ],
          [
            46.4883142,
            -15.7736491
          ],
          [
            46.4879812,
            -15.7736413
          ],
          [
            46.486627,
            -15.773624
          ],
          [
            46.4863731,
            -15.7736025
          ],
          [
            46.4862153,
            -15.7735709
          ],
          [
            46.4860564,
            -15.7735266
          ],
          [
            46.4859063,
            -15.7734482
          ],
          [
            46.4857169,
            -15.7733493
          ],
          [
            46.484908,
            -15.7727846
          ],
          [
            46.4843983,
            -15.7723831
          ],
          [
            46.484251,
            -15.772245
          ],
          [
            46.4841426,
            -15.7721099
          ],
          [
            46.4840544,
            -15.7719361
          ],
          [
            46.483999,
            -15.7717668
          ],
          [
            46.4835642,
            -15.7697841
          ],
          [
            46.4834412,
            -15.7694296
          ],
          [
            46.4833205,
            -15.7691207
          ],
          [
            46.4831553,
            -15.7689012
          ],
          [
            46.4831034,
            -15.7688559
          ],
          [
            46.4829042,
            -15.768682
          ],
          [
            46.4821567,
            -15.7681613
          ],
          [
            46.4816408,
            -15.7678267
          ],
          [
            46.481331,
            -15.7676671
          ],
          [
            46.4810075,
            -15.767572
          ],
          [
            46.4806558,
            -15.7675033
          ],
          [
            46.4802681,
            -15.7674937
          ],
          [
            46.4779891,
            -15.7675512
          ],
          [
            46.4776171,
            -15.7675224
          ],
          [
            46.4772767,
            -15.7674484
          ],
          [
            46.4769986,
            -15.767293
          ],
          [
            46.4767584,
            -15.7670849
          ],
          [
            46.4758527,
            -15.7662005
          ],
          [
            46.4748983,
            -15.765272
          ],
          [
            46.4747548,
            -15.7651142
          ],
          [
            46.4746381,
            -15.7649744
          ],
          [
            46.4745101,
            -15.764713
          ],
          [
            46.4744257,
            -15.7644546
          ],
          [
            46.4743644,
            -15.7642472
          ],
          [
            46.4743518,
            -15.7640238
          ],
          [
            46.4743859,
            -15.763667
          ],
          [
            46.4744926,
            -15.762807
          ],
          [
            46.4748481,
            -15.7597171
          ],
          [
            46.4753746,
            -15.7550561
          ],
          [
            46.4754425,
            -15.7544222
          ],
          [
            46.4754177,
            -15.7541446
          ],
          [
            46.4749736,
            -15.752651
          ],
          [
            46.4728023,
            -15.7444286
          ],
          [
            46.4725123,
            -15.7433302
          ],
          [
            46.471645,
            -15.7401459
          ],
          [
            46.4714627,
            -15.7394327
          ],
          [
            46.4713452,
            -15.7392771
          ],
          [
            46.4711778,
            -15.7391228
          ],
          [
            46.4709499,
            -15.7389789
          ],
          [
            46.4706616,
            -15.7388996
          ],
          [
            46.4691302,
            -15.7386121
          ],
          [
            46.4687466,
            -15.7385162
          ],
          [
            46.4685248,
            -15.7384305
          ],
          [
            46.4682934,
            -15.7383174
          ],
          [
            46.4678463,
            -15.7380233
          ],
          [
            46.4675135,
            -15.7376284
          ],
          [
            46.4672627,
            -15.7371496
          ],
          [
            46.467161,
            -15.7368469
          ],
          [
            46.4670648,
            -15.7363842
          ],
          [
            46.4668323,
            -15.7314042
          ],
          [
            46.4667799,
            -15.730283
          ],
          [
            46.4666915,
            -15.7297281
          ],
          [
            46.4665964,
            -15.729519
          ],
          [
            46.4664654,
            -15.7293106
          ],
          [
            46.4662791,
            -15.7291385
          ],
          [
            46.4660115,
            -15.7289661
          ],
          [
            46.4652187,
            -15.7285984
          ]
        ]
      },
      "id": "way/27352406"
    },
    {
      "type": "Feature",
      "properties": {
        "@id": "way/27352407",
        "highway": "primary",
        "ref": "N 4"
      },
      "geometry": {
        "type": "LineString",
        "coordinates": [
          [
            46.7524264,
            -16.1148549
          ],
          [
            46.7527317,
            -16.1142153
          ],
          [
            46.7529216,
            -16.1138272
          ],
          [
            46.7530312,
            -16.113457
          ],
          [
            46.7530303,
            -16.1134072
          ],
          [
            46.7530251,
            -16.1131295
          ],
          [
            46.7528659,
            -16.1125157
          ],
          [
            46.7527977,
            -16.1123172
          ]
        ]
      },
      "id": "way/27352407"
    },
    {
      "type": "Feature",
      "properties": {
        "@id": "way/27352408",
        "highway": "primary",
        "ref": "N 4"
      },
      "geometry": {
        "type": "LineString",
        "coordinates": [
          [
            46.8447011,
            -16.3362877
          ],
          [
            46.8444988,
            -16.3362199
          ],
          [
            46.8426905,
            -16.3357903
          ],
          [
            46.8422011,
            -16.3356846
          ],
          [
            46.8419388,
            -16.335617
          ],
          [
            46.8414011,
            -16.3354786
          ],
          [
            46.8411612,
            -16.3354235
          ],
          [
            46.8407355,
            -16.3353259
          ],
          [
            46.839944,
            -16.3351464
          ],
          [
            46.8385011,
            -16.3348838
          ]
        ]
      },
      "id": "way/27352408"
    },
    {
      "type": "Feature",
      "properties": {
        "@id": "way/27352411",
        "highway": "primary",
        "ref": "N 4"
      },
      "geometry": {
        "type": "LineString",
        "coordinates": [
          [
            47.0330076,
            -16.7647703
          ],
          [
            47.0332518,
            -16.7637899
          ],
          [
            47.0332881,
            -16.763628
          ],
          [
            47.0333689,
            -16.7634842
          ],
          [
            47.0334758,
            -16.7633737
          ],
          [
            47.0336227,
            -16.7633103
          ],
          [
            47.0337682,
            -16.7632941
          ],
          [
            47.0339439,
            -16.7633178
          ],
          [
            47.0344529,
            -16.7634224
          ],
          [
            47.0346184,
            -16.7634456
          ],
          [
            47.0347619,
            -16.7634542
          ],
          [
            47.0349296,
            -16.7634122
          ],
          [
            47.03508,
            -16.7633469
          ],
          [
            47.0353955,
            -16.7631102
          ],
          [
            47.0358576,
            -16.7627137
          ],
          [
            47.0360385,
            -16.7626092
          ],
          [
            47.0368297,
            -16.7622777
          ],
          [
            47.0398005,
            -16.7610982
          ],
          [
            47.0454137,
            -16.7590254
          ],
          [
            47.0468529,
            -16.7584801
          ],
          [
            47.0472897,
            -16.7583205
          ],
          [
            47.0476117,
            -16.7581495
          ],
          [
            47.0478165,
            -16.7579758
          ],
          [
            47.0480196,
            -16.7577579
          ],
          [
            47.0482279,
            -16.7572744
          ],
          [
            47.0485024,
            -16.7565564
          ],
          [
            47.0486543,
            -16.7562603
          ],
          [
            47.0489315,
            -16.7559495
          ],
          [
            47.0498354,
            -16.7552028
          ],
          [
            47.0500753,
            -16.7549651
          ],
          [
            47.0502832,
            -16.7546373
          ],
          [
            47.0505871,
            -16.7540028
          ],
          [
            47.0510882,
            -16.7533068
          ]
        ]
      },
      "id": "way/27352411"
    },
    {
      "type": "Feature",
      "properties": {
        "@id": "way/27352412",
        "highway": "primary",
        "ref": "N 4"
      },
      "geometry": {
        "type": "LineString",
        "coordinates": [
          [
            46.9617123,
            -16.8609651
          ],
          [
            46.9619693,
            -16.8601266
          ],
          [
            46.9625558,
            -16.8590145
          ],
          [
            46.9629683,
            -16.85856
          ]
        ]
      },
      "id": "way/27352412"
    },
    {
      "type": "Feature",
      "properties": {
        "@id": "way/27352413",
        "highway": "primary",
        "ref": "N 4"
      },
      "geometry": {
        "type": "LineString",
        "coordinates": [
          [
            46.9276814,
            -16.9561666
          ],
          [
            46.9279577,
            -16.9557773
          ],
          [
            46.9280972,
            -16.9553503
          ],
          [
            46.9281562,
            -16.9549461
          ],
          [
            46.9279293,
            -16.9541658
          ],
          [
            46.9274822,
            -16.9532281
          ],
          [
            46.9274498,
            -16.9530713
          ],
          [
            46.9274388,
            -16.9528402
          ],
          [
            46.9274498,
            -16.9526301
          ],
          [
            46.927547,
            -16.9523602
          ],
          [
            46.9279058,
            -16.9516264
          ],
          [
            46.9282498,
            -16.9509299
          ],
          [
            46.9283701,
            -16.9507294
          ],
          [
            46.9285425,
            -16.9504502
          ],
          [
            46.9289609,
            -16.9500816
          ],
          [
            46.9294434,
            -16.9497368
          ],
          [
            46.9296166,
            -16.9495745
          ],
          [
            46.9297131,
            -16.9493731
          ],
          [
            46.929785,
            -16.9491317
          ],
          [
            46.9298029,
            -16.9488249
          ],
          [
            46.9298021,
            -16.9486015
          ],
          [
            46.9298545,
            -16.9483787
          ],
          [
            46.9299225,
            -16.9482319
          ],
          [
            46.9300242,
            -16.9480867
          ],
          [
            46.930877,
            -16.9473405
          ],
          [
            46.9312478,
            -16.946945
          ],
          [
            46.9316083,
            -16.9465768
          ],
          [
            46.9317811,
            -16.9463217
          ],
          [
            46.9319259,
            -16.9459681
          ],
          [
            46.9320642,
            -16.9457719
          ],
          [
            46.9323434,
            -16.9454739
          ],
          [
            46.9326068,
            -16.9452158
          ],
          [
            46.9328388,
            -16.9450534
          ],
          [
            46.9337469,
            -16.9445088
          ],
          [
            46.9338346,
            -16.9444724
          ],
          [
            46.933923,
            -16.9444501
          ],
          [
            46.9339968,
            -16.9444389
          ],
          [
            46.9340728,
            -16.9444427
          ],
          [
            46.9341735,
            -16.9444594
          ],
          [
            46.9342754,
            -16.9444882
          ],
          [
            46.9344663,
            -16.9445746
          ],
          [
            46.9350146,
            -16.9448525
          ],
          [
            46.9351035,
            -16.944861
          ],
          [
            46.9352037,
            -16.9448439
          ],
          [
            46.9352888,
            -16.9448189
          ],
          [
            46.9353613,
            -16.9447779
          ],
          [
            46.9355675,
            -16.9445944
          ],
          [
            46.9358805,
            -16.9442818
          ],
          [
            46.9359766,
            -16.9442004
          ],
          [
            46.9361154,
            -16.9441102
          ],
          [
            46.9364311,
            -16.9440296
          ],
          [
            46.9368731,
            -16.9439824
          ],
          [
            46.93718,
            -16.9439329
          ],
          [
            46.9374333,
            -16.9438221
          ],
          [
            46.9376515,
            -16.9436942
          ],
          [
            46.9381346,
            -16.9433398
          ],
          [
            46.9383202,
            -16.9432364
          ],
          [
            46.9385246,
            -16.9432258
          ],
          [
            46.9387073,
            -16.9432784
          ],
          [
            46.9392153,
            -16.94357
          ],
          [
            46.9393963,
            -16.9436163
          ],
          [
            46.9395393,
            -16.9436278
          ],
          [
            46.9396876,
            -16.9435779
          ],
          [
            46.9397892,
            -16.9435017
          ],
          [
            46.9398808,
            -16.9433988
          ],
          [
            46.9399649,
            -16.943197
          ],
          [
            46.9399794,
            -16.9429947
          ],
          [
            46.9398594,
            -16.9420023
          ],
          [
            46.939883,
            -16.9418272
          ],
          [
            46.9399951,
            -16.9416507
          ],
          [
            46.9401603,
            -16.9415198
          ],
          [
            46.9403286,
            -16.9414312
          ],
          [
            46.9409566,
            -16.9412782
          ],
          [
            46.9412222,
            -16.9412402
          ],
          [
            46.9415741,
            -16.9412815
          ],
          [
            46.9418194,
            -16.9413478
          ],
          [
            46.9420628,
            -16.9413542
          ],
          [
            46.942318,
            -16.9412665
          ],
          [
            46.9425082,
            -16.9411516
          ],
          [
            46.9430333,
            -16.9405815
          ],
          [
            46.9433241,
            -16.9403513
          ],
          [
            46.9444211,
            -16.9396954
          ],
          [
            46.9452982,
            -16.9391497
          ],
          [
            46.9457791,
            -16.9388993
          ],
          [
            46.9459419,
            -16.9386716
          ],
          [
            46.9460295,
            -16.9383589
          ],
          [
            46.9461043,
            -16.9380744
          ],
          [
            46.9461507,
            -16.9378769
          ],
          [
            46.9461724,
            -16.9377224
          ],
          [
            46.9461143,
            -16.9374025
          ],
          [
            46.946059,
            -16.9371539
          ],
          [
            46.9459824,
            -16.9369088
          ],
          [
            46.9456294,
            -16.9363182
          ],
          [
            46.945625,
            -16.9362176
          ],
          [
            46.9456526,
            -16.9361145
          ],
          [
            46.9456886,
            -16.9360193
          ],
          [
            46.9457577,
            -16.9359321
          ],
          [
            46.9459263,
            -16.9358528
          ],
          [
            46.9460644,
            -16.9358191
          ],
          [
            46.946175,
            -16.9358052
          ],
          [
            46.9462939,
            -16.935829
          ],
          [
            46.9474989,
            -16.9363234
          ],
          [
            46.9476749,
            -16.9364257
          ],
          [
            46.9478245,
            -16.9365087
          ]
        ]
      },
      "id": "way/27352413"
    },
    {
      "type": "Feature",
      "properties": {
        "@id": "way/27352414",
        "highway": "primary",
        "lanes": "2",
        "maxspeed": "80",
        "ref": "N 4",
        "smoothness": "intermediate",
        "surface": "asphalt"
      },
      "geometry": {
        "type": "LineString",
        "coordinates": [
          [
            46.8531053,
            -16.9504241
          ],
          [
            46.8540352,
            -16.9496372
          ],
          [
            46.8542667,
            -16.9494171
          ],
          [
            46.8543579,
            -16.9493876
          ],
          [
            46.8544402,
            -16.9492845
          ],
          [
            46.8545135,
            -16.9491272
          ],
          [
            46.85456,
            -16.9489219
          ],
          [
            46.8545966,
            -16.9486474
          ],
          [
            46.8545966,
            -16.9484242
          ],
          [
            46.8546047,
            -16.9480598
          ],
          [
            46.8546315,
            -16.9477494
          ],
          [
            46.8547092,
            -16.9473055
          ],
          [
            46.8548675,
            -16.9460919
          ],
          [
            46.8548863,
            -16.9457763
          ],
          [
            46.8548917,
            -16.9455351
          ],
          [
            46.8548917,
            -16.9452247
          ],
          [
            46.854889,
            -16.9449219
          ],
          [
            46.8549122,
            -16.9446653
          ],
          [
            46.8549533,
            -16.9445242
          ],
          [
            46.8549989,
            -16.9444216
          ],
          [
            46.8550928,
            -16.9442856
          ],
          [
            46.8551921,
            -16.9441805
          ],
          [
            46.8553154,
            -16.944065
          ],
          [
            46.8554817,
            -16.9439572
          ],
          [
            46.8556877,
            -16.9438319
          ],
          [
            46.8559216,
            -16.9436955
          ],
          [
            46.8561282,
            -16.9435646
          ],
          [
            46.8563159,
            -16.9434132
          ],
          [
            46.8564517,
            -16.9432577
          ],
          [
            46.8565493,
            -16.9431002
          ],
          [
            46.8566137,
            -16.9429514
          ],
          [
            46.8566619,
            -16.9427898
          ],
          [
            46.8566941,
            -16.9426332
          ],
          [
            46.8567088,
            -16.9423925
          ],
          [
            46.8566673,
            -16.9421406
          ],
          [
            46.8566029,
            -16.94192
          ],
          [
            46.8564447,
            -16.9415967
          ],
          [
            46.8562844,
            -16.9413066
          ],
          [
            46.8561174,
            -16.9409963
          ],
          [
            46.8559753,
            -16.9407551
          ],
          [
            46.8557017,
            -16.9403394
          ],
          [
            46.8553879,
            -16.9398006
          ],
          [
            46.8551533,
            -16.9393401
          ],
          [
            46.8550875,
            -16.9391309
          ],
          [
            46.8550606,
            -16.9389231
          ],
          [
            46.8550499,
            -16.9386203
          ],
          [
            46.8551035,
            -16.9381277
          ],
          [
            46.8551706,
            -16.9376555
          ],
          [
            46.8552672,
            -16.9371127
          ],
          [
            46.855361,
            -16.9364983
          ],
          [
            46.8553664,
            -16.9361391
          ],
          [
            46.8552967,
            -16.9356562
          ],
          [
            46.8552296,
            -16.9353796
          ],
          [
            46.8551626,
            -16.9351538
          ],
          [
            46.8550633,
            -16.9348331
          ],
          [
            46.8549936,
            -16.9345714
          ],
          [
            46.8549752,
            -16.9343769
          ],
          [
            46.8549668,
            -16.9339555
          ],
          [
            46.8549963,
            -16.9333808
          ],
          [
            46.8550365,
            -16.932416
          ],
          [
            46.8550875,
            -16.9319849
          ],
          [
            46.8551652,
            -16.9314794
          ],
          [
            46.8553289,
            -16.9304684
          ],
          [
            46.8554115,
            -16.9300469
          ],
          [
            46.8554683,
            -16.9299219
          ],
          [
            46.8555783,
            -16.9297422
          ],
          [
            46.8558143,
            -16.9295165
          ],
          [
            46.8561308,
            -16.9292445
          ],
          [
            46.8562873,
            -16.9290635
          ],
          [
            46.8563469,
            -16.9289138
          ],
          [
            46.8564473,
            -16.928449
          ],
          [
            46.8564828,
            -16.9281716
          ]
        ]
      },
      "id": "way/27352414"
    },
    {
      "type": "Feature",
      "properties": {
        "@id": "way/27352416",
        "highway": "primary",
        "ref": "N 4"
      },
      "geometry": {
        "type": "LineString",
        "coordinates": [
          [
            46.9528469,
            -17.2942823
          ],
          [
            46.9536896,
            -17.2929542
          ],
          [
            46.953742,
            -17.2923962
          ],
          [
            46.9533747,
            -17.2911255
          ],
          [
            46.9531826,
            -17.29017
          ],
          [
            46.9530793,
            -17.289286
          ],
          [
            46.9530471,
            -17.2886151
          ],
          [
            46.9528911,
            -17.2882428
          ],
          [
            46.9523531,
            -17.2875375
          ],
          [
            46.9523134,
            -17.2870406
          ],
          [
            46.9527274,
            -17.2847492
          ],
          [
            46.9527145,
            -17.2843483
          ],
          [
            46.9525688,
            -17.2839069
          ],
          [
            46.9517847,
            -17.2827894
          ],
          [
            46.9514025,
            -17.2820438
          ],
          [
            46.9511105,
            -17.2815721
          ],
          [
            46.9508149,
            -17.2813695
          ],
          [
            46.9502568,
            -17.2811951
          ]
        ]
      },
      "id": "way/27352416"
    },
    {
      "type": "Feature",
      "properties": {
        "@id": "way/27352418",
        "highway": "primary",
        "ref": "N 4"
      },
      "geometry": {
        "type": "LineString",
        "coordinates": [
          [
            46.9546627,
            -17.4473165
          ],
          [
            46.9541533,
            -17.4467365
          ]
        ]
      },
      "id": "way/27352418"
    },
    {
      "type": "Feature",
      "properties": {
        "@id": "way/27352419",
        "highway": "primary",
        "ref": "N 4"
      },
      "geometry": {
        "type": "LineString",
        "coordinates": [
          [
            46.942202,
            -17.5850922
          ],
          [
            46.9422915,
            -17.584722
          ],
          [
            46.9423844,
            -17.5834968
          ],
          [
            46.9424703,
            -17.5828831
          ],
          [
            46.9425651,
            -17.5826304
          ],
          [
            46.9427421,
            -17.5823901
          ],
          [
            46.9430388,
            -17.5821825
          ],
          [
            46.9433929,
            -17.5819881
          ],
          [
            46.9436486,
            -17.5817764
          ],
          [
            46.9438763,
            -17.5815297
          ],
          [
            46.9439777,
            -17.5811801
          ],
          [
            46.9443857,
            -17.5792293
          ],
          [
            46.9444941,
            -17.578722
          ],
          [
            46.9446155,
            -17.578414
          ],
          [
            46.9447584,
            -17.5781544
          ],
          [
            46.9451506,
            -17.5777781
          ],
          [
            46.9459252,
            -17.5771593
          ],
          [
            46.9473011,
            -17.576226
          ],
          [
            46.9474967,
            -17.5759128
          ],
          [
            46.9475754,
            -17.5755119
          ],
          [
            46.94774,
            -17.574299
          ],
          [
            46.9478622,
            -17.5738672
          ],
          [
            46.9479831,
            -17.5735481
          ],
          [
            46.9481511,
            -17.5732689
          ],
          [
            46.9483819,
            -17.5729425
          ],
          [
            46.9485298,
            -17.5727857
          ],
          [
            46.9495763,
            -17.5717888
          ],
          [
            46.9506616,
            -17.5707629
          ],
          [
            46.9513871,
            -17.5702168
          ],
          [
            46.9518043,
            -17.5699549
          ],
          [
            46.9519473,
            -17.5698506
          ],
          [
            46.9520989,
            -17.5697065
          ],
          [
            46.9523139,
            -17.5693668
          ],
          [
            46.9525285,
            -17.568927
          ],
          [
            46.9533467,
            -17.5675157
          ],
          [
            46.9539393,
            -17.567004
          ],
          [
            46.9552311,
            -17.565967
          ],
          [
            46.9554038,
            -17.5657408
          ],
          [
            46.9555973,
            -17.5652994
          ],
          [
            46.9557309,
            -17.5643152
          ],
          [
            46.9559349,
            -17.5639201
          ],
          [
            46.9562889,
            -17.5634342
          ],
          [
            46.9573979,
            -17.5621828
          ],
          [
            46.9583973,
            -17.5614656
          ],
          [
            46.9586225,
            -17.5610509
          ],
          [
            46.9589962,
            -17.5598997
          ],
          [
            46.9600148,
            -17.5589155
          ],
          [
            46.9604678,
            -17.5583147
          ],
          [
            46.9610955,
            -17.5573583
          ],
          [
            46.9614796,
            -17.5566667
          ],
          [
            46.9616158,
            -17.5560183
          ],
          [
            46.9617928,
            -17.5547754
          ],
          [
            46.9618649,
            -17.5539659
          ],
          [
            46.9618801,
            -17.5527166
          ],
          [
            46.9620396,
            -17.5521516
          ],
          [
            46.9621469,
            -17.5518908
          ],
          [
            46.9637799,
            -17.549249
          ],
          [
            46.9640469,
            -17.5478166
          ],
          [
            46.9641907,
            -17.5475228
          ],
          [
            46.9645287,
            -17.547129
          ],
          [
            46.964848,
            -17.5469335
          ],
          [
            46.9661273,
            -17.5459168
          ],
          [
            46.9663472,
            -17.5456823
          ],
          [
            46.9665725,
            -17.5453746
          ],
          [
            46.9667442,
            -17.5449807
          ],
          [
            46.9668125,
            -17.5446829
          ],
          [
            46.9668783,
            -17.544147
          ],
          [
            46.9669117,
            -17.5429167
          ],
          [
            46.9677815,
            -17.5404829
          ],
          [
            46.9680638,
            -17.5391496
          ],
          [
            46.9682945,
            -17.5387763
          ],
          [
            46.9686131,
            -17.5384992
          ],
          [
            46.9694294,
            -17.5382494
          ],
          [
            46.9710625,
            -17.5387098
          ],
          [
            46.9713898,
            -17.538761
          ],
          [
            46.9716848,
            -17.538761
          ],
          [
            46.9720389,
            -17.5387354
          ],
          [
            46.9723133,
            -17.5386499
          ],
          [
            46.9728328,
            -17.5383262
          ],
          [
            46.9730801,
            -17.5380987
          ],
          [
            46.9738928,
            -17.5368254
          ],
          [
            46.9740795,
            -17.5365328
          ],
          [
            46.9742474,
            -17.5359834
          ],
          [
            46.9743599,
            -17.5357461
          ],
          [
            46.9749785,
            -17.5353573
          ],
          [
            46.9751378,
            -17.53503
          ],
          [
            46.9752125,
            -17.5346159
          ],
          [
            46.9752558,
            -17.5335568
          ],
          [
            46.975519,
            -17.5325953
          ],
          [
            46.9755613,
            -17.5323754
          ],
          [
            46.9755186,
            -17.5319762
          ],
          [
            46.975524,
            -17.5317102
          ],
          [
            46.9756444,
            -17.5314824
          ],
          [
            46.9758583,
            -17.5311547
          ],
          [
            46.9763304,
            -17.5304693
          ],
          [
            46.9769366,
            -17.5298145
          ],
          [
            46.9771994,
            -17.5294462
          ],
          [
            46.9774301,
            -17.5290216
          ],
          [
            46.9778637,
            -17.5279154
          ],
          [
            46.978326,
            -17.5267606
          ],
          [
            46.9784354,
            -17.526298
          ],
          [
            46.978444,
            -17.525845
          ],
          [
            46.9782723,
            -17.5239881
          ],
          [
            46.9782116,
            -17.5234745
          ],
          [
            46.9781308,
            -17.5230602
          ],
          [
            46.9780416,
            -17.5228627
          ],
          [
            46.9777841,
            -17.5225557
          ],
          [
            46.977612,
            -17.5224165
          ],
          [
            46.9766425,
            -17.5218605
          ],
          [
            46.9764141,
            -17.5216993
          ],
          [
            46.9762509,
            -17.5215434
          ],
          [
            46.9761238,
            -17.5213638
          ],
          [
            46.9760202,
            -17.5211648
          ],
          [
            46.9759297,
            -17.5209326
          ],
          [
            46.9758986,
            -17.5207295
          ],
          [
            46.9758043,
            -17.5198642
          ],
          [
            46.9757949,
            -17.5196268
          ],
          [
            46.9758183,
            -17.5194687
          ],
          [
            46.9758517,
            -17.5193035
          ],
          [
            46.9760107,
            -17.5189416
          ],
          [
            46.9760966,
            -17.5186831
          ],
          [
            46.9761212,
            -17.5185554
          ],
          [
            46.9761047,
            -17.5184037
          ],
          [
            46.9760429,
            -17.5180893
          ],
          [
            46.9759438,
            -17.517808
          ],
          [
            46.9758633,
            -17.5176312
          ],
          [
            46.9757788,
            -17.5175251
          ],
          [
            46.9756654,
            -17.5174248
          ],
          [
            46.97553,
            -17.5173268
          ]
        ]
      },
      "id": "way/27352419"
    },
    {
      "type": "Feature",
      "properties": {
        "@id": "way/27352420",
        "highway": "primary",
        "ref": "N 4"
      },
      "geometry": {
        "type": "LineString",
        "coordinates": [
          [
            47.041948,
            -17.8794292
          ],
          [
            47.0415875,
            -17.8793965
          ],
          [
            47.0411841,
            -17.8792985
          ],
          [
            47.040815,
            -17.8791514
          ],
          [
            47.0380512,
            -17.8773217
          ],
          [
            47.0376629,
            -17.876983
          ],
          [
            47.0373818,
            -17.876611
          ],
          [
            47.0352102,
            -17.8723551
          ],
          [
            47.034927,
            -17.8718486
          ],
          [
            47.0345311,
            -17.8713487
          ],
          [
            47.0325962,
            -17.8699075
          ],
          [
            47.0316292,
            -17.8691873
          ],
          [
            47.0313307,
            -17.868965
          ],
          [
            47.0307316,
            -17.8684152
          ],
          [
            47.0304998,
            -17.8679984
          ],
          [
            47.0303575,
            -17.8676466
          ],
          [
            47.0302815,
            -17.867317
          ],
          [
            47.0302406,
            -17.8669839
          ],
          [
            47.0302224,
            -17.8666592
          ],
          [
            47.0302238,
            -17.8665802
          ],
          [
            47.0302252,
            -17.866496
          ],
          [
            47.0302283,
            -17.8663182
          ],
          [
            47.0302638,
            -17.8657816
          ],
          [
            47.0302953,
            -17.8654212
          ],
          [
            47.0303698,
            -17.8645711
          ],
          [
            47.0304563,
            -17.8638439
          ],
          [
            47.0305066,
            -17.8635729
          ],
          [
            47.030592,
            -17.8633194
          ],
          [
            47.0307288,
            -17.8629861
          ],
          [
            47.031177,
            -17.8620768
          ],
          [
            47.0314836,
            -17.8613768
          ],
          [
            47.0316251,
            -17.8610251
          ],
          [
            47.0317019,
            -17.8607387
          ],
          [
            47.0317142,
            -17.860497
          ],
          [
            47.0317046,
            -17.8601529
          ],
          [
            47.0316174,
            -17.8597705
          ],
          [
            47.0314197,
            -17.8592277
          ],
          [
            47.0312932,
            -17.8589377
          ],
          [
            47.0311493,
            -17.8586973
          ],
          [
            47.0309482,
            -17.8584664
          ],
          [
            47.0297026,
            -17.8572098
          ],
          [
            47.0294766,
            -17.856971
          ],
          [
            47.0293073,
            -17.8567185
          ],
          [
            47.0287445,
            -17.8556285
          ],
          [
            47.0285568,
            -17.8553018
          ],
          [
            47.0279746,
            -17.8544741
          ],
          [
            47.0278324,
            -17.8542648
          ],
          [
            47.0276335,
            -17.853894
          ],
          [
            47.0259024,
            -17.8502906
          ],
          [
            47.025735,
            -17.8499782
          ],
          [
            47.0255513,
            -17.8497413
          ],
          [
            47.0255083,
            -17.8496858
          ],
          [
            47.025005,
            -17.8490723
          ],
          [
            47.0246466,
            -17.8485371
          ],
          [
            47.0244042,
            -17.8480541
          ],
          [
            47.0240142,
            -17.8472075
          ],
          [
            47.0238672,
            -17.8467186
          ],
          [
            47.0237943,
            -17.8463779
          ],
          [
            47.0238047,
            -17.8460193
          ],
          [
            47.023871,
            -17.8457476
          ],
          [
            47.0239246,
            -17.8455934
          ],
          [
            47.0250272,
            -17.8439864
          ],
          [
            47.0254276,
            -17.8433354
          ],
          [
            47.0255633,
            -17.8430887
          ],
          [
            47.0256064,
            -17.8430104
          ],
          [
            47.0256152,
            -17.8429866
          ],
          [
            47.0257323,
            -17.8426711
          ],
          [
            47.0257434,
            -17.8426258
          ],
          [
            47.0259078,
            -17.8419561
          ],
          [
            47.0259629,
            -17.8417647
          ],
          [
            47.0260456,
            -17.8416269
          ],
          [
            47.0261507,
            -17.8415259
          ],
          [
            47.0263493,
            -17.8414099
          ],
          [
            47.0264443,
            -17.8413685
          ],
          [
            47.0265642,
            -17.8413163
          ],
          [
            47.0270504,
            -17.8411126
          ],
          [
            47.0271954,
            -17.8410179
          ],
          [
            47.0273388,
            -17.8408914
          ],
          [
            47.027465,
            -17.8407038
          ],
          [
            47.0277748,
            -17.840197
          ],
          [
            47.028228,
            -17.8396115
          ],
          [
            47.0283161,
            -17.8395159
          ],
          [
            47.0286048,
            -17.8390354
          ],
          [
            47.0288276,
            -17.8385309
          ],
          [
            47.0289223,
            -17.8381185
          ],
          [
            47.028847,
            -17.8374982
          ],
          [
            47.0288785,
            -17.8370783
          ],
          [
            47.0290064,
            -17.8363572
          ],
          [
            47.0289616,
            -17.8358835
          ],
          [
            47.028617,
            -17.8344595
          ],
          [
            47.0283298,
            -17.8336308
          ],
          [
            47.0282238,
            -17.8332133
          ],
          [
            47.02822,
            -17.8330256
          ],
          [
            47.0283627,
            -17.8326166
          ],
          [
            47.0283529,
            -17.8324324
          ],
          [
            47.0282738,
            -17.8322062
          ],
          [
            47.0281653,
            -17.8318626
          ],
          [
            47.0282079,
            -17.8317015
          ],
          [
            47.0283284,
            -17.8313993
          ],
          [
            47.0281678,
            -17.8305036
          ],
          [
            47.0281453,
            -17.8296827
          ],
          [
            47.0281382,
            -17.8291514
          ],
          [
            47.0281497,
            -17.8290714
          ],
          [
            47.0281561,
            -17.8290268
          ],
          [
            47.0282246,
            -17.8288886
          ],
          [
            47.028531,
            -17.8286504
          ],
          [
            47.0286903,
            -17.8284604
          ],
          [
            47.0286914,
            -17.8282995
          ],
          [
            47.028604,
            -17.8279814
          ],
          [
            47.0284425,
            -17.8274211
          ],
          [
            47.0282827,
            -17.8267444
          ],
          [
            47.0281238,
            -17.8253503
          ],
          [
            47.0281208,
            -17.8249074
          ],
          [
            47.0281787,
            -17.8244964
          ],
          [
            47.028142,
            -17.8243417
          ],
          [
            47.0279,
            -17.8239816
          ],
          [
            47.0277203,
            -17.8236359
          ],
          [
            47.0276957,
            -17.8232611
          ],
          [
            47.027794,
            -17.8228898
          ],
          [
            47.0278045,
            -17.8226582
          ],
          [
            47.0274185,
            -17.8214414
          ],
          [
            47.027375,
            -17.821251
          ],
          [
            47.0273702,
            -17.8210334
          ],
          [
            47.0274753,
            -17.8206374
          ],
          [
            47.0274855,
            -17.8205405
          ],
          [
            47.027434,
            -17.8203689
          ],
          [
            47.0270962,
            -17.8199667
          ],
          [
            47.0270392,
            -17.8198705
          ],
          [
            47.0269619,
            -17.8196417
          ],
          [
            47.0268246,
            -17.8183971
          ],
          [
            47.0268278,
            -17.8181246
          ],
          [
            47.026883,
            -17.8178618
          ],
          [
            47.0269032,
            -17.8175964
          ],
          [
            47.026834,
            -17.8172889
          ],
          [
            47.0266793,
            -17.8167291
          ],
          [
            47.026518,
            -17.816092
          ],
          [
            47.0262678,
            -17.8147271
          ],
          [
            47.0262418,
            -17.8144215
          ],
          [
            47.026272,
            -17.8141919
          ],
          [
            47.026393,
            -17.8139587
          ],
          [
            47.0266634,
            -17.8137942
          ],
          [
            47.0270054,
            -17.8136725
          ],
          [
            47.0272709,
            -17.8136623
          ],
          [
            47.0274018,
            -17.8136562
          ],
          [
            47.0274986,
            -17.8136086
          ],
          [
            47.0275962,
            -17.8135046
          ],
          [
            47.0276545,
            -17.8133129
          ],
          [
            47.0277189,
            -17.8127097
          ],
          [
            47.0277142,
            -17.8124822
          ],
          [
            47.0276808,
            -17.8122787
          ],
          [
            47.0274713,
            -17.8114565
          ],
          [
            47.0274855,
            -17.8112578
          ],
          [
            47.0274855,
            -17.8110126
          ],
          [
            47.0274683,
            -17.8108165
          ],
          [
            47.0273997,
            -17.8104896
          ],
          [
            47.0272709,
            -17.8101464
          ],
          [
            47.0271937,
            -17.8099258
          ],
          [
            47.0271164,
            -17.8096806
          ],
          [
            47.0270649,
            -17.8094436
          ],
          [
            47.0270193,
            -17.809224
          ],
          [
            47.0269882,
            -17.8090841
          ],
          [
            47.0269721,
            -17.8089043
          ],
          [
            47.0270392,
            -17.8087735
          ],
          [
            47.0272381,
            -17.8086032
          ],
          [
            47.0274919,
            -17.8083026
          ],
          [
            47.027591,
            -17.8081204
          ],
          [
            47.0276443,
            -17.8079533
          ],
          [
            47.0276872,
            -17.8078144
          ],
          [
            47.0277054,
            -17.807678
          ],
          [
            47.0276615,
            -17.8075284
          ],
          [
            47.0275756,
            -17.8074875
          ],
          [
            47.0274812,
            -17.807512
          ],
          [
            47.0274726,
            -17.8076019
          ],
          [
            47.0275692,
            -17.8078123
          ],
          [
            47.0275687,
            -17.8079286
          ],
          [
            47.0275347,
            -17.8080416
          ],
          [
            47.0274814,
            -17.8081481
          ],
          [
            47.0273949,
            -17.8082495
          ],
          [
            47.0272446,
            -17.8084166
          ],
          [
            47.027096,
            -17.8085478
          ],
          [
            47.0268761,
            -17.8085611
          ],
          [
            47.0266957,
            -17.8085664
          ],
          [
            47.0265359,
            -17.8086142
          ],
          [
            47.0264362,
            -17.8086959
          ],
          [
            47.0263472,
            -17.8088185
          ],
          [
            47.0262614,
            -17.8090585
          ],
          [
            47.0261165,
            -17.8098123
          ],
          [
            47.0259501,
            -17.8103293
          ],
          [
            47.0258236,
            -17.8107102
          ],
          [
            47.0258193,
            -17.8111004
          ],
          [
            47.0259486,
            -17.8117235
          ],
          [
            47.0259614,
            -17.8118875
          ],
          [
            47.0258821,
            -17.8120065
          ],
          [
            47.0257345,
            -17.8120259
          ],
          [
            47.0255285,
            -17.8120468
          ],
          [
            47.0252652,
            -17.8121382
          ],
          [
            47.0250307,
            -17.8121443
          ],
          [
            47.0245903,
            -17.812128
          ],
          [
            47.0243891,
            -17.8121418
          ],
          [
            47.0242786,
            -17.8121872
          ],
          [
            47.0240995,
            -17.8123818
          ],
          [
            47.0239547,
            -17.812437
          ],
          [
            47.0238119,
            -17.8123773
          ],
          [
            47.0237344,
            -17.812291
          ],
          [
            47.0236655,
            -17.8122093
          ],
          [
            47.0235203,
            -17.8120512
          ],
          [
            47.0234104,
            -17.8118885
          ],
          [
            47.0232632,
            -17.8115192
          ],
          [
            47.0231822,
            -17.8111688
          ],
          [
            47.023033,
            -17.8105907
          ],
          [
            47.0228516,
            -17.8101455
          ],
          [
            47.0226586,
            -17.8096556
          ],
          [
            47.022473,
            -17.8092884
          ],
          [
            47.0223099,
            -17.8087817
          ],
          [
            47.0222782,
            -17.8085321
          ],
          [
            47.0223786,
            -17.8076213
          ],
          [
            47.0223622,
            -17.8073991
          ],
          [
            47.0221211,
            -17.806036
          ],
          [
            47.0218207,
            -17.803707
          ],
          [
            47.021752,
            -17.8025302
          ],
          [
            47.0215115,
            -17.8003
          ],
          [
            47.0215243,
            -17.7987686
          ],
          [
            47.021485,
            -17.7983574
          ],
          [
            47.0213147,
            -17.79718
          ],
          [
            47.0212627,
            -17.7967638
          ],
          [
            47.0210374,
            -17.7940158
          ],
          [
            47.0208443,
            -17.7926214
          ],
          [
            47.0207447,
            -17.7921995
          ],
          [
            47.0206458,
            -17.7916969
          ],
          [
            47.0201872,
            -17.7904148
          ],
          [
            47.0200128,
            -17.7898529
          ],
          [
            47.0199164,
            -17.7892594
          ],
          [
            47.0198894,
            -17.7879323
          ],
          [
            47.0196403,
            -17.7846604
          ],
          [
            47.0196159,
            -17.7845202
          ],
          [
            47.019581,
            -17.7843771
          ],
          [
            47.01953,
            -17.7842597
          ],
          [
            47.0193476,
            -17.7838893
          ],
          [
            47.0191405,
            -17.7835923
          ],
          [
            47.018889,
            -17.7832815
          ],
          [
            47.0187802,
            -17.7830328
          ],
          [
            47.0188112,
            -17.7823799
          ],
          [
            47.019117,
            -17.7806636
          ],
          [
            47.0192225,
            -17.7802268
          ],
          [
            47.0191732,
            -17.7796772
          ],
          [
            47.0189633,
            -17.778232
          ],
          [
            47.0190097,
            -17.7778796
          ],
          [
            47.0194134,
            -17.7771486
          ],
          [
            47.019471,
            -17.776955
          ],
          [
            47.0194925,
            -17.7765923
          ],
          [
            47.0194402,
            -17.7762626
          ],
          [
            47.0189785,
            -17.7752985
          ],
          [
            47.0188984,
            -17.7739156
          ],
          [
            47.0190129,
            -17.7731165
          ],
          [
            47.0189882,
            -17.7729041
          ],
          [
            47.0186123,
            -17.7723497
          ],
          [
            47.0182118,
            -17.7710165
          ],
          [
            47.0182372,
            -17.7703601
          ],
          [
            47.0182118,
            -17.7690157
          ],
          [
            47.0181299,
            -17.7683678
          ],
          [
            47.0178456,
            -17.7671417
          ],
          [
            47.0177437,
            -17.765977
          ],
          [
            47.0175774,
            -17.7649961
          ],
          [
            47.017454,
            -17.7645772
          ],
          [
            47.017445,
            -17.7640833
          ],
          [
            47.0175137,
            -17.7629999
          ],
          [
            47.0173306,
            -17.7615503
          ],
          [
            47.0174298,
            -17.760383
          ],
          [
            47.0179638,
            -17.7590498
          ],
          [
            47.0180012,
            -17.7586817
          ],
          [
            47.0176472,
            -17.7572664
          ],
          [
            47.017631,
            -17.7570571
          ],
          [
            47.017796,
            -17.7563318
          ],
          [
            47.0178493,
            -17.7561886
          ],
          [
            47.0179619,
            -17.7560174
          ],
          [
            47.0182474,
            -17.7558226
          ],
          [
            47.0183374,
            -17.7557109
          ],
          [
            47.0184223,
            -17.7555755
          ],
          [
            47.0186123,
            -17.754949
          ],
          [
            47.0186664,
            -17.7545436
          ],
          [
            47.0186459,
            -17.7543187
          ],
          [
            47.0185818,
            -17.754083
          ],
          [
            47.0184598,
            -17.7536673
          ],
          [
            47.0184662,
            -17.753509
          ],
          [
            47.0185311,
            -17.7533002
          ],
          [
            47.0186512,
            -17.7528882
          ],
          [
            47.0189785,
            -17.7520498
          ],
          [
            47.018999,
            -17.751892
          ],
          [
            47.0189919,
            -17.7517821
          ],
          [
            47.0189185,
            -17.751657
          ],
          [
            47.0188151,
            -17.7515621
          ],
          [
            47.0186539,
            -17.7515318
          ],
          [
            47.0184581,
            -17.7514475
          ],
          [
            47.0180907,
            -17.7511307
          ],
          [
            47.0178464,
            -17.7509149
          ],
          [
            47.0177303,
            -17.7507604
          ],
          [
            47.0174513,
            -17.7493886
          ],
          [
            47.0173531,
            -17.7490769
          ],
          [
            47.017117,
            -17.7486809
          ],
          [
            47.0170788,
            -17.7485326
          ],
          [
            47.0170526,
            -17.7483718
          ],
          [
            47.0171321,
            -17.7481982
          ],
          [
            47.0173467,
            -17.7476566
          ],
          [
            47.017445,
            -17.747249
          ],
          [
            47.0174641,
            -17.7471498
          ],
          [
            47.0174794,
            -17.7470335
          ],
          [
            47.0175289,
            -17.7459329
          ],
          [
            47.0174678,
            -17.7457353
          ],
          [
            47.0167866,
            -17.7451047
          ],
          [
            47.0165841,
            -17.7449172
          ],
          [
            47.0163198,
            -17.7446726
          ],
          [
            47.0160145,
            -17.7443002
          ],
          [
            47.0158746,
            -17.7440441
          ],
          [
            47.0158592,
            -17.7439895
          ],
          [
            47.0157566,
            -17.7436252
          ],
          [
            47.0156063,
            -17.7425231
          ],
          [
            47.0155071,
            -17.7417961
          ],
          [
            47.0154025,
            -17.7413516
          ],
          [
            47.0153119,
            -17.7411219
          ],
          [
            47.0151931,
            -17.7408951
          ],
          [
            47.0149417,
            -17.740496
          ],
          [
            47.0142095,
            -17.7395916
          ],
          [
            47.0140541,
            -17.7393207
          ],
          [
            47.0139998,
            -17.7391626
          ],
          [
            47.0139514,
            -17.7390217
          ],
          [
            47.0139091,
            -17.7387179
          ],
          [
            47.013938,
            -17.7384188
          ],
          [
            47.0140238,
            -17.7380356
          ],
          [
            47.0140882,
            -17.7376371
          ],
          [
            47.0141043,
            -17.7371568
          ],
          [
            47.0140829,
            -17.7369422
          ],
          [
            47.0140309,
            -17.7367662
          ],
          [
            47.0139541,
            -17.7364874
          ],
          [
            47.0137985,
            -17.7361298
          ],
          [
            47.0132251,
            -17.7350724
          ],
          [
            47.0126653,
            -17.7341307
          ],
          [
            47.0120798,
            -17.7333632
          ],
          [
            47.0114931,
            -17.7325936
          ],
          [
            47.0102205,
            -17.7309538
          ],
          [
            47.0099694,
            -17.7306607
          ],
          [
            47.0095955,
            -17.7303688
          ],
          [
            47.0091938,
            -17.7301595
          ],
          [
            47.0087974,
            -17.7299923
          ]
        ]
      },
      "id": "way/27352420"
    },
    {
      "type": "Feature",
      "properties": {
        "@id": "way/27352421",
        "highway": "primary",
        "ref": "N 4"
      },
      "geometry": {
        "type": "LineString",
        "coordinates": [
          [
            47.0930601,
            -17.9035247
          ],
          [
            47.0930434,
            -17.9032872
          ],
          [
            47.0929303,
            -17.9030724
          ],
          [
            47.0927902,
            -17.9028883
          ],
          [
            47.0926883,
            -17.9027913
          ],
          [
            47.0924936,
            -17.9025773
          ],
          [
            47.0922962,
            -17.9024405
          ],
          [
            47.0921149,
            -17.9021934
          ],
          [
            47.0920302,
            -17.9016217
          ],
          [
            47.0919332,
            -17.9013563
          ],
          [
            47.0918156,
            -17.9012052
          ],
          [
            47.0916332,
            -17.9009541
          ],
          [
            47.0914293,
            -17.9008131
          ],
          [
            47.091145,
            -17.9006494
          ],
          [
            47.090279,
            -17.9001497
          ],
          [
            47.090099,
            -17.8999555
          ],
          [
            47.089996,
            -17.8998412
          ],
          [
            47.0898205,
            -17.8995176
          ],
          [
            47.0897878,
            -17.8993338
          ],
          [
            47.0897412,
            -17.8990367
          ],
          [
            47.0897127,
            -17.8987023
          ],
          [
            47.0896752,
            -17.8983164
          ],
          [
            47.0895707,
            -17.8978926
          ],
          [
            47.0893093,
            -17.8974317
          ],
          [
            47.0892175,
            -17.8972118
          ],
          [
            47.0888968,
            -17.8966461
          ],
          [
            47.0887722,
            -17.8964537
          ],
          [
            47.0884339,
            -17.8958962
          ],
          [
            47.0883616,
            -17.8957322
          ],
          [
            47.088142,
            -17.8952346
          ],
          [
            47.0877758,
            -17.894071
          ],
          [
            47.0876079,
            -17.8934174
          ],
          [
            47.08749,
            -17.89306
          ],
          [
            47.0874257,
            -17.892865
          ],
          [
            47.0874006,
            -17.8927888
          ],
          [
            47.0872048,
            -17.8923932
          ],
          [
            47.0870172,
            -17.8920587
          ],
          [
            47.0867681,
            -17.8916646
          ],
          [
            47.0863717,
            -17.8910374
          ],
          [
            47.0860623,
            -17.8906366
          ],
          [
            47.085566,
            -17.8901282
          ],
          [
            47.0852313,
            -17.8896963
          ],
          [
            47.0850836,
            -17.8894321
          ],
          [
            47.0849487,
            -17.8892212
          ],
          [
            47.0849405,
            -17.8889779
          ],
          [
            47.0849139,
            -17.888744
          ],
          [
            47.0849418,
            -17.8886154
          ],
          [
            47.0850098,
            -17.8879809
          ],
          [
            47.0850253,
            -17.8877944
          ],
          [
            47.0850681,
            -17.8872801
          ],
          [
            47.0851138,
            -17.8866239
          ],
          [
            47.0851057,
            -17.886186
          ],
          [
            47.0850488,
            -17.8858806
          ],
          [
            47.0849438,
            -17.8855759
          ],
          [
            47.0847898,
            -17.8852915
          ],
          [
            47.0845801,
            -17.8850245
          ],
          [
            47.0842742,
            -17.8847469
          ],
          [
            47.0834776,
            -17.884217
          ],
          [
            47.0830009,
            -17.8839236
          ],
          [
            47.0825277,
            -17.8836323
          ],
          [
            47.0822414,
            -17.8834936
          ],
          [
            47.0821402,
            -17.8834423
          ],
          [
            47.0818656,
            -17.8833592
          ],
          [
            47.0794453,
            -17.8826669
          ],
          [
            47.0791727,
            -17.8824923
          ],
          [
            47.0790526,
            -17.8823698
          ],
          [
            47.0789025,
            -17.8821906
          ],
          [
            47.077602,
            -17.8806381
          ],
          [
            47.0772439,
            -17.880209
          ],
          [
            47.076896,
            -17.8797922
          ],
          [
            47.0767525,
            -17.8796133
          ],
          [
            47.0764299,
            -17.8792111
          ],
          [
            47.0760022,
            -17.878716
          ],
          [
            47.0757443,
            -17.878452
          ],
          [
            47.0755172,
            -17.8782766
          ],
          [
            47.0752245,
            -17.8781176
          ],
          [
            47.0749483,
            -17.8780012
          ],
          [
            47.0748376,
            -17.8779695
          ],
          [
            47.0747235,
            -17.8779369
          ],
          [
            47.0734997,
            -17.8777766
          ],
          [
            47.0722033,
            -17.8776484
          ],
          [
            47.0717816,
            -17.8776487
          ],
          [
            47.071389,
            -17.8777424
          ],
          [
            47.0709191,
            -17.8780619
          ],
          [
            47.0705371,
            -17.8783693
          ],
          [
            47.0701821,
            -17.8785763
          ],
          [
            47.0699105,
            -17.8786307
          ],
          [
            47.0696788,
            -17.878647
          ],
          [
            47.0693022,
            -17.8786123
          ],
          [
            47.0690104,
            -17.8785061
          ],
          [
            47.0687497,
            -17.8783009
          ],
          [
            47.0681299,
            -17.8777307
          ],
          [
            47.0667835,
            -17.8764084
          ],
          [
            47.0661133,
            -17.8757765
          ],
          [
            47.0633376,
            -17.873097
          ],
          [
            47.0630593,
            -17.8727824
          ],
          [
            47.062893,
            -17.8725011
          ],
          [
            47.0627512,
            -17.8721988
          ],
          [
            47.0612732,
            -17.8689746
          ],
          [
            47.0611654,
            -17.8687281
          ],
          [
            47.0608994,
            -17.8683768
          ],
          [
            47.060556,
            -17.8680337
          ],
          [
            47.0602251,
            -17.8678292
          ],
          [
            47.0591431,
            -17.8671606
          ],
          [
            47.0586441,
            -17.8669482
          ],
          [
            47.0583437,
            -17.8669319
          ],
          [
            47.0579832,
            -17.8669482
          ],
          [
            47.0576571,
            -17.8670953
          ],
          [
            47.0573567,
            -17.8672913
          ],
          [
            47.0569119,
            -17.8676945
          ],
          [
            47.0556894,
            -17.869064
          ],
          [
            47.0544567,
            -17.870821
          ],
          [
            47.0540919,
            -17.8715034
          ],
          [
            47.054006,
            -17.8718587
          ],
          [
            47.0539868,
            -17.8721355
          ],
          [
            47.0540833,
            -17.872837
          ],
          [
            47.0540267,
            -17.8734221
          ],
          [
            47.0534922,
            -17.874773
          ],
          [
            47.053162,
            -17.8759989
          ],
          [
            47.0531231,
            -17.8763496
          ],
          [
            47.0533119,
            -17.8772482
          ],
          [
            47.0533403,
            -17.8775035
          ],
          [
            47.0533134,
            -17.8778277
          ],
          [
            47.053182,
            -17.8781264
          ],
          [
            47.0530345,
            -17.8783102
          ],
          [
            47.0528313,
            -17.8784898
          ],
          [
            47.0525566,
            -17.8786286
          ],
          [
            47.0521259,
            -17.8786823
          ],
          [
            47.0511618,
            -17.8787037
          ],
          [
            47.0504524,
            -17.878739
          ],
          [
            47.0501362,
            -17.8787267
          ],
          [
            47.0491921,
            -17.8786205
          ],
          [
            47.0474926,
            -17.8784163
          ],
          [
            47.0467373,
            -17.8784326
          ],
          [
            47.0439457,
            -17.8788656
          ],
          [
            47.0426926,
            -17.8792734
          ],
          [
            47.0425402,
            -17.879323
          ],
          [
            47.041948,
            -17.8794292
          ]
        ]
      },
      "id": "way/27352421"
    },
    {
      "type": "Feature",
      "properties": {
        "@id": "way/27352422",
        "highway": "primary",
        "ref": "N 4"
      },
      "geometry": {
        "type": "LineString",
        "coordinates": [
          [
            46.9941296,
            -17.718017
          ],
          [
            46.9937839,
            -17.7172749
          ],
          [
            46.9925179,
            -17.715282
          ],
          [
            46.9919781,
            -17.7144827
          ],
          [
            46.9903302,
            -17.712932
          ],
          [
            46.9901254,
            -17.7125788
          ],
          [
            46.99012,
            -17.7119451
          ],
          [
            46.990179,
            -17.7114341
          ],
          [
            46.9902119,
            -17.7109655
          ],
          [
            46.9900771,
            -17.7107443
          ],
          [
            46.9898089,
            -17.7104019
          ],
          [
            46.9894795,
            -17.710132
          ],
          [
            46.9889666,
            -17.7097376
          ],
          [
            46.9887966,
            -17.7094988
          ],
          [
            46.9885965,
            -17.7091448
          ],
          [
            46.9883873,
            -17.7082812
          ],
          [
            46.9883122,
            -17.7076782
          ],
          [
            46.9882693,
            -17.7069678
          ],
          [
            46.98828,
            -17.7060531
          ],
          [
            46.9885429,
            -17.7038505
          ],
          [
            46.9886126,
            -17.7033752
          ],
          [
            46.9887467,
            -17.7028284
          ],
          [
            46.9890141,
            -17.7024664
          ],
          [
            46.9898304,
            -17.7017988
          ],
          [
            46.9900288,
            -17.701464
          ],
          [
            46.9900631,
            -17.7010988
          ],
          [
            46.9898786,
            -17.7001915
          ],
          [
            46.9899644,
            -17.6996497
          ],
          [
            46.9907047,
            -17.6975187
          ],
          [
            46.9907803,
            -17.6971487
          ],
          [
            46.9907423,
            -17.6967265
          ],
          [
            46.9904204,
            -17.695592
          ],
          [
            46.9900631,
            -17.694549
          ],
          [
            46.9885858,
            -17.6921729
          ],
          [
            46.9882817,
            -17.6915487
          ],
          [
            46.9877489,
            -17.6899856
          ],
          [
            46.987698,
            -17.6896661
          ],
          [
            46.9876953,
            -17.6892956
          ],
          [
            46.9878616,
            -17.6886363
          ],
          [
            46.9879367,
            -17.6883246
          ],
          [
            46.9881787,
            -17.6877168
          ],
          [
            46.9884568,
            -17.6872408
          ],
          [
            46.9886185,
            -17.6869883
          ],
          [
            46.9889645,
            -17.6867822
          ],
          [
            46.9894332,
            -17.6864078
          ],
          [
            46.9897122,
            -17.6861166
          ],
          [
            46.9898623,
            -17.6858916
          ],
          [
            46.9899642,
            -17.6856105
          ],
          [
            46.990012,
            -17.6853495
          ],
          [
            46.9899777,
            -17.685125
          ],
          [
            46.9899114,
            -17.6848801
          ],
          [
            46.9897818,
            -17.6846445
          ],
          [
            46.9894278,
            -17.6842561
          ],
          [
            46.989104,
            -17.6838502
          ],
          [
            46.9888886,
            -17.6834478
          ],
          [
            46.9887279,
            -17.6830411
          ]
        ]
      },
      "id": "way/27352422"
    },
    {
      "type": "Feature",
      "properties": {
        "@id": "way/27352424",
        "highway": "primary",
        "ref": "N 4"
      },
      "geometry": {
        "type": "LineString",
        "coordinates": [
          [
            47.1461292,
            -18.0081187
          ],
          [
            47.1456137,
            -18.0081111
          ],
          [
            47.14472,
            -18.0080978
          ],
          [
            47.1445245,
            -18.0080719
          ],
          [
            47.1442209,
            -18.0080163
          ],
          [
            47.1441284,
            -18.0080116
          ],
          [
            47.1440073,
            -18.008016
          ],
          [
            47.1437012,
            -18.0080311
          ],
          [
            47.1434372,
            -18.0081828
          ],
          [
            47.1431414,
            -18.0083027
          ],
          [
            47.1426417,
            -18.008707
          ],
          [
            47.1423011,
            -18.0090004
          ],
          [
            47.1420972,
            -18.0091075
          ],
          [
            47.1418424,
            -18.0091636
          ],
          [
            47.1413355,
            -18.0093881
          ],
          [
            47.1408421,
            -18.0095145
          ],
          [
            47.1406891,
            -18.0095182
          ],
          [
            47.1403786,
            -18.0094655
          ],
          [
            47.140061,
            -18.0093186
          ],
          [
            47.1397434,
            -18.0089595
          ],
          [
            47.1396319,
            -18.0086738
          ],
          [
            47.1395546,
            -18.0083554
          ],
          [
            47.1395509,
            -18.008197
          ],
          [
            47.139503,
            -18.0079428
          ],
          [
            47.1396095,
            -18.0069482
          ],
          [
            47.1395718,
            -18.006878
          ],
          [
            47.1393744,
            -18.0065597
          ],
          [
            47.1391796,
            -18.0063661
          ],
          [
            47.1381115,
            -18.005649
          ],
          [
            47.1379674,
            -18.0055211
          ],
          [
            47.1376206,
            -18.0052149
          ],
          [
            47.1372303,
            -18.004867
          ],
          [
            47.1370279,
            -18.004669
          ],
          [
            47.1369893,
            -18.0042455
          ],
          [
            47.1369393,
            -18.0036461
          ],
          [
            47.1367595,
            -18.0032861
          ],
          [
            47.1363117,
            -18.0027686
          ],
          [
            47.1360563,
            -18.0024141
          ],
          [
            47.1359669,
            -18.0022568
          ],
          [
            47.1359068,
            -18.0020528
          ],
          [
            47.1359583,
            -18.0018813
          ],
          [
            47.1360441,
            -18.0017834
          ],
          [
            47.1361815,
            -18.0016936
          ],
          [
            47.1363359,
            -18.0016854
          ],
          [
            47.1365591,
            -18.0017344
          ],
          [
            47.1367877,
            -18.0018609
          ],
          [
            47.1370741,
            -18.0019058
          ],
          [
            47.137323,
            -18.0018895
          ],
          [
            47.1376234,
            -18.0017926
          ],
          [
            47.1378292,
            -18.0016988
          ],
          [
            47.1379385,
            -18.001615
          ],
          [
            47.1380687,
            -18.0015151
          ],
          [
            47.138153,
            -18.0013917
          ],
          [
            47.1382888,
            -18.0011927
          ],
          [
            47.138318,
            -18.000182
          ],
          [
            47.1382307,
            -17.9991855
          ],
          [
            47.1382646,
            -17.9987385
          ],
          [
            47.1390957,
            -17.9973654
          ],
          [
            47.1391012,
            -17.9968658
          ],
          [
            47.139029,
            -17.9963237
          ],
          [
            47.1391502,
            -17.9960346
          ],
          [
            47.1393572,
            -17.9957438
          ],
          [
            47.1395031,
            -17.9955397
          ],
          [
            47.1404805,
            -17.9944986
          ],
          [
            47.1407648,
            -17.9938907
          ],
          [
            47.1409649,
            -17.9932665
          ],
          [
            47.1410702,
            -17.9922995
          ],
          [
            47.1410996,
            -17.9919522
          ],
          [
            47.1411098,
            -17.9916237
          ],
          [
            47.1411933,
            -17.9910392
          ],
          [
            47.1413163,
            -17.9904009
          ],
          [
            47.1413096,
            -17.989956
          ],
          [
            47.1411719,
            -17.9890698
          ],
          [
            47.1410641,
            -17.9879831
          ],
          [
            47.1405185,
            -17.9871561
          ],
          [
            47.140414,
            -17.9868711
          ],
          [
            47.1403646,
            -17.9865885
          ],
          [
            47.1404808,
            -17.9863744
          ],
          [
            47.1404957,
            -17.9862837
          ],
          [
            47.1406823,
            -17.9859242
          ],
          [
            47.1414151,
            -17.9848169
          ],
          [
            47.1414944,
            -17.9845354
          ],
          [
            47.1415201,
            -17.9843639
          ],
          [
            47.1414799,
            -17.9841989
          ],
          [
            47.1413656,
            -17.9839476
          ],
          [
            47.1410745,
            -17.9836606
          ],
          [
            47.1400647,
            -17.9826654
          ],
          [
            47.1399065,
            -17.9825271
          ],
          [
            47.1396834,
            -17.9824699
          ],
          [
            47.1394344,
            -17.9825215
          ],
          [
            47.1388322,
            -17.9827266
          ],
          [
            47.1386238,
            -17.9827379
          ],
          [
            47.1383877,
            -17.9826205
          ],
          [
            47.1379284,
            -17.9824003
          ],
          [
            47.1377522,
            -17.9823765
          ],
          [
            47.1376743,
            -17.9823705
          ],
          [
            47.1375509,
            -17.9823756
          ],
          [
            47.137308,
            -17.9824071
          ],
          [
            47.1371312,
            -17.9825166
          ],
          [
            47.1361317,
            -17.9831995
          ],
          [
            47.1360582,
            -17.9832397
          ],
          [
            47.1359299,
            -17.9833098
          ],
          [
            47.13557,
            -17.9833577
          ],
          [
            47.1351971,
            -17.9832662
          ],
          [
            47.1345078,
            -17.9829761
          ],
          [
            47.134182,
            -17.9827889
          ],
          [
            47.1337031,
            -17.9825271
          ],
          [
            47.133347,
            -17.9824651
          ],
          [
            47.13298,
            -17.9823965
          ],
          [
            47.1322939,
            -17.9823966
          ],
          [
            47.131245,
            -17.9818883
          ],
          [
            47.1310573,
            -17.9818144
          ],
          [
            47.1303411,
            -17.9817149
          ],
          [
            47.1299924,
            -17.9817327
          ],
          [
            47.129405,
            -17.9818883
          ],
          [
            47.1290897,
            -17.9819617
          ],
          [
            47.1288337,
            -17.9819368
          ],
          [
            47.1286996,
            -17.9818399
          ],
          [
            47.1286701,
            -17.9816945
          ],
          [
            47.1287318,
            -17.9814572
          ],
          [
            47.1289544,
            -17.980975
          ],
          [
            47.1290657,
            -17.9802964
          ],
          [
            47.1293701,
            -17.9796305
          ],
          [
            47.1294636,
            -17.9790834
          ],
          [
            47.1294102,
            -17.9786716
          ],
          [
            47.129346,
            -17.9781763
          ],
          [
            47.129352,
            -17.977374
          ],
          [
            47.129448,
            -17.9768088
          ],
          [
            47.1295106,
            -17.9762775
          ],
          [
            47.1294935,
            -17.9760001
          ],
          [
            47.1293621,
            -17.9756404
          ],
          [
            47.1292945,
            -17.9751363
          ],
          [
            47.1293433,
            -17.9747142
          ],
          [
            47.1294184,
            -17.9743035
          ],
          [
            47.1295418,
            -17.9738085
          ],
          [
            47.1296124,
            -17.9733003
          ],
          [
            47.1295811,
            -17.972967
          ],
          [
            47.1293408,
            -17.9722322
          ],
          [
            47.1291813,
            -17.9718832
          ],
          [
            47.1289517,
            -17.9714945
          ],
          [
            47.1287856,
            -17.9711371
          ],
          [
            47.1287398,
            -17.9709281
          ],
          [
            47.1287908,
            -17.9706525
          ],
          [
            47.128713,
            -17.9701882
          ],
          [
            47.1284781,
            -17.9694017
          ],
          [
            47.1281149,
            -17.9685579
          ],
          [
            47.1277474,
            -17.9678613
          ],
          [
            47.1274363,
            -17.9671929
          ],
          [
            47.1272861,
            -17.9668357
          ],
          [
            47.1271332,
            -17.9664555
          ],
          [
            47.1269562,
            -17.965912
          ],
          [
            47.1267389,
            -17.9651594
          ],
          [
            47.1264707,
            -17.9644067
          ],
          [
            47.1264225,
            -17.9641331
          ],
          [
            47.1264654,
            -17.9639453
          ],
          [
            47.1265598,
            -17.9637575
          ],
          [
            47.1266477,
            -17.9636693
          ],
          [
            47.1267255,
            -17.9636285
          ],
          [
            47.1270098,
            -17.9636081
          ],
          [
            47.1273853,
            -17.963603
          ],
          [
            47.1276106,
            -17.9635213
          ],
          [
            47.1278988,
            -17.963333
          ],
          [
            47.1280636,
            -17.963117
          ],
          [
            47.1282275,
            -17.9628529
          ],
          [
            47.1282465,
            -17.9626946
          ],
          [
            47.1281971,
            -17.9623655
          ],
          [
            47.1281879,
            -17.9621164
          ],
          [
            47.1279965,
            -17.9617525
          ],
          [
            47.1276777,
            -17.9613271
          ],
          [
            47.1275274,
            -17.9610253
          ],
          [
            47.127439,
            -17.9605183
          ],
          [
            47.1272818,
            -17.9599956
          ],
          [
            47.1266636,
            -17.9592336
          ],
          [
            47.1265511,
            -17.9587424
          ],
          [
            47.1263678,
            -17.9582973
          ],
          [
            47.1262478,
            -17.95795
          ],
          [
            47.1262478,
            -17.9573168
          ],
          [
            47.1263071,
            -17.9571528
          ],
          [
            47.1266484,
            -17.9570821
          ],
          [
            47.1267791,
            -17.9568976
          ],
          [
            47.1267971,
            -17.9565996
          ],
          [
            47.1267434,
            -17.9563398
          ],
          [
            47.1264966,
            -17.9560591
          ],
          [
            47.1260063,
            -17.9557075
          ],
          [
            47.1253285,
            -17.9553845
          ],
          [
            47.1250035,
            -17.9552646
          ],
          [
            47.1247982,
            -17.9551328
          ],
          [
            47.1246287,
            -17.9548333
          ],
          [
            47.1244816,
            -17.9543489
          ],
          [
            47.124457,
            -17.9540168
          ],
          [
            47.1244473,
            -17.9536985
          ],
          [
            47.1244055,
            -17.9535677
          ],
          [
            47.1243282,
            -17.9534453
          ],
          [
            47.124251,
            -17.9533636
          ],
          [
            47.1241394,
            -17.9533065
          ],
          [
            47.1238153,
            -17.9531902
          ],
          [
            47.1235954,
            -17.953032
          ],
          [
            47.1233003,
            -17.9527462
          ],
          [
            47.122991,
            -17.9523741
          ],
          [
            47.1229045,
            -17.9522924
          ],
          [
            47.1227377,
            -17.9522368
          ],
          [
            47.1222615,
            -17.9522165
          ],
          [
            47.1221825,
            -17.9521797
          ],
          [
            47.1221052,
            -17.9520097
          ],
          [
            47.1220564,
            -17.9518214
          ],
          [
            47.1220128,
            -17.9511821
          ],
          [
            47.1218907,
            -17.9506936
          ],
          [
            47.1218953,
            -17.9503168
          ],
          [
            47.1219679,
            -17.9499016
          ],
          [
            47.1220709,
            -17.9496321
          ],
          [
            47.1223541,
            -17.9491748
          ],
          [
            47.1225526,
            -17.9488891
          ],
          [
            47.1224142,
            -17.948489
          ],
          [
            47.1223123,
            -17.9482133
          ],
          [
            47.1223481,
            -17.9476123
          ],
          [
            47.1223293,
            -17.9474439
          ],
          [
            47.1222408,
            -17.9473341
          ],
          [
            47.1221416,
            -17.9472729
          ],
          [
            47.121978,
            -17.9472117
          ],
          [
            47.1216932,
            -17.9472805
          ],
          [
            47.1215044,
            -17.9474356
          ],
          [
            47.1211628,
            -17.9478162
          ],
          [
            47.1210152,
            -17.9479092
          ],
          [
            47.1206161,
            -17.9479164
          ],
          [
            47.120268,
            -17.947921
          ],
          [
            47.120114,
            -17.9479337
          ],
          [
            47.1199101,
            -17.9477817
          ],
          [
            47.1196221,
            -17.9474862
          ],
          [
            47.1194943,
            -17.9472831
          ],
          [
            47.1194826,
            -17.9468488
          ],
          [
            47.1194032,
            -17.9466405
          ],
          [
            47.1191992,
            -17.9464589
          ],
          [
            47.1190275,
            -17.9463415
          ],
          [
            47.1189551,
            -17.9462191
          ],
          [
            47.1189417,
            -17.9461017
          ],
          [
            47.1191214,
            -17.9457955
          ],
          [
            47.1192207,
            -17.9454688
          ],
          [
            47.119328,
            -17.9451422
          ],
          [
            47.1195935,
            -17.94454
          ],
          [
            47.1196847,
            -17.9441215
          ],
          [
            47.1198698,
            -17.9439684
          ],
          [
            47.1200253,
            -17.9438255
          ],
          [
            47.1200817,
            -17.9436826
          ],
          [
            47.1200253,
            -17.9434224
          ],
          [
            47.1199744,
            -17.9432208
          ],
          [
            47.1199449,
            -17.9427232
          ],
          [
            47.1199459,
            -17.9424165
          ],
          [
            47.1200367,
            -17.9418341
          ],
          [
            47.1200575,
            -17.941386
          ],
          [
            47.1200387,
            -17.9412023
          ],
          [
            47.1199529,
            -17.940766
          ],
          [
            47.1198108,
            -17.9404138
          ],
          [
            47.1196766,
            -17.9401535
          ],
          [
            47.119623,
            -17.940054
          ],
          [
            47.119454,
            -17.9399826
          ],
          [
            47.1190152,
            -17.9397825
          ],
          [
            47.1186789,
            -17.9393548
          ],
          [
            47.1186118,
            -17.9391532
          ],
          [
            47.1184026,
            -17.9388827
          ]
        ]
      },
      "id": "way/27352424"
    },
    {
      "type": "Feature",
      "properties": {
        "@id": "way/27352426",
        "highway": "primary",
        "ref": "N 4"
      },
      "geometry": {
        "type": "LineString",
        "coordinates": [
          [
            47.2121064,
            -18.149472
          ],
          [
            47.2124147,
            -18.1493559
          ],
          [
            47.2129401,
            -18.1492958
          ],
          [
            47.2133261,
            -18.1492972
          ],
          [
            47.2135672,
            -18.1494132
          ],
          [
            47.2140798,
            -18.1497967
          ],
          [
            47.214671,
            -18.1499109
          ],
          [
            47.2153,
            -18.1499735
          ],
          [
            47.2155132,
            -18.1499293
          ],
          [
            47.2158474,
            -18.1497663
          ],
          [
            47.2161128,
            -18.1494603
          ],
          [
            47.2163542,
            -18.1491085
          ],
          [
            47.2164463,
            -18.1489328
          ],
          [
            47.2167002,
            -18.1482343
          ],
          [
            47.2168908,
            -18.1473128
          ],
          [
            47.2169872,
            -18.1469828
          ],
          [
            47.2171526,
            -18.1465772
          ],
          [
            47.2174673,
            -18.1458945
          ],
          [
            47.2177362,
            -18.1450846
          ],
          [
            47.218071,
            -18.1447094
          ],
          [
            47.2185173,
            -18.1443668
          ],
          [
            47.2191143,
            -18.1441486
          ],
          [
            47.2193355,
            -18.1441191
          ],
          [
            47.2199249,
            -18.1440406
          ],
          [
            47.2202253,
            -18.1440406
          ],
          [
            47.2210266,
            -18.1442148
          ],
          [
            47.2215818,
            -18.1443193
          ],
          [
            47.2220616,
            -18.1443819
          ],
          [
            47.222226,
            -18.1443652
          ],
          [
            47.2223623,
            -18.1443343
          ],
          [
            47.2224678,
            -18.1442833
          ],
          [
            47.2226368,
            -18.1440702
          ],
          [
            47.2227722,
            -18.143695
          ],
          [
            47.2230946,
            -18.1428716
          ],
          [
            47.2232299,
            -18.1426059
          ],
          [
            47.2235987,
            -18.1420149
          ],
          [
            47.2239664,
            -18.1415075
          ],
          [
            47.2246218,
            -18.1411243
          ],
          [
            47.2251894,
            -18.1408197
          ],
          [
            47.2256155,
            -18.1406557
          ],
          [
            47.2261133,
            -18.1403784
          ],
          [
            47.2262502,
            -18.1402692
          ],
          [
            47.2269708,
            -18.1397588
          ],
          [
            47.227169,
            -18.1396117
          ],
          [
            47.2274179,
            -18.1393506
          ],
          [
            47.2275553,
            -18.1390815
          ],
          [
            47.2276411,
            -18.1387715
          ],
          [
            47.2277157,
            -18.1382235
          ],
          [
            47.2277779,
            -18.1376321
          ],
          [
            47.2277715,
            -18.1370474
          ],
          [
            47.227767,
            -18.1369913
          ],
          [
            47.2277489,
            -18.1364377
          ],
          [
            47.2276953,
            -18.1359728
          ],
          [
            47.2275628,
            -18.1354477
          ],
          [
            47.2273922,
            -18.1351418
          ],
          [
            47.2271519,
            -18.1348156
          ],
          [
            47.2268948,
            -18.1345991
          ],
          [
            47.2263333,
            -18.1341836
          ],
          [
            47.2260825,
            -18.133994
          ],
          [
            47.2258386,
            -18.1338123
          ],
          [
            47.2228103,
            -18.132268
          ],
          [
            47.2220734,
            -18.1318337
          ],
          [
            47.2212553,
            -18.1311939
          ],
          [
            47.2208912,
            -18.1308773
          ],
          [
            47.2204208,
            -18.1303934
          ],
          [
            47.2192339,
            -18.1290945
          ],
          [
            47.2186776,
            -18.1286139
          ],
          [
            47.217986,
            -18.128053
          ],
          [
            47.2174512,
            -18.1276383
          ],
          [
            47.2171374,
            -18.1273548
          ],
          [
            47.2167611,
            -18.1269218
          ],
          [
            47.2165051,
            -18.1265495
          ],
          [
            47.216349,
            -18.1262227
          ],
          [
            47.2162256,
            -18.1257884
          ],
          [
            47.2161074,
            -18.1251459
          ],
          [
            47.2160625,
            -18.1246438
          ],
          [
            47.2159466,
            -18.1242994
          ],
          [
            47.2156361,
            -18.1236777
          ],
          [
            47.215127,
            -18.1229063
          ],
          [
            47.2144284,
            -18.1220335
          ],
          [
            47.2139425,
            -18.1216501
          ],
          [
            47.2133793,
            -18.1213487
          ],
          [
            47.2129297,
            -18.1212341
          ],
          [
            47.2108741,
            -18.1211984
          ],
          [
            47.2100376,
            -18.121103
          ],
          [
            47.2094734,
            -18.1209921
          ],
          [
            47.2090023,
            -18.120843
          ],
          [
            47.2081731,
            -18.1205519
          ],
          [
            47.2079142,
            -18.120404
          ],
          [
            47.2073936,
            -18.119986
          ],
          [
            47.2067975,
            -18.1196856
          ],
          [
            47.2065413,
            -18.1194961
          ],
          [
            47.2061529,
            -18.1190673
          ],
          [
            47.2058453,
            -18.1188654
          ],
          [
            47.2055569,
            -18.1187706
          ],
          [
            47.2050848,
            -18.118795
          ],
          [
            47.2041836,
            -18.1190316
          ],
          [
            47.2037612,
            -18.1190993
          ],
          [
            47.2034765,
            -18.1191234
          ],
          [
            47.2032765,
            -18.1190504
          ],
          [
            47.2030506,
            -18.1188277
          ],
          [
            47.2028875,
            -18.1184361
          ],
          [
            47.2028725,
            -18.117939
          ],
          [
            47.2029288,
            -18.117032
          ],
          [
            47.2028737,
            -18.1167274
          ],
          [
            47.2028144,
            -18.1164915
          ],
          [
            47.2027175,
            -18.1162525
          ],
          [
            47.2023182,
            -18.1158312
          ],
          [
            47.2021304,
            -18.1156502
          ],
          [
            47.2019461,
            -18.115333
          ],
          [
            47.2017871,
            -18.1148395
          ],
          [
            47.2016796,
            -18.114282
          ],
          [
            47.2006459,
            -18.1127657
          ],
          [
            47.2004835,
            -18.1123591
          ],
          [
            47.2004907,
            -18.11183
          ],
          [
            47.200407,
            -18.1115347
          ],
          [
            47.2000036,
            -18.1110534
          ],
          [
            47.1997151,
            -18.1108488
          ],
          [
            47.1991585,
            -18.1105567
          ],
          [
            47.1986126,
            -18.1103662
          ],
          [
            47.1979703,
            -18.1102916
          ],
          [
            47.1974408,
            -18.1102049
          ],
          [
            47.1970682,
            -18.1099766
          ],
          [
            47.1968279,
            -18.1098134
          ],
          [
            47.196629,
            -18.1096166
          ],
          [
            47.1964475,
            -18.1094025
          ],
          [
            47.196373,
            -18.1089324
          ],
          [
            47.196362,
            -18.1087164
          ],
          [
            47.1964674,
            -18.108345
          ],
          [
            47.1967249,
            -18.1078229
          ],
          [
            47.1967764,
            -18.1076434
          ],
          [
            47.1967678,
            -18.1074966
          ],
          [
            47.1967249,
            -18.1073987
          ],
          [
            47.1965446,
            -18.1072926
          ],
          [
            47.196373,
            -18.1072763
          ],
          [
            47.1959851,
            -18.1073238
          ],
          [
            47.1956005,
            -18.1074639
          ],
          [
            47.1954202,
            -18.1074966
          ],
          [
            47.1952633,
            -18.1074995
          ],
          [
            47.194335,
            -18.107429
          ],
          [
            47.1941321,
            -18.1073649
          ],
          [
            47.1939536,
            -18.1072054
          ],
          [
            47.192193,
            -18.1053429
          ],
          [
            47.1907624,
            -18.1042399
          ],
          [
            47.1904282,
            -18.1039718
          ],
          [
            47.190247,
            -18.1036657
          ],
          [
            47.1898486,
            -18.1031559
          ],
          [
            47.1894409,
            -18.1025542
          ],
          [
            47.1886723,
            -18.1014091
          ],
          [
            47.1885366,
            -18.1012638
          ],
          [
            47.1883135,
            -18.1011495
          ],
          [
            47.1881075,
            -18.1011169
          ],
          [
            47.1879101,
            -18.1011006
          ],
          [
            47.1876649,
            -18.1011105
          ],
          [
            47.1874745,
            -18.1011297
          ],
          [
            47.1872695,
            -18.101195
          ],
          [
            47.1870775,
            -18.1013046
          ],
          [
            47.1867931,
            -18.1014481
          ],
          [
            47.1858722,
            -18.1019127
          ],
          [
            47.1847819,
            -18.1025172
          ],
          [
            47.1838021,
            -18.103041
          ],
          [
            47.1836014,
            -18.1031483
          ],
          [
            47.1832409,
            -18.1033441
          ],
          [
            47.1828461,
            -18.1034746
          ],
          [
            47.1826486,
            -18.1035236
          ],
          [
            47.1822796,
            -18.1035236
          ],
          [
            47.1820736,
            -18.1034257
          ],
          [
            47.1819534,
            -18.1033441
          ],
          [
            47.1818418,
            -18.1032217
          ],
          [
            47.1817194,
            -18.1029398
          ],
          [
            47.1817859,
            -18.1014299
          ],
          [
            47.1819012,
            -18.099579
          ],
          [
            47.1818403,
            -18.0990045
          ],
          [
            47.1816857,
            -18.0985174
          ],
          [
            47.1814561,
            -18.0979096
          ],
          [
            47.1812818,
            -18.0974512
          ],
          [
            47.1811905,
            -18.0972207
          ],
          [
            47.1808972,
            -18.0965818
          ],
          [
            47.1806584,
            -18.0963121
          ],
          [
            47.1801149,
            -18.0959638
          ],
          [
            47.1793275,
            -18.0953613
          ],
          [
            47.1790293,
            -18.0949175
          ],
          [
            47.1788742,
            -18.0944994
          ],
          [
            47.1788244,
            -18.0943281
          ],
          [
            47.1788409,
            -18.0938283
          ],
          [
            47.1790795,
            -18.0929731
          ],
          [
            47.179168,
            -18.092555
          ],
          [
            47.1791615,
            -18.0922502
          ],
          [
            47.1791553,
            -18.0918162
          ],
          [
            47.1792669,
            -18.0915062
          ],
          [
            47.1794386,
            -18.0912752
          ],
          [
            47.1797233,
            -18.0910711
          ],
          [
            47.1803055,
            -18.0907637
          ],
          [
            47.1805958,
            -18.0905336
          ],
          [
            47.1808414,
            -18.090262
          ],
          [
            47.1808476,
            -18.090032
          ],
          [
            47.1807121,
            -18.0896021
          ],
          [
            47.1799915,
            -18.0878025
          ],
          [
            47.1793716,
            -18.0862478
          ],
          [
            47.179224,
            -18.0859286
          ],
          [
            47.1790523,
            -18.0858113
          ],
          [
            47.1788034,
            -18.0857787
          ],
          [
            47.1784264,
            -18.0857551
          ],
          [
            47.1782309,
            -18.0857167
          ],
          [
            47.1780781,
            -18.0856151
          ],
          [
            47.1776905,
            -18.0853606
          ],
          [
            47.1774685,
            -18.0851727
          ],
          [
            47.1773612,
            -18.0850553
          ],
          [
            47.1772813,
            -18.0849153
          ],
          [
            47.1772372,
            -18.0847159
          ]
        ]
      },
      "id": "way/27352426"
    },
    {
      "type": "Feature",
      "properties": {
        "@id": "way/27352427",
        "highway": "primary",
        "ref": "N 4"
      },
      "geometry": {
        "type": "LineString",
        "coordinates": [
          [
            47.1582646,
            -18.458732
          ],
          [
            47.1580392,
            -18.4586462
          ],
          [
            47.1578153,
            -18.4584247
          ],
          [
            47.1576628,
            -18.4580947
          ],
          [
            47.1569272,
            -18.457096
          ],
          [
            47.1563559,
            -18.456465
          ],
          [
            47.1559347,
            -18.4558009
          ],
          [
            47.1554442,
            -18.4551795
          ],
          [
            47.1553922,
            -18.4550186
          ],
          [
            47.1553844,
            -18.4548434
          ],
          [
            47.1554373,
            -18.4544725
          ],
          [
            47.1555516,
            -18.4538984
          ],
          [
            47.1556115,
            -18.4535976
          ],
          [
            47.1557389,
            -18.4526308
          ],
          [
            47.15581,
            -18.4521753
          ],
          [
            47.1559026,
            -18.4517174
          ],
          [
            47.1560186,
            -18.4511066
          ],
          [
            47.156078,
            -18.4507936
          ],
          [
            47.1560607,
            -18.4503661
          ],
          [
            47.1560359,
            -18.4499633
          ],
          [
            47.1559361,
            -18.4491856
          ],
          [
            47.1559018,
            -18.4490004
          ],
          [
            47.155785,
            -18.4483711
          ],
          [
            47.1555939,
            -18.4474936
          ],
          [
            47.1553456,
            -18.446752
          ],
          [
            47.1548188,
            -18.4456757
          ],
          [
            47.1545267,
            -18.4451514
          ],
          [
            47.1542164,
            -18.4446717
          ],
          [
            47.153958,
            -18.4444086
          ],
          [
            47.1536997,
            -18.4441075
          ],
          [
            47.153654,
            -18.4440614
          ],
          [
            47.1530462,
            -18.4436477
          ],
          [
            47.1516539,
            -18.4429901
          ],
          [
            47.1502492,
            -18.442409
          ],
          [
            47.1498599,
            -18.4422267
          ],
          [
            47.148991,
            -18.441642
          ],
          [
            47.1477657,
            -18.4408207
          ],
          [
            47.1468532,
            -18.440052
          ],
          [
            47.1464236,
            -18.4397154
          ],
          [
            47.1459527,
            -18.4392404
          ],
          [
            47.1455022,
            -18.4387144
          ],
          [
            47.1449806,
            -18.4381429
          ],
          [
            47.1438503,
            -18.4368511
          ],
          [
            47.1435343,
            -18.4364529
          ],
          [
            47.1433785,
            -18.4360866
          ],
          [
            47.1431987,
            -18.4355725
          ],
          [
            47.143044,
            -18.4351301
          ],
          [
            47.1427324,
            -18.4340884
          ],
          [
            47.1423404,
            -18.432587
          ],
          [
            47.1420624,
            -18.4315219
          ],
          [
            47.1414254,
            -18.4289438
          ],
          [
            47.141365,
            -18.4287915
          ],
          [
            47.1412204,
            -18.428308
          ],
          [
            47.1409341,
            -18.4276421
          ],
          [
            47.1406515,
            -18.4270153
          ],
          [
            47.1402696,
            -18.4261191
          ],
          [
            47.1400862,
            -18.4259411
          ],
          [
            47.1398853,
            -18.4257397
          ],
          [
            47.1396874,
            -18.4255734
          ],
          [
            47.1395019,
            -18.4254473
          ],
          [
            47.1393077,
            -18.4253071
          ],
          [
            47.1390829,
            -18.425225
          ],
          [
            47.1388172,
            -18.425171
          ],
          [
            47.1374982,
            -18.4250863
          ],
          [
            47.1372875,
            -18.4250686
          ],
          [
            47.1370826,
            -18.4249968
          ],
          [
            47.1369323,
            -18.4249143
          ],
          [
            47.1368535,
            -18.4248582
          ],
          [
            47.1367335,
            -18.4247081
          ],
          [
            47.136586,
            -18.4244623
          ],
          [
            47.1364049,
            -18.4242048
          ],
          [
            47.1363573,
            -18.4241512
          ],
          [
            47.1363296,
            -18.4240828
          ],
          [
            47.1363108,
            -18.4240288
          ],
          [
            47.1363024,
            -18.4239234
          ],
          [
            47.1363157,
            -18.4238033
          ],
          [
            47.1363379,
            -18.4237067
          ],
          [
            47.1363626,
            -18.4233922
          ],
          [
            47.1363399,
            -18.4232222
          ],
          [
            47.1363165,
            -18.4230543
          ],
          [
            47.1362434,
            -18.4227193
          ],
          [
            47.1361652,
            -18.4224117
          ],
          [
            47.1360952,
            -18.4221855
          ],
          [
            47.1358307,
            -18.4216098
          ],
          [
            47.135719,
            -18.4213611
          ],
          [
            47.1356779,
            -18.4210664
          ],
          [
            47.1355724,
            -18.4203193
          ],
          [
            47.1355842,
            -18.4202022
          ],
          [
            47.1356036,
            -18.4201068
          ],
          [
            47.1356774,
            -18.4200079
          ],
          [
            47.1357587,
            -18.4199416
          ],
          [
            47.1358861,
            -18.4198848
          ],
          [
            47.1367434,
            -18.4194597
          ],
          [
            47.1368991,
            -18.4193175
          ],
          [
            47.1370411,
            -18.4191048
          ],
          [
            47.1371745,
            -18.4188417
          ],
          [
            47.1371811,
            -18.4186526
          ],
          [
            47.1369821,
            -18.4184656
          ],
          [
            47.1364854,
            -18.4181548
          ],
          [
            47.1361898,
            -18.4179428
          ],
          [
            47.1360757,
            -18.4177295
          ],
          [
            47.1359925,
            -18.4174547
          ],
          [
            47.1359752,
            -18.4173894
          ],
          [
            47.1358737,
            -18.4170063
          ],
          [
            47.1357429,
            -18.416778
          ],
          [
            47.1354851,
            -18.4166858
          ],
          [
            47.1353783,
            -18.4166251
          ],
          [
            47.135295,
            -18.4165012
          ],
          [
            47.1352903,
            -18.4162092
          ],
          [
            47.135426,
            -18.4153853
          ]
        ]
      },
      "id": "way/27352427"
    },
    {
      "type": "Feature",
      "properties": {
        "@id": "way/27352428",
        "highway": "primary",
        "ref": "N 4"
      },
      "geometry": {
        "type": "LineString",
        "coordinates": [
          [
            47.1322558,
            -18.2906261
          ],
          [
            47.134291,
            -18.2880691
          ],
          [
            47.1344184,
            -18.287909
          ],
          [
            47.1348311,
            -18.2873905
          ],
          [
            47.1355986,
            -18.2865085
          ],
          [
            47.1357419,
            -18.2863314
          ],
          [
            47.1369581,
            -18.2847826
          ],
          [
            47.1382656,
            -18.2832129
          ],
          [
            47.138772,
            -18.2825365
          ],
          [
            47.1392112,
            -18.2817036
          ],
          [
            47.1395574,
            -18.2813334
          ],
          [
            47.1396593,
            -18.2811877
          ],
          [
            47.1397634,
            -18.2808937
          ],
          [
            47.1397913,
            -18.2805407
          ],
          [
            47.1397505,
            -18.2801123
          ],
          [
            47.1396725,
            -18.2792
          ],
          [
            47.1396869,
            -18.2787947
          ],
          [
            47.1398469,
            -18.2783901
          ],
          [
            47.1398395,
            -18.2783021
          ],
          [
            47.1398209,
            -18.2782014
          ],
          [
            47.1396725,
            -18.2780666
          ],
          [
            47.1395357,
            -18.2779495
          ],
          [
            47.1394527,
            -18.2777789
          ],
          [
            47.1394141,
            -18.2775955
          ],
          [
            47.1394936,
            -18.2774232
          ],
          [
            47.1396561,
            -18.2773205
          ],
          [
            47.1397852,
            -18.277272
          ],
          [
            47.1401791,
            -18.2771162
          ],
          [
            47.1403653,
            -18.2769334
          ],
          [
            47.1406247,
            -18.27662
          ],
          [
            47.1409151,
            -18.2761453
          ],
          [
            47.1410029,
            -18.2759145
          ],
          [
            47.1411397,
            -18.2754153
          ],
          [
            47.1413623,
            -18.2747761
          ],
          [
            47.1415688,
            -18.2742921
          ],
          [
            47.1415831,
            -18.2741636
          ],
          [
            47.1415956,
            -18.2740476
          ],
          [
            47.1415152,
            -18.2737572
          ],
          [
            47.1414682,
            -18.2733514
          ],
          [
            47.1415126,
            -18.273086
          ],
          [
            47.1415849,
            -18.2726162
          ],
          [
            47.1415958,
            -18.2723957
          ],
          [
            47.1414749,
            -18.2716815
          ],
          [
            47.1413695,
            -18.2709852
          ],
          [
            47.141311,
            -18.2705736
          ],
          [
            47.1412968,
            -18.2702992
          ],
          [
            47.1413623,
            -18.2699521
          ],
          [
            47.1414454,
            -18.2695879
          ],
          [
            47.141475,
            -18.2692389
          ],
          [
            47.1415206,
            -18.2690224
          ],
          [
            47.1415965,
            -18.2688895
          ],
          [
            47.1416875,
            -18.2688066
          ],
          [
            47.1419224,
            -18.268615
          ],
          [
            47.1423608,
            -18.2683124
          ],
          [
            47.1425485,
            -18.2681841
          ],
          [
            47.1426387,
            -18.2681567
          ]
        ]
      },
      "id": "way/27352428"
    },
    {
      "type": "Feature",
      "properties": {
        "@id": "way/27352430",
        "highway": "primary",
        "ref": "N 4"
      },
      "geometry": {
        "type": "LineString",
        "coordinates": [
          [
            47.3401557,
            -18.7420995
          ],
          [
            47.3399296,
            -18.7416953
          ],
          [
            47.3396987,
            -18.7412944
          ]
        ]
      },
      "id": "way/27352430"
    },
    {
      "type": "Feature",
      "properties": {
        "@id": "way/27362449",
        "highway": "primary",
        "lane_markings": "no",
        "ref": "N 4",
        "surface": "asphalt"
      },
      "geometry": {
        "type": "LineString",
        "coordinates": [
          [
            47.3853908,
            -18.7743249
          ],
          [
            47.3850752,
            -18.7741181
          ],
          [
            47.3844423,
            -18.7737606
          ],
          [
            47.3840234,
            -18.7735245
          ],
          [
            47.3836522,
            -18.773314
          ],
          [
            47.3834792,
            -18.7732128
          ],
          [
            47.3832519,
            -18.7730884
          ],
          [
            47.3818004,
            -18.7722786
          ],
          [
            47.3808462,
            -18.7717261
          ],
          [
            47.380259,
            -18.7713861
          ],
          [
            47.3787201,
            -18.7705007
          ],
          [
            47.3783606,
            -18.7702938
          ],
          [
            47.3780425,
            -18.7701108
          ],
          [
            47.377681,
            -18.7698308
          ],
          [
            47.3775849,
            -18.7697624
          ],
          [
            47.3773677,
            -18.7696077
          ],
          [
            47.3766769,
            -18.7690305
          ],
          [
            47.3762014,
            -18.7686596
          ],
          [
            47.3760315,
            -18.7684835
          ],
          [
            47.3753803,
            -18.7679521
          ],
          [
            47.3741065,
            -18.7662463
          ],
          [
            47.3731233,
            -18.7649045
          ],
          [
            47.3728765,
            -18.7646988
          ],
          [
            47.3716348,
            -18.7639456
          ],
          [
            47.371286,
            -18.7636322
          ],
          [
            47.3711733,
            -18.7634569
          ],
          [
            47.3711626,
            -18.763302
          ],
          [
            47.3712082,
            -18.7631141
          ],
          [
            47.3718277,
            -18.7621363
          ],
          [
            47.3718063,
            -18.7619129
          ],
          [
            47.3717339,
            -18.7617579
          ],
          [
            47.3716373,
            -18.7616741
          ],
          [
            47.3715166,
            -18.7616056
          ],
          [
            47.3713,
            -18.7615934
          ],
          [
            47.3711169,
            -18.7616208
          ],
          [
            47.3693823,
            -18.7620049
          ],
          [
            47.3668315,
            -18.762528
          ],
          [
            47.3667386,
            -18.7625052
          ],
          [
            47.3666249,
            -18.7624772
          ],
          [
            47.3664621,
            -18.762332
          ],
          [
            47.3662497,
            -18.7620554
          ],
          [
            47.3661321,
            -18.7619405
          ],
          [
            47.365969,
            -18.7618579
          ],
          [
            47.3653697,
            -18.7616675
          ],
          [
            47.3650435,
            -18.7615562
          ],
          [
            47.3648197,
            -18.7615167
          ],
          [
            47.3646094,
            -18.7615341
          ],
          [
            47.3641672,
            -18.7615957
          ],
          [
            47.3637538,
            -18.7616244
          ],
          [
            47.3631696,
            -18.7615131
          ],
          [
            47.3629572,
            -18.7614053
          ],
          [
            47.3625077,
            -18.7610714
          ],
          [
            47.3624455,
            -18.7610252
          ],
          [
            47.3621933,
            -18.7608544
          ],
          [
            47.3619596,
            -18.7607085
          ],
          [
            47.3617956,
            -18.7606258
          ],
          [
            47.3616827,
            -18.76059
          ],
          [
            47.3608895,
            -18.7603754
          ],
          [
            47.359905,
            -18.7601091
          ],
          [
            47.3593992,
            -18.7599723
          ],
          [
            47.3592495,
            -18.759915
          ],
          [
            47.3592209,
            -18.759904
          ],
          [
            47.3590578,
            -18.7598106
          ],
          [
            47.3588264,
            -18.7595592
          ],
          [
            47.3581582,
            -18.7588725
          ],
          [
            47.3577557,
            -18.7584589
          ],
          [
            47.3576154,
            -18.7583147
          ],
          [
            47.356528,
            -18.757206
          ],
          [
            47.3557969,
            -18.7564606
          ],
          [
            47.3552949,
            -18.7559854
          ],
          [
            47.3550635,
            -18.7557879
          ],
          [
            47.3548333,
            -18.755641
          ],
          [
            47.3543049,
            -18.7553281
          ],
          [
            47.3539236,
            -18.7551329
          ],
          [
            47.3537435,
            -18.7550408
          ],
          [
            47.3535025,
            -18.7549017
          ],
          [
            47.3530897,
            -18.7546636
          ],
          [
            47.3523552,
            -18.7542398
          ],
          [
            47.3518051,
            -18.7539345
          ],
          [
            47.3515851,
            -18.7538232
          ],
          [
            47.3512807,
            -18.7537234
          ],
          [
            47.3506027,
            -18.7535861
          ],
          [
            47.3502689,
            -18.7535178
          ],
          [
            47.3500146,
            -18.7534572
          ],
          [
            47.349624,
            -18.7533418
          ],
          [
            47.3492371,
            -18.7531874
          ],
          [
            47.3489185,
            -18.7529791
          ],
          [
            47.348748,
            -18.7528414
          ],
          [
            47.3486032,
            -18.7526941
          ],
          [
            47.3483886,
            -18.7523893
          ],
          [
            47.3479755,
            -18.7516452
          ],
          [
            47.3471165,
            -18.7499531
          ],
          [
            47.346739,
            -18.7493517
          ],
          [
            47.3462884,
            -18.7489021
          ],
          [
            47.345874,
            -18.7485237
          ],
          [
            47.3456837,
            -18.7483369
          ]
        ]
      },
      "id": "way/27362449"
    },
    {
      "type": "Feature",
      "properties": {
        "@id": "way/27363430",
        "highway": "primary",
        "oneway": "yes",
        "ref": "N 4"
      },
      "geometry": {
        "type": "LineString",
        "coordinates": [
          [
            47.4776041,
            -18.8486566
          ],
          [
            47.477604,
            -18.8489069
          ],
          [
            47.4775903,
            -18.8491074
          ],
          [
            47.4775474,
            -18.849346
          ],
          [
            47.4775192,
            -18.8495453
          ]
        ]
      },
      "id": "way/27363430"
    },
    {
      "type": "Feature",
      "properties": {
        "@id": "way/28863723",
        "highway": "primary",
        "oneway": "yes",
        "ref": "N 4"
      },
      "geometry": {
        "type": "LineString",
        "coordinates": [
          [
            47.515216,
            -18.8930934
          ],
          [
            47.5152569,
            -18.8931779
          ],
          [
            47.5152798,
            -18.8932348
          ],
          [
            47.5152989,
            -18.8932898
          ]
        ]
      },
      "id": "way/28863723"
    },
    {
      "type": "Feature",
      "properties": {
        "@id": "way/28863725",
        "highway": "primary",
        "oneway": "yes",
        "ref": "N 4"
      },
      "geometry": {
        "type": "LineString",
        "coordinates": [
          [
            47.5155558,
            -18.8933421
          ],
          [
            47.5155042,
            -18.8933215
          ],
          [
            47.5154526,
            -18.8932948
          ],
          [
            47.5153791,
            -18.8932432
          ],
          [
            47.5153361,
            -18.8932071
          ],
          [
            47.5152885,
            -18.8931665
          ],
          [
            47.515216,
            -18.8930934
          ]
        ]
      },
      "id": "way/28863725"
    },
    {
      "type": "Feature",
      "properties": {
        "@id": "way/28915315",
        "highway": "primary",
        "name": "Làlana Ampanjaka Toera",
        "name:fr": "Rue Ampanjaka Toera",
        "oneway": "yes",
        "ref": "N 4",
        "surface": "asphalt"
      },
      "geometry": {
        "type": "LineString",
        "coordinates": [
          [
            47.5197841,
            -18.8993206
          ],
          [
            47.5203025,
            -18.900029
          ],
          [
            47.5206357,
            -18.9004813
          ]
        ]
      },
      "id": "way/28915315"
    },
    {
      "type": "Feature",
      "properties": {
        "@id": "way/28915332",
        "highway": "primary",
        "oneway": "yes",
        "ref": "N 4"
      },
      "geometry": {
        "type": "LineString",
        "coordinates": [
          [
            47.5155277,
            -18.8937204
          ],
          [
            47.5155749,
            -18.8937657
          ],
          [
            47.5156369,
            -18.893809
          ],
          [
            47.5156837,
            -18.8938496
          ],
          [
            47.5156961,
            -18.8938577
          ],
          [
            47.5158664,
            -18.893995
          ]
        ]
      },
      "id": "way/28915332"
    },
    {
      "type": "Feature",
      "properties": {
        "@id": "way/28915340",
        "highway": "primary",
        "name": "Làlana Ampanjaka Toera",
        "name:fr": "Rue Ampanjaka Toera",
        "ref": "N 4"
      },
      "geometry": {
        "type": "LineString",
        "coordinates": [
          [
            47.5158664,
            -18.893995
          ],
          [
            47.5162051,
            -18.894458
          ],
          [
            47.5165993,
            -18.8949866
          ]
        ]
      },
      "id": "way/28915340"
    },
    {
      "type": "Feature",
      "properties": {
        "@id": "way/28915341",
        "highway": "primary",
        "ref": "N 4"
      },
      "geometry": {
        "type": "LineString",
        "coordinates": [
          [
            47.5167812,
            -18.8952342
          ],
          [
            47.5167359,
            -18.8951754
          ]
        ]
      },
      "id": "way/28915341"
    },
    {
      "type": "Feature",
      "properties": {
        "@id": "way/30752815",
        "bridge": "yes",
        "busway": "lane",
        "highway": "primary",
        "layer": "1",
        "ref": "N 4",
        "surface": "paved"
      },
      "geometry": {
        "type": "LineString",
        "coordinates": [
          [
            47.4849307,
            -18.859699
          ],
          [
            47.4850144,
            -18.8594302
          ],
          [
            47.4850575,
            -18.8592841
          ]
        ]
      },
      "id": "way/30752815"
    },
    {
      "type": "Feature",
      "properties": {
        "@id": "way/30752824",
        "busway": "lane",
        "highway": "primary",
        "ref": "N 4",
        "surface": "paved"
      },
      "geometry": {
        "type": "LineString",
        "coordinates": [
          [
            47.4850575,
            -18.8592841
          ],
          [
            47.4850719,
            -18.8591527
          ],
          [
            47.4850693,
            -18.8589841
          ],
          [
            47.485055,
            -18.8589257
          ],
          [
            47.4850441,
            -18.8588754
          ],
          [
            47.484971,
            -18.8587597
          ],
          [
            47.4848544,
            -18.858634
          ],
          [
            47.4846232,
            -18.8584918
          ],
          [
            47.4845978,
            -18.8584808
          ],
          [
            47.4845515,
            -18.8584607
          ],
          [
            47.4843021,
            -18.8583524
          ],
          [
            47.4838301,
            -18.8581708
          ],
          [
            47.4836863,
            -18.8580826
          ],
          [
            47.4832276,
            -18.8577723
          ],
          [
            47.4830763,
            -18.8576699
          ],
          [
            47.4827249,
            -18.8573982
          ],
          [
            47.4825624,
            -18.857238
          ],
          [
            47.4819617,
            -18.8563911
          ],
          [
            47.4818985,
            -18.8563296
          ],
          [
            47.481719,
            -18.8561987
          ],
          [
            47.4815997,
            -18.8561117
          ],
          [
            47.4813654,
            -18.8559577
          ],
          [
            47.4811876,
            -18.8558006
          ],
          [
            47.481018,
            -18.8556204
          ],
          [
            47.4808304,
            -18.855405
          ],
          [
            47.4804633,
            -18.854961
          ],
          [
            47.4802253,
            -18.8546866
          ],
          [
            47.480049,
            -18.8545255
          ]
        ]
      },
      "id": "way/30752824"
    },
    {
      "type": "Feature",
      "properties": {
        "@id": "way/30753139",
        "bridge": "yes",
        "bridge:structure": "truss",
        "cycleway": "shared_lane",
        "highway": "primary",
        "layer": "1",
        "name": "Pont de Betsiboka",
        "name:de": "Betsiboka - Brücke",
        "name:en": "Betsiboka bridge",
        "name:fr": "Pont de Betsiboka",
        "narrow": "yes",
        "ref": "N 4",
        "surface": "metal"
      },
      "geometry": {
        "type": "LineString",
        "coordinates": [
          [
            46.9490545,
            -16.937868
          ],
          [
            46.9512379,
            -16.9379748
          ]
        ]
      },
      "id": "way/30753139"
    },
    {
      "type": "Feature",
      "properties": {
        "@id": "way/30753145",
        "highway": "primary",
        "ref": "N 4"
      },
      "geometry": {
        "type": "LineString",
        "coordinates": [
          [
            46.9512379,
            -16.9379748
          ],
          [
            46.9513187,
            -16.9379979
          ],
          [
            46.9513832,
            -16.9380203
          ],
          [
            46.9514633,
            -16.9380782
          ],
          [
            46.9515045,
            -16.9381501
          ],
          [
            46.9517349,
            -16.9387388
          ],
          [
            46.9518132,
            -16.938867
          ],
          [
            46.9519543,
            -16.9389828
          ],
          [
            46.9524229,
            -16.9392505
          ],
          [
            46.9525687,
            -16.9393588
          ],
          [
            46.9527462,
            -16.9395468
          ],
          [
            46.9529852,
            -16.94002
          ],
          [
            46.9531483,
            -16.9402498
          ],
          [
            46.9534217,
            -16.9404738
          ],
          [
            46.9538121,
            -16.9406503
          ],
          [
            46.9545748,
            -16.9407889
          ],
          [
            46.9550705,
            -16.9408116
          ],
          [
            46.9555638,
            -16.9407527
          ],
          [
            46.9560331,
            -16.9406807
          ],
          [
            46.9564141,
            -16.9407678
          ],
          [
            46.9567659,
            -16.9409854
          ],
          [
            46.9572789,
            -16.9414755
          ],
          [
            46.9575682,
            -16.9416371
          ],
          [
            46.9578525,
            -16.9417201
          ],
          [
            46.9581916,
            -16.9417066
          ],
          [
            46.9584977,
            -16.9416436
          ],
          [
            46.9591929,
            -16.9411999
          ],
          [
            46.9594558,
            -16.9411055
          ],
          [
            46.9597265,
            -16.9410747
          ],
          [
            46.9606633,
            -16.9411157
          ],
          [
            46.960863,
            -16.9410286
          ],
          [
            46.9610344,
            -16.94085
          ],
          [
            46.9613114,
            -16.9404368
          ],
          [
            46.9627137,
            -16.9387952
          ],
          [
            46.9630982,
            -16.9385274
          ],
          [
            46.963417,
            -16.9384193
          ],
          [
            46.9636835,
            -16.9383791
          ],
          [
            46.9651418,
            -16.9385199
          ],
          [
            46.9655117,
            -16.9385828
          ],
          [
            46.9658035,
            -16.9386921
          ],
          [
            46.9660698,
            -16.9388096
          ],
          [
            46.9675524,
            -16.9397789
          ],
          [
            46.9677174,
            -16.9398388
          ],
          [
            46.9678853,
            -16.9398524
          ],
          [
            46.968097,
            -16.9397663
          ],
          [
            46.9682536,
            -16.9396087
          ],
          [
            46.9684801,
            -16.9384895
          ],
          [
            46.9684578,
            -16.9382177
          ],
          [
            46.9683932,
            -16.9380149
          ],
          [
            46.9680817,
            -16.9373444
          ],
          [
            46.9680011,
            -16.9369911
          ],
          [
            46.9679483,
            -16.9367039
          ],
          [
            46.9678981,
            -16.9365712
          ],
          [
            46.9678361,
            -16.9364421
          ],
          [
            46.9677471,
            -16.9363168
          ],
          [
            46.9671811,
            -16.9357439
          ],
          [
            46.9670833,
            -16.9356186
          ],
          [
            46.9669854,
            -16.9354109
          ],
          [
            46.9666176,
            -16.9339084
          ],
          [
            46.9660628,
            -16.9324732
          ],
          [
            46.966023,
            -16.932301
          ],
          [
            46.966013,
            -16.9321432
          ],
          [
            46.9660736,
            -16.9318244
          ],
          [
            46.9662996,
            -16.9311403
          ],
          [
            46.9663595,
            -16.9307717
          ],
          [
            46.9664044,
            -16.9290706
          ],
          [
            46.9663685,
            -16.9289035
          ],
          [
            46.9659536,
            -16.9274923
          ],
          [
            46.965908,
            -16.9273372
          ],
          [
            46.9658595,
            -16.9271273
          ],
          [
            46.9658473,
            -16.926848
          ],
          [
            46.9658756,
            -16.926501
          ],
          [
            46.9659164,
            -16.9253924
          ],
          [
            46.9659408,
            -16.9247316
          ],
          [
            46.9659024,
            -16.9243706
          ],
          [
            46.9657752,
            -16.9240582
          ],
          [
            46.9653611,
            -16.9233891
          ],
          [
            46.9652361,
            -16.9231849
          ],
          [
            46.9651624,
            -16.9229522
          ],
          [
            46.9651413,
            -16.9226875
          ],
          [
            46.9651711,
            -16.9224831
          ],
          [
            46.9652525,
            -16.9222651
          ],
          [
            46.9654095,
            -16.9220226
          ],
          [
            46.9655864,
            -16.9218808
          ],
          [
            46.9657551,
            -16.9217669
          ],
          [
            46.9666662,
            -16.9211853
          ],
          [
            46.9668546,
            -16.9210131
          ],
          [
            46.9669706,
            -16.9208274
          ],
          [
            46.9670488,
            -16.9206469
          ],
          [
            46.9670718,
            -16.9204812
          ],
          [
            46.9670927,
            -16.9202869
          ],
          [
            46.9670626,
            -16.9201231
          ],
          [
            46.9667907,
            -16.9193885
          ],
          [
            46.9667385,
            -16.9191589
          ],
          [
            46.9667239,
            -16.9189442
          ],
          [
            46.9667747,
            -16.9187268
          ],
          [
            46.9668663,
            -16.918515
          ],
          [
            46.9670116,
            -16.9182883
          ],
          [
            46.9671614,
            -16.9181062
          ],
          [
            46.9674229,
            -16.9179181
          ],
          [
            46.9677081,
            -16.9177408
          ],
          [
            46.9680242,
            -16.9175146
          ],
          [
            46.969279,
            -16.9164084
          ],
          [
            46.9699159,
            -16.9158472
          ],
          [
            46.9700875,
            -16.9156625
          ],
          [
            46.9704975,
            -16.9148153
          ],
          [
            46.9705566,
            -16.9144847
          ],
          [
            46.9705066,
            -16.914148
          ],
          [
            46.9704072,
            -16.9138257
          ],
          [
            46.9702214,
            -16.9131973
          ],
          [
            46.9701016,
            -16.9129778
          ],
          [
            46.9692905,
            -16.9117338
          ],
          [
            46.9692251,
            -16.9115563
          ],
          [
            46.9691762,
            -16.9113178
          ],
          [
            46.9691037,
            -16.9104287
          ],
          [
            46.9690546,
            -16.9102216
          ],
          [
            46.968959,
            -16.9100569
          ],
          [
            46.9680087,
            -16.9087883
          ],
          [
            46.9679239,
            -16.9086292
          ],
          [
            46.9678915,
            -16.9084511
          ],
          [
            46.9679264,
            -16.9082642
          ],
          [
            46.9679698,
            -16.9081111
          ],
          [
            46.9681424,
            -16.9076666
          ],
          [
            46.9681645,
            -16.9074866
          ],
          [
            46.9681711,
            -16.9067971
          ],
          [
            46.9682333,
            -16.9065905
          ],
          [
            46.9683155,
            -16.9064169
          ],
          [
            46.9686189,
            -16.9058233
          ],
          [
            46.9686867,
            -16.9056321
          ],
          [
            46.968697,
            -16.9054331
          ],
          [
            46.9685523,
            -16.9047336
          ],
          [
            46.9683921,
            -16.904405
          ],
          [
            46.9682039,
            -16.9041078
          ],
          [
            46.967394,
            -16.9029834
          ],
          [
            46.9673034,
            -16.9028216
          ],
          [
            46.9666378,
            -16.9011581
          ],
          [
            46.9665576,
            -16.9006531
          ],
          [
            46.9667543,
            -16.9002754
          ],
          [
            46.9670595,
            -16.9000238
          ],
          [
            46.9674662,
            -16.8997879
          ],
          [
            46.9677717,
            -16.8993979
          ],
          [
            46.9680355,
            -16.8983244
          ],
          [
            46.9686093,
            -16.8975905
          ],
          [
            46.9689874,
            -16.8969921
          ],
          [
            46.9690491,
            -16.8964407
          ],
          [
            46.9691779,
            -16.8958556
          ],
          [
            46.9691281,
            -16.8952497
          ],
          [
            46.9689936,
            -16.8943397
          ],
          [
            46.9690976,
            -16.8931154
          ],
          [
            46.9685436,
            -16.89222
          ],
          [
            46.9681109,
            -16.891334
          ],
          [
            46.9669773,
            -16.8901665
          ],
          [
            46.966653,
            -16.889651
          ],
          [
            46.9664582,
            -16.8884694
          ],
          [
            46.9665863,
            -16.8880178
          ],
          [
            46.966927,
            -16.8875831
          ],
          [
            46.9670399,
            -16.8871938
          ],
          [
            46.9668702,
            -16.8862577
          ],
          [
            46.9672491,
            -16.8841702
          ],
          [
            46.9674823,
            -16.8836409
          ],
          [
            46.9675297,
            -16.8831152
          ],
          [
            46.9664463,
            -16.8795332
          ],
          [
            46.9664311,
            -16.8786997
          ],
          [
            46.9656948,
            -16.8773168
          ],
          [
            46.9655769,
            -16.876729
          ],
          [
            46.965841,
            -16.8760492
          ],
          [
            46.9661764,
            -16.8753644
          ],
          [
            46.9662206,
            -16.8747424
          ],
          [
            46.9663215,
            -16.8744526
          ],
          [
            46.9668072,
            -16.8736264
          ],
          [
            46.9673313,
            -16.872867
          ],
          [
            46.9674384,
            -16.8724176
          ],
          [
            46.9673501,
            -16.872013
          ],
          [
            46.9671103,
            -16.8712159
          ],
          [
            46.9666294,
            -16.8686327
          ],
          [
            46.9664667,
            -16.8682148
          ],
          [
            46.9660621,
            -16.8678907
          ],
          [
            46.9658988,
            -16.867629
          ],
          [
            46.9658735,
            -16.8672788
          ],
          [
            46.9660458,
            -16.8669161
          ],
          [
            46.9663281,
            -16.8661493
          ],
          [
            46.966248,
            -16.8652319
          ],
          [
            46.966025,
            -16.8648573
          ],
          [
            46.9655957,
            -16.8646654
          ],
          [
            46.9643978,
            -16.864549
          ],
          [
            46.9640436,
            -16.8644708
          ],
          [
            46.9637788,
            -16.86424
          ],
          [
            46.9633873,
            -16.8635529
          ],
          [
            46.9632649,
            -16.8626665
          ],
          [
            46.9630781,
            -16.8623391
          ],
          [
            46.9623335,
            -16.8619828
          ],
          [
            46.9619793,
            -16.8616651
          ],
          [
            46.9617152,
            -16.8613789
          ],
          [
            46.9617123,
            -16.8609651
          ]
        ]
      },
      "id": "way/30753145"
    },
    {
      "type": "Feature",
      "properties": {
        "@id": "way/31233919",
        "highway": "primary",
        "ref": "N 4"
      },
      "geometry": {
        "type": "LineString",
        "coordinates": [
          [
            47.1570867,
            -16.4369453
          ],
          [
            47.1564604,
            -16.4365242
          ],
          [
            47.156184,
            -16.4363662
          ],
          [
            47.156114,
            -16.4363263
          ],
          [
            47.1560423,
            -16.4362853
          ],
          [
            47.155275,
            -16.4358469
          ],
          [
            47.1542641,
            -16.4353162
          ],
          [
            47.152681,
            -16.4344802
          ],
          [
            47.1522476,
            -16.4342575
          ],
          [
            47.1521952,
            -16.43423
          ],
          [
            47.1517387,
            -16.4339957
          ],
          [
            47.1509559,
            -16.4335726
          ],
          [
            47.1498737,
            -16.4329966
          ],
          [
            47.1492394,
            -16.4326765
          ],
          [
            47.1489511,
            -16.4325108
          ],
          [
            47.1481869,
            -16.4321102
          ],
          [
            47.1475128,
            -16.4317501
          ],
          [
            47.1474237,
            -16.4317025
          ],
          [
            47.1469745,
            -16.4314805
          ],
          [
            47.1467877,
            -16.4313882
          ],
          [
            47.1461819,
            -16.4310779
          ],
          [
            47.1461005,
            -16.4310362
          ],
          [
            47.1460035,
            -16.4309866
          ],
          [
            47.1457629,
            -16.4308633
          ],
          [
            47.1454484,
            -16.4307022
          ],
          [
            47.1449289,
            -16.4304361
          ],
          [
            47.1447828,
            -16.4303613
          ],
          [
            47.144455,
            -16.4301934
          ],
          [
            47.1438666,
            -16.429892
          ],
          [
            47.1425575,
            -16.4292214
          ],
          [
            47.1424058,
            -16.4291422
          ],
          [
            47.1420054,
            -16.4289333
          ],
          [
            47.1418415,
            -16.428852
          ],
          [
            47.1415411,
            -16.4287031
          ],
          [
            47.1411855,
            -16.4285269
          ],
          [
            47.1408095,
            -16.4283405
          ],
          [
            47.140458,
            -16.428184
          ],
          [
            47.1398781,
            -16.4279206
          ],
          [
            47.1392216,
            -16.4276224
          ],
          [
            47.1378221,
            -16.426827
          ]
        ]
      },
      "id": "way/31233919"
    },
    {
      "type": "Feature",
      "properties": {
        "@id": "way/31990475",
        "highway": "primary",
        "oneway": "yes",
        "ref": "N 4"
      },
      "geometry": {
        "type": "LineString",
        "coordinates": [
          [
            47.5157933,
            -18.8938153
          ],
          [
            47.5157694,
            -18.8937476
          ],
          [
            47.5157504,
            -18.8936827
          ],
          [
            47.5157337,
            -18.8936006
          ]
        ]
      },
      "id": "way/31990475"
    },
    {
      "type": "Feature",
      "properties": {
        "@id": "way/40349910",
        "busway": "lane",
        "highway": "primary_link",
        "ref": "N 4",
        "source": "Yahoo",
        "surface": "paved"
      },
      "geometry": {
        "type": "LineString",
        "coordinates": [
          [
            47.480049,
            -18.8545255
          ],
          [
            47.4800154,
            -18.8546198
          ],
          [
            47.4799949,
            -18.8546728
          ]
        ]
      },
      "id": "way/40349910"
    },
    {
      "type": "Feature",
      "properties": {
        "@id": "way/44821273",
        "highway": "primary",
        "oneway": "yes",
        "ref": "N 4"
      },
      "geometry": {
        "type": "LineString",
        "coordinates": [
          [
            47.1222719,
            -18.3164669
          ],
          [
            47.1221795,
            -18.3164915
          ],
          [
            47.1221047,
            -18.31648
          ],
          [
            47.1220277,
            -18.3164591
          ],
          [
            47.1218137,
            -18.3163559
          ],
          [
            47.1215818,
            -18.316106
          ],
          [
            47.1213324,
            -18.3157852
          ],
          [
            47.1211826,
            -18.3155579
          ],
          [
            47.1210443,
            -18.315456
          ],
          [
            47.1208858,
            -18.3154058
          ],
          [
            47.1206464,
            -18.3154381
          ],
          [
            47.1204949,
            -18.315512
          ],
          [
            47.1201142,
            -18.3156581
          ],
          [
            47.1200334,
            -18.3156953
          ],
          [
            47.1196004,
            -18.3159449
          ]
        ]
      },
      "id": "way/44821273"
    },
    {
      "type": "Feature",
      "properties": {
        "@id": "way/44821279",
        "highway": "primary",
        "ref": "N 4"
      },
      "geometry": {
        "type": "LineString",
        "coordinates": [
          [
            47.1222719,
            -18.3164669
          ],
          [
            47.1222845,
            -18.3163038
          ]
        ]
      },
      "id": "way/44821279"
    },
    {
      "type": "Feature",
      "properties": {
        "@id": "way/45552240",
        "highway": "primary",
        "ref": "N 4"
      },
      "geometry": {
        "type": "LineString",
        "coordinates": [
          [
            47.4610834,
            -18.840251
          ],
          [
            47.4608671,
            -18.8401657
          ],
          [
            47.4606796,
            -18.8400917
          ],
          [
            47.4602013,
            -18.8399129
          ],
          [
            47.4600491,
            -18.8398484
          ],
          [
            47.4598999,
            -18.8397903
          ],
          [
            47.4595659,
            -18.8396768
          ],
          [
            47.459191,
            -18.8395625
          ],
          [
            47.4588361,
            -18.8394328
          ],
          [
            47.4585967,
            -18.8393435
          ],
          [
            47.4584367,
            -18.8392919
          ]
        ]
      },
      "id": "way/45552240"
    },
    {
      "type": "Feature",
      "properties": {
        "@id": "way/45552261",
        "destination:ref": "N 4;N 52",
        "highway": "primary",
        "oneway": "yes",
        "ref": "N 4"
      },
      "geometry": {
        "type": "LineString",
        "coordinates": [
          [
            47.4610834,
            -18.840251
          ],
          [
            47.4613243,
            -18.8403333
          ],
          [
            47.4614622,
            -18.8403712
          ],
          [
            47.4616905,
            -18.8404191
          ]
        ]
      },
      "id": "way/45552261"
    },
    {
      "type": "Feature",
      "properties": {
        "@id": "way/45822770",
        "busway": "lane",
        "highway": "primary",
        "ref": "N 4",
        "surface": "paved"
      },
      "geometry": {
        "type": "LineString",
        "coordinates": [
          [
            47.480049,
            -18.8545255
          ],
          [
            47.48003,
            -18.8544794
          ],
          [
            47.479936,
            -18.854251
          ],
          [
            47.4798842,
            -18.8540929
          ],
          [
            47.4798609,
            -18.8539349
          ],
          [
            47.4798313,
            -18.8532569
          ],
          [
            47.4797733,
            -18.8525828
          ],
          [
            47.4797523,
            -18.852431
          ],
          [
            47.4797026,
            -18.8523092
          ],
          [
            47.4796789,
            -18.8522741
          ]
        ]
      },
      "id": "way/45822770"
    },
    {
      "type": "Feature",
      "properties": {
        "@id": "way/45822771",
        "busway": "lane",
        "highway": "primary_link",
        "ref": "N 4",
        "source": "Yahoo",
        "surface": "paved"
      },
      "geometry": {
        "type": "LineString",
        "coordinates": [
          [
            47.4800557,
            -18.8553396
          ],
          [
            47.4800777,
            -18.8554794
          ],
          [
            47.4800963,
            -18.8556326
          ]
        ]
      },
      "id": "way/45822771"
    },
    {
      "type": "Feature",
      "properties": {
        "@id": "way/45822991",
        "busway": "lane",
        "highway": "primary",
        "maxspeed": "60",
        "name": "Rue Docteur Joseph Raseta",
        "oneway": "no",
        "ref": "N 4",
        "surface": "paved"
      },
      "geometry": {
        "type": "LineString",
        "coordinates": [
          [
            47.5053057,
            -18.8795689
          ],
          [
            47.5051058,
            -18.8792798
          ],
          [
            47.5049767,
            -18.879093
          ],
          [
            47.504832,
            -18.8789238
          ],
          [
            47.5047011,
            -18.8787722
          ],
          [
            47.5045755,
            -18.878611
          ],
          [
            47.5044362,
            -18.8784258
          ],
          [
            47.5042328,
            -18.8781519
          ]
        ]
      },
      "id": "way/45822991"
    },
    {
      "type": "Feature",
      "properties": {
        "@id": "way/46330938",
        "highway": "primary",
        "oneway": "yes",
        "ref": "N 4"
      },
      "geometry": {
        "type": "LineString",
        "coordinates": [
          [
            47.4776657,
            -18.8494971
          ],
          [
            47.4776711,
            -18.8491544
          ],
          [
            47.4776563,
            -18.8489678
          ],
          [
            47.4776041,
            -18.8486566
          ]
        ]
      },
      "id": "way/46330938"
    },
    {
      "type": "Feature",
      "properties": {
        "@id": "way/46330939",
        "highway": "primary",
        "name": "National Road Number 4",
        "ref": "N 4"
      },
      "geometry": {
        "type": "LineString",
        "coordinates": [
          [
            47.4776041,
            -18.8486566
          ],
          [
            47.4775783,
            -18.848502
          ],
          [
            47.4775099,
            -18.8483282
          ],
          [
            47.4773731,
            -18.8481579
          ],
          [
            47.4771655,
            -18.8479639
          ],
          [
            47.4769601,
            -18.8477953
          ],
          [
            47.4767227,
            -18.8476189
          ],
          [
            47.4762225,
            -18.8472314
          ],
          [
            47.4761164,
            -18.8471292
          ],
          [
            47.475863,
            -18.8468197
          ],
          [
            47.4755643,
            -18.8463896
          ],
          [
            47.4754703,
            -18.8462632
          ],
          [
            47.4753368,
            -18.8461455
          ],
          [
            47.4752513,
            -18.8460852
          ],
          [
            47.4750145,
            -18.8460047
          ],
          [
            47.4746888,
            -18.8459637
          ],
          [
            47.4744718,
            -18.8459228
          ],
          [
            47.474151,
            -18.8458204
          ],
          [
            47.4738864,
            -18.8457059
          ]
        ]
      },
      "id": "way/46330939"
    },
    {
      "type": "Feature",
      "properties": {
        "@id": "way/46330940",
        "highway": "primary",
        "oneway": "yes",
        "ref": "N 4"
      },
      "geometry": {
        "type": "LineString",
        "coordinates": [
          [
            47.4775192,
            -18.8495453
          ],
          [
            47.4775692,
            -18.8496976
          ],
          [
            47.4776215,
            -18.8498077
          ],
          [
            47.4777253,
            -18.8499445
          ]
        ]
      },
      "id": "way/46330940"
    },
    {
      "type": "Feature",
      "properties": {
        "@id": "way/46414896",
        "highway": "primary",
        "maxspeed": "40",
        "name": "Rue Docteur Joseph Raseta",
        "ref": "N 4"
      },
      "geometry": {
        "type": "LineString",
        "coordinates": [
          [
            47.515216,
            -18.8930934
          ],
          [
            47.5150251,
            -18.8928521
          ],
          [
            47.5147392,
            -18.8924464
          ]
        ]
      },
      "id": "way/46414896"
    },
    {
      "type": "Feature",
      "properties": {
        "@id": "way/46414897",
        "highway": "primary",
        "maxspeed": "60",
        "name": "Rue Docteur Joseph Raseta",
        "ref": "N 4"
      },
      "geometry": {
        "type": "LineString",
        "coordinates": [
          [
            47.5086972,
            -18.88421
          ],
          [
            47.5086588,
            -18.884156
          ],
          [
            47.5085825,
            -18.8840489
          ],
          [
            47.5080381,
            -18.883284
          ],
          [
            47.5079787,
            -18.8832087
          ],
          [
            47.5077816,
            -18.8829568
          ],
          [
            47.5073914,
            -18.8824376
          ],
          [
            47.5071986,
            -18.882181
          ],
          [
            47.5069584,
            -18.8818613
          ],
          [
            47.5069037,
            -18.8817793
          ],
          [
            47.5068057,
            -18.8816102
          ],
          [
            47.5066579,
            -18.8813995
          ],
          [
            47.5065042,
            -18.8811918
          ],
          [
            47.5062862,
            -18.8808962
          ],
          [
            47.5059667,
            -18.8804659
          ],
          [
            47.505795,
            -18.8802365
          ],
          [
            47.5055474,
            -18.8799059
          ]
        ]
      },
      "id": "way/46414897"
    },
    {
      "type": "Feature",
      "properties": {
        "@id": "way/46414898",
        "bridge": "yes",
        "highway": "primary",
        "layer": "1",
        "maxspeed": "60",
        "ref": "N 4"
      },
      "geometry": {
        "type": "LineString",
        "coordinates": [
          [
            47.5088044,
            -18.8843591
          ],
          [
            47.5086972,
            -18.88421
          ]
        ]
      },
      "id": "way/46414898"
    },
    {
      "type": "Feature",
      "properties": {
        "@id": "way/46414900",
        "bridge": "yes",
        "highway": "primary",
        "layer": "1",
        "maxspeed": "60",
        "ref": "N 4"
      },
      "geometry": {
        "type": "LineString",
        "coordinates": [
          [
            47.5055474,
            -18.8799059
          ],
          [
            47.5053979,
            -18.8796934
          ],
          [
            47.5053057,
            -18.8795689
          ]
        ]
      },
      "id": "way/46414900"
    },
    {
      "type": "Feature",
      "properties": {
        "@id": "way/46414970",
        "busway": "lane",
        "highway": "primary",
        "ref": "N 4",
        "surface": "paved"
      },
      "geometry": {
        "type": "LineString",
        "coordinates": [
          [
            47.4855796,
            -18.863195
          ],
          [
            47.4855759,
            -18.8631776
          ],
          [
            47.4855581,
            -18.8630935
          ],
          [
            47.4854288,
            -18.86261
          ]
        ]
      },
      "id": "way/46414970"
    },
    {
      "type": "Feature",
      "properties": {
        "@id": "way/46503602",
        "bridge": "yes",
        "busway": "lane",
        "highway": "primary",
        "layer": "1",
        "maxspeed": "60",
        "ref": "N 4",
        "surface": "paved"
      },
      "geometry": {
        "type": "LineString",
        "coordinates": [
          [
            47.4857554,
            -18.8639222
          ],
          [
            47.4857109,
            -18.8637274
          ]
        ]
      },
      "id": "way/46503602"
    },
    {
      "type": "Feature",
      "properties": {
        "@id": "way/46876839",
        "busway": "lane",
        "highway": "primary",
        "maxspeed": "60",
        "ref": "N 4",
        "surface": "paved"
      },
      "geometry": {
        "type": "LineString",
        "coordinates": [
          [
            47.4857109,
            -18.8637274
          ],
          [
            47.4856262,
            -18.8633768
          ]
        ]
      },
      "id": "way/46876839"
    },
    {
      "type": "Feature",
      "properties": {
        "@id": "way/48658207",
        "highway": "primary",
        "ref": "N 4"
      },
      "geometry": {
        "type": "LineString",
        "coordinates": [
          [
            46.9884734,
            -17.6823684
          ],
          [
            46.9883618,
            -17.6820825
          ],
          [
            46.9882564,
            -17.6817982
          ],
          [
            46.9880935,
            -17.6815066
          ],
          [
            46.9878488,
            -17.6812513
          ],
          [
            46.9875139,
            -17.6810206
          ]
        ]
      },
      "id": "way/48658207"
    },
    {
      "type": "Feature",
      "properties": {
        "@id": "way/48658211",
        "bridge": "yes",
        "highway": "primary",
        "layer": "1",
        "narrow": "yes",
        "ref": "N 4"
      },
      "geometry": {
        "type": "LineString",
        "coordinates": [
          [
            46.9887279,
            -17.6830411
          ],
          [
            46.9884734,
            -17.6823684
          ]
        ]
      },
      "id": "way/48658211"
    },
    {
      "type": "Feature",
      "properties": {
        "@id": "way/48658212",
        "highway": "primary",
        "ref": "N 4"
      },
      "geometry": {
        "type": "LineString",
        "coordinates": [
          [
            46.9734995,
            -17.5147081
          ],
          [
            46.9735197,
            -17.5145899
          ],
          [
            46.9735147,
            -17.5145098
          ],
          [
            46.9734991,
            -17.5144401
          ],
          [
            46.9734524,
            -17.5143446
          ],
          [
            46.9733139,
            -17.5142638
          ],
          [
            46.9731191,
            -17.5142084
          ],
          [
            46.972815,
            -17.5141436
          ],
          [
            46.9725796,
            -17.5140356
          ],
          [
            46.9724573,
            -17.513895
          ],
          [
            46.9723088,
            -17.513563
          ],
          [
            46.9723017,
            -17.5133118
          ],
          [
            46.9724125,
            -17.5130495
          ],
          [
            46.9727935,
            -17.5128033
          ],
          [
            46.9732825,
            -17.5126078
          ],
          [
            46.9734497,
            -17.5124268
          ],
          [
            46.9735579,
            -17.512161
          ],
          [
            46.9735884,
            -17.5112951
          ],
          [
            46.9736572,
            -17.5109411
          ],
          [
            46.9738316,
            -17.5105337
          ],
          [
            46.9746975,
            -17.5096334
          ],
          [
            46.9762463,
            -17.5059828
          ],
          [
            46.9762607,
            -17.505592
          ],
          [
            46.9761967,
            -17.5052828
          ],
          [
            46.9756474,
            -17.5045656
          ],
          [
            46.9754989,
            -17.5042107
          ],
          [
            46.9754795,
            -17.5038503
          ],
          [
            46.9755633,
            -17.5035763
          ],
          [
            46.9757135,
            -17.5033
          ],
          [
            46.975964,
            -17.5030836
          ],
          [
            46.9783978,
            -17.5013155
          ],
          [
            46.9792594,
            -17.5003736
          ],
          [
            46.9794125,
            -17.5001157
          ],
          [
            46.9795222,
            -17.4998057
          ],
          [
            46.9795598,
            -17.4995601
          ],
          [
            46.9795307,
            -17.4992326
          ],
          [
            46.9793828,
            -17.498276
          ],
          [
            46.9789161,
            -17.4941062
          ],
          [
            46.9789268,
            -17.4937379
          ],
          [
            46.9789912,
            -17.4934309
          ],
          [
            46.9791307,
            -17.4931239
          ],
          [
            46.979297,
            -17.4929039
          ],
          [
            46.9795491,
            -17.4925406
          ],
          [
            46.9798227,
            -17.4921006
          ],
          [
            46.9800953,
            -17.4917825
          ],
          [
            46.9805039,
            -17.4915378
          ],
          [
            46.9811906,
            -17.4910978
          ],
          [
            46.9815554,
            -17.4908778
          ],
          [
            46.9819101,
            -17.4906839
          ],
          [
            46.9821293,
            -17.4906425
          ],
          [
            46.9825634,
            -17.4906667
          ],
          [
            46.9829501,
            -17.4908318
          ],
          [
            46.9832806,
            -17.4909319
          ],
          [
            46.9836153,
            -17.4908676
          ],
          [
            46.9838781,
            -17.4907601
          ],
          [
            46.9840182,
            -17.4906538
          ]
        ]
      },
      "id": "way/48658212"
    },
    {
      "type": "Feature",
      "properties": {
        "@id": "way/48658216",
        "bridge": "yes",
        "highway": "primary",
        "layer": "1",
        "ref": "N 4"
      },
      "geometry": {
        "type": "LineString",
        "coordinates": [
          [
            46.9732399,
            -17.5155712
          ],
          [
            46.9734995,
            -17.5147081
          ]
        ]
      },
      "id": "way/48658216"
    },
    {
      "type": "Feature",
      "properties": {
        "@id": "way/48658217",
        "bridge": "yes",
        "highway": "primary",
        "layer": "1",
        "narrow": "yes",
        "ref": "N 4"
      },
      "geometry": {
        "type": "LineString",
        "coordinates": [
          [
            46.8151979,
            -16.9847313
          ],
          [
            46.8157646,
            -16.9843141
          ]
        ]
      },
      "id": "way/48658217"
    },
    {
      "type": "Feature",
      "properties": {
        "@id": "way/48658218",
        "highway": "primary",
        "ref": "N 4"
      },
      "geometry": {
        "type": "LineString",
        "coordinates": [
          [
            46.8157646,
            -16.9843141
          ],
          [
            46.8160004,
            -16.9841235
          ],
          [
            46.8161439,
            -16.9839914
          ],
          [
            46.8162994,
            -16.9837323
          ],
          [
            46.8163879,
            -16.9835245
          ],
          [
            46.8165649,
            -16.9828257
          ],
          [
            46.8165736,
            -16.982109
          ],
          [
            46.8166112,
            -16.9813753
          ],
          [
            46.8166246,
            -16.9808597
          ],
          [
            46.8165622,
            -16.9806209
          ],
          [
            46.8164885,
            -16.9804321
          ],
          [
            46.8163188,
            -16.9800067
          ],
          [
            46.8162424,
            -16.979781
          ],
          [
            46.8162197,
            -16.9796002
          ],
          [
            46.8162303,
            -16.9792718
          ],
          [
            46.8162318,
            -16.9790134
          ]
        ]
      },
      "id": "way/48658218"
    },
    {
      "type": "Feature",
      "properties": {
        "@id": "way/48658219",
        "highway": "primary",
        "ref": "N 4"
      },
      "geometry": {
        "type": "LineString",
        "coordinates": [
          [
            46.8638156,
            -16.9220475
          ],
          [
            46.8642075,
            -16.9219706
          ],
          [
            46.8650406,
            -16.9219458
          ],
          [
            46.8654865,
            -16.9218559
          ],
          [
            46.8656856,
            -16.9218056
          ],
          [
            46.86584,
            -16.9217478
          ],
          [
            46.8660076,
            -16.9216398
          ],
          [
            46.8661278,
            -16.9215422
          ],
          [
            46.8662444,
            -16.9214306
          ],
          [
            46.8665623,
            -16.9209837
          ],
          [
            46.8668455,
            -16.9204311
          ],
          [
            46.8672942,
            -16.9197399
          ],
          [
            46.8676589,
            -16.9191958
          ],
          [
            46.8679138,
            -16.9188879
          ],
          [
            46.8681847,
            -16.9185774
          ],
          [
            46.8684797,
            -16.9181976
          ],
          [
            46.8687237,
            -16.9177797
          ],
          [
            46.8688472,
            -16.9171712
          ],
          [
            46.8689276,
            -16.9164578
          ],
          [
            46.8690438,
            -16.9150896
          ],
          [
            46.8695301,
            -16.913833
          ],
          [
            46.8703069,
            -16.9117935
          ]
        ]
      },
      "id": "way/48658219"
    },
    {
      "type": "Feature",
      "properties": {
        "@id": "way/48658221",
        "bridge": "yes",
        "highway": "primary",
        "layer": "1",
        "ref": "N 4"
      },
      "geometry": {
        "type": "LineString",
        "coordinates": [
          [
            46.8622319,
            -16.9222536
          ],
          [
            46.8638156,
            -16.9220475
          ]
        ]
      },
      "id": "way/48658221"
    },
    {
      "type": "Feature",
      "properties": {
        "@id": "way/48658293",
        "highway": "primary",
        "ref": "N 4"
      },
      "geometry": {
        "type": "LineString",
        "coordinates": [
          [
            46.9800967,
            -16.8354553
          ],
          [
            46.9800824,
            -16.8353423
          ],
          [
            46.9800907,
            -16.8352277
          ],
          [
            46.9801401,
            -16.8351459
          ],
          [
            46.9802116,
            -16.8350806
          ],
          [
            46.9803257,
            -16.8349797
          ],
          [
            46.9804762,
            -16.8348729
          ],
          [
            46.9807025,
            -16.8347199
          ],
          [
            46.9809147,
            -16.834616
          ],
          [
            46.9820764,
            -16.8341578
          ],
          [
            46.9824216,
            -16.8340598
          ],
          [
            46.9825626,
            -16.8340622
          ],
          [
            46.9826922,
            -16.8341102
          ],
          [
            46.9828115,
            -16.8341946
          ],
          [
            46.9829134,
            -16.8342509
          ],
          [
            46.9830632,
            -16.8343157
          ],
          [
            46.9833559,
            -16.8343551
          ],
          [
            46.983572,
            -16.8343336
          ],
          [
            46.9840318,
            -16.8342393
          ],
          [
            46.9841243,
            -16.8342297
          ]
        ]
      },
      "id": "way/48658293"
    },
    {
      "type": "Feature",
      "properties": {
        "@id": "way/48658295",
        "bridge": "yes",
        "highway": "primary",
        "layer": "1",
        "narrow": "yes",
        "ref": "N 4"
      },
      "geometry": {
        "type": "LineString",
        "coordinates": [
          [
            46.9629683,
            -16.85856
          ],
          [
            46.9634605,
            -16.858209
          ]
        ]
      },
      "id": "way/48658295"
    },
    {
      "type": "Feature",
      "properties": {
        "@id": "way/48658296",
        "bridge": "yes",
        "highway": "primary",
        "layer": "1",
        "ref": "N 4"
      },
      "geometry": {
        "type": "LineString",
        "coordinates": [
          [
            46.9801832,
            -16.8359038
          ],
          [
            46.9800967,
            -16.8354553
          ]
        ]
      },
      "id": "way/48658296"
    },
    {
      "type": "Feature",
      "properties": {
        "@id": "way/48658297",
        "highway": "primary",
        "ref": "N 4"
      },
      "geometry": {
        "type": "LineString",
        "coordinates": [
          [
            46.9634605,
            -16.858209
          ],
          [
            46.9637558,
            -16.8579803
          ],
          [
            46.9638903,
            -16.8579138
          ],
          [
            46.9640214,
            -16.8578891
          ],
          [
            46.9641402,
            -16.8579036
          ],
          [
            46.9644116,
            -16.8580085
          ],
          [
            46.964531,
            -16.8580312
          ],
          [
            46.9647268,
            -16.8580021
          ],
          [
            46.9648672,
            -16.8579609
          ],
          [
            46.9650392,
            -16.8578827
          ],
          [
            46.9651778,
            -16.8577737
          ],
          [
            46.9658391,
            -16.8572162
          ],
          [
            46.966088,
            -16.8570959
          ],
          [
            46.9664769,
            -16.8568829
          ],
          [
            46.9666447,
            -16.8567823
          ],
          [
            46.9668122,
            -16.8565826
          ],
          [
            46.9668885,
            -16.8563939
          ],
          [
            46.9668831,
            -16.8561388
          ],
          [
            46.9668578,
            -16.8558997
          ],
          [
            46.9668798,
            -16.855594
          ],
          [
            46.9670597,
            -16.8551514
          ],
          [
            46.9673245,
            -16.8547549
          ],
          [
            46.9675736,
            -16.8544651
          ],
          [
            46.9676667,
            -16.8543611
          ],
          [
            46.9678623,
            -16.8541426
          ],
          [
            46.9679521,
            -16.8540477
          ],
          [
            46.9692194,
            -16.8524565
          ],
          [
            46.9693576,
            -16.8522033
          ],
          [
            46.9695436,
            -16.8515426
          ],
          [
            46.969717,
            -16.8512894
          ],
          [
            46.969878,
            -16.8511585
          ],
          [
            46.970114,
            -16.8509454
          ],
          [
            46.9706907,
            -16.8506271
          ],
          [
            46.9708981,
            -16.8504499
          ],
          [
            46.9716715,
            -16.8494364
          ],
          [
            46.9718118,
            -16.8492897
          ],
          [
            46.9721995,
            -16.8490921
          ],
          [
            46.9723268,
            -16.84892
          ],
          [
            46.9724248,
            -16.8486424
          ],
          [
            46.9724207,
            -16.8483707
          ],
          [
            46.9722984,
            -16.8479466
          ],
          [
            46.9722919,
            -16.8476724
          ],
          [
            46.9723755,
            -16.8474847
          ],
          [
            46.9724958,
            -16.8473053
          ],
          [
            46.9726178,
            -16.8472078
          ],
          [
            46.9727451,
            -16.8471535
          ]
        ]
      },
      "id": "way/48658297"
    },
    {
      "type": "Feature",
      "properties": {
        "@id": "way/48658299",
        "bridge": "yes",
        "highway": "primary",
        "layer": "1",
        "narrow": "yes",
        "ref": "N 4"
      },
      "geometry": {
        "type": "LineString",
        "coordinates": [
          [
            47.0328382,
            -16.7655531
          ],
          [
            47.0330076,
            -16.7647703
          ]
        ]
      },
      "id": "way/48658299"
    },
    {
      "type": "Feature",
      "properties": {
        "@id": "way/48658300",
        "highway": "primary",
        "ref": "N 4"
      },
      "geometry": {
        "type": "LineString",
        "coordinates": [
          [
            46.6786839,
            -15.9795003
          ],
          [
            46.6785494,
            -15.9793851
          ],
          [
            46.6783353,
            -15.9791545
          ],
          [
            46.6782037,
            -15.9789686
          ],
          [
            46.6781142,
            -15.9787762
          ],
          [
            46.6778659,
            -15.9782061
          ],
          [
            46.6767263,
            -15.9754333
          ],
          [
            46.6763383,
            -15.9744896
          ]
        ]
      },
      "id": "way/48658300"
    },
    {
      "type": "Feature",
      "properties": {
        "@id": "way/48658301",
        "bridge": "yes",
        "bridge:structure": "truss",
        "highway": "primary",
        "layer": "1",
        "note": "nouveau pont vu en 2026",
        "ref": "N 4",
        "surface": "asphalt"
      },
      "geometry": {
        "type": "LineString",
        "coordinates": [
          [
            46.6789441,
            -15.9797352
          ],
          [
            46.6786839,
            -15.9795003
          ]
        ]
      },
      "id": "way/48658301"
    },
    {
      "type": "Feature",
      "properties": {
        "@id": "way/52170416",
        "highway": "primary",
        "lanes": "2",
        "maxspeed": "80",
        "ref": "N 4",
        "smoothness": "intermediate",
        "surface": "asphalt"
      },
      "geometry": {
        "type": "LineString",
        "coordinates": [
          [
            46.8265726,
            -16.9547991
          ],
          [
            46.8267717,
            -16.9544843
          ],
          [
            46.8268521,
            -16.9543432
          ],
          [
            46.8269219,
            -16.9541816
          ],
          [
            46.8269487,
            -16.953997
          ],
          [
            46.8269412,
            -16.9537602
          ],
          [
            46.8269612,
            -16.9535429
          ],
          [
            46.8270526,
            -16.9533807
          ],
          [
            46.8271075,
            -16.9533058
          ],
          [
            46.8272557,
            -16.9530788
          ],
          [
            46.8272845,
            -16.9529888
          ],
          [
            46.8273091,
            -16.9528185
          ],
          [
            46.827295,
            -16.9526783
          ],
          [
            46.8272973,
            -16.9525569
          ],
          [
            46.8273078,
            -16.9523996
          ],
          [
            46.8273439,
            -16.952288
          ],
          [
            46.8274285,
            -16.9521546
          ],
          [
            46.8274749,
            -16.952104
          ],
          [
            46.8275878,
            -16.9519943
          ],
          [
            46.8276553,
            -16.9519303
          ],
          [
            46.8277017,
            -16.9518755
          ],
          [
            46.8277437,
            -16.9517731
          ],
          [
            46.8277443,
            -16.9517141
          ],
          [
            46.8277574,
            -16.9516081
          ],
          [
            46.82773,
            -16.9514733
          ],
          [
            46.8276411,
            -16.9513175
          ],
          [
            46.8272775,
            -16.9508447
          ],
          [
            46.8269005,
            -16.9503586
          ],
          [
            46.8265668,
            -16.9497578
          ],
          [
            46.8264167,
            -16.9495917
          ],
          [
            46.8263366,
            -16.9494456
          ],
          [
            46.8262974,
            -16.949309
          ],
          [
            46.826274,
            -16.9491691
          ],
          [
            46.8262603,
            -16.94858
          ],
          [
            46.8263307,
            -16.9483762
          ],
          [
            46.8263744,
            -16.9482894
          ],
          [
            46.8264218,
            -16.9481809
          ],
          [
            46.8265152,
            -16.9480341
          ],
          [
            46.8265974,
            -16.9479102
          ],
          [
            46.8266613,
            -16.947861
          ],
          [
            46.8267382,
            -16.9478064
          ],
          [
            46.826829,
            -16.9477622
          ],
          [
            46.8269299,
            -16.9477365
          ],
          [
            46.8270639,
            -16.9477542
          ],
          [
            46.8273286,
            -16.9478501
          ],
          [
            46.8277532,
            -16.9481013
          ],
          [
            46.8279421,
            -16.9481592
          ],
          [
            46.8280528,
            -16.9481638
          ],
          [
            46.8281829,
            -16.9481597
          ],
          [
            46.8282874,
            -16.9481277
          ],
          [
            46.8283747,
            -16.9480714
          ],
          [
            46.8283995,
            -16.9480534
          ],
          [
            46.8284289,
            -16.9480199
          ],
          [
            46.828487,
            -16.9479669
          ],
          [
            46.8285147,
            -16.9479455
          ]
        ]
      },
      "id": "way/52170416"
    },
    {
      "type": "Feature",
      "properties": {
        "@id": "way/52170418",
        "highway": "primary",
        "lanes": "2",
        "maxspeed": "80",
        "ref": "N 4",
        "smoothness": "intermediate",
        "surface": "asphalt"
      },
      "geometry": {
        "type": "LineString",
        "coordinates": [
          [
            46.8236417,
            -16.9582631
          ],
          [
            46.8238074,
            -16.9580495
          ],
          [
            46.8241158,
            -16.9577276
          ],
          [
            46.8251904,
            -16.9566735
          ]
        ]
      },
      "id": "way/52170418"
    },
    {
      "type": "Feature",
      "properties": {
        "@id": "way/52170421",
        "bridge": "yes",
        "highway": "primary",
        "lanes": "2",
        "layer": "1",
        "maxspeed": "80",
        "ref": "N 4",
        "smoothness": "intermediate",
        "surface": "asphalt"
      },
      "geometry": {
        "type": "LineString",
        "coordinates": [
          [
            46.8264634,
            -16.9549564
          ],
          [
            46.8265726,
            -16.9547991
          ]
        ]
      },
      "id": "way/52170421"
    },
    {
      "type": "Feature",
      "properties": {
        "@id": "way/52170423",
        "highway": "primary",
        "lanes": "2",
        "maxspeed": "50",
        "ref": "N 4",
        "smoothness": "intermediate",
        "surface": "asphalt"
      },
      "geometry": {
        "type": "LineString",
        "coordinates": [
          [
            46.8389266,
            -16.9460931
          ],
          [
            46.8392329,
            -16.9461997
          ],
          [
            46.8395816,
            -16.9463652
          ],
          [
            46.8399021,
            -16.946514
          ],
          [
            46.8402132,
            -16.946641
          ],
          [
            46.8404694,
            -16.9467295
          ],
          [
            46.8406689,
            -16.9467677
          ],
          [
            46.8409997,
            -16.9467973
          ],
          [
            46.8411616,
            -16.946811
          ],
          [
            46.8413617,
            -16.946828
          ],
          [
            46.8426934,
            -16.9469582
          ],
          [
            46.8429572,
            -16.9469925
          ],
          [
            46.8432958,
            -16.9470898
          ],
          [
            46.8435631,
            -16.947216
          ],
          [
            46.8438512,
            -16.9474312
          ],
          [
            46.8442481,
            -16.9479089
          ],
          [
            46.8444766,
            -16.9482676
          ],
          [
            46.8446711,
            -16.9486117
          ]
        ]
      },
      "id": "way/52170423"
    },
    {
      "type": "Feature",
      "properties": {
        "@id": "way/52170424",
        "highway": "primary",
        "lanes": "2",
        "maxspeed": "50",
        "ref": "N 4",
        "smoothness": "intermediate",
        "surface": "asphalt"
      },
      "geometry": {
        "type": "LineString",
        "coordinates": [
          [
            46.8389266,
            -16.9460931
          ],
          [
            46.8388266,
            -16.9460611
          ],
          [
            46.8386951,
            -16.9460342
          ],
          [
            46.8385005,
            -16.9460129
          ],
          [
            46.8380835,
            -16.9460225
          ],
          [
            46.8376184,
            -16.9460531
          ],
          [
            46.8372441,
            -16.9460842
          ],
          [
            46.8365447,
            -16.9461454
          ],
          [
            46.8364463,
            -16.946151
          ],
          [
            46.8361516,
            -16.9461366
          ],
          [
            46.8359444,
            -16.9461001
          ],
          [
            46.8357715,
            -16.94604
          ],
          [
            46.8354676,
            -16.9458385
          ],
          [
            46.835315,
            -16.9457307
          ],
          [
            46.8351801,
            -16.9456656
          ],
          [
            46.8350175,
            -16.9456225
          ],
          [
            46.8349474,
            -16.9456179
          ],
          [
            46.834873,
            -16.9456255
          ],
          [
            46.8347681,
            -16.945646
          ]
        ]
      },
      "id": "way/52170424"
    },
    {
      "type": "Feature",
      "properties": {
        "@id": "way/52170432",
        "highway": "primary",
        "lanes": "1",
        "maxspeed": "80",
        "oneway": "yes",
        "ref": "N 4",
        "smoothness": "intermediate",
        "surface": "asphalt"
      },
      "geometry": {
        "type": "LineString",
        "coordinates": [
          [
            46.8292816,
            -16.9474615
          ],
          [
            46.8292602,
            -16.9473819
          ],
          [
            46.829103,
            -16.9473442
          ],
          [
            46.8290338,
            -16.9473338
          ],
          [
            46.8289239,
            -16.9473293
          ],
          [
            46.8287991,
            -16.9473286
          ],
          [
            46.8287235,
            -16.9473391
          ],
          [
            46.8286945,
            -16.9473491
          ],
          [
            46.828655,
            -16.9473754
          ],
          [
            46.8286107,
            -16.9474248
          ],
          [
            46.8285846,
            -16.94748
          ],
          [
            46.8285597,
            -16.9475653
          ],
          [
            46.8285477,
            -16.9477039
          ],
          [
            46.8285397,
            -16.9478116
          ],
          [
            46.8285147,
            -16.9479455
          ]
        ]
      },
      "id": "way/52170432"
    },
    {
      "type": "Feature",
      "properties": {
        "@id": "way/52170433",
        "highway": "primary",
        "lanes": "1",
        "maxspeed": "80",
        "oneway": "yes",
        "ref": "N 4",
        "smoothness": "intermediate",
        "surface": "asphalt"
      },
      "geometry": {
        "type": "LineString",
        "coordinates": [
          [
            46.8285147,
            -16.9479455
          ],
          [
            46.8287587,
            -16.9477667
          ],
          [
            46.8289155,
            -16.9476587
          ],
          [
            46.829098,
            -16.9475534
          ],
          [
            46.8292816,
            -16.9474615
          ]
        ]
      },
      "id": "way/52170433"
    },
    {
      "type": "Feature",
      "properties": {
        "@id": "way/53182920",
        "highway": "primary",
        "name": "Avenue du Général Charles de Gaulle",
        "name:en": "General Charles DeGaulle Avenue",
        "oneway": "yes",
        "ref": "N 4",
        "surface": "paved"
      },
      "geometry": {
        "type": "LineString",
        "coordinates": [
          [
            46.3226445,
            -15.7172743
          ],
          [
            46.3225724,
            -15.7172839
          ],
          [
            46.3222804,
            -15.717329
          ],
          [
            46.3222615,
            -15.7173318
          ],
          [
            46.322202,
            -15.7173405
          ],
          [
            46.3219597,
            -15.7173761
          ],
          [
            46.3219102,
            -15.7173834
          ],
          [
            46.3218782,
            -15.7173881
          ],
          [
            46.3215958,
            -15.7174297
          ],
          [
            46.3215651,
            -15.7174342
          ],
          [
            46.3215248,
            -15.7174402
          ],
          [
            46.3212279,
            -15.7174843
          ],
          [
            46.3211484,
            -15.7174956
          ],
          [
            46.3208434,
            -15.7175405
          ],
          [
            46.3205059,
            -15.7175901
          ],
          [
            46.3204693,
            -15.7175955
          ],
          [
            46.3197351,
            -15.7176868
          ]
        ]
      },
      "id": "way/53182920"
    },
    {
      "type": "Feature",
      "properties": {
        "@id": "way/53182921",
        "highway": "primary",
        "name": "Avenue du Général Charles de Gaulle",
        "name:en": "General Charles DeGaulle Avenue",
        "oneway": "yes",
        "ref": "N 4",
        "surface": "paved"
      },
      "geometry": {
        "type": "LineString",
        "coordinates": [
          [
            46.319863,
            -15.7177459
          ],
          [
            46.3204774,
            -15.7176533
          ],
          [
            46.3208529,
            -15.717595
          ],
          [
            46.3211573,
            -15.7175489
          ],
          [
            46.3212359,
            -15.7175372
          ],
          [
            46.3215786,
            -15.7174898
          ],
          [
            46.3216746,
            -15.7174729
          ],
          [
            46.321728,
            -15.7174681
          ],
          [
            46.3218853,
            -15.7174416
          ],
          [
            46.3219133,
            -15.7174372
          ],
          [
            46.3219663,
            -15.7174306
          ],
          [
            46.3222961,
            -15.7173898
          ],
          [
            46.3225145,
            -15.7173625
          ],
          [
            46.3226683,
            -15.7173433
          ],
          [
            46.3229801,
            -15.7172917
          ],
          [
            46.3233389,
            -15.7172433
          ],
          [
            46.3236198,
            -15.7172168
          ],
          [
            46.3237008,
            -15.7172052
          ],
          [
            46.3238277,
            -15.7171832
          ],
          [
            46.3240002,
            -15.7171572
          ]
        ]
      },
      "id": "way/53182921"
    },
    {
      "type": "Feature",
      "properties": {
        "@id": "way/53182943",
        "highway": "primary",
        "name": "Rue du Colonel Barré",
        "ref": "N 4",
        "surface": "paved"
      },
      "geometry": {
        "type": "LineString",
        "coordinates": [
          [
            46.3133593,
            -15.7234777
          ],
          [
            46.3133002,
            -15.723053
          ],
          [
            46.3132879,
            -15.7229646
          ],
          [
            46.313253,
            -15.7226703
          ],
          [
            46.3132389,
            -15.7225636
          ],
          [
            46.3131507,
            -15.721894
          ],
          [
            46.3130727,
            -15.7213019
          ]
        ]
      },
      "id": "way/53182943"
    },
    {
      "type": "Feature",
      "properties": {
        "@id": "way/53183011",
        "highway": "primary",
        "ref": "N 4",
        "smoothness": "bad",
        "surface": "unpaved"
      },
      "geometry": {
        "type": "LineString",
        "coordinates": [
          [
            46.3146253,
            -15.7255949
          ],
          [
            46.3141476,
            -15.7256221
          ],
          [
            46.3136463,
            -15.7256563
          ]
        ]
      },
      "id": "way/53183011"
    },
    {
      "type": "Feature",
      "properties": {
        "@id": "way/53183012",
        "highway": "primary",
        "ref": "N 4"
      },
      "geometry": {
        "type": "LineString",
        "coordinates": [
          [
            46.3146695,
            -15.7268933
          ],
          [
            46.3146253,
            -15.7255949
          ]
        ]
      },
      "id": "way/53183012"
    },
    {
      "type": "Feature",
      "properties": {
        "@id": "way/53183018",
        "alt_name": "Avenue Andriamisara",
        "highway": "primary",
        "name": "Avenue de Mahabibo",
        "ref": "N 4",
        "surface": "paved"
      },
      "geometry": {
        "type": "LineString",
        "coordinates": [
          [
            46.3168821,
            -15.718254
          ],
          [
            46.3167079,
            -15.7183933
          ],
          [
            46.3166675,
            -15.7184238
          ],
          [
            46.3164436,
            -15.7186046
          ],
          [
            46.3164058,
            -15.7186351
          ],
          [
            46.3161433,
            -15.7188451
          ],
          [
            46.315883,
            -15.7190551
          ],
          [
            46.3158634,
            -15.7190725
          ],
          [
            46.3156834,
            -15.7192131
          ],
          [
            46.3154827,
            -15.7193733
          ],
          [
            46.3154383,
            -15.7194092
          ],
          [
            46.31537,
            -15.719464
          ],
          [
            46.3152699,
            -15.7195439
          ],
          [
            46.3146817,
            -15.7200145
          ],
          [
            46.3143234,
            -15.720312
          ],
          [
            46.3142359,
            -15.7203813
          ],
          [
            46.3140442,
            -15.720533
          ],
          [
            46.3137335,
            -15.7207789
          ],
          [
            46.3136332,
            -15.7208583
          ],
          [
            46.3136161,
            -15.7208717
          ],
          [
            46.3130727,
            -15.7213019
          ]
        ]
      },
      "id": "way/53183018"
    },
    {
      "type": "Feature",
      "properties": {
        "@id": "way/53183030",
        "highway": "primary",
        "oneway": "yes",
        "ref": "N 4"
      },
      "geometry": {
        "type": "LineString",
        "coordinates": [
          [
            46.3170867,
            -15.7180577
          ],
          [
            46.3168821,
            -15.718254
          ]
        ]
      },
      "id": "way/53183030"
    },
    {
      "type": "Feature",
      "properties": {
        "@id": "way/53183032",
        "highway": "primary",
        "oneway": "yes",
        "ref": "N 4"
      },
      "geometry": {
        "type": "LineString",
        "coordinates": [
          [
            46.3168821,
            -15.718254
          ],
          [
            46.3171085,
            -15.7181867
          ]
        ]
      },
      "id": "way/53183032"
    },
    {
      "type": "Feature",
      "properties": {
        "@id": "way/53183057",
        "highway": "primary",
        "ref": "N 4",
        "surface": "paved"
      },
      "geometry": {
        "type": "LineString",
        "coordinates": [
          [
            46.3240002,
            -15.7171572
          ],
          [
            46.3242099,
            -15.7172867
          ],
          [
            46.3243821,
            -15.7174238
          ],
          [
            46.3246478,
            -15.7176354
          ],
          [
            46.3250291,
            -15.7179633
          ],
          [
            46.3251712,
            -15.7180836
          ],
          [
            46.3253291,
            -15.7182192
          ],
          [
            46.3253925,
            -15.7182675
          ],
          [
            46.3254839,
            -15.7183593
          ],
          [
            46.3258235,
            -15.7185882
          ],
          [
            46.3259997,
            -15.7187139
          ],
          [
            46.3261926,
            -15.7188228
          ],
          [
            46.326407,
            -15.7188982
          ],
          [
            46.3266179,
            -15.7189757
          ],
          [
            46.3268036,
            -15.7189912
          ],
          [
            46.3270351,
            -15.7190067
          ],
          [
            46.3271516,
            -15.7190016
          ],
          [
            46.3274963,
            -15.7189867
          ],
          [
            46.3275835,
            -15.7189826
          ]
        ]
      },
      "id": "way/53183057"
    },
    {
      "type": "Feature",
      "properties": {
        "@id": "way/60332520",
        "bridge": "yes",
        "busway": "lane",
        "highway": "primary",
        "layer": "1",
        "ref": "N 4",
        "surface": "paved"
      },
      "geometry": {
        "type": "LineString",
        "coordinates": [
          [
            47.4856262,
            -18.8633768
          ],
          [
            47.4855796,
            -18.863195
          ]
        ]
      },
      "id": "way/60332520"
    },
    {
      "type": "Feature",
      "properties": {
        "@id": "way/60334478",
        "busway": "lane",
        "highway": "primary",
        "maxspeed": "40",
        "name": "Rue Docteur Joseph Raseta",
        "ref": "N 4",
        "surface": "paved"
      },
      "geometry": {
        "type": "LineString",
        "coordinates": [
          [
            47.4966948,
            -18.8724195
          ],
          [
            47.4965404,
            -18.8723614
          ],
          [
            47.4962842,
            -18.8722217
          ],
          [
            47.4961785,
            -18.8721571
          ],
          [
            47.4958884,
            -18.87198
          ],
          [
            47.4955032,
            -18.8717283
          ],
          [
            47.4953304,
            -18.8716202
          ],
          [
            47.4949371,
            -18.8713741
          ],
          [
            47.4948319,
            -18.8713083
          ],
          [
            47.4947191,
            -18.871235
          ],
          [
            47.4946448,
            -18.8711966
          ],
          [
            47.4944903,
            -18.8711053
          ],
          [
            47.4941627,
            -18.8708845
          ],
          [
            47.4939078,
            -18.870686
          ],
          [
            47.4938019,
            -18.8705388
          ],
          [
            47.4937237,
            -18.8703889
          ],
          [
            47.4936473,
            -18.8702156
          ],
          [
            47.4935626,
            -18.8699683
          ],
          [
            47.4935283,
            -18.8698434
          ],
          [
            47.4934813,
            -18.8696909
          ],
          [
            47.4933635,
            -18.869455
          ],
          [
            47.4932992,
            -18.8692551
          ],
          [
            47.4932704,
            -18.8691887
          ],
          [
            47.4932556,
            -18.8691591
          ],
          [
            47.4931795,
            -18.8690071
          ],
          [
            47.4930589,
            -18.8688243
          ],
          [
            47.4929046,
            -18.8687148
          ],
          [
            47.492874,
            -18.8687045
          ],
          [
            47.4928115,
            -18.8686835
          ],
          [
            47.4927203,
            -18.8686621
          ],
          [
            47.4925734,
            -18.8686792
          ],
          [
            47.492496,
            -18.8687072
          ],
          [
            47.4922952,
            -18.8688122
          ],
          [
            47.4920874,
            -18.8689694
          ],
          [
            47.4920102,
            -18.8690426
          ],
          [
            47.4919801,
            -18.8690721
          ],
          [
            47.491928,
            -18.869115
          ],
          [
            47.4918573,
            -18.8691784
          ],
          [
            47.4917663,
            -18.8692398
          ],
          [
            47.4916903,
            -18.869285
          ],
          [
            47.4915875,
            -18.8693333
          ],
          [
            47.4915045,
            -18.8693684
          ]
        ]
      },
      "id": "way/60334478"
    },
    {
      "type": "Feature",
      "properties": {
        "@id": "way/60334972",
        "highway": "primary",
        "name": "Route Ambohijanahary Ambohibao",
        "ref": "N 4",
        "surface": "paved"
      },
      "geometry": {
        "type": "LineString",
        "coordinates": [
          [
            47.4738864,
            -18.8457059
          ],
          [
            47.4726232,
            -18.8452444
          ],
          [
            47.4721687,
            -18.845054
          ],
          [
            47.4721068,
            -18.8450111
          ]
        ]
      },
      "id": "way/60334972"
    },
    {
      "type": "Feature",
      "properties": {
        "@id": "way/60432849",
        "destination:ref": "N 4;N 52",
        "highway": "primary",
        "maxspeed": "60",
        "oneway": "yes",
        "ref": "N 4"
      },
      "geometry": {
        "type": "LineString",
        "coordinates": [
          [
            47.4625323,
            -18.8407095
          ],
          [
            47.4624063,
            -18.8406624
          ],
          [
            47.4623302,
            -18.8406326
          ],
          [
            47.4621728,
            -18.8405623
          ],
          [
            47.4619974,
            -18.8404674
          ],
          [
            47.4619213,
            -18.8404062
          ],
          [
            47.4618289,
            -18.8403307
          ]
        ]
      },
      "id": "way/60432849"
    },
    {
      "type": "Feature",
      "properties": {
        "@id": "way/60432850",
        "highway": "primary",
        "maxspeed": "20",
        "oneway": "yes",
        "ref": "N 4"
      },
      "geometry": {
        "type": "LineString",
        "coordinates": [
          [
            47.461677,
            -18.84028
          ],
          [
            47.4615817,
            -18.8402695
          ],
          [
            47.4614955,
            -18.8402738
          ],
          [
            47.4613509,
            -18.8402692
          ],
          [
            47.4610834,
            -18.840251
          ]
        ]
      },
      "id": "way/60432850"
    },
    {
      "type": "Feature",
      "properties": {
        "@id": "way/76204595",
        "bridge": "yes",
        "highway": "primary",
        "layer": "1",
        "ref": "N 4"
      },
      "geometry": {
        "type": "LineString",
        "coordinates": [
          [
            47.5167359,
            -18.8951754
          ],
          [
            47.5166397,
            -18.8950414
          ]
        ]
      },
      "id": "way/76204595"
    },
    {
      "type": "Feature",
      "properties": {
        "@id": "way/115655706",
        "highway": "primary",
        "ref": "N 4"
      },
      "geometry": {
        "type": "LineString",
        "coordinates": [
          [
            46.7027146,
            -16.0183601
          ],
          [
            46.7026791,
            -16.0181669
          ],
          [
            46.7011151,
            -16.0136999
          ],
          [
            46.7011952,
            -16.0107168
          ],
          [
            46.7016332,
            -16.0092716
          ]
        ]
      },
      "id": "way/115655706"
    },
    {
      "type": "Feature",
      "properties": {
        "@id": "way/115655707",
        "depth": "0",
        "ford": "yes",
        "highway": "primary",
        "ref": "N 4"
      },
      "geometry": {
        "type": "LineString",
        "coordinates": [
          [
            46.7028259,
            -16.0192232
          ],
          [
            46.7027146,
            -16.0183601
          ]
        ]
      },
      "id": "way/115655707"
    },
    {
      "type": "Feature",
      "properties": {
        "@id": "way/117106014",
        "highway": "primary",
        "name": "Route d'Antananarivo",
        "ref": "N 4"
      },
      "geometry": {
        "type": "LineString",
        "coordinates": [
          [
            46.3336123,
            -15.7168131
          ],
          [
            46.3332664,
            -15.7173072
          ],
          [
            46.3327838,
            -15.7179906
          ]
        ]
      },
      "id": "way/117106014"
    },
    {
      "type": "Feature",
      "properties": {
        "@id": "way/117106018",
        "bridge": "yes",
        "bridge:name": "Pont Fitim",
        "bus": "yes",
        "highway": "primary",
        "layer": "1",
        "name": "Belobaka",
        "public_transport": "stop_position",
        "ref": "N 4"
      },
      "geometry": {
        "type": "LineString",
        "coordinates": [
          [
            46.3337075,
            -15.7166761
          ],
          [
            46.3336768,
            -15.7167114
          ],
          [
            46.3336123,
            -15.7168131
          ]
        ]
      },
      "id": "way/117106018"
    },
    {
      "type": "Feature",
      "properties": {
        "@id": "way/117176153",
        "highway": "primary",
        "ref": "N 4"
      },
      "geometry": {
        "type": "LineString",
        "coordinates": [
          [
            46.9269959,
            -17.3882689
          ],
          [
            46.927136,
            -17.3880503
          ],
          [
            46.9272701,
            -17.3877866
          ],
          [
            46.9273344,
            -17.3874273
          ],
          [
            46.9273672,
            -17.3863619
          ],
          [
            46.9274736,
            -17.3859257
          ],
          [
            46.9293113,
            -17.382209
          ],
          [
            46.9297137,
            -17.3814309
          ],
          [
            46.9297827,
            -17.3811263
          ],
          [
            46.9298639,
            -17.3805606
          ],
          [
            46.9298531,
            -17.3790606
          ],
          [
            46.9299591,
            -17.3784309
          ],
          [
            46.9300731,
            -17.3778319
          ],
          [
            46.9301053,
            -17.3772176
          ],
          [
            46.9300774,
            -17.3766322
          ],
          [
            46.929778,
            -17.3736082
          ],
          [
            46.9295956,
            -17.3721696
          ],
          [
            46.929295,
            -17.3711485
          ],
          [
            46.9290699,
            -17.3698247
          ],
          [
            46.9289733,
            -17.3683707
          ],
          [
            46.9289479,
            -17.3671488
          ],
          [
            46.9292201,
            -17.3641417
          ],
          [
            46.9292773,
            -17.3636122
          ],
          [
            46.9292684,
            -17.3625443
          ],
          [
            46.9293113,
            -17.3611977
          ],
          [
            46.9293542,
            -17.360148
          ],
          [
            46.9295523,
            -17.3581278
          ],
          [
            46.9297206,
            -17.3575871
          ],
          [
            46.9300358,
            -17.3566102
          ],
          [
            46.9301142,
            -17.356224
          ],
          [
            46.9301459,
            -17.3558205
          ]
        ]
      },
      "id": "way/117176153"
    },
    {
      "type": "Feature",
      "properties": {
        "@id": "way/117176154",
        "highway": "primary",
        "ref": "N 4"
      },
      "geometry": {
        "type": "LineString",
        "coordinates": [
          [
            47.0920055,
            -16.606991
          ],
          [
            47.0919726,
            -16.6072182
          ],
          [
            47.0918421,
            -16.6076168
          ]
        ]
      },
      "id": "way/117176154"
    },
    {
      "type": "Feature",
      "properties": {
        "@id": "way/117176155",
        "highway": "primary",
        "ref": "N 4"
      },
      "geometry": {
        "type": "LineString",
        "coordinates": [
          [
            47.0920055,
            -16.606991
          ],
          [
            47.0920323,
            -16.6066586
          ],
          [
            47.0919939,
            -16.6062832
          ],
          [
            47.0919221,
            -16.6054644
          ],
          [
            47.0919107,
            -16.6053258
          ],
          [
            47.0919057,
            -16.6051209
          ],
          [
            47.0919108,
            -16.604927
          ],
          [
            47.0919517,
            -16.6045884
          ],
          [
            47.0926594,
            -16.6010676
          ],
          [
            47.092814,
            -16.6002573
          ],
          [
            47.093134,
            -16.5987345
          ],
          [
            47.0933547,
            -16.597611
          ]
        ]
      },
      "id": "way/117176155"
    },
    {
      "type": "Feature",
      "properties": {
        "@id": "way/117176157",
        "bridge": "yes",
        "highway": "primary",
        "layer": "1",
        "narrow": "yes",
        "ref": "N 4"
      },
      "geometry": {
        "type": "LineString",
        "coordinates": [
          [
            46.9235302,
            -17.3996683
          ],
          [
            46.9237983,
            -17.3993569
          ]
        ]
      },
      "id": "way/117176157"
    },
    {
      "type": "Feature",
      "properties": {
        "@id": "way/151751451",
        "busway": "lane",
        "highway": "primary",
        "ref": "N 4",
        "surface": "paved"
      },
      "geometry": {
        "type": "LineString",
        "coordinates": [
          [
            47.4796259,
            -18.8522077
          ],
          [
            47.4793417,
            -18.8518248
          ],
          [
            47.4789963,
            -18.851418
          ],
          [
            47.4789566,
            -18.8513683
          ],
          [
            47.4788222,
            -18.8511996
          ],
          [
            47.478806,
            -18.8511793
          ],
          [
            47.4787897,
            -18.8511589
          ],
          [
            47.4787267,
            -18.851087
          ],
          [
            47.4783022,
            -18.8506027
          ],
          [
            47.4781143,
            -18.8503883
          ]
        ]
      },
      "id": "way/151751451"
    },
    {
      "type": "Feature",
      "properties": {
        "@id": "way/169556969",
        "highway": "primary",
        "ref": "N 4"
      },
      "geometry": {
        "type": "LineString",
        "coordinates": [
          [
            46.5863045,
            -15.8990392
          ],
          [
            46.5844024,
            -15.8988763
          ],
          [
            46.5841145,
            -15.8988851
          ],
          [
            46.5839241,
            -15.8988943
          ],
          [
            46.583646,
            -15.8989596
          ],
          [
            46.5827261,
            -15.8992671
          ],
          [
            46.5824765,
            -15.8993556
          ],
          [
            46.5822644,
            -15.8994519
          ],
          [
            46.5821501,
            -15.8995241
          ],
          [
            46.5820319,
            -15.8996568
          ],
          [
            46.5817865,
            -15.9000742
          ],
          [
            46.5817165,
            -15.9001539
          ],
          [
            46.5816267,
            -15.9002213
          ],
          [
            46.5815216,
            -15.9002613
          ],
          [
            46.5814033,
            -15.9002824
          ],
          [
            46.580768,
            -15.9002889
          ],
          [
            46.5802912,
            -15.900303
          ]
        ]
      },
      "id": "way/169556969"
    },
    {
      "type": "Feature",
      "properties": {
        "@id": "way/169556970",
        "bridge": "yes",
        "highway": "primary",
        "layer": "1",
        "narrow": "yes",
        "obstacle": "unevenness",
        "ref": "N 4",
        "surface": "metal"
      },
      "geometry": {
        "type": "LineString",
        "coordinates": [
          [
            46.7236439,
            -16.0490765
          ],
          [
            46.7235796,
            -16.0489025
          ]
        ]
      },
      "id": "way/169556970"
    },
    {
      "type": "Feature",
      "properties": {
        "@id": "way/169556971",
        "bridge": "yes",
        "bridge:structure": "truss",
        "highway": "primary",
        "layer": "1",
        "ref": "N 4",
        "surface": "metal"
      },
      "geometry": {
        "type": "LineString",
        "coordinates": [
          [
            46.5864908,
            -15.8990548
          ],
          [
            46.5863045,
            -15.8990392
          ]
        ]
      },
      "id": "way/169556971"
    },
    {
      "type": "Feature",
      "properties": {
        "@id": "way/169556972",
        "highway": "primary",
        "ref": "N 4"
      },
      "geometry": {
        "type": "LineString",
        "coordinates": [
          [
            46.579774,
            -15.900258
          ],
          [
            46.5786659,
            -15.8997504
          ]
        ]
      },
      "id": "way/169556972"
    },
    {
      "type": "Feature",
      "properties": {
        "@id": "way/169556973",
        "bridge": "yes",
        "bridge:structure": "truss",
        "highway": "primary",
        "layer": "1",
        "note": "Année 1927",
        "obstacle": "unevenness",
        "ref": "N 4",
        "surface": "metal"
      },
      "geometry": {
        "type": "LineString",
        "coordinates": [
          [
            46.7238513,
            -16.0496198
          ],
          [
            46.7237812,
            -16.0494531
          ]
        ]
      },
      "id": "way/169556973"
    },
    {
      "type": "Feature",
      "properties": {
        "@id": "way/169556974",
        "highway": "primary",
        "ref": "N 4"
      },
      "geometry": {
        "type": "LineString",
        "coordinates": [
          [
            46.7237812,
            -16.0494531
          ],
          [
            46.7237606,
            -16.0494042
          ],
          [
            46.7236439,
            -16.0490765
          ]
        ]
      },
      "id": "way/169556974"
    },
    {
      "type": "Feature",
      "properties": {
        "@id": "way/169556975",
        "highway": "primary",
        "ref": "N 4"
      },
      "geometry": {
        "type": "LineString",
        "coordinates": [
          [
            46.7235796,
            -16.0489025
          ],
          [
            46.7233843,
            -16.0484228
          ],
          [
            46.7231028,
            -16.0478343
          ],
          [
            46.7229853,
            -16.0475281
          ],
          [
            46.7225804,
            -16.0466322
          ],
          [
            46.7212796,
            -16.0454496
          ],
          [
            46.7210827,
            -16.0451747
          ],
          [
            46.7205492,
            -16.0429353
          ],
          [
            46.7198357,
            -16.0411031
          ],
          [
            46.719537,
            -16.0403359
          ],
          [
            46.719336,
            -16.0400888
          ],
          [
            46.7190182,
            -16.0399353
          ],
          [
            46.7187797,
            -16.0398794
          ],
          [
            46.7184925,
            -16.0399178
          ],
          [
            46.7153609,
            -16.0409916
          ],
          [
            46.715153,
            -16.0410629
          ],
          [
            46.7139319,
            -16.0415153
          ],
          [
            46.7137399,
            -16.0415864
          ],
          [
            46.7134199,
            -16.0416573
          ],
          [
            46.7130891,
            -16.0416502
          ],
          [
            46.7117962,
            -16.0415491
          ],
          [
            46.7113862,
            -16.0416161
          ],
          [
            46.7087648,
            -16.0426512
          ],
          [
            46.7084384,
            -16.0426961
          ],
          [
            46.7081866,
            -16.0426617
          ],
          [
            46.7079562,
            -16.0425883
          ],
          [
            46.7074399,
            -16.0423149
          ],
          [
            46.7059642,
            -16.0415138
          ],
          [
            46.7054431,
            -16.0412293
          ],
          [
            46.7053725,
            -16.0411903
          ],
          [
            46.7047014,
            -16.0408115
          ],
          [
            46.7038322,
            -16.0403597
          ],
          [
            46.7035435,
            -16.040148
          ],
          [
            46.7033625,
            -16.0399047
          ],
          [
            46.7021984,
            -16.0378164
          ],
          [
            46.7020507,
            -16.0375223
          ],
          [
            46.7020272,
            -16.0371683
          ],
          [
            46.7020979,
            -16.0354087
          ],
          [
            46.7020862,
            -16.0351411
          ],
          [
            46.7020088,
            -16.0349393
          ],
          [
            46.699963,
            -16.031767
          ],
          [
            46.6990377,
            -16.0303321
          ],
          [
            46.6989031,
            -16.0300082
          ],
          [
            46.6988938,
            -16.0296897
          ],
          [
            46.6990056,
            -16.0292208
          ],
          [
            46.6994734,
            -16.0280118
          ],
          [
            46.6995816,
            -16.0277322
          ],
          [
            46.6997374,
            -16.0274135
          ],
          [
            46.6999509,
            -16.0270911
          ],
          [
            46.7026851,
            -16.0238477
          ],
          [
            46.7031292,
            -16.0232652
          ],
          [
            46.7032019,
            -16.0230659
          ],
          [
            46.7032306,
            -16.022838
          ],
          [
            46.7032162,
            -16.0224028
          ],
          [
            46.7028259,
            -16.0192232
          ]
        ]
      },
      "id": "way/169556975"
    },
    {
      "type": "Feature",
      "properties": {
        "@id": "way/169556976",
        "bridge": "yes",
        "highway": "primary",
        "layer": "1",
        "note": "Pont Bailey temporaire",
        "obstacle": "yes",
        "ref": "N 4",
        "surface": "metal"
      },
      "geometry": {
        "type": "LineString",
        "coordinates": [
          [
            46.5802912,
            -15.900303
          ],
          [
            46.5800239,
            -15.9003013
          ],
          [
            46.5798911,
            -15.9002882
          ],
          [
            46.579774,
            -15.900258
          ]
        ]
      },
      "id": "way/169556976"
    },
    {
      "type": "Feature",
      "properties": {
        "@id": "way/169563683",
        "bridge": "yes",
        "highway": "primary",
        "layer": "1",
        "ref": "N 4"
      },
      "geometry": {
        "type": "LineString",
        "coordinates": [
          [
            47.1217124,
            -18.324077
          ],
          [
            47.1212925,
            -18.323793
          ]
        ]
      },
      "id": "way/169563683"
    },
    {
      "type": "Feature",
      "properties": {
        "@id": "way/169563684",
        "highway": "primary",
        "oneway": "yes",
        "ref": "N 4"
      },
      "geometry": {
        "type": "LineString",
        "coordinates": [
          [
            47.1192985,
            -18.3204135
          ],
          [
            47.1194943,
            -18.3206452
          ],
          [
            47.1194943,
            -18.3207904
          ],
          [
            47.1194352,
            -18.3209279
          ],
          [
            47.119328,
            -18.3210374
          ],
          [
            47.1191399,
            -18.3211017
          ],
          [
            47.118957,
            -18.3211184
          ],
          [
            47.1188947,
            -18.3211469
          ],
          [
            47.1188524,
            -18.3211932
          ],
          [
            47.1188133,
            -18.3212859
          ],
          [
            47.1187292,
            -18.3215469
          ],
          [
            47.1186412,
            -18.3217789
          ],
          [
            47.1184267,
            -18.3220991
          ],
          [
            47.1183194,
            -18.3222188
          ],
          [
            47.1181853,
            -18.3223258
          ],
          [
            47.118062,
            -18.3224582
          ],
          [
            47.1180459,
            -18.3226109
          ],
          [
            47.1180995,
            -18.3228223
          ],
          [
            47.1181336,
            -18.3228713
          ],
          [
            47.118298,
            -18.3231075
          ],
          [
            47.1185877,
            -18.3234079
          ],
          [
            47.1189256,
            -18.3236956
          ],
          [
            47.1191831,
            -18.3237593
          ],
          [
            47.1195372,
            -18.3237797
          ],
          [
            47.1198805,
            -18.323884
          ],
          [
            47.1202667,
            -18.3240521
          ],
          [
            47.1204733,
            -18.3241132
          ],
          [
            47.1207039,
            -18.3240954
          ],
          [
            47.120964,
            -18.3240017
          ],
          [
            47.1211226,
            -18.3238466
          ],
          [
            47.1212041,
            -18.3237926
          ],
          [
            47.1212925,
            -18.323793
          ]
        ]
      },
      "id": "way/169563684"
    },
    {
      "type": "Feature",
      "properties": {
        "@id": "way/169700800",
        "bridge": "yes",
        "bridge:structure": "truss",
        "highway": "primary",
        "layer": "1",
        "maxspeed:forward": "5",
        "name": "Pont de Betsiboka",
        "name:de": "Betsiboka - Brücke",
        "name:en": "Betsiboka bridge",
        "name:fr": "Pont de Betsiboka",
        "narrow": "yes",
        "ref": "N 4",
        "surface": "metal"
      },
      "geometry": {
        "type": "LineString",
        "coordinates": [
          [
            46.9483489,
            -16.9376014
          ],
          [
            46.9487078,
            -16.9377852
          ]
        ]
      },
      "id": "way/169700800"
    },
    {
      "type": "Feature",
      "properties": {
        "@id": "way/169700801",
        "cycleway": "shared_lane",
        "highway": "primary",
        "name": "Pont de Betsiboka",
        "name:de": "Betsiboka - Brücke",
        "name:en": "Betsiboka bridge",
        "name:fr": "Pont de Betsiboka",
        "ref": "N 4"
      },
      "geometry": {
        "type": "LineString",
        "coordinates": [
          [
            46.9487078,
            -16.9377852
          ],
          [
            46.9488232,
            -16.9378381
          ],
          [
            46.9489312,
            -16.9378608
          ],
          [
            46.9490545,
            -16.937868
          ]
        ]
      },
      "id": "way/169700801"
    },
    {
      "type": "Feature",
      "properties": {
        "@id": "way/180845385",
        "highway": "primary",
        "ref": "N 4"
      },
      "geometry": {
        "type": "LineString",
        "coordinates": [
          [
            47.2591498,
            -18.6245343
          ],
          [
            47.2591086,
            -18.6244581
          ],
          [
            47.2590094,
            -18.6243386
          ],
          [
            47.2588645,
            -18.6242115
          ],
          [
            47.2585499,
            -18.6240462
          ],
          [
            47.2583415,
            -18.6239955
          ],
          [
            47.2580223,
            -18.6238658
          ],
          [
            47.2576602,
            -18.6237006
          ],
          [
            47.2572498,
            -18.6235227
          ],
          [
            47.2570031,
            -18.6233829
          ],
          [
            47.2568314,
            -18.6232457
          ],
          [
            47.256649,
            -18.6230144
          ],
          [
            47.256582,
            -18.6229152
          ],
          [
            47.2564639,
            -18.6227221
          ],
          [
            47.2558899,
            -18.6217918
          ],
          [
            47.2548788,
            -18.6202133
          ]
        ]
      },
      "id": "way/180845385"
    },
    {
      "type": "Feature",
      "properties": {
        "@id": "way/180845386",
        "highway": "primary",
        "ref": "N 4"
      },
      "geometry": {
        "type": "LineString",
        "coordinates": [
          [
            47.289846,
            -18.6758513
          ],
          [
            47.2897837,
            -18.6757386
          ],
          [
            47.2897273,
            -18.675431
          ],
          [
            47.2897604,
            -18.6752316
          ],
          [
            47.2901021,
            -18.67313
          ],
          [
            47.2901314,
            -18.6728341
          ],
          [
            47.2901272,
            -18.6725438
          ],
          [
            47.2900103,
            -18.6718133
          ],
          [
            47.2899662,
            -18.6715376
          ],
          [
            47.2899036,
            -18.6714041
          ],
          [
            47.2897175,
            -18.6711484
          ],
          [
            47.2885685,
            -18.6703382
          ],
          [
            47.2876055,
            -18.6696591
          ],
          [
            47.2872766,
            -18.6694272
          ],
          [
            47.287194,
            -18.6692268
          ],
          [
            47.2863361,
            -18.6671461
          ],
          [
            47.2862245,
            -18.6669796
          ],
          [
            47.2861096,
            -18.6668579
          ],
          [
            47.2859001,
            -18.6667266
          ],
          [
            47.2856105,
            -18.6665934
          ]
        ]
      },
      "id": "way/180845386"
    },
    {
      "type": "Feature",
      "properties": {
        "@id": "way/180845387",
        "bridge": "yes",
        "highway": "primary",
        "layer": "1",
        "ref": "N 4"
      },
      "geometry": {
        "type": "LineString",
        "coordinates": [
          [
            47.2592178,
            -18.6246306
          ],
          [
            47.2591498,
            -18.6245343
          ]
        ]
      },
      "id": "way/180845387"
    },
    {
      "type": "Feature",
      "properties": {
        "@id": "way/180845388",
        "bridge": "yes",
        "bridge:structure": "truss",
        "highway": "primary",
        "layer": "1",
        "narrow": "yes",
        "ref": "N 4",
        "surface": "metal"
      },
      "geometry": {
        "type": "LineString",
        "coordinates": [
          [
            47.2819101,
            -18.6590719
          ],
          [
            47.2819248,
            -18.6588495
          ]
        ]
      },
      "id": "way/180845388"
    },
    {
      "type": "Feature",
      "properties": {
        "@id": "way/180845389",
        "bridge": "yes",
        "highway": "primary",
        "layer": "1",
        "narrow": "yes",
        "ref": "N 4"
      },
      "geometry": {
        "type": "LineString",
        "coordinates": [
          [
            47.2899917,
            -18.6761226
          ],
          [
            47.289846,
            -18.6758513
          ]
        ]
      },
      "id": "way/180845389"
    },
    {
      "type": "Feature",
      "properties": {
        "@id": "way/180845390",
        "highway": "primary",
        "ref": "N 4"
      },
      "geometry": {
        "type": "LineString",
        "coordinates": [
          [
            47.2751656,
            -18.6422913
          ],
          [
            47.2751187,
            -18.6422341
          ],
          [
            47.274947,
            -18.6419952
          ],
          [
            47.2748344,
            -18.6418478
          ],
          [
            47.2745554,
            -18.6414691
          ],
          [
            47.2739922,
            -18.6407626
          ],
          [
            47.2738166,
            -18.6405644
          ],
          [
            47.2737062,
            -18.6404762
          ],
          [
            47.2735121,
            -18.6404043
          ],
          [
            47.2732841,
            -18.6404195
          ],
          [
            47.2729762,
            -18.6405184
          ],
          [
            47.2726001,
            -18.6406127
          ],
          [
            47.2722836,
            -18.6406584
          ],
          [
            47.2719234,
            -18.6406899
          ],
          [
            47.271782,
            -18.6406864
          ],
          [
            47.2715339,
            -18.6406653
          ],
          [
            47.2711836,
            -18.6405934
          ],
          [
            47.2709368,
            -18.6404987
          ],
          [
            47.2704678,
            -18.640077
          ],
          [
            47.2701923,
            -18.639652
          ],
          [
            47.2696577,
            -18.6388539
          ],
          [
            47.2694418,
            -18.638529
          ],
          [
            47.269301,
            -18.6383812
          ],
          [
            47.2690905,
            -18.638254
          ],
          [
            47.2689201,
            -18.6382084
          ],
          [
            47.2687002,
            -18.6382002
          ],
          [
            47.2678151,
            -18.6383337
          ],
          [
            47.267689,
            -18.6383329
          ],
          [
            47.2675367,
            -18.6382455
          ],
          [
            47.2673993,
            -18.6380076
          ],
          [
            47.2672569,
            -18.6376648
          ],
          [
            47.2670828,
            -18.6374967
          ],
          [
            47.2666152,
            -18.6369993
          ],
          [
            47.2659608,
            -18.6358898
          ],
          [
            47.2656451,
            -18.6353618
          ],
          [
            47.265275,
            -18.6347264
          ],
          [
            47.265125,
            -18.6344848
          ],
          [
            47.2650577,
            -18.6343401
          ],
          [
            47.2649397,
            -18.63403
          ],
          [
            47.2649276,
            -18.6333149
          ],
          [
            47.2648539,
            -18.6330998
          ],
          [
            47.2647344,
            -18.6329028
          ],
          [
            47.2627748,
            -18.6306411
          ],
          [
            47.2626957,
            -18.6305498
          ],
          [
            47.2625633,
            -18.6303167
          ],
          [
            47.2625686,
            -18.6300092
          ],
          [
            47.2627188,
            -18.6290027
          ],
          [
            47.2626759,
            -18.6287942
          ],
          [
            47.2625526,
            -18.6285909
          ],
          [
            47.2620727,
            -18.6282507
          ],
          [
            47.2619678,
            -18.6280114
          ],
          [
            47.2618123,
            -18.6277013
          ],
          [
            47.2615628,
            -18.6274828
          ],
          [
            47.2609808,
            -18.6270379
          ],
          [
            47.2606589,
            -18.6267761
          ],
          [
            47.2603102,
            -18.6263491
          ],
          [
            47.2599669,
            -18.6259221
          ],
          [
            47.2597577,
            -18.6256069
          ],
          [
            47.2592178,
            -18.6246306
          ]
        ]
      },
      "id": "way/180845390"
    },
    {
      "type": "Feature",
      "properties": {
        "@id": "way/180847824",
        "highway": "primary",
        "ref": "N 4"
      },
      "geometry": {
        "type": "LineString",
        "coordinates": [
          [
            47.2218455,
            -18.5681989
          ],
          [
            47.2214794,
            -18.5679339
          ],
          [
            47.2211234,
            -18.5675963
          ],
          [
            47.2207532,
            -18.5671944
          ],
          [
            47.2196398,
            -18.5658075
          ],
          [
            47.2190927,
            -18.5652607
          ],
          [
            47.2187078,
            -18.5649496
          ],
          [
            47.2181862,
            -18.5646276
          ],
          [
            47.2177945,
            -18.5644216
          ],
          [
            47.2173802,
            -18.5642211
          ],
          [
            47.2161423,
            -18.563641
          ],
          [
            47.2158794,
            -18.5634732
          ],
          [
            47.2155844,
            -18.5632342
          ],
          [
            47.2152867,
            -18.5629036
          ],
          [
            47.2151043,
            -18.5625553
          ],
          [
            47.2149621,
            -18.5621942
          ],
          [
            47.2148709,
            -18.5618382
          ],
          [
            47.214828,
            -18.5614441
          ],
          [
            47.2148817,
            -18.5608568
          ],
          [
            47.2150158,
            -18.5594735
          ],
          [
            47.2150506,
            -18.5592193
          ],
          [
            47.2152706,
            -18.5575639
          ],
          [
            47.2153349,
            -18.5570579
          ],
          [
            47.2154235,
            -18.5563765
          ],
          [
            47.2155468,
            -18.555962
          ],
          [
            47.2157292,
            -18.5555399
          ],
          [
            47.2159599,
            -18.5552526
          ],
          [
            47.2162844,
            -18.5547999
          ],
          [
            47.2166186,
            -18.5542723
          ],
          [
            47.2167056,
            -18.5540651
          ],
          [
            47.2167458,
            -18.5538464
          ],
          [
            47.2167565,
            -18.5534624
          ],
          [
            47.2166626,
            -18.5529513
          ],
          [
            47.2164293,
            -18.5519876
          ],
          [
            47.2160565,
            -18.5503856
          ],
          [
            47.2159438,
            -18.5499025
          ],
          [
            47.2157882,
            -18.5492668
          ],
          [
            47.2156461,
            -18.5488955
          ],
          [
            47.2154996,
            -18.5486665
          ],
          [
            47.2152732,
            -18.5484225
          ],
          [
            47.2150614,
            -18.5482572
          ],
          [
            47.2146741,
            -18.5479989
          ],
          [
            47.2136827,
            -18.547385
          ],
          [
            47.2132428,
            -18.5470443
          ],
          [
            47.2130229,
            -18.5466933
          ],
          [
            47.2128459,
            -18.5462407
          ],
          [
            47.2127815,
            -18.5459025
          ],
          [
            47.2128244,
            -18.5455134
          ],
          [
            47.212994,
            -18.544737
          ],
          [
            47.2130926,
            -18.5442623
          ],
          [
            47.21333,
            -18.5433357
          ],
          [
            47.2133793,
            -18.5428982
          ],
          [
            47.213311,
            -18.5422221
          ],
          [
            47.2132162,
            -18.5419236
          ],
          [
            47.2130872,
            -18.5416107
          ],
          [
            47.2129748,
            -18.5413792
          ],
          [
            47.2128284,
            -18.5411955
          ],
          [
            47.2127187,
            -18.5410476
          ],
          [
            47.2125333,
            -18.5408629
          ],
          [
            47.2123748,
            -18.5407228
          ],
          [
            47.2120607,
            -18.5404833
          ],
          [
            47.2115336,
            -18.5402358
          ],
          [
            47.2110295,
            -18.5401036
          ],
          [
            47.2107762,
            -18.5400759
          ],
          [
            47.2104887,
            -18.5400781
          ],
          [
            47.2101919,
            -18.5400977
          ],
          [
            47.2098622,
            -18.5401663
          ],
          [
            47.2097297,
            -18.540219
          ],
          [
            47.2090076,
            -18.540425
          ],
          [
            47.2070147,
            -18.5411188
          ],
          [
            47.2067219,
            -18.5412021
          ],
          [
            47.2064137,
            -18.5412619
          ],
          [
            47.2058963,
            -18.5412845
          ],
          [
            47.2055395,
            -18.5412921
          ],
          [
            47.2052136,
            -18.5414034
          ],
          [
            47.204759,
            -18.5416125
          ],
          [
            47.2043003,
            -18.5418465
          ],
          [
            47.2039275,
            -18.542055
          ],
          [
            47.2036217,
            -18.5421745
          ],
          [
            47.2032731,
            -18.5422381
          ],
          [
            47.2027715,
            -18.5422839
          ],
          [
            47.2024201,
            -18.5422686
          ],
          [
            47.2010254,
            -18.5422635
          ],
          [
            47.2004675,
            -18.5422559
          ],
          [
            47.1993248,
            -18.5422483
          ],
          [
            47.1990218,
            -18.5422483
          ],
          [
            47.1985041,
            -18.5421923
          ],
          [
            47.1982466,
            -18.5421618
          ],
          [
            47.1979494,
            -18.5420477
          ]
        ]
      },
      "id": "way/180847824"
    },
    {
      "type": "Feature",
      "properties": {
        "@id": "way/180847829",
        "bridge": "yes",
        "highway": "primary",
        "layer": "1",
        "ref": "N 4"
      },
      "geometry": {
        "type": "LineString",
        "coordinates": [
          [
            47.2220099,
            -18.568322
          ],
          [
            47.2218455,
            -18.5681989
          ]
        ]
      },
      "id": "way/180847829"
    },
    {
      "type": "Feature",
      "properties": {
        "@id": "way/180850782",
        "cutting": "yes",
        "highway": "primary",
        "ref": "N 4"
      },
      "geometry": {
        "type": "LineString",
        "coordinates": [
          [
            47.1979494,
            -18.5420477
          ],
          [
            47.1973313,
            -18.541793
          ],
          [
            47.1968927,
            -18.5414108
          ],
          [
            47.1965709,
            -18.5409851
          ],
          [
            47.1963176,
            -18.5404729
          ]
        ]
      },
      "id": "way/180850782"
    },
    {
      "type": "Feature",
      "properties": {
        "@id": "way/180850784",
        "highway": "primary",
        "ref": "N 4"
      },
      "geometry": {
        "type": "LineString",
        "coordinates": [
          [
            47.1963176,
            -18.5404729
          ],
          [
            47.1962992,
            -18.5404199
          ],
          [
            47.1961887,
            -18.5401022
          ],
          [
            47.1961389,
            -18.539817
          ],
          [
            47.1961329,
            -18.5397829
          ],
          [
            47.1961437,
            -18.5389271
          ],
          [
            47.196192,
            -18.5380549
          ],
          [
            47.1962376,
            -18.5370605
          ],
          [
            47.1963725,
            -18.5346075
          ],
          [
            47.1965112,
            -18.5327424
          ],
          [
            47.1965649,
            -18.5322592
          ],
          [
            47.1966882,
            -18.5318218
          ],
          [
            47.1973481,
            -18.5297059
          ],
          [
            47.1974339,
            -18.5292837
          ],
          [
            47.1974711,
            -18.5290108
          ],
          [
            47.1974983,
            -18.5287598
          ],
          [
            47.1974989,
            -18.5284964
          ],
          [
            47.1974201,
            -18.5280246
          ],
          [
            47.1971907,
            -18.5271201
          ],
          [
            47.1967365,
            -18.5256368
          ],
          [
            47.1963314,
            -18.5241159
          ],
          [
            47.1960339,
            -18.5234092
          ],
          [
            47.1955759,
            -18.5227268
          ],
          [
            47.1953418,
            -18.5224882
          ],
          [
            47.1951495,
            -18.5221924
          ],
          [
            47.1949448,
            -18.5218932
          ],
          [
            47.1948804,
            -18.5215573
          ],
          [
            47.1948739,
            -18.5214654
          ],
          [
            47.194867,
            -18.5213692
          ],
          [
            47.1949219,
            -18.5212242
          ],
          [
            47.1949528,
            -18.5210971
          ],
          [
            47.1950043,
            -18.5209522
          ],
          [
            47.1950843,
            -18.5208008
          ],
          [
            47.1952304,
            -18.5206176
          ],
          [
            47.1953203,
            -18.5205096
          ],
          [
            47.1954611,
            -18.5203951
          ],
          [
            47.1959734,
            -18.5201344
          ],
          [
            47.1964675,
            -18.5198701
          ],
          [
            47.1966103,
            -18.5197048
          ],
          [
            47.1967184,
            -18.5195741
          ],
          [
            47.1967411,
            -18.5195261
          ],
          [
            47.196822,
            -18.5193561
          ],
          [
            47.1968596,
            -18.5191982
          ],
          [
            47.196878,
            -18.5189873
          ],
          [
            47.1968431,
            -18.5187687
          ],
          [
            47.1967942,
            -18.5185582
          ],
          [
            47.1967296,
            -18.5183773
          ],
          [
            47.1963972,
            -18.5173674
          ],
          [
            47.1960474,
            -18.5164515
          ],
          [
            47.1956395,
            -18.5153593
          ],
          [
            47.1954195,
            -18.5148049
          ],
          [
            47.1953686,
            -18.5145836
          ],
          [
            47.1952345,
            -18.5142403
          ],
          [
            47.195095,
            -18.5139757
          ],
          [
            47.1949582,
            -18.5137239
          ],
          [
            47.1947435,
            -18.5135837
          ],
          [
            47.1941455,
            -18.5131771
          ],
          [
            47.1935803,
            -18.5127575
          ],
          [
            47.1927506,
            -18.5120628
          ],
          [
            47.192402,
            -18.5117859
          ],
          [
            47.1921821,
            -18.5116129
          ],
          [
            47.1919085,
            -18.511534
          ],
          [
            47.1914445,
            -18.5114908
          ],
          [
            47.1910481,
            -18.5113653
          ],
          [
            47.1905004,
            -18.5111779
          ],
          [
            47.1900153,
            -18.5109432
          ],
          [
            47.1898137,
            -18.5107938
          ],
          [
            47.1896528,
            -18.5106489
          ],
          [
            47.1894797,
            -18.510488
          ],
          [
            47.1894087,
            -18.5103738
          ],
          [
            47.1892572,
            -18.5103246
          ],
          [
            47.1891061,
            -18.5103153
          ],
          [
            47.188875,
            -18.5104124
          ],
          [
            47.1886644,
            -18.5104747
          ],
          [
            47.1882849,
            -18.510448
          ],
          [
            47.1875862,
            -18.5106027
          ],
          [
            47.1868472,
            -18.5108117
          ],
          [
            47.1861404,
            -18.511179
          ],
          [
            47.1842937,
            -18.512236
          ],
          [
            47.1834623,
            -18.5126404
          ],
          [
            47.1831189,
            -18.51276
          ],
          [
            47.1827727,
            -18.51282
          ],
          [
            47.1824269,
            -18.5128337
          ],
          [
            47.1822325,
            -18.5128235
          ],
          [
            47.1820125,
            -18.5127918
          ],
          [
            47.1818932,
            -18.5127574
          ],
          [
            47.1817269,
            -18.5126735
          ],
          [
            47.1815981,
            -18.5125107
          ],
          [
            47.1808283,
            -18.5112441
          ],
          [
            47.1807157,
            -18.5111118
          ],
          [
            47.1805789,
            -18.5109567
          ],
          [
            47.1803965,
            -18.5108727
          ],
          [
            47.180198,
            -18.5107583
          ],
          [
            47.1800987,
            -18.5106884
          ],
          [
            47.1800068,
            -18.5105819
          ],
          [
            47.1800317,
            -18.5104632
          ],
          [
            47.1800742,
            -18.510366
          ],
          [
            47.180308,
            -18.5099037
          ],
          [
            47.1803858,
            -18.5096951
          ],
          [
            47.1805012,
            -18.5094058
          ],
          [
            47.1805253,
            -18.5091712
          ],
          [
            47.1805279,
            -18.5089524
          ],
          [
            47.1804287,
            -18.5087006
          ],
          [
            47.1803375,
            -18.5085353
          ],
          [
            47.1799378,
            -18.5081436
          ],
          [
            47.1798681,
            -18.5079554
          ],
          [
            47.1798734,
            -18.5078206
          ],
          [
            47.1799003,
            -18.5076604
          ],
          [
            47.1799754,
            -18.5070321
          ],
          [
            47.1799513,
            -18.5067981
          ],
          [
            47.1799352,
            -18.506615
          ],
          [
            47.1798198,
            -18.5064522
          ],
          [
            47.1796106,
            -18.5063072
          ],
          [
            47.1791063,
            -18.5061902
          ],
          [
            47.1789119,
            -18.5061305
          ],
          [
            47.1788194,
            -18.5060452
          ],
          [
            47.178755,
            -18.5059715
          ],
          [
            47.1785726,
            -18.5057196
          ],
          [
            47.1781085,
            -18.5051169
          ],
          [
            47.1779932,
            -18.504921
          ],
          [
            47.1779289,
            -18.5046946
          ],
          [
            47.1779718,
            -18.5044936
          ],
          [
            47.1780281,
            -18.5042292
          ],
          [
            47.1780817,
            -18.5038755
          ],
          [
            47.1780388,
            -18.5036874
          ],
          [
            47.1778993,
            -18.5035347
          ],
          [
            47.1777465,
            -18.5034483
          ],
          [
            47.177548,
            -18.5034254
          ],
          [
            47.1772989,
            -18.5034439
          ],
          [
            47.1748604,
            -18.5040994
          ],
          [
            47.1745627,
            -18.5042012
          ],
          [
            47.1743669,
            -18.50428
          ],
          [
            47.1738037,
            -18.5046793
          ],
          [
            47.1735354,
            -18.504832
          ],
          [
            47.1731036,
            -18.504982
          ],
          [
            47.1724787,
            -18.5051714
          ],
          [
            47.1716971,
            -18.5054626
          ],
          [
            47.1714974,
            -18.5054945
          ],
          [
            47.1713263,
            -18.505473
          ],
          [
            47.1710946,
            -18.505389
          ],
          [
            47.1709517,
            -18.5052517
          ]
        ]
      },
      "id": "way/180850784"
    },
    {
      "type": "Feature",
      "properties": {
        "@id": "way/180853015",
        "bridge": "yes",
        "highway": "primary",
        "layer": "1",
        "narrow": "yes",
        "ref": "N 4"
      },
      "geometry": {
        "type": "LineString",
        "coordinates": [
          [
            47.2101768,
            -18.1580312
          ],
          [
            47.2105516,
            -18.1573982
          ]
        ]
      },
      "id": "way/180853015"
    },
    {
      "type": "Feature",
      "properties": {
        "@id": "way/180853016",
        "highway": "primary",
        "ref": "N 4"
      },
      "geometry": {
        "type": "LineString",
        "coordinates": [
          [
            47.2105516,
            -18.1573982
          ],
          [
            47.2105653,
            -18.1573718
          ],
          [
            47.2105142,
            -18.1572434
          ],
          [
            47.210475,
            -18.1571554
          ],
          [
            47.2103033,
            -18.1566497
          ],
          [
            47.210226,
            -18.1564295
          ],
          [
            47.2100643,
            -18.1561502
          ],
          [
            47.2096447,
            -18.1556658
          ],
          [
            47.2095909,
            -18.1555161
          ],
          [
            47.2096081,
            -18.1552959
          ],
          [
            47.2097196,
            -18.1551328
          ],
          [
            47.210812,
            -18.1543153
          ],
          [
            47.21143,
            -18.1536668
          ],
          [
            47.211697,
            -18.1531824
          ],
          [
            47.2117195,
            -18.1528165
          ],
          [
            47.2115736,
            -18.1519765
          ],
          [
            47.2116013,
            -18.1517618
          ],
          [
            47.2116407,
            -18.1516
          ],
          [
            47.2118188,
            -18.1514315
          ],
          [
            47.2123219,
            -18.1512016
          ],
          [
            47.2127071,
            -18.1510687
          ],
          [
            47.2127924,
            -18.1508999
          ],
          [
            47.2127323,
            -18.150647
          ],
          [
            47.2124576,
            -18.1504758
          ],
          [
            47.2121229,
            -18.150329
          ],
          [
            47.211838,
            -18.1501934
          ],
          [
            47.2117506,
            -18.1499813
          ],
          [
            47.211874,
            -18.1496683
          ],
          [
            47.2121064,
            -18.149472
          ]
        ]
      },
      "id": "way/180853016"
    },
    {
      "type": "Feature",
      "properties": {
        "@id": "way/180857871",
        "bridge": "yes",
        "highway": "primary",
        "layer": "1",
        "narrow": "yes",
        "ref": "N 4"
      },
      "geometry": {
        "type": "LineString",
        "coordinates": [
          [
            46.9313851,
            -17.2619048
          ],
          [
            46.9311152,
            -17.2613704
          ]
        ]
      },
      "id": "way/180857871"
    },
    {
      "type": "Feature",
      "properties": {
        "@id": "way/180857872",
        "bridge": "yes",
        "highway": "primary",
        "layer": "1",
        "obstacle": "unevenness",
        "ref": "N 4"
      },
      "geometry": {
        "type": "LineString",
        "coordinates": [
          [
            46.9317383,
            -17.2643257
          ],
          [
            46.9319099,
            -17.2641468
          ]
        ]
      },
      "id": "way/180857872"
    },
    {
      "type": "Feature",
      "properties": {
        "@id": "way/180857873",
        "bridge": "yes",
        "highway": "primary",
        "layer": "1",
        "ref": "N 4"
      },
      "geometry": {
        "type": "LineString",
        "coordinates": [
          [
            46.9245614,
            -17.2394831
          ],
          [
            46.9243924,
            -17.2391525
          ]
        ]
      },
      "id": "way/180857873"
    },
    {
      "type": "Feature",
      "properties": {
        "@id": "way/180857874",
        "highway": "primary",
        "ref": "N 4"
      },
      "geometry": {
        "type": "LineString",
        "coordinates": [
          [
            46.9243924,
            -17.2391525
          ],
          [
            46.9235937,
            -17.2376698
          ],
          [
            46.923287,
            -17.2371794
          ],
          [
            46.9229903,
            -17.2368648
          ],
          [
            46.9217886,
            -17.2358247
          ],
          [
            46.9203114,
            -17.2345003
          ],
          [
            46.9188078,
            -17.2331267
          ],
          [
            46.9184466,
            -17.2327199
          ],
          [
            46.9174809,
            -17.2315496
          ],
          [
            46.9161148,
            -17.2297195
          ],
          [
            46.9157299,
            -17.2291158
          ],
          [
            46.9150259,
            -17.2274446
          ],
          [
            46.9148284,
            -17.2271322
          ],
          [
            46.9145001,
            -17.2267273
          ],
          [
            46.9141943,
            -17.226471
          ],
          [
            46.9122417,
            -17.225062
          ],
          [
            46.9118484,
            -17.2247166
          ],
          [
            46.9114853,
            -17.2243498
          ],
          [
            46.9091648,
            -17.2214655
          ],
          [
            46.9091315,
            -17.2214105
          ],
          [
            46.9079931,
            -17.2195282
          ],
          [
            46.9076313,
            -17.2190489
          ],
          [
            46.9073815,
            -17.2188211
          ],
          [
            46.907065,
            -17.2186059
          ],
          [
            46.9067616,
            -17.2184995
          ],
          [
            46.9061531,
            -17.2184163
          ],
          [
            46.9053591,
            -17.2184061
          ],
          [
            46.9043936,
            -17.2183753
          ],
          [
            46.9034065,
            -17.2181857
          ],
          [
            46.9013358,
            -17.2176426
          ],
          [
            46.9001469,
            -17.2173322
          ],
          [
            46.8995817,
            -17.2171148
          ],
          [
            46.8992314,
            -17.2168497
          ],
          [
            46.896996,
            -17.2138666
          ],
          [
            46.8961949,
            -17.2134165
          ],
          [
            46.8950112,
            -17.2134152
          ],
          [
            46.8945622,
            -17.2133669
          ],
          [
            46.8941958,
            -17.2132307
          ],
          [
            46.8929448,
            -17.2126154
          ],
          [
            46.8926294,
            -17.2125595
          ],
          [
            46.8922056,
            -17.2127183
          ],
          [
            46.8919195,
            -17.2127956
          ],
          [
            46.8916852,
            -17.2128387
          ],
          [
            46.891477,
            -17.2128623
          ],
          [
            46.8912144,
            -17.2128473
          ],
          [
            46.8909718,
            -17.2127721
          ],
          [
            46.8902137,
            -17.2124472
          ],
          [
            46.8899615,
            -17.2123947
          ],
          [
            46.8897621,
            -17.2124109
          ],
          [
            46.8889047,
            -17.2124229
          ],
          [
            46.8882101,
            -17.2124011
          ],
          [
            46.8879633,
            -17.2123998
          ],
          [
            46.8877402,
            -17.2124301
          ],
          [
            46.8875935,
            -17.212489
          ],
          [
            46.8870513,
            -17.2128571
          ],
          [
            46.8866093,
            -17.2131028
          ],
          [
            46.886409,
            -17.213212
          ],
          [
            46.8862172,
            -17.2132757
          ],
          [
            46.8860158,
            -17.2132797
          ],
          [
            46.885852,
            -17.2132384
          ],
          [
            46.8856289,
            -17.2131311
          ]
        ]
      },
      "id": "way/180857874"
    },
    {
      "type": "Feature",
      "properties": {
        "@id": "way/180857875",
        "highway": "primary",
        "ref": "N 4"
      },
      "geometry": {
        "type": "LineString",
        "coordinates": [
          [
            46.9311152,
            -17.2613704
          ],
          [
            46.9309635,
            -17.2610892
          ],
          [
            46.9307729,
            -17.2607033
          ],
          [
            46.9306454,
            -17.2602495
          ],
          [
            46.9305612,
            -17.2588197
          ],
          [
            46.9304623,
            -17.2582487
          ],
          [
            46.930352,
            -17.2578669
          ],
          [
            46.9301374,
            -17.2575339
          ],
          [
            46.9299626,
            -17.2573656
          ],
          [
            46.9296975,
            -17.2571087
          ],
          [
            46.9293006,
            -17.2568269
          ],
          [
            46.9289784,
            -17.2566999
          ],
          [
            46.9286515,
            -17.2566015
          ],
          [
            46.9284546,
            -17.2565644
          ],
          [
            46.9280972,
            -17.2565836
          ],
          [
            46.9261969,
            -17.2570221
          ],
          [
            46.9259089,
            -17.2570184
          ],
          [
            46.9257118,
            -17.2569755
          ],
          [
            46.925476,
            -17.2568416
          ],
          [
            46.9252656,
            -17.2566425
          ],
          [
            46.92512,
            -17.2563083
          ],
          [
            46.9250408,
            -17.2559548
          ],
          [
            46.9250089,
            -17.2555998
          ],
          [
            46.9250509,
            -17.2553058
          ],
          [
            46.9250584,
            -17.2552529
          ],
          [
            46.9254003,
            -17.254616
          ],
          [
            46.9266528,
            -17.2524513
          ],
          [
            46.9269188,
            -17.2520215
          ],
          [
            46.927158,
            -17.2515841
          ],
          [
            46.9272174,
            -17.2513586
          ],
          [
            46.9272675,
            -17.251125
          ],
          [
            46.9272196,
            -17.2507613
          ],
          [
            46.9271846,
            -17.2504877
          ],
          [
            46.9265951,
            -17.2474548
          ],
          [
            46.926334,
            -17.2462375
          ],
          [
            46.9262784,
            -17.2456279
          ],
          [
            46.9263537,
            -17.2452108
          ],
          [
            46.9265111,
            -17.2447671
          ],
          [
            46.9267095,
            -17.2442548
          ],
          [
            46.9267847,
            -17.2439371
          ],
          [
            46.9267829,
            -17.243725
          ],
          [
            46.9267364,
            -17.2434146
          ],
          [
            46.9266184,
            -17.2430867
          ],
          [
            46.9263877,
            -17.2428049
          ],
          [
            46.9255991,
            -17.2419801
          ],
          [
            46.9254686,
            -17.2416911
          ],
          [
            46.9253523,
            -17.2414114
          ],
          [
            46.9249536,
            -17.2403897
          ],
          [
            46.9245614,
            -17.2394831
          ]
        ]
      },
      "id": "way/180857875"
    },
    {
      "type": "Feature",
      "properties": {
        "@id": "way/180857876",
        "highway": "primary",
        "ref": "N 4"
      },
      "geometry": {
        "type": "LineString",
        "coordinates": [
          [
            46.9319099,
            -17.2641468
          ],
          [
            46.9320489,
            -17.2639889
          ],
          [
            46.9322181,
            -17.263814
          ],
          [
            46.93225,
            -17.2636088
          ],
          [
            46.9321491,
            -17.2633893
          ],
          [
            46.9313851,
            -17.2619048
          ]
        ]
      },
      "id": "way/180857876"
    },
    {
      "type": "Feature",
      "properties": {
        "@id": "way/181353937",
        "bridge": "yes",
        "highway": "primary",
        "layer": "1",
        "ref": "N 4"
      },
      "geometry": {
        "type": "LineString",
        "coordinates": [
          [
            46.7488725,
            -16.1202773
          ],
          [
            46.7489391,
            -16.1202139
          ]
        ]
      },
      "id": "way/181353937"
    },
    {
      "type": "Feature",
      "properties": {
        "@id": "way/181353938",
        "embankment": "yes",
        "highway": "primary",
        "ref": "N 4"
      },
      "geometry": {
        "type": "LineString",
        "coordinates": [
          [
            46.7489391,
            -16.1202139
          ],
          [
            46.7502889,
            -16.1188711
          ],
          [
            46.7503452,
            -16.1188119
          ],
          [
            46.7503971,
            -16.118749
          ]
        ]
      },
      "id": "way/181353938"
    },
    {
      "type": "Feature",
      "properties": {
        "@id": "way/182033285",
        "highway": "primary",
        "ref": "N 4"
      },
      "geometry": {
        "type": "LineString",
        "coordinates": [
          [
            47.0026404,
            -16.3581091
          ],
          [
            47.0015697,
            -16.3576494
          ],
          [
            47.0014871,
            -16.3576139
          ],
          [
            47.0010453,
            -16.3574912
          ],
          [
            47.0006173,
            -16.3574497
          ],
          [
            46.9994309,
            -16.3573348
          ],
          [
            46.9984761,
            -16.3572423
          ],
          [
            46.9978935,
            -16.3571867
          ],
          [
            46.997606,
            -16.3571421
          ],
          [
            46.9973441,
            -16.3570679
          ],
          [
            46.9971499,
            -16.3570072
          ],
          [
            46.9948752,
            -16.3562962
          ],
          [
            46.9946788,
            -16.3562679
          ],
          [
            46.9944339,
            -16.3562982
          ],
          [
            46.9941199,
            -16.3564438
          ],
          [
            46.9938617,
            -16.3566836
          ],
          [
            46.9937698,
            -16.3567931
          ],
          [
            46.9930637,
            -16.3576342
          ],
          [
            46.9924108,
            -16.3584119
          ],
          [
            46.9922884,
            -16.3585577
          ],
          [
            46.992144,
            -16.3587298
          ],
          [
            46.9919273,
            -16.358988
          ],
          [
            46.9916371,
            -16.3593336
          ],
          [
            46.9915818,
            -16.3593995
          ],
          [
            46.9915359,
            -16.3594576
          ],
          [
            46.991369,
            -16.3596802
          ],
          [
            46.9906815,
            -16.3605376
          ],
          [
            46.990247,
            -16.3610868
          ],
          [
            46.9902021,
            -16.3611436
          ],
          [
            46.9900004,
            -16.3613985
          ],
          [
            46.9897474,
            -16.3616296
          ],
          [
            46.9896667,
            -16.3617033
          ],
          [
            46.9895203,
            -16.3618093
          ],
          [
            46.9892878,
            -16.3619776
          ],
          [
            46.989137,
            -16.3620555
          ],
          [
            46.9888209,
            -16.3622188
          ],
          [
            46.9883805,
            -16.3624265
          ],
          [
            46.9883581,
            -16.362437
          ]
        ]
      },
      "id": "way/182033285"
    },
    {
      "type": "Feature",
      "properties": {
        "@id": "way/182033286",
        "bridge": "yes",
        "highway": "primary",
        "layer": "1",
        "ref": "N 4"
      },
      "geometry": {
        "type": "LineString",
        "coordinates": [
          [
            47.1214436,
            -16.4178285
          ],
          [
            47.1208223,
            -16.4175625
          ]
        ]
      },
      "id": "way/182033286"
    },
    {
      "type": "Feature",
      "properties": {
        "@id": "way/182033287",
        "bridge": "yes",
        "highway": "primary",
        "layer": "1",
        "ref": "N 4"
      },
      "geometry": {
        "type": "LineString",
        "coordinates": [
          [
            47.1378221,
            -16.426827
          ],
          [
            47.1374429,
            -16.4266237
          ]
        ]
      },
      "id": "way/182033287"
    },
    {
      "type": "Feature",
      "properties": {
        "@id": "way/182033288",
        "bridge": "yes",
        "highway": "primary",
        "layer": "1",
        "obstacle": "unevenness",
        "ref": "N 4"
      },
      "geometry": {
        "type": "LineString",
        "coordinates": [
          [
            47.0668262,
            -16.3733215
          ],
          [
            47.0666596,
            -16.3732802
          ]
        ]
      },
      "id": "way/182033288"
    },
    {
      "type": "Feature",
      "properties": {
        "@id": "way/182033289",
        "bridge": "yes",
        "highway": "primary",
        "layer": "1",
        "ref": "N 4"
      },
      "geometry": {
        "type": "LineString",
        "coordinates": [
          [
            47.1304385,
            -16.423491
          ],
          [
            47.1300228,
            -16.4231786
          ]
        ]
      },
      "id": "way/182033289"
    },
    {
      "type": "Feature",
      "properties": {
        "@id": "way/182033290",
        "bridge": "yes",
        "highway": "primary",
        "layer": "1",
        "ref": "N 4"
      },
      "geometry": {
        "type": "LineString",
        "coordinates": [
          [
            47.0028594,
            -16.3581969
          ],
          [
            47.0026404,
            -16.3581091
          ]
        ]
      },
      "id": "way/182033290"
    },
    {
      "type": "Feature",
      "properties": {
        "@id": "way/182033291",
        "highway": "primary",
        "ref": "N 4"
      },
      "geometry": {
        "type": "LineString",
        "coordinates": [
          [
            47.0666596,
            -16.3732802
          ],
          [
            47.0653494,
            -16.3729293
          ],
          [
            47.0627344,
            -16.372229
          ],
          [
            47.0597343,
            -16.3714255
          ],
          [
            47.0577303,
            -16.3706401
          ],
          [
            47.0575051,
            -16.3706278
          ],
          [
            47.057253,
            -16.3706824
          ]
        ]
      },
      "id": "way/182033291"
    },
    {
      "type": "Feature",
      "properties": {
        "@id": "way/182033292",
        "highway": "primary",
        "ref": "N 4"
      },
      "geometry": {
        "type": "LineString",
        "coordinates": [
          [
            47.1208223,
            -16.4175625
          ],
          [
            47.1179788,
            -16.4164215
          ],
          [
            47.117571,
            -16.4162578
          ]
        ]
      },
      "id": "way/182033292"
    },
    {
      "type": "Feature",
      "properties": {
        "@id": "way/182033293",
        "highway": "primary",
        "ref": "N 4"
      },
      "geometry": {
        "type": "LineString",
        "coordinates": [
          [
            47.0692968,
            -16.3746367
          ],
          [
            47.0685991,
            -16.3741933
          ],
          [
            47.0684767,
            -16.3741155
          ],
          [
            47.0682933,
            -16.373999
          ],
          [
            47.0679948,
            -16.3738093
          ],
          [
            47.0675322,
            -16.3735154
          ],
          [
            47.0668262,
            -16.3733215
          ]
        ]
      },
      "id": "way/182033293"
    },
    {
      "type": "Feature",
      "properties": {
        "@id": "way/182033294",
        "highway": "primary",
        "ref": "N 4"
      },
      "geometry": {
        "type": "LineString",
        "coordinates": [
          [
            47.1300228,
            -16.4231786
          ],
          [
            47.1290078,
            -16.4223959
          ],
          [
            47.127957,
            -16.4216218
          ],
          [
            47.1277532,
            -16.4214476
          ],
          [
            47.1275895,
            -16.4212778
          ],
          [
            47.1274871,
            -16.4211167
          ],
          [
            47.1274707,
            -16.421091
          ],
          [
            47.1273473,
            -16.4208677
          ],
          [
            47.1270641,
            -16.4204125
          ],
          [
            47.1269407,
            -16.4202754
          ],
          [
            47.1268232,
            -16.4201449
          ],
          [
            47.1265542,
            -16.4199524
          ],
          [
            47.1262082,
            -16.4197642
          ],
          [
            47.1258501,
            -16.4196187
          ],
          [
            47.1214436,
            -16.4178285
          ]
        ]
      },
      "id": "way/182033294"
    },
    {
      "type": "Feature",
      "properties": {
        "@id": "way/182033295",
        "highway": "primary",
        "ref": "N 4"
      },
      "geometry": {
        "type": "LineString",
        "coordinates": [
          [
            47.1374429,
            -16.4266237
          ],
          [
            47.1370116,
            -16.4263811
          ],
          [
            47.1363471,
            -16.4260104
          ],
          [
            47.1356981,
            -16.4257777
          ],
          [
            47.1355688,
            -16.4257445
          ],
          [
            47.1350508,
            -16.4256104
          ],
          [
            47.1348945,
            -16.4255813
          ],
          [
            47.1343169,
            -16.425474
          ],
          [
            47.1341942,
            -16.4254454
          ],
          [
            47.1340578,
            -16.4254136
          ],
          [
            47.1337335,
            -16.425338
          ],
          [
            47.1333406,
            -16.4252314
          ],
          [
            47.1331305,
            -16.4251743
          ],
          [
            47.1329499,
            -16.4251253
          ],
          [
            47.1327303,
            -16.4250657
          ],
          [
            47.1324458,
            -16.4249348
          ],
          [
            47.1321612,
            -16.4247382
          ],
          [
            47.1304385,
            -16.423491
          ]
        ]
      },
      "id": "way/182033295"
    },
    {
      "type": "Feature",
      "properties": {
        "@id": "way/182100465",
        "bridge": "yes",
        "bridge:structure": "truss",
        "highway": "primary",
        "layer": "1",
        "narrow": "yes",
        "ref": "N 4",
        "surface": "metal"
      },
      "geometry": {
        "type": "LineString",
        "coordinates": [
          [
            46.6929625,
            -16.0011421
          ],
          [
            46.6929968,
            -16.0007339
          ]
        ]
      },
      "id": "way/182100465"
    },
    {
      "type": "Feature",
      "properties": {
        "@id": "way/182100466",
        "highway": "primary",
        "ref": "N 4"
      },
      "geometry": {
        "type": "LineString",
        "coordinates": [
          [
            46.6929968,
            -16.0007339
          ],
          [
            46.693021,
            -16.0005006
          ],
          [
            46.693088,
            -16.0003368
          ],
          [
            46.6932221,
            -16.0001426
          ],
          [
            46.6935064,
            -15.9998057
          ],
          [
            46.6938724,
            -15.9993709
          ],
          [
            46.6941304,
            -15.9989494
          ],
          [
            46.6943225,
            -15.998384
          ],
          [
            46.6944742,
            -15.9978056
          ],
          [
            46.6946821,
            -15.997095
          ],
          [
            46.6947561,
            -15.9966154
          ],
          [
            46.6947626,
            -15.9963453
          ],
          [
            46.6947201,
            -15.9953245
          ],
          [
            46.6947061,
            -15.9950689
          ],
          [
            46.6946968,
            -15.9948995
          ],
          [
            46.6946626,
            -15.994276
          ],
          [
            46.6946468,
            -15.99393
          ],
          [
            46.6945718,
            -15.993652
          ],
          [
            46.6943958,
            -15.9934206
          ],
          [
            46.6939968,
            -15.9931492
          ],
          [
            46.6929389,
            -15.9926167
          ],
          [
            46.6919325,
            -15.9921063
          ],
          [
            46.6906907,
            -15.9914523
          ],
          [
            46.6898312,
            -15.9909996
          ],
          [
            46.6890855,
            -15.9899924
          ],
          [
            46.6885411,
            -15.989482
          ],
          [
            46.686599,
            -15.9877801
          ],
          [
            46.6844492,
            -15.9867745
          ],
          [
            46.683748,
            -15.9867243
          ],
          [
            46.6830416,
            -15.9865598
          ],
          [
            46.6826482,
            -15.9863512
          ],
          [
            46.6823124,
            -15.9860328
          ],
          [
            46.6814961,
            -15.9849828
          ],
          [
            46.6806301,
            -15.9820989
          ],
          [
            46.6793637,
            -15.9801992
          ],
          [
            46.6789441,
            -15.9797352
          ]
        ]
      },
      "id": "way/182100466"
    },
    {
      "type": "Feature",
      "properties": {
        "@id": "way/182188868",
        "highway": "primary",
        "ref": "N 4"
      },
      "geometry": {
        "type": "LineString",
        "coordinates": [
          [
            47.0959145,
            -16.5661518
          ],
          [
            47.0962205,
            -16.5656767
          ],
          [
            47.0972416,
            -16.564416
          ],
          [
            47.0974377,
            -16.5641614
          ],
          [
            47.0975972,
            -16.5639042
          ],
          [
            47.097697,
            -16.5636934
          ],
          [
            47.098558,
            -16.5617465
          ],
          [
            47.0985832,
            -16.5616929
          ],
          [
            47.0987312,
            -16.5613776
          ],
          [
            47.0988805,
            -16.5611949
          ],
          [
            47.1001021,
            -16.5598911
          ],
          [
            47.1002487,
            -16.5596876
          ],
          [
            47.1003362,
            -16.559419
          ],
          [
            47.1004861,
            -16.5586847
          ],
          [
            47.1007123,
            -16.5575764
          ],
          [
            47.1007383,
            -16.5574492
          ],
          [
            47.1009198,
            -16.5565599
          ],
          [
            47.1009621,
            -16.5564139
          ],
          [
            47.1010251,
            -16.5561967
          ],
          [
            47.1011723,
            -16.5558365
          ],
          [
            47.1016871,
            -16.5545774
          ],
          [
            47.1019418,
            -16.5539544
          ],
          [
            47.1019752,
            -16.5538728
          ],
          [
            47.1021025,
            -16.5535646
          ],
          [
            47.1022635,
            -16.5531749
          ],
          [
            47.1023841,
            -16.5528829
          ],
          [
            47.1024333,
            -16.5527638
          ],
          [
            47.1027796,
            -16.5519404
          ]
        ]
      },
      "id": "way/182188868"
    },
    {
      "type": "Feature",
      "properties": {
        "@id": "way/182188869",
        "highway": "primary",
        "ref": "N 4"
      },
      "geometry": {
        "type": "LineString",
        "coordinates": [
          [
            46.9758665,
            -17.6529968
          ],
          [
            46.9756715,
            -17.6528881
          ],
          [
            46.9754589,
            -17.6528377
          ],
          [
            46.9750107,
            -17.6527956
          ],
          [
            46.9746632,
            -17.652717
          ],
          [
            46.9738792,
            -17.6522337
          ],
          [
            46.9737627,
            -17.6521822
          ],
          [
            46.9736231,
            -17.6521465
          ],
          [
            46.9734975,
            -17.6521221
          ],
          [
            46.9733567,
            -17.652133
          ],
          [
            46.9731984,
            -17.6521658
          ],
          [
            46.9730087,
            -17.6522141
          ],
          [
            46.9728318,
            -17.6523157
          ],
          [
            46.972648,
            -17.6524721
          ],
          [
            46.9722448,
            -17.6528691
          ],
          [
            46.9720311,
            -17.6530164
          ],
          [
            46.9715651,
            -17.6531756
          ],
          [
            46.9711408,
            -17.6531016
          ],
          [
            46.9687313,
            -17.6517996
          ],
          [
            46.9684072,
            -17.651533
          ],
          [
            46.9681577,
            -17.65124
          ],
          [
            46.968125,
            -17.6511913
          ],
          [
            46.968071,
            -17.6511111
          ],
          [
            46.9678911,
            -17.6507968
          ],
          [
            46.9676639,
            -17.6503211
          ],
          [
            46.9674807,
            -17.6499916
          ],
          [
            46.9672524,
            -17.6497866
          ],
          [
            46.9669585,
            -17.6496433
          ],
          [
            46.9665255,
            -17.6495155
          ],
          [
            46.9661419,
            -17.6493731
          ],
          [
            46.9657298,
            -17.6491466
          ],
          [
            46.9654782,
            -17.6489752
          ],
          [
            46.9651671,
            -17.6487407
          ],
          [
            46.9647834,
            -17.6484667
          ],
          [
            46.964484,
            -17.6481967
          ],
          [
            46.9642773,
            -17.6478731
          ],
          [
            46.9641603,
            -17.6476368
          ]
        ]
      },
      "id": "way/182188869"
    },
    {
      "type": "Feature",
      "properties": {
        "@id": "way/182188870",
        "highway": "primary",
        "ref": "N 4"
      },
      "geometry": {
        "type": "LineString",
        "coordinates": [
          [
            46.9337477,
            -17.59443
          ],
          [
            46.9336737,
            -17.5942032
          ],
          [
            46.9336513,
            -17.5940018
          ],
          [
            46.9336755,
            -17.593779
          ],
          [
            46.9337351,
            -17.5935845
          ],
          [
            46.9338411,
            -17.5934613
          ],
          [
            46.9339003,
            -17.5933939
          ],
          [
            46.9340293,
            -17.5932566
          ],
          [
            46.9345738,
            -17.592853
          ],
          [
            46.9347383,
            -17.5927017
          ],
          [
            46.9348357,
            -17.5925303
          ],
          [
            46.9348885,
            -17.5922875
          ],
          [
            46.9349266,
            -17.5916826
          ],
          [
            46.9349603,
            -17.5915418
          ],
          [
            46.9351058,
            -17.5913543
          ],
          [
            46.9354239,
            -17.59107
          ],
          [
            46.9355689,
            -17.5908578
          ],
          [
            46.9356476,
            -17.5906205
          ],
          [
            46.9357898,
            -17.589856
          ],
          [
            46.9359416,
            -17.5894658
          ],
          [
            46.9365785,
            -17.5883573
          ],
          [
            46.9367849,
            -17.588079
          ],
          [
            46.9370799,
            -17.5877978
          ],
          [
            46.9374357,
            -17.5876106
          ],
          [
            46.9378497,
            -17.5874833
          ],
          [
            46.9383074,
            -17.587314
          ],
          [
            46.9398238,
            -17.5865782
          ],
          [
            46.9414687,
            -17.5858922
          ],
          [
            46.9416656,
            -17.5857723
          ],
          [
            46.9418641,
            -17.5856496
          ],
          [
            46.9420662,
            -17.5853816
          ],
          [
            46.942202,
            -17.5850922
          ]
        ]
      },
      "id": "way/182188870"
    },
    {
      "type": "Feature",
      "properties": {
        "@id": "way/182188871",
        "highway": "primary",
        "ref": "N 4"
      },
      "geometry": {
        "type": "LineString",
        "coordinates": [
          [
            47.0754817,
            -16.7036083
          ],
          [
            47.0752752,
            -16.7035653
          ],
          [
            47.0750718,
            -16.7035514
          ],
          [
            47.0740726,
            -16.7035033
          ],
          [
            47.0737304,
            -16.7033859
          ],
          [
            47.0735429,
            -16.7032723
          ],
          [
            47.0731778,
            -16.7029799
          ],
          [
            47.071833,
            -16.7016141
          ],
          [
            47.0716369,
            -16.7013291
          ],
          [
            47.0715859,
            -16.7012549
          ],
          [
            47.0711875,
            -16.7005343
          ],
          [
            47.0706394,
            -16.6995763
          ],
          [
            47.0700017,
            -16.6984321
          ],
          [
            47.0697715,
            -16.6980191
          ],
          [
            47.0695181,
            -16.697565
          ],
          [
            47.0694335,
            -16.6973743
          ],
          [
            47.0694107,
            -16.6972471
          ],
          [
            47.0693991,
            -16.6970188
          ],
          [
            47.0694273,
            -16.6969086
          ],
          [
            47.0694563,
            -16.6967887
          ],
          [
            47.0694957,
            -16.6966375
          ],
          [
            47.0695703,
            -16.6964853
          ],
          [
            47.0697795,
            -16.6962567
          ],
          [
            47.0703056,
            -16.6957112
          ],
          [
            47.0705189,
            -16.6954724
          ],
          [
            47.0706051,
            -16.6953704
          ],
          [
            47.0711045,
            -16.6947794
          ],
          [
            47.071719,
            -16.6940628
          ],
          [
            47.0726562,
            -16.6929343
          ]
        ]
      },
      "id": "way/182188871"
    },
    {
      "type": "Feature",
      "properties": {
        "@id": "way/182188872",
        "bridge": "yes",
        "highway": "primary",
        "layer": "1",
        "narrow": "yes",
        "ref": "N 4"
      },
      "geometry": {
        "type": "LineString",
        "coordinates": [
          [
            47.0753216,
            -16.6824776
          ],
          [
            47.0754072,
            -16.6820315
          ]
        ]
      },
      "id": "way/182188872"
    },
    {
      "type": "Feature",
      "properties": {
        "@id": "way/182188873",
        "bridge": "yes",
        "highway": "primary",
        "layer": "1",
        "ref": "N 4"
      },
      "geometry": {
        "type": "LineString",
        "coordinates": [
          [
            46.9761364,
            -17.6532195
          ],
          [
            46.9758665,
            -17.6529968
          ]
        ]
      },
      "id": "way/182188873"
    },
    {
      "type": "Feature",
      "properties": {
        "@id": "way/182188874",
        "bridge": "yes",
        "highway": "primary",
        "layer": "1",
        "narrow": "yes",
        "ref": "N 4"
      },
      "geometry": {
        "type": "LineString",
        "coordinates": [
          [
            46.9338102,
            -17.5946695
          ],
          [
            46.9337477,
            -17.59443
          ]
        ]
      },
      "id": "way/182188874"
    },
    {
      "type": "Feature",
      "properties": {
        "@id": "way/182188876",
        "bridge": "yes",
        "highway": "primary",
        "layer": "1",
        "narrow": "yes",
        "obstacle": "unevenness",
        "ref": "N 4"
      },
      "geometry": {
        "type": "LineString",
        "coordinates": [
          [
            47.0738208,
            -16.6716436
          ],
          [
            47.0738129,
            -16.6715135
          ]
        ]
      },
      "id": "way/182188876"
    },
    {
      "type": "Feature",
      "properties": {
        "@id": "way/182188877",
        "bridge": "yes",
        "highway": "primary",
        "layer": "1",
        "narrow": "yes",
        "ref": "N 4"
      },
      "geometry": {
        "type": "LineString",
        "coordinates": [
          [
            47.0956084,
            -16.5666408
          ],
          [
            47.0959145,
            -16.5661518
          ]
        ]
      },
      "id": "way/182188877"
    },
    {
      "type": "Feature",
      "properties": {
        "@id": "way/182188878",
        "bridge": "yes",
        "highway": "primary",
        "layer": "1",
        "ref": "N 4"
      },
      "geometry": {
        "type": "LineString",
        "coordinates": [
          [
            46.9301459,
            -17.3558205
          ],
          [
            46.9301589,
            -17.3551282
          ]
        ]
      },
      "id": "way/182188878"
    },
    {
      "type": "Feature",
      "properties": {
        "@id": "way/182188879",
        "bridge": "yes",
        "highway": "primary",
        "layer": "1",
        "narrow": "yes",
        "ref": "N 4"
      },
      "geometry": {
        "type": "LineString",
        "coordinates": [
          [
            47.0741223,
            -16.6754029
          ],
          [
            47.0740761,
            -16.6752708
          ]
        ]
      },
      "id": "way/182188879"
    },
    {
      "type": "Feature",
      "properties": {
        "@id": "way/182188880",
        "bridge": "yes",
        "highway": "primary",
        "layer": "1",
        "ref": "N 4"
      },
      "geometry": {
        "type": "LineString",
        "coordinates": [
          [
            46.9386112,
            -17.3280295
          ],
          [
            46.9391804,
            -17.3277476
          ]
        ]
      },
      "id": "way/182188880"
    },
    {
      "type": "Feature",
      "properties": {
        "@id": "way/182188881",
        "highway": "primary",
        "ref": "N 4"
      },
      "geometry": {
        "type": "LineString",
        "coordinates": [
          [
            46.9301589,
            -17.3551282
          ],
          [
            46.9302125,
            -17.3542317
          ],
          [
            46.9302966,
            -17.353395
          ],
          [
            46.9304629,
            -17.3525758
          ],
          [
            46.9308428,
            -17.350965
          ],
          [
            46.9309179,
            -17.3504043
          ],
          [
            46.9308339,
            -17.3500972
          ],
          [
            46.9305797,
            -17.3488564
          ],
          [
            46.9306202,
            -17.3484842
          ],
          [
            46.9307486,
            -17.3481031
          ],
          [
            46.9311593,
            -17.3472015
          ],
          [
            46.9315894,
            -17.3459373
          ],
          [
            46.9318755,
            -17.3448691
          ],
          [
            46.9319257,
            -17.3443675
          ],
          [
            46.9319881,
            -17.3437478
          ],
          [
            46.9321352,
            -17.3434438
          ],
          [
            46.9323431,
            -17.3431491
          ],
          [
            46.932605,
            -17.3427953
          ],
          [
            46.9327653,
            -17.3423666
          ],
          [
            46.9328501,
            -17.3420124
          ],
          [
            46.9328983,
            -17.341636
          ],
          [
            46.9330049,
            -17.3408937
          ],
          [
            46.933121,
            -17.3404583
          ],
          [
            46.9332729,
            -17.3400097
          ],
          [
            46.9335062,
            -17.3394414
          ],
          [
            46.9336189,
            -17.3387245
          ],
          [
            46.9335545,
            -17.337982
          ],
          [
            46.9335492,
            -17.3375365
          ],
          [
            46.933839,
            -17.3367621
          ],
          [
            46.9341912,
            -17.3354656
          ],
          [
            46.9345631,
            -17.3338598
          ],
          [
            46.9347602,
            -17.3334155
          ],
          [
            46.935062,
            -17.3330661
          ],
          [
            46.9361663,
            -17.332082
          ],
          [
            46.9363655,
            -17.3316885
          ],
          [
            46.936446,
            -17.3313352
          ],
          [
            46.936623,
            -17.3302701
          ],
          [
            46.9369144,
            -17.3295922
          ],
          [
            46.9371272,
            -17.3292766
          ],
          [
            46.9374742,
            -17.3288137
          ],
          [
            46.9379842,
            -17.3284033
          ],
          [
            46.9386112,
            -17.3280295
          ]
        ]
      },
      "id": "way/182188881"
    },
    {
      "type": "Feature",
      "properties": {
        "@id": "way/182188882",
        "highway": "primary",
        "ref": "N 4"
      },
      "geometry": {
        "type": "LineString",
        "coordinates": [
          [
            47.0740761,
            -16.6752708
          ],
          [
            47.0739426,
            -16.6746879
          ],
          [
            47.0739396,
            -16.6742765
          ],
          [
            47.0739514,
            -16.6739369
          ],
          [
            47.0739104,
            -16.672748
          ],
          [
            47.0738208,
            -16.6716436
          ]
        ]
      },
      "id": "way/182188882"
    },
    {
      "type": "Feature",
      "properties": {
        "@id": "way/182188883",
        "highway": "primary",
        "ref": "N 4"
      },
      "geometry": {
        "type": "LineString",
        "coordinates": [
          [
            47.0754072,
            -16.6820315
          ],
          [
            47.075547,
            -16.6812605
          ]
        ]
      },
      "id": "way/182188883"
    },
    {
      "type": "Feature",
      "properties": {
        "@id": "way/182188884",
        "highway": "primary",
        "ref": "N 4"
      },
      "geometry": {
        "type": "LineString",
        "coordinates": [
          [
            47.0738129,
            -16.6715135
          ],
          [
            47.0737225,
            -16.6700353
          ]
        ]
      },
      "id": "way/182188884"
    },
    {
      "type": "Feature",
      "properties": {
        "@id": "way/182188885",
        "highway": "primary",
        "ref": "N 4"
      },
      "geometry": {
        "type": "LineString",
        "coordinates": [
          [
            46.9391804,
            -17.3277476
          ],
          [
            46.9399741,
            -17.3273941
          ],
          [
            46.9403388,
            -17.3271801
          ],
          [
            46.9406515,
            -17.3269518
          ],
          [
            46.9411595,
            -17.3264017
          ],
          [
            46.9423558,
            -17.3247937
          ],
          [
            46.9442029,
            -17.3228088
          ],
          [
            46.9445738,
            -17.3222823
          ],
          [
            46.9447447,
            -17.3219484
          ],
          [
            46.9447876,
            -17.32159
          ],
          [
            46.9446642,
            -17.3210266
          ],
          [
            46.9446089,
            -17.3207736
          ],
          [
            46.9445891,
            -17.3204787
          ],
          [
            46.9446696,
            -17.3201458
          ],
          [
            46.9453389,
            -17.3185117
          ],
          [
            46.9456728,
            -17.3180154
          ],
          [
            46.9459553,
            -17.3176343
          ],
          [
            46.9462307,
            -17.3172626
          ],
          [
            46.9466095,
            -17.3168739
          ],
          [
            46.9470783,
            -17.3164482
          ],
          [
            46.9476308,
            -17.31589
          ],
          [
            46.9478864,
            -17.3157033
          ],
          [
            46.9483228,
            -17.3155367
          ],
          [
            46.9493993,
            -17.3152632
          ],
          [
            46.9497927,
            -17.3151475
          ],
          [
            46.9500926,
            -17.3150375
          ],
          [
            46.9504686,
            -17.3147992
          ],
          [
            46.9518257,
            -17.3135598
          ],
          [
            46.9530006,
            -17.3124485
          ],
          [
            46.9531857,
            -17.312236
          ],
          [
            46.9533368,
            -17.3119957
          ],
          [
            46.9534109,
            -17.3117289
          ],
          [
            46.9534111,
            -17.3113938
          ],
          [
            46.9534216,
            -17.3106791
          ],
          [
            46.9534709,
            -17.310403
          ],
          [
            46.953606,
            -17.310134
          ],
          [
            46.9541942,
            -17.3093526
          ],
          [
            46.9549746,
            -17.3082592
          ],
          [
            46.9551162,
            -17.3079799
          ],
          [
            46.95518,
            -17.3078542
          ],
          [
            46.9552457,
            -17.3075793
          ],
          [
            46.9552723,
            -17.3074678
          ],
          [
            46.9552465,
            -17.3071303
          ],
          [
            46.9551437,
            -17.3068072
          ],
          [
            46.9549995,
            -17.3063867
          ],
          [
            46.9549857,
            -17.3062549
          ],
          [
            46.9550092,
            -17.3061316
          ],
          [
            46.9551714,
            -17.3058807
          ],
          [
            46.9553127,
            -17.3056037
          ],
          [
            46.9553454,
            -17.3054286
          ]
        ]
      },
      "id": "way/182188885"
    },
    {
      "type": "Feature",
      "properties": {
        "@id": "way/182313987",
        "highway": "primary",
        "ref": "N 4"
      },
      "geometry": {
        "type": "LineString",
        "coordinates": [
          [
            47.0841932,
            -16.3834233
          ],
          [
            47.0832425,
            -16.382893
          ],
          [
            47.0831025,
            -16.3827906
          ],
          [
            47.0830298,
            -16.3827332
          ],
          [
            47.082976,
            -16.3826907
          ],
          [
            47.0828328,
            -16.3825123
          ],
          [
            47.0821743,
            -16.3815521
          ],
          [
            47.0820722,
            -16.3814354
          ],
          [
            47.081827,
            -16.3811553
          ],
          [
            47.0818117,
            -16.3811378
          ],
          [
            47.0815365,
            -16.3809258
          ],
          [
            47.0812454,
            -16.3806986
          ],
          [
            47.0810395,
            -16.3805885
          ],
          [
            47.0809468,
            -16.3805513
          ],
          [
            47.0808169,
            -16.3804992
          ],
          [
            47.0808087,
            -16.3804959
          ],
          [
            47.0804836,
            -16.3804792
          ],
          [
            47.0804339,
            -16.3804808
          ],
          [
            47.0795568,
            -16.380508
          ],
          [
            47.0792985,
            -16.380516
          ],
          [
            47.0790242,
            -16.3805246
          ],
          [
            47.0784231,
            -16.3805432
          ],
          [
            47.078312,
            -16.3805467
          ],
          [
            47.0777942,
            -16.3805628
          ],
          [
            47.0770378,
            -16.3805737
          ],
          [
            47.0769369,
            -16.3805751
          ],
          [
            47.076912,
            -16.3805755
          ],
          [
            47.0767204,
            -16.3805438
          ],
          [
            47.0765336,
            -16.3804936
          ],
          [
            47.0764223,
            -16.3804426
          ],
          [
            47.0762662,
            -16.3803711
          ],
          [
            47.0761689,
            -16.3803121
          ],
          [
            47.0761523,
            -16.380302
          ],
          [
            47.0754754,
            -16.3798667
          ],
          [
            47.0750187,
            -16.3795729
          ],
          [
            47.0747552,
            -16.3794035
          ],
          [
            47.0741905,
            -16.3790448
          ],
          [
            47.0741476,
            -16.3790176
          ],
          [
            47.0732933,
            -16.378475
          ],
          [
            47.0729542,
            -16.3781586
          ],
          [
            47.0727125,
            -16.3778781
          ],
          [
            47.0723206,
            -16.3772728
          ],
          [
            47.0714579,
            -16.3759405
          ],
          [
            47.071341,
            -16.3757996
          ],
          [
            47.0710722,
            -16.3755909
          ],
          [
            47.0697651,
            -16.3748884
          ],
          [
            47.0692968,
            -16.3746367
          ]
        ]
      },
      "id": "way/182313987"
    },
    {
      "type": "Feature",
      "properties": {
        "@id": "way/182313988",
        "bridge": "yes",
        "highway": "primary",
        "layer": "1",
        "ref": "N 4"
      },
      "geometry": {
        "type": "LineString",
        "coordinates": [
          [
            47.0843858,
            -16.3835355
          ],
          [
            47.0841932,
            -16.3834233
          ]
        ]
      },
      "id": "way/182313988"
    },
    {
      "type": "Feature",
      "properties": {
        "@id": "way/182313989",
        "bridge": "yes",
        "highway": "primary",
        "layer": "1",
        "ref": "N 4"
      },
      "geometry": {
        "type": "LineString",
        "coordinates": [
          [
            46.917869,
            -16.3709578
          ],
          [
            46.9173999,
            -16.3709292
          ]
        ]
      },
      "id": "way/182313989"
    },
    {
      "type": "Feature",
      "properties": {
        "@id": "way/182313990",
        "bridge": "yes",
        "bridge:structure": "truss",
        "highway": "primary",
        "layer": "1",
        "narrow": "yes",
        "ref": "N 4",
        "surface": "metal"
      },
      "geometry": {
        "type": "LineString",
        "coordinates": [
          [
            46.9883581,
            -16.362437
          ],
          [
            46.9881745,
            -16.3625143
          ]
        ]
      },
      "id": "way/182313990"
    },
    {
      "type": "Feature",
      "properties": {
        "@id": "way/182313991",
        "highway": "primary",
        "ref": "N 4"
      },
      "geometry": {
        "type": "LineString",
        "coordinates": [
          [
            46.9881745,
            -16.3625143
          ],
          [
            46.9881153,
            -16.3625385
          ],
          [
            46.9879582,
            -16.3626027
          ],
          [
            46.9876081,
            -16.3627458
          ],
          [
            46.9871646,
            -16.3628556
          ],
          [
            46.9867223,
            -16.3628812
          ],
          [
            46.984361,
            -16.362945
          ],
          [
            46.9830458,
            -16.3629806
          ],
          [
            46.9827605,
            -16.3629883
          ],
          [
            46.9821345,
            -16.3630196
          ],
          [
            46.9811789,
            -16.3631732
          ],
          [
            46.980286,
            -16.3633338
          ],
          [
            46.9800013,
            -16.3634067
          ],
          [
            46.9795069,
            -16.3635966
          ],
          [
            46.97863,
            -16.3639632
          ],
          [
            46.9776296,
            -16.3643663
          ],
          [
            46.9774448,
            -16.3644678
          ],
          [
            46.9772525,
            -16.3646159
          ],
          [
            46.9761359,
            -16.3657508
          ],
          [
            46.9759787,
            -16.3659106
          ],
          [
            46.975334,
            -16.3665801
          ],
          [
            46.9752541,
            -16.3666631
          ],
          [
            46.9745622,
            -16.3673815
          ],
          [
            46.9744256,
            -16.3675179
          ],
          [
            46.9736514,
            -16.368047
          ],
          [
            46.972934,
            -16.3685269
          ],
          [
            46.9722141,
            -16.3690028
          ],
          [
            46.9719518,
            -16.3691556
          ],
          [
            46.9713019,
            -16.3694058
          ],
          [
            46.971065,
            -16.3695266
          ],
          [
            46.9709997,
            -16.3695912
          ],
          [
            46.970897,
            -16.3697134
          ],
          [
            46.9700862,
            -16.3711803
          ],
          [
            46.9700703,
            -16.3712059
          ],
          [
            46.9699441,
            -16.3714085
          ],
          [
            46.9698819,
            -16.371482
          ],
          [
            46.9697791,
            -16.3716036
          ],
          [
            46.9696172,
            -16.3717099
          ],
          [
            46.9691549,
            -16.3719406
          ],
          [
            46.967641,
            -16.3726959
          ],
          [
            46.9671788,
            -16.3729318
          ],
          [
            46.9653713,
            -16.3734305
          ],
          [
            46.9653086,
            -16.3734478
          ],
          [
            46.9652813,
            -16.3734553
          ],
          [
            46.9650125,
            -16.3735441
          ],
          [
            46.9648765,
            -16.3736292
          ],
          [
            46.9647894,
            -16.3737567
          ],
          [
            46.9646345,
            -16.3741291
          ],
          [
            46.9639004,
            -16.3758935
          ],
          [
            46.9636205,
            -16.3765663
          ],
          [
            46.9635022,
            -16.3768562
          ],
          [
            46.9634303,
            -16.3770322
          ],
          [
            46.9633964,
            -16.3771153
          ],
          [
            46.9633339,
            -16.377228
          ],
          [
            46.9631657,
            -16.377432
          ],
          [
            46.9629283,
            -16.3776422
          ],
          [
            46.9628789,
            -16.3776851
          ],
          [
            46.9622844,
            -16.3781774
          ],
          [
            46.9620452,
            -16.3783875
          ],
          [
            46.9619724,
            -16.3784478
          ],
          [
            46.9618606,
            -16.3785403
          ],
          [
            46.9616542,
            -16.3787112
          ],
          [
            46.9615352,
            -16.3788227
          ],
          [
            46.9614469,
            -16.3789188
          ],
          [
            46.9613663,
            -16.3790423
          ],
          [
            46.961146,
            -16.3794703
          ],
          [
            46.960978,
            -16.3798124
          ],
          [
            46.9608619,
            -16.3800158
          ],
          [
            46.9608084,
            -16.3800846
          ],
          [
            46.9607661,
            -16.3801231
          ],
          [
            46.9606857,
            -16.3801961
          ],
          [
            46.960498,
            -16.3803138
          ]
        ]
      },
      "id": "way/182313991"
    },
    {
      "type": "Feature",
      "properties": {
        "@id": "way/182313992",
        "highway": "primary",
        "ref": "N 4"
      },
      "geometry": {
        "type": "LineString",
        "coordinates": [
          [
            46.9173999,
            -16.3709292
          ],
          [
            46.9171844,
            -16.3708671
          ],
          [
            46.9170092,
            -16.3707729
          ],
          [
            46.9168384,
            -16.3705803
          ],
          [
            46.9166878,
            -16.3704155
          ],
          [
            46.9164575,
            -16.3702049
          ],
          [
            46.9163353,
            -16.3701598
          ],
          [
            46.91513,
            -16.3697153
          ],
          [
            46.9145196,
            -16.369612
          ],
          [
            46.9090079,
            -16.3696303
          ],
          [
            46.9083327,
            -16.3695977
          ],
          [
            46.9078479,
            -16.3694116
          ],
          [
            46.9074724,
            -16.3691658
          ],
          [
            46.9071076,
            -16.3687579
          ],
          [
            46.9069294,
            -16.3682989
          ],
          [
            46.9065557,
            -16.3672922
          ],
          [
            46.9063454,
            -16.3667258
          ],
          [
            46.9060635,
            -16.3659662
          ],
          [
            46.9060265,
            -16.3655006
          ],
          [
            46.9061371,
            -16.3651
          ],
          [
            46.9062894,
            -16.3647592
          ],
          [
            46.9064797,
            -16.3644305
          ],
          [
            46.906873,
            -16.3637877
          ],
          [
            46.9076313,
            -16.3624662
          ],
          [
            46.9077242,
            -16.3620196
          ],
          [
            46.9076962,
            -16.3616003
          ],
          [
            46.9075131,
            -16.3610166
          ],
          [
            46.9067311,
            -16.3594164
          ],
          [
            46.9064293,
            -16.3590733
          ],
          [
            46.9058636,
            -16.3588446
          ],
          [
            46.9056848,
            -16.358485
          ],
          [
            46.9058308,
            -16.3580831
          ],
          [
            46.9058971,
            -16.3577351
          ],
          [
            46.9058956,
            -16.3574003
          ],
          [
            46.9054591,
            -16.3560673
          ],
          [
            46.9052281,
            -16.3555998
          ],
          [
            46.9049033,
            -16.3551332
          ],
          [
            46.9048625,
            -16.3550958
          ],
          [
            46.9044651,
            -16.3547319
          ],
          [
            46.9040282,
            -16.3543996
          ],
          [
            46.9035121,
            -16.3541515
          ],
          [
            46.9024848,
            -16.353906
          ],
          [
            46.9013226,
            -16.3537014
          ],
          [
            46.901134,
            -16.3536487
          ],
          [
            46.9003685,
            -16.3535688
          ],
          [
            46.8993689,
            -16.3535559
          ],
          [
            46.899248,
            -16.3535342
          ],
          [
            46.8988974,
            -16.3534345
          ],
          [
            46.8986682,
            -16.3533374
          ],
          [
            46.8979684,
            -16.352822
          ],
          [
            46.8976533,
            -16.3526302
          ],
          [
            46.8971712,
            -16.3525379
          ],
          [
            46.8958426,
            -16.3528382
          ],
          [
            46.8953099,
            -16.3530284
          ],
          [
            46.8948336,
            -16.3532297
          ],
          [
            46.8944247,
            -16.3532806
          ],
          [
            46.8940165,
            -16.3532032
          ],
          [
            46.8934967,
            -16.352982
          ],
          [
            46.8928799,
            -16.3528735
          ],
          [
            46.8914182,
            -16.352884
          ],
          [
            46.8912279,
            -16.3529016
          ],
          [
            46.8911166,
            -16.3528477
          ],
          [
            46.8878544,
            -16.3509924
          ],
          [
            46.887758,
            -16.3509365
          ],
          [
            46.8876094,
            -16.3508502
          ],
          [
            46.8875803,
            -16.3508395
          ],
          [
            46.8871656,
            -16.3506872
          ],
          [
            46.8867862,
            -16.3506268
          ],
          [
            46.885293,
            -16.350389
          ],
          [
            46.883901,
            -16.3501673
          ],
          [
            46.8834196,
            -16.3500396
          ],
          [
            46.8832217,
            -16.349929
          ],
          [
            46.8830554,
            -16.3498387
          ],
          [
            46.882758,
            -16.3496616
          ],
          [
            46.8824095,
            -16.3494541
          ],
          [
            46.8783319,
            -16.3470263
          ],
          [
            46.8782644,
            -16.3469861
          ],
          [
            46.8776981,
            -16.3466474
          ]
        ]
      },
      "id": "way/182313992"
    },
    {
      "type": "Feature",
      "properties": {
        "@id": "way/182489316",
        "highway": "primary",
        "ref": "N 4"
      },
      "geometry": {
        "type": "LineString",
        "coordinates": [
          [
            47.1067786,
            -16.5481082
          ],
          [
            47.1073178,
            -16.5474713
          ],
          [
            47.1074716,
            -16.5473156
          ],
          [
            47.107655,
            -16.5471529
          ],
          [
            47.107887,
            -16.5470044
          ],
          [
            47.1082463,
            -16.5468357
          ],
          [
            47.110487,
            -16.545784
          ],
          [
            47.1107684,
            -16.5456493
          ],
          [
            47.1108441,
            -16.5456131
          ],
          [
            47.111207,
            -16.5455041
          ],
          [
            47.111911,
            -16.5453765
          ],
          [
            47.1126263,
            -16.5452469
          ],
          [
            47.1129202,
            -16.5451811
          ],
          [
            47.1132207,
            -16.5450499
          ],
          [
            47.113353,
            -16.5449794
          ],
          [
            47.1147204,
            -16.5442508
          ],
          [
            47.1156704,
            -16.5437446
          ],
          [
            47.1163408,
            -16.5433874
          ],
          [
            47.1165146,
            -16.5432853
          ],
          [
            47.1165827,
            -16.5432622
          ],
          [
            47.1173069,
            -16.5428786
          ],
          [
            47.1175652,
            -16.5427418
          ],
          [
            47.1178505,
            -16.5426014
          ],
          [
            47.1182672,
            -16.5423819
          ],
          [
            47.1189203,
            -16.5420379
          ],
          [
            47.1192746,
            -16.5418483
          ],
          [
            47.1193058,
            -16.5418316
          ],
          [
            47.1196332,
            -16.5416564
          ],
          [
            47.1201453,
            -16.5413822
          ],
          [
            47.1203402,
            -16.5412779
          ],
          [
            47.1213771,
            -16.5407228
          ],
          [
            47.1215983,
            -16.5405802
          ],
          [
            47.1216369,
            -16.5405553
          ],
          [
            47.1216822,
            -16.5405176
          ],
          [
            47.1218281,
            -16.5403961
          ],
          [
            47.1220254,
            -16.5401492
          ],
          [
            47.1222205,
            -16.5398183
          ],
          [
            47.122499,
            -16.5393817
          ],
          [
            47.1228857,
            -16.5387755
          ],
          [
            47.1229871,
            -16.5386165
          ],
          [
            47.1234111,
            -16.5379518
          ],
          [
            47.1237352,
            -16.5374263
          ],
          [
            47.1237798,
            -16.5373541
          ],
          [
            47.1239535,
            -16.5371659
          ],
          [
            47.1241229,
            -16.5370559
          ],
          [
            47.1241856,
            -16.5370203
          ],
          [
            47.1242618,
            -16.536987
          ],
          [
            47.1244004,
            -16.5369264
          ],
          [
            47.1244645,
            -16.5368904
          ],
          [
            47.1246794,
            -16.5367465
          ],
          [
            47.1251316,
            -16.5363574
          ]
        ]
      },
      "id": "way/182489316"
    },
    {
      "type": "Feature",
      "properties": {
        "@id": "way/182489317",
        "bridge": "yes",
        "highway": "primary",
        "layer": "1",
        "narrow": "yes",
        "obstacle": "unevenness",
        "ref": "N 4"
      },
      "geometry": {
        "type": "LineString",
        "coordinates": [
          [
            47.0787284,
            -16.6567942
          ],
          [
            47.0788608,
            -16.6566905
          ]
        ]
      },
      "id": "way/182489317"
    },
    {
      "type": "Feature",
      "properties": {
        "@id": "way/182489318",
        "bridge": "yes",
        "highway": "primary",
        "layer": "1",
        "ref": "N 4"
      },
      "geometry": {
        "type": "LineString",
        "coordinates": [
          [
            47.106697,
            -16.548206
          ],
          [
            47.1067786,
            -16.5481082
          ]
        ]
      },
      "id": "way/182489318"
    },
    {
      "type": "Feature",
      "properties": {
        "@id": "way/182489319",
        "bridge": "yes",
        "highway": "primary",
        "layer": "1",
        "ref": "N 4"
      },
      "geometry": {
        "type": "LineString",
        "coordinates": [
          [
            46.9304367,
            -17.607643
          ],
          [
            46.9302676,
            -17.6074001
          ]
        ]
      },
      "id": "way/182489319"
    },
    {
      "type": "Feature",
      "properties": {
        "@id": "way/182489320",
        "highway": "primary",
        "ref": "N 4"
      },
      "geometry": {
        "type": "LineString",
        "coordinates": [
          [
            46.9302676,
            -17.6074001
          ],
          [
            46.9299268,
            -17.6069081
          ],
          [
            46.9294805,
            -17.606264
          ],
          [
            46.9294317,
            -17.6061117
          ],
          [
            46.9294571,
            -17.6059619
          ],
          [
            46.9295118,
            -17.6058236
          ],
          [
            46.9296502,
            -17.6054659
          ],
          [
            46.9297538,
            -17.6050385
          ],
          [
            46.9299442,
            -17.6039711
          ],
          [
            46.9300176,
            -17.6035242
          ],
          [
            46.9300277,
            -17.6032046
          ],
          [
            46.9300337,
            -17.6027086
          ],
          [
            46.9300096,
            -17.6024606
          ],
          [
            46.9300223,
            -17.6022101
          ],
          [
            46.9302192,
            -17.6016945
          ],
          [
            46.930254,
            -17.6015048
          ],
          [
            46.9302718,
            -17.6013543
          ],
          [
            46.9301776,
            -17.6006884
          ],
          [
            46.9299886,
            -17.5992955
          ],
          [
            46.9299022,
            -17.5989116
          ],
          [
            46.9297999,
            -17.5986308
          ],
          [
            46.9295837,
            -17.5980376
          ],
          [
            46.9295335,
            -17.5978779
          ],
          [
            46.9295375,
            -17.5977666
          ],
          [
            46.9295483,
            -17.5976509
          ],
          [
            46.9295657,
            -17.5975449
          ],
          [
            46.9296235,
            -17.5973852
          ],
          [
            46.9297625,
            -17.5971731
          ],
          [
            46.9299266,
            -17.5970209
          ],
          [
            46.9300575,
            -17.5969332
          ],
          [
            46.9301982,
            -17.5968691
          ],
          [
            46.9304601,
            -17.5968156
          ],
          [
            46.9306719,
            -17.5968164
          ],
          [
            46.930988,
            -17.5968365
          ],
          [
            46.9319774,
            -17.5968994
          ],
          [
            46.932496,
            -17.5968974
          ],
          [
            46.9326265,
            -17.5968968
          ],
          [
            46.9328188,
            -17.5968619
          ],
          [
            46.9330825,
            -17.5967537
          ],
          [
            46.9332595,
            -17.5966718
          ],
          [
            46.9335551,
            -17.5964442
          ],
          [
            46.9337101,
            -17.596273
          ],
          [
            46.9338076,
            -17.5961099
          ],
          [
            46.9338955,
            -17.5959138
          ],
          [
            46.9339435,
            -17.5956824
          ],
          [
            46.9339542,
            -17.595411
          ],
          [
            46.933883,
            -17.5949894
          ],
          [
            46.9338738,
            -17.5949347
          ],
          [
            46.9338102,
            -17.5946695
          ]
        ]
      },
      "id": "way/182489320"
    },
    {
      "type": "Feature",
      "properties": {
        "@id": "way/182489321",
        "highway": "primary",
        "ref": "N 4"
      },
      "geometry": {
        "type": "LineString",
        "coordinates": [
          [
            47.0788608,
            -16.6566905
          ],
          [
            47.0811807,
            -16.6549617
          ],
          [
            47.0814433,
            -16.6547178
          ],
          [
            47.0817395,
            -16.6542622
          ],
          [
            47.0819058,
            -16.6540207
          ],
          [
            47.0821206,
            -16.653843
          ],
          [
            47.0834431,
            -16.6530935
          ],
          [
            47.0836868,
            -16.6529003
          ],
          [
            47.0837619,
            -16.6527769
          ],
          [
            47.0840408,
            -16.6518827
          ],
          [
            47.0841323,
            -16.6516865
          ],
          [
            47.0847299,
            -16.6511936
          ],
          [
            47.0848856,
            -16.6509569
          ],
          [
            47.0849643,
            -16.6505452
          ],
          [
            47.0853297,
            -16.6486365
          ],
          [
            47.0854474,
            -16.6480583
          ],
          [
            47.085634,
            -16.6476837
          ],
          [
            47.0858747,
            -16.647348
          ],
          [
            47.0860042,
            -16.6470207
          ],
          [
            47.0860079,
            -16.6456751
          ],
          [
            47.0860364,
            -16.6454068
          ],
          [
            47.086159,
            -16.6450775
          ],
          [
            47.0873997,
            -16.6423753
          ],
          [
            47.0875662,
            -16.6420639
          ],
          [
            47.0877929,
            -16.6417522
          ],
          [
            47.0890443,
            -16.6404921
          ],
          [
            47.0892405,
            -16.6402331
          ],
          [
            47.0893625,
            -16.6399883
          ],
          [
            47.0894456,
            -16.6396535
          ],
          [
            47.0894715,
            -16.6392295
          ],
          [
            47.0893694,
            -16.6387332
          ],
          [
            47.0888593,
            -16.6368013
          ]
        ]
      },
      "id": "way/182489321"
    },
    {
      "type": "Feature",
      "properties": {
        "@id": "way/182494661",
        "bridge": "yes",
        "highway": "primary",
        "layer": "1",
        "narrow": "yes",
        "ref": "N 4"
      },
      "geometry": {
        "type": "LineString",
        "coordinates": [
          [
            47.0084939,
            -16.801141
          ],
          [
            47.0091419,
            -16.8009952
          ]
        ]
      },
      "id": "way/182494661"
    },
    {
      "type": "Feature",
      "properties": {
        "@id": "way/182494662",
        "highway": "primary",
        "ref": "N 4"
      },
      "geometry": {
        "type": "LineString",
        "coordinates": [
          [
            47.0141911,
            -16.79982
          ],
          [
            47.0142379,
            -16.7997867
          ],
          [
            47.0144799,
            -16.7995567
          ],
          [
            47.0147159,
            -16.7993025
          ],
          [
            47.0151221,
            -16.7987778
          ],
          [
            47.0154799,
            -16.7980823
          ],
          [
            47.0163862,
            -16.794453
          ],
          [
            47.0168032,
            -16.7924258
          ],
          [
            47.0171395,
            -16.7903984
          ],
          [
            47.0184447,
            -16.7874467
          ],
          [
            47.0187105,
            -16.7867621
          ],
          [
            47.0188014,
            -16.7863477
          ],
          [
            47.0188041,
            -16.7859111
          ],
          [
            47.018773,
            -16.7853014
          ],
          [
            47.0185332,
            -16.7834639
          ],
          [
            47.0184981,
            -16.7830907
          ],
          [
            47.0185815,
            -16.7825291
          ],
          [
            47.0187117,
            -16.7820702
          ],
          [
            47.0189436,
            -16.7811784
          ],
          [
            47.0191563,
            -16.7804801
          ],
          [
            47.0199441,
            -16.7783947
          ],
          [
            47.0200735,
            -16.7779752
          ],
          [
            47.0201077,
            -16.7777655
          ],
          [
            47.0200997,
            -16.7775678
          ],
          [
            47.0200774,
            -16.7773459
          ],
          [
            47.0200138,
            -16.7770927
          ],
          [
            47.0198589,
            -16.7767206
          ],
          [
            47.0193915,
            -16.7757573
          ],
          [
            47.0192784,
            -16.7754489
          ],
          [
            47.0192628,
            -16.7751974
          ],
          [
            47.0192788,
            -16.7748951
          ],
          [
            47.0193754,
            -16.7746453
          ],
          [
            47.0194244,
            -16.7745739
          ],
          [
            47.0195486,
            -16.7743929
          ],
          [
            47.020143,
            -16.7737933
          ]
        ]
      },
      "id": "way/182494662"
    },
    {
      "type": "Feature",
      "properties": {
        "@id": "way/182544004",
        "highway": "primary",
        "ref": "N 4"
      },
      "geometry": {
        "type": "LineString",
        "coordinates": [
          [
            46.7017397,
            -16.0089503
          ],
          [
            46.7018284,
            -16.0086492
          ],
          [
            46.7018345,
            -16.008466
          ],
          [
            46.7017778,
            -16.0082944
          ],
          [
            46.7015614,
            -16.0079988
          ],
          [
            46.701288,
            -16.0077868
          ],
          [
            46.6989826,
            -16.0061359
          ],
          [
            46.6987764,
            -16.0060348
          ],
          [
            46.6985075,
            -16.0059419
          ],
          [
            46.6968433,
            -16.0057873
          ],
          [
            46.6967593,
            -16.0057795
          ],
          [
            46.696483,
            -16.0057316
          ],
          [
            46.6962498,
            -16.0056227
          ],
          [
            46.6960872,
            -16.0054574
          ],
          [
            46.6955335,
            -16.0045624
          ],
          [
            46.6952835,
            -16.0042876
          ],
          [
            46.6948872,
            -16.0038959
          ],
          [
            46.6947687,
            -16.0037864
          ]
        ]
      },
      "id": "way/182544004"
    },
    {
      "type": "Feature",
      "properties": {
        "@id": "way/182544006",
        "bridge": "yes",
        "highway": "primary",
        "layer": "1",
        "ref": "N 4"
      },
      "geometry": {
        "type": "LineString",
        "coordinates": [
          [
            46.7016332,
            -16.0092716
          ],
          [
            46.7017397,
            -16.0089503
          ]
        ]
      },
      "id": "way/182544006"
    },
    {
      "type": "Feature",
      "properties": {
        "@id": "way/182544007",
        "bridge": "yes",
        "highway": "primary",
        "layer": "1",
        "ref": "N 4"
      },
      "geometry": {
        "type": "LineString",
        "coordinates": [
          [
            46.6947687,
            -16.0037864
          ],
          [
            46.6945466,
            -16.0035848
          ]
        ]
      },
      "id": "way/182544007"
    },
    {
      "type": "Feature",
      "properties": {
        "@id": "way/182544008",
        "highway": "primary",
        "ref": "N 4"
      },
      "geometry": {
        "type": "LineString",
        "coordinates": [
          [
            46.6945466,
            -16.0035848
          ],
          [
            46.6933504,
            -16.0025079
          ],
          [
            46.6930936,
            -16.0021982
          ],
          [
            46.6930049,
            -16.0020544
          ],
          [
            46.6929435,
            -16.0018429
          ],
          [
            46.6929344,
            -16.0017345
          ],
          [
            46.6929216,
            -16.0015827
          ],
          [
            46.6929434,
            -16.0013311
          ],
          [
            46.6929625,
            -16.0011421
          ]
        ]
      },
      "id": "way/182544008"
    },
    {
      "type": "Feature",
      "properties": {
        "@id": "way/183427325",
        "highway": "primary",
        "name": "Làlana Ampanjaka Toera",
        "name:fr": "Rue Ampanjaka Toera",
        "ref": "N 4",
        "surface": "asphalt"
      },
      "geometry": {
        "type": "LineString",
        "coordinates": [
          [
            47.5182712,
            -18.8972792
          ],
          [
            47.5179389,
            -18.8968234
          ],
          [
            47.517525,
            -18.8962506
          ],
          [
            47.5174281,
            -18.8961181
          ],
          [
            47.5167812,
            -18.8952342
          ]
        ]
      },
      "id": "way/183427325"
    },
    {
      "type": "Feature",
      "properties": {
        "@id": "way/183737196",
        "bridge": "yes",
        "highway": "primary",
        "layer": "1",
        "ref": "N 4"
      },
      "geometry": {
        "type": "LineString",
        "coordinates": [
          [
            47.0510882,
            -16.7533068
          ],
          [
            47.0511706,
            -16.7531964
          ]
        ]
      },
      "id": "way/183737196"
    },
    {
      "type": "Feature",
      "properties": {
        "@id": "way/183737197",
        "bridge": "yes",
        "highway": "primary",
        "layer": "1",
        "ref": "N 4"
      },
      "geometry": {
        "type": "LineString",
        "coordinates": [
          [
            46.9727451,
            -16.8471535
          ],
          [
            46.9728347,
            -16.8471284
          ]
        ]
      },
      "id": "way/183737197"
    },
    {
      "type": "Feature",
      "properties": {
        "@id": "way/183737199",
        "highway": "primary",
        "ref": "N 4"
      },
      "geometry": {
        "type": "LineString",
        "coordinates": [
          [
            47.0511706,
            -16.7531964
          ],
          [
            47.0516888,
            -16.7525407
          ],
          [
            47.0520268,
            -16.7521016
          ],
          [
            47.0521891,
            -16.751799
          ],
          [
            47.0522891,
            -16.7513616
          ],
          [
            47.0527877,
            -16.748819
          ],
          [
            47.0532534,
            -16.7462788
          ],
          [
            47.0534047,
            -16.7457439
          ],
          [
            47.0535537,
            -16.7453785
          ],
          [
            47.053807,
            -16.7449715
          ],
          [
            47.054125,
            -16.7446087
          ],
          [
            47.0549507,
            -16.7438756
          ],
          [
            47.0578946,
            -16.7412677
          ],
          [
            47.0607851,
            -16.7387105
          ],
          [
            47.0612298,
            -16.7382222
          ],
          [
            47.0629263,
            -16.735128
          ],
          [
            47.0635867,
            -16.7338631
          ],
          [
            47.0664586,
            -16.726847
          ],
          [
            47.0665552,
            -16.7264879
          ],
          [
            47.0665029,
            -16.7255299
          ],
          [
            47.0666052,
            -16.7249547
          ],
          [
            47.0679419,
            -16.7198422
          ]
        ]
      },
      "id": "way/183737199"
    },
    {
      "type": "Feature",
      "properties": {
        "@id": "way/183737201",
        "highway": "primary",
        "ref": "N 4"
      },
      "geometry": {
        "type": "LineString",
        "coordinates": [
          [
            46.9747863,
            -16.8466267
          ],
          [
            46.9751532,
            -16.8465228
          ],
          [
            46.9754209,
            -16.8464076
          ],
          [
            46.9758781,
            -16.84605
          ],
          [
            46.9761669,
            -16.8457779
          ],
          [
            46.976452,
            -16.8452491
          ],
          [
            46.9768801,
            -16.844746
          ],
          [
            46.9769563,
            -16.8445354
          ],
          [
            46.9770249,
            -16.8441356
          ],
          [
            46.9772375,
            -16.8437169
          ],
          [
            46.9773264,
            -16.8433956
          ],
          [
            46.9773646,
            -16.8430006
          ],
          [
            46.977415,
            -16.8427589
          ],
          [
            46.9778156,
            -16.8416278
          ],
          [
            46.9779004,
            -16.8414933
          ],
          [
            46.9780045,
            -16.841424
          ],
          [
            46.978622,
            -16.8411673
          ],
          [
            46.9788288,
            -16.8410486
          ],
          [
            46.9789948,
            -16.8408259
          ],
          [
            46.979375,
            -16.8401466
          ],
          [
            46.97955,
            -16.8399582
          ],
          [
            46.9797631,
            -16.8398037
          ],
          [
            46.9801722,
            -16.8395893
          ],
          [
            46.9803359,
            -16.8394601
          ],
          [
            46.9804584,
            -16.8392788
          ],
          [
            46.980478,
            -16.8391341
          ],
          [
            46.9804608,
            -16.838802
          ],
          [
            46.9805609,
            -16.8385376
          ],
          [
            46.9806148,
            -16.8384615
          ],
          [
            46.9808562,
            -16.8381534
          ],
          [
            46.9809383,
            -16.8380057
          ],
          [
            46.9809421,
            -16.8378941
          ],
          [
            46.9809045,
            -16.8377785
          ],
          [
            46.9808482,
            -16.8376888
          ],
          [
            46.9806953,
            -16.8375681
          ],
          [
            46.9803581,
            -16.8373088
          ],
          [
            46.9802474,
            -16.837201
          ],
          [
            46.9799926,
            -16.8367915
          ],
          [
            46.9799276,
            -16.8365856
          ],
          [
            46.9799641,
            -16.8364719
          ],
          [
            46.9801423,
            -16.8362287
          ],
          [
            46.9802006,
            -16.8360982
          ],
          [
            46.9802004,
            -16.835997
          ],
          [
            46.9801832,
            -16.8359038
          ]
        ]
      },
      "id": "way/183737201"
    },
    {
      "type": "Feature",
      "properties": {
        "@id": "way/184868606",
        "bridge": "yes",
        "highway": "primary",
        "layer": "1",
        "narrow": "yes",
        "obstacle": "unevenness",
        "ref": "N 4"
      },
      "geometry": {
        "type": "LineString",
        "coordinates": [
          [
            47.0933547,
            -16.597611
          ],
          [
            47.0934125,
            -16.5973048
          ]
        ]
      },
      "id": "way/184868606"
    },
    {
      "type": "Feature",
      "properties": {
        "@id": "way/184868607",
        "highway": "primary",
        "ref": "N 4"
      },
      "geometry": {
        "type": "LineString",
        "coordinates": [
          [
            47.0934125,
            -16.5973048
          ],
          [
            47.0936502,
            -16.596088
          ],
          [
            47.0936935,
            -16.5958813
          ],
          [
            47.0937269,
            -16.5956726
          ],
          [
            47.0937668,
            -16.5954185
          ],
          [
            47.0937772,
            -16.5952694
          ],
          [
            47.0937292,
            -16.5950137
          ],
          [
            47.0936922,
            -16.5948376
          ],
          [
            47.0934742,
            -16.5940458
          ],
          [
            47.0932222,
            -16.5931301
          ],
          [
            47.0931815,
            -16.5929823
          ],
          [
            47.0930556,
            -16.5924949
          ]
        ]
      },
      "id": "way/184868607"
    },
    {
      "type": "Feature",
      "properties": {
        "@id": "way/186152657",
        "highway": "primary",
        "ref": "N 4"
      },
      "geometry": {
        "type": "LineString",
        "coordinates": [
          [
            47.4721068,
            -18.8450111
          ],
          [
            47.4719989,
            -18.8449076
          ],
          [
            47.471929,
            -18.8448405
          ],
          [
            47.471809,
            -18.8447327
          ],
          [
            47.4715281,
            -18.8444566
          ],
          [
            47.4713619,
            -18.8443217
          ],
          [
            47.4712485,
            -18.8442109
          ],
          [
            47.4712125,
            -18.8441765
          ],
          [
            47.471023,
            -18.8440048
          ],
          [
            47.4709668,
            -18.8439489
          ],
          [
            47.4709215,
            -18.843906
          ],
          [
            47.4708863,
            -18.8438785
          ],
          [
            47.4708178,
            -18.8438391
          ],
          [
            47.4707616,
            -18.8438024
          ],
          [
            47.4706575,
            -18.8437474
          ],
          [
            47.4705099,
            -18.843687
          ],
          [
            47.4698211,
            -18.8434157
          ],
          [
            47.4691201,
            -18.8431304
          ],
          [
            47.4679383,
            -18.8427268
          ],
          [
            47.4676825,
            -18.8426333
          ],
          [
            47.4670449,
            -18.8423774
          ],
          [
            47.4668927,
            -18.8423243
          ],
          [
            47.466667,
            -18.8422464
          ]
        ]
      },
      "id": "way/186152657"
    },
    {
      "type": "Feature",
      "properties": {
        "@id": "way/186155775",
        "highway": "primary",
        "name": "Làlana Ampanjaka Toera",
        "name:fr": "Rue Ampanjaka Toera",
        "ref": "N 4"
      },
      "geometry": {
        "type": "LineString",
        "coordinates": [
          [
            47.5165993,
            -18.8949866
          ],
          [
            47.5166397,
            -18.8950414
          ]
        ]
      },
      "id": "way/186155775"
    },
    {
      "type": "Feature",
      "properties": {
        "@id": "way/193198987",
        "bridge": "yes",
        "highway": "primary",
        "layer": "1",
        "ref": "N 4"
      },
      "geometry": {
        "type": "LineString",
        "coordinates": [
          [
            47.1611238,
            -16.4407647
          ],
          [
            47.1610238,
            -16.4406766
          ]
        ]
      },
      "id": "way/193198987"
    },
    {
      "type": "Feature",
      "properties": {
        "@id": "way/193198988",
        "highway": "primary",
        "ref": "N 4"
      },
      "geometry": {
        "type": "LineString",
        "coordinates": [
          [
            47.1610238,
            -16.4406766
          ],
          [
            47.16012,
            -16.439885
          ],
          [
            47.1594624,
            -16.4392828
          ],
          [
            47.1593895,
            -16.4392104
          ],
          [
            47.1581321,
            -16.4378257
          ],
          [
            47.1570867,
            -16.4369453
          ]
        ]
      },
      "id": "way/193198988"
    },
    {
      "type": "Feature",
      "properties": {
        "@id": "way/193546127",
        "highway": "primary",
        "ref": "N 4"
      },
      "geometry": {
        "type": "LineString",
        "coordinates": [
          [
            46.8382445,
            -16.3348266
          ],
          [
            46.8381651,
            -16.3348088
          ],
          [
            46.838025,
            -16.3347429
          ],
          [
            46.8379274,
            -16.3346734
          ],
          [
            46.8378307,
            -16.3344875
          ],
          [
            46.8376841,
            -16.3335649
          ],
          [
            46.837063,
            -16.3312358
          ],
          [
            46.8369261,
            -16.3309746
          ],
          [
            46.8341381,
            -16.3284807
          ],
          [
            46.833925,
            -16.3281704
          ],
          [
            46.8318392,
            -16.3244012
          ],
          [
            46.8315967,
            -16.323964
          ],
          [
            46.8313879,
            -16.3237
          ],
          [
            46.8306468,
            -16.322957
          ],
          [
            46.8297762,
            -16.3220768
          ],
          [
            46.8294268,
            -16.32183
          ],
          [
            46.8287767,
            -16.3215428
          ],
          [
            46.8284048,
            -16.3214517
          ],
          [
            46.8275519,
            -16.3214336
          ],
          [
            46.8262671,
            -16.3214196
          ],
          [
            46.8249545,
            -16.3212529
          ],
          [
            46.8244995,
            -16.3211196
          ],
          [
            46.82417,
            -16.3209114
          ],
          [
            46.8235649,
            -16.3204488
          ],
          [
            46.821618,
            -16.3185051
          ],
          [
            46.8196405,
            -16.3165309
          ],
          [
            46.8186508,
            -16.3155058
          ],
          [
            46.8182739,
            -16.3150012
          ],
          [
            46.8180032,
            -16.3145117
          ],
          [
            46.8177531,
            -16.3138792
          ],
          [
            46.8169232,
            -16.3120359
          ],
          [
            46.8162613,
            -16.3103697
          ],
          [
            46.8161088,
            -16.3099863
          ],
          [
            46.8158863,
            -16.3095021
          ],
          [
            46.8157904,
            -16.3093404
          ],
          [
            46.8155021,
            -16.3088731
          ],
          [
            46.8152452,
            -16.3085745
          ],
          [
            46.8151185,
            -16.3084378
          ],
          [
            46.8149742,
            -16.3083157
          ],
          [
            46.8146263,
            -16.3081327
          ],
          [
            46.8141381,
            -16.3078987
          ],
          [
            46.8130317,
            -16.3074281
          ],
          [
            46.8127405,
            -16.307204
          ],
          [
            46.8125583,
            -16.3068818
          ],
          [
            46.8124227,
            -16.3065195
          ]
        ]
      },
      "id": "way/193546127"
    },
    {
      "type": "Feature",
      "properties": {
        "@id": "way/193546137",
        "bridge": "yes",
        "highway": "primary",
        "layer": "1",
        "narrow": "yes",
        "ref": "N 4"
      },
      "geometry": {
        "type": "LineString",
        "coordinates": [
          [
            46.8385011,
            -16.3348838
          ],
          [
            46.8382445,
            -16.3348266
          ]
        ]
      },
      "id": "way/193546137"
    },
    {
      "type": "Feature",
      "properties": {
        "@id": "way/200129421",
        "highway": "primary",
        "ref": "N 4"
      },
      "geometry": {
        "type": "LineString",
        "coordinates": [
          [
            46.7503971,
            -16.118749
          ],
          [
            46.7505243,
            -16.1184988
          ]
        ]
      },
      "id": "way/200129421"
    },
    {
      "type": "Feature",
      "properties": {
        "@id": "way/200129423",
        "highway": "primary",
        "ref": "N 4"
      },
      "geometry": {
        "type": "LineString",
        "coordinates": [
          [
            46.7505243,
            -16.1184988
          ],
          [
            46.7505448,
            -16.1184585
          ],
          [
            46.7505711,
            -16.1184068
          ],
          [
            46.7506621,
            -16.1182279
          ],
          [
            46.7510606,
            -16.1174758
          ],
          [
            46.7515045,
            -16.1166293
          ],
          [
            46.7521201,
            -16.1154273
          ],
          [
            46.7522221,
            -16.1152237
          ],
          [
            46.7524264,
            -16.1148549
          ]
        ]
      },
      "id": "way/200129423"
    },
    {
      "type": "Feature",
      "properties": {
        "@id": "way/202144278",
        "highway": "primary",
        "ref": "N 4"
      },
      "geometry": {
        "type": "LineString",
        "coordinates": [
          [
            46.66211,
            -15.9537568
          ],
          [
            46.6618751,
            -15.9530117
          ]
        ]
      },
      "id": "way/202144278"
    },
    {
      "type": "Feature",
      "properties": {
        "@id": "way/202144279",
        "bridge": "yes",
        "bridge:structure": "truss",
        "highway": "primary",
        "layer": "1",
        "narrow": "yes",
        "obstacle": "yes",
        "ref": "N 4",
        "surface": "metal"
      },
      "geometry": {
        "type": "LineString",
        "coordinates": [
          [
            46.6621781,
            -15.9539742
          ],
          [
            46.66211,
            -15.9537568
          ]
        ]
      },
      "id": "way/202144279"
    },
    {
      "type": "Feature",
      "properties": {
        "@id": "way/213516172",
        "bridge": "yes",
        "highway": "primary",
        "layer": "1",
        "ref": "N 4"
      },
      "geometry": {
        "type": "LineString",
        "coordinates": [
          [
            47.0209894,
            -16.7728469
          ],
          [
            47.0210897,
            -16.7726504
          ]
        ]
      },
      "id": "way/213516172"
    },
    {
      "type": "Feature",
      "properties": {
        "@id": "way/213516174",
        "highway": "primary",
        "ref": "N 4"
      },
      "geometry": {
        "type": "LineString",
        "coordinates": [
          [
            47.0210897,
            -16.7726504
          ],
          [
            47.0214991,
            -16.7718304
          ],
          [
            47.0221327,
            -16.7705312
          ],
          [
            47.0228076,
            -16.769247
          ],
          [
            47.0230839,
            -16.7687924
          ],
          [
            47.0232781,
            -16.7685718
          ],
          [
            47.0234769,
            -16.7684068
          ],
          [
            47.0235208,
            -16.7683704
          ],
          [
            47.0237555,
            -16.7681994
          ],
          [
            47.0244759,
            -16.7677645
          ],
          [
            47.0251027,
            -16.7674127
          ],
          [
            47.0255954,
            -16.7671371
          ],
          [
            47.0259675,
            -16.7670236
          ],
          [
            47.0262043,
            -16.767005
          ],
          [
            47.0263073,
            -16.7669969
          ],
          [
            47.0274394,
            -16.7670988
          ],
          [
            47.0277413,
            -16.7670453
          ],
          [
            47.0280052,
            -16.7669374
          ],
          [
            47.0283308,
            -16.7667824
          ],
          [
            47.0287065,
            -16.7665995
          ],
          [
            47.0289504,
            -16.7665167
          ],
          [
            47.0291573,
            -16.7664466
          ],
          [
            47.0295841,
            -16.7663377
          ],
          [
            47.0323945,
            -16.7659883
          ],
          [
            47.0325585,
            -16.7659419
          ],
          [
            47.0326691,
            -16.7658793
          ],
          [
            47.0327763,
            -16.7657637
          ],
          [
            47.0328079,
            -16.765662
          ],
          [
            47.0328382,
            -16.7655531
          ]
        ]
      },
      "id": "way/213516174"
    },
    {
      "type": "Feature",
      "properties": {
        "@id": "way/230363162",
        "highway": "primary",
        "ref": "N 4"
      },
      "geometry": {
        "type": "LineString",
        "coordinates": [
          [
            46.6336336,
            -15.897843
          ],
          [
            46.6333781,
            -15.8978614
          ],
          [
            46.6332029,
            -15.8979041
          ],
          [
            46.6330004,
            -15.8979651
          ],
          [
            46.6282677,
            -15.8996906
          ],
          [
            46.621759,
            -15.9021035
          ],
          [
            46.6211544,
            -15.9023254
          ],
          [
            46.6206349,
            -15.9025051
          ],
          [
            46.6203637,
            -15.9025818
          ],
          [
            46.6200947,
            -15.9026393
          ],
          [
            46.6198438,
            -15.9026741
          ],
          [
            46.6196012,
            -15.9026844
          ],
          [
            46.6169654,
            -15.9028246
          ]
        ]
      },
      "id": "way/230363162"
    },
    {
      "type": "Feature",
      "properties": {
        "@id": "way/230363163",
        "highway": "primary",
        "ref": "N 4"
      },
      "geometry": {
        "type": "LineString",
        "coordinates": [
          [
            46.640157,
            -15.9028284
          ],
          [
            46.6399149,
            -15.9021065
          ],
          [
            46.6397217,
            -15.9016375
          ],
          [
            46.6394338,
            -15.9011605
          ],
          [
            46.6387755,
            -15.9001225
          ],
          [
            46.6384185,
            -15.8995797
          ],
          [
            46.6380669,
            -15.8990065
          ],
          [
            46.6379648,
            -15.8988731
          ],
          [
            46.6378786,
            -15.898789
          ],
          [
            46.6377595,
            -15.8986992
          ],
          [
            46.6376448,
            -15.8986299
          ],
          [
            46.6375113,
            -15.8985773
          ],
          [
            46.6371181,
            -15.8984339
          ]
        ]
      },
      "id": "way/230363163"
    },
    {
      "type": "Feature",
      "properties": {
        "@id": "way/230363164",
        "bridge": "yes",
        "highway": "primary",
        "layer": "1",
        "narrow": "yes",
        "ref": "N 4"
      },
      "geometry": {
        "type": "LineString",
        "coordinates": [
          [
            46.640203,
            -15.9029561
          ],
          [
            46.640157,
            -15.9028284
          ]
        ]
      },
      "id": "way/230363164"
    },
    {
      "type": "Feature",
      "properties": {
        "@id": "way/230363165",
        "bridge": "yes",
        "highway": "primary",
        "layer": "1",
        "narrow": "yes",
        "ref": "N 4"
      },
      "geometry": {
        "type": "LineString",
        "coordinates": [
          [
            46.6371181,
            -15.8984339
          ],
          [
            46.63705,
            -15.8984096
          ]
        ]
      },
      "id": "way/230363165"
    },
    {
      "type": "Feature",
      "properties": {
        "@id": "way/230363166",
        "bridge": "yes",
        "highway": "primary",
        "layer": "1",
        "narrow": "yes",
        "ref": "N 4"
      },
      "geometry": {
        "type": "LineString",
        "coordinates": [
          [
            46.6337475,
            -15.8978423
          ],
          [
            46.6336336,
            -15.897843
          ]
        ]
      },
      "id": "way/230363166"
    },
    {
      "type": "Feature",
      "properties": {
        "@id": "way/230363167",
        "bridge": "yes",
        "highway": "primary",
        "layer": "1",
        "narrow": "yes",
        "ref": "N 4"
      },
      "geometry": {
        "type": "LineString",
        "coordinates": [
          [
            46.6134988,
            -15.9021769
          ],
          [
            46.6134238,
            -15.902075
          ]
        ]
      },
      "id": "way/230363167"
    },
    {
      "type": "Feature",
      "properties": {
        "@id": "way/230363168",
        "bridge": "yes",
        "highway": "primary",
        "layer": "1",
        "narrow": "yes",
        "ref": "N 4"
      },
      "geometry": {
        "type": "LineString",
        "coordinates": [
          [
            46.6169654,
            -15.9028246
          ],
          [
            46.6168322,
            -15.9028325
          ]
        ]
      },
      "id": "way/230363168"
    },
    {
      "type": "Feature",
      "properties": {
        "@id": "way/230363169",
        "highway": "primary",
        "ref": "N 4"
      },
      "geometry": {
        "type": "LineString",
        "coordinates": [
          [
            46.6168322,
            -15.9028325
          ],
          [
            46.6158654,
            -15.9028897
          ],
          [
            46.6149296,
            -15.9029112
          ],
          [
            46.6140484,
            -15.9026998
          ],
          [
            46.6138629,
            -15.9026025
          ],
          [
            46.6136474,
            -15.9023579
          ],
          [
            46.6134988,
            -15.9021769
          ]
        ]
      },
      "id": "way/230363169"
    },
    {
      "type": "Feature",
      "properties": {
        "@id": "way/230363170",
        "highway": "primary",
        "ref": "N 4"
      },
      "geometry": {
        "type": "LineString",
        "coordinates": [
          [
            46.6017137,
            -15.9062274
          ],
          [
            46.6005515,
            -15.9057172
          ],
          [
            46.6003648,
            -15.9056805
          ],
          [
            46.6002162,
            -15.9056956
          ],
          [
            46.6000764,
            -15.9057153
          ],
          [
            46.5998504,
            -15.9058032
          ],
          [
            46.5991116,
            -15.9062084
          ],
          [
            46.5988247,
            -15.906324
          ],
          [
            46.5985002,
            -15.9063083
          ],
          [
            46.598164,
            -15.9062179
          ],
          [
            46.5978887,
            -15.905979
          ],
          [
            46.5977134,
            -15.9056054
          ],
          [
            46.5976473,
            -15.9052078
          ],
          [
            46.5975348,
            -15.9048253
          ],
          [
            46.5973961,
            -15.9046092
          ],
          [
            46.5970938,
            -15.904445
          ],
          [
            46.5966804,
            -15.9042616
          ],
          [
            46.5965527,
            -15.9042049
          ],
          [
            46.5957263,
            -15.9036104
          ],
          [
            46.5952926,
            -15.9032715
          ],
          [
            46.5949139,
            -15.9028991
          ],
          [
            46.594771,
            -15.9026689
          ],
          [
            46.5945312,
            -15.9019623
          ],
          [
            46.5944389,
            -15.9017405
          ],
          [
            46.5942807,
            -15.9015453
          ],
          [
            46.5935292,
            -15.9009498
          ],
          [
            46.5933233,
            -15.9007312
          ],
          [
            46.5931473,
            -15.900575
          ],
          [
            46.5927838,
            -15.90033
          ],
          [
            46.5925597,
            -15.9001521
          ],
          [
            46.5920793,
            -15.8995818
          ],
          [
            46.591944,
            -15.8994509
          ],
          [
            46.5918563,
            -15.8993804
          ],
          [
            46.591742,
            -15.8993089
          ],
          [
            46.5915168,
            -15.8991946
          ],
          [
            46.5910747,
            -15.8990124
          ],
          [
            46.5909767,
            -15.8989862
          ],
          [
            46.5908818,
            -15.8989824
          ],
          [
            46.5907881,
            -15.8990019
          ],
          [
            46.5907319,
            -15.8990264
          ],
          [
            46.5906394,
            -15.8991013
          ],
          [
            46.5905873,
            -15.8991709
          ],
          [
            46.5902582,
            -15.8996357
          ],
          [
            46.5900864,
            -15.8998391
          ],
          [
            46.5899902,
            -15.8999019
          ],
          [
            46.5898978,
            -15.8999441
          ],
          [
            46.5897291,
            -15.8999437
          ],
          [
            46.5895539,
            -15.8998775
          ],
          [
            46.5884137,
            -15.8989662
          ],
          [
            46.5882593,
            -15.8989087
          ],
          [
            46.5880993,
            -15.8988923
          ],
          [
            46.5879205,
            -15.8989218
          ],
          [
            46.5872957,
            -15.8990855
          ],
          [
            46.5870914,
            -15.8990986
          ],
          [
            46.5864908,
            -15.8990548
          ]
        ]
      },
      "id": "way/230363170"
    },
    {
      "type": "Feature",
      "properties": {
        "@id": "way/230363171",
        "highway": "primary",
        "ref": "N 4"
      },
      "geometry": {
        "type": "LineString",
        "coordinates": [
          [
            46.63705,
            -15.8984096
          ],
          [
            46.6365448,
            -15.8982253
          ],
          [
            46.6362337,
            -15.8981233
          ],
          [
            46.6357434,
            -15.8979656
          ],
          [
            46.635559,
            -15.8979143
          ],
          [
            46.6353747,
            -15.8978811
          ],
          [
            46.6351722,
            -15.8978679
          ],
          [
            46.6345682,
            -15.897852
          ],
          [
            46.6337475,
            -15.8978423
          ]
        ]
      },
      "id": "way/230363171"
    },
    {
      "type": "Feature",
      "properties": {
        "@id": "way/230379987",
        "highway": "primary",
        "ref": "N 4"
      },
      "geometry": {
        "type": "LineString",
        "coordinates": [
          [
            46.7453654,
            -16.0916164
          ],
          [
            46.7448003,
            -16.0903204
          ],
          [
            46.7445903,
            -16.089774
          ],
          [
            46.7445391,
            -16.0895136
          ],
          [
            46.7445051,
            -16.0892281
          ],
          [
            46.744449,
            -16.0883318
          ],
          [
            46.7444214,
            -16.0873168
          ],
          [
            46.7443775,
            -16.0869821
          ],
          [
            46.7443402,
            -16.0868576
          ],
          [
            46.7442645,
            -16.0867181
          ],
          [
            46.7441766,
            -16.0866102
          ],
          [
            46.7440585,
            -16.0864995
          ]
        ]
      },
      "id": "way/230379987"
    },
    {
      "type": "Feature",
      "properties": {
        "@id": "way/230379988",
        "highway": "primary",
        "ref": "N 4"
      },
      "geometry": {
        "type": "LineString",
        "coordinates": [
          [
            46.675973,
            -15.9735808
          ],
          [
            46.6752089,
            -15.9717781
          ],
          [
            46.6750777,
            -15.9715093
          ],
          [
            46.6749566,
            -15.9712962
          ],
          [
            46.6748188,
            -15.971121
          ],
          [
            46.6746497,
            -15.9709418
          ],
          [
            46.6736016,
            -15.9700253
          ],
          [
            46.6732758,
            -15.9697404
          ],
          [
            46.6728978,
            -15.9694656
          ],
          [
            46.6726337,
            -15.9693381
          ],
          [
            46.6722986,
            -15.9692711
          ],
          [
            46.6713236,
            -15.9692669
          ],
          [
            46.6709058,
            -15.9692084
          ],
          [
            46.67057,
            -15.9690696
          ],
          [
            46.6689748,
            -15.9679211
          ]
        ]
      },
      "id": "way/230379988"
    },
    {
      "type": "Feature",
      "properties": {
        "@id": "way/230379989",
        "highway": "primary",
        "ref": "N 4"
      },
      "geometry": {
        "type": "LineString",
        "coordinates": [
          [
            46.6688316,
            -15.967818
          ],
          [
            46.6684902,
            -15.9675722
          ],
          [
            46.6679463,
            -15.9669994
          ],
          [
            46.6673194,
            -15.9663336
          ],
          [
            46.6670244,
            -15.966027
          ],
          [
            46.6666978,
            -15.9657772
          ],
          [
            46.6652413,
            -15.9648212
          ],
          [
            46.6647828,
            -15.9643156
          ],
          [
            46.664761,
            -15.9642797
          ],
          [
            46.6629178,
            -15.9612383
          ],
          [
            46.6613649,
            -15.9587729
          ],
          [
            46.6608087,
            -15.9578898
          ],
          [
            46.6607194,
            -15.957682
          ],
          [
            46.660683,
            -15.9574823
          ],
          [
            46.6606877,
            -15.9572924
          ],
          [
            46.6607596,
            -15.957063
          ],
          [
            46.6614761,
            -15.9557892
          ],
          [
            46.6617365,
            -15.9553446
          ],
          [
            46.6621419,
            -15.9545881
          ],
          [
            46.6621889,
            -15.9544623
          ],
          [
            46.6622046,
            -15.9543926
          ],
          [
            46.6622205,
            -15.9542589
          ],
          [
            46.6622036,
            -15.9540959
          ],
          [
            46.6621781,
            -15.9539742
          ]
        ]
      },
      "id": "way/230379989"
    },
    {
      "type": "Feature",
      "properties": {
        "@id": "way/230379990",
        "highway": "primary",
        "ref": "N 4"
      },
      "geometry": {
        "type": "LineString",
        "coordinates": [
          [
            46.7242134,
            -16.0505537
          ],
          [
            46.723874,
            -16.0496739
          ],
          [
            46.7238513,
            -16.0496198
          ]
        ]
      },
      "id": "way/230379990"
    },
    {
      "type": "Feature",
      "properties": {
        "@id": "way/230379991",
        "bridge": "yes",
        "highway": "primary",
        "layer": "1",
        "narrow": "yes",
        "ref": "N 4"
      },
      "geometry": {
        "type": "LineString",
        "coordinates": [
          [
            46.6618751,
            -15.9530117
          ],
          [
            46.6618176,
            -15.9528225
          ]
        ]
      },
      "id": "way/230379991"
    },
    {
      "type": "Feature",
      "properties": {
        "@id": "way/230379992",
        "bridge": "yes",
        "highway": "primary",
        "layer": "1",
        "narrow": "yes",
        "ref": "N 4"
      },
      "geometry": {
        "type": "LineString",
        "coordinates": [
          [
            46.7242829,
            -16.0507211
          ],
          [
            46.7242134,
            -16.0505537
          ]
        ]
      },
      "id": "way/230379992"
    },
    {
      "type": "Feature",
      "properties": {
        "@id": "way/230379993",
        "highway": "primary",
        "ref": "N 4"
      },
      "geometry": {
        "type": "LineString",
        "coordinates": [
          [
            46.6763383,
            -15.9744896
          ],
          [
            46.675973,
            -15.9735808
          ]
        ]
      },
      "id": "way/230379993"
    },
    {
      "type": "Feature",
      "properties": {
        "@id": "way/230379994",
        "bridge": "yes",
        "highway": "primary",
        "layer": "1",
        "ref": "N 4"
      },
      "geometry": {
        "type": "LineString",
        "coordinates": [
          [
            46.6689748,
            -15.9679211
          ],
          [
            46.6688316,
            -15.967818
          ]
        ]
      },
      "id": "way/230379994"
    },
    {
      "type": "Feature",
      "properties": {
        "@id": "way/230379995",
        "bridge": "yes",
        "highway": "primary",
        "layer": "1",
        "narrow": "yes",
        "ref": "N 4"
      },
      "geometry": {
        "type": "LineString",
        "coordinates": [
          [
            46.7517955,
            -16.109395
          ],
          [
            46.7516666,
            -16.1090017
          ]
        ]
      },
      "id": "way/230379995"
    },
    {
      "type": "Feature",
      "properties": {
        "@id": "way/230379996",
        "bridge": "yes",
        "highway": "primary",
        "layer": "1",
        "ref": "N 4"
      },
      "geometry": {
        "type": "LineString",
        "coordinates": [
          [
            46.7509651,
            -16.1068613
          ],
          [
            46.7508367,
            -16.1064694
          ]
        ]
      },
      "id": "way/230379996"
    },
    {
      "type": "Feature",
      "properties": {
        "@id": "way/230379997",
        "bridge": "yes",
        "bridge:structure": "truss",
        "highway": "primary",
        "layer": "1",
        "ref": "N 4",
        "surface": "metal"
      },
      "geometry": {
        "type": "LineString",
        "coordinates": [
          [
            46.7454139,
            -16.0917278
          ],
          [
            46.7453654,
            -16.0916164
          ]
        ]
      },
      "id": "way/230379997"
    },
    {
      "type": "Feature",
      "properties": {
        "@id": "way/230379998",
        "bridge": "yes",
        "highway": "primary",
        "layer": "1",
        "narrow": "yes",
        "obstacle": "unevenness",
        "ref": "N 4"
      },
      "geometry": {
        "type": "LineString",
        "coordinates": [
          [
            46.7432127,
            -16.0857666
          ],
          [
            46.7430969,
            -16.0856598
          ]
        ]
      },
      "id": "way/230379998"
    },
    {
      "type": "Feature",
      "properties": {
        "@id": "way/230379999",
        "highway": "primary",
        "ref": "N 4"
      },
      "geometry": {
        "type": "LineString",
        "coordinates": [
          [
            46.7526545,
            -16.1118852
          ],
          [
            46.7517955,
            -16.109395
          ]
        ]
      },
      "id": "way/230379999"
    },
    {
      "type": "Feature",
      "properties": {
        "@id": "way/230380000",
        "bridge": "yes",
        "highway": "primary",
        "layer": "1",
        "ref": "N 4"
      },
      "geometry": {
        "type": "LineString",
        "coordinates": [
          [
            46.7527977,
            -16.1123172
          ],
          [
            46.7526545,
            -16.1118852
          ]
        ]
      },
      "id": "way/230380000"
    },
    {
      "type": "Feature",
      "properties": {
        "@id": "way/230380001",
        "bridge": "yes",
        "highway": "primary",
        "layer": "1",
        "narrow": "yes",
        "ref": "N 4"
      },
      "geometry": {
        "type": "LineString",
        "coordinates": [
          [
            46.7440585,
            -16.0864995
          ],
          [
            46.7438443,
            -16.0863185
          ]
        ]
      },
      "id": "way/230380001"
    },
    {
      "type": "Feature",
      "properties": {
        "@id": "way/230380002",
        "bridge": "yes",
        "bridge:structure": "truss",
        "highway": "primary",
        "layer": "1",
        "narrow": "yes",
        "ref": "N 4",
        "surface": "metal"
      },
      "geometry": {
        "type": "LineString",
        "coordinates": [
          [
            46.7487941,
            -16.1002364
          ],
          [
            46.7487149,
            -16.0999949
          ]
        ]
      },
      "id": "way/230380002"
    },
    {
      "type": "Feature",
      "properties": {
        "@id": "way/230380003",
        "highway": "primary",
        "ref": "N 4"
      },
      "geometry": {
        "type": "LineString",
        "coordinates": [
          [
            46.7508367,
            -16.1064694
          ],
          [
            46.7490169,
            -16.1009165
          ]
        ]
      },
      "id": "way/230380003"
    },
    {
      "type": "Feature",
      "properties": {
        "@id": "way/230380004",
        "bridge": "yes",
        "highway": "primary",
        "layer": "1",
        "ref": "N 4"
      },
      "geometry": {
        "type": "LineString",
        "coordinates": [
          [
            46.7490169,
            -16.1009165
          ],
          [
            46.7489244,
            -16.1006342
          ]
        ]
      },
      "id": "way/230380004"
    },
    {
      "type": "Feature",
      "properties": {
        "@id": "way/230380005",
        "highway": "primary",
        "ref": "N 4"
      },
      "geometry": {
        "type": "LineString",
        "coordinates": [
          [
            46.7516666,
            -16.1090017
          ],
          [
            46.7509651,
            -16.1068613
          ]
        ]
      },
      "id": "way/230380005"
    },
    {
      "type": "Feature",
      "properties": {
        "@id": "way/230380006",
        "bridge": "yes",
        "highway": "primary",
        "layer": "1",
        "narrow": "yes",
        "ref": "N 4"
      },
      "geometry": {
        "type": "LineString",
        "coordinates": [
          [
            46.725635,
            -16.0593052
          ],
          [
            46.7256569,
            -16.0591546
          ]
        ]
      },
      "id": "way/230380006"
    },
    {
      "type": "Feature",
      "properties": {
        "@id": "way/230380007",
        "highway": "primary",
        "ref": "N 4"
      },
      "geometry": {
        "type": "LineString",
        "coordinates": [
          [
            46.7430969,
            -16.0856598
          ],
          [
            46.741281,
            -16.0839838
          ],
          [
            46.7390357,
            -16.0816887
          ],
          [
            46.7380683,
            -16.0810346
          ],
          [
            46.7315399,
            -16.0771004
          ],
          [
            46.7311885,
            -16.0768582
          ],
          [
            46.7310053,
            -16.0767114
          ],
          [
            46.7308636,
            -16.0765209
          ],
          [
            46.7300761,
            -16.0753263
          ],
          [
            46.7300517,
            -16.0752867
          ],
          [
            46.729985,
            -16.0751742
          ],
          [
            46.7292924,
            -16.0740388
          ],
          [
            46.7280527,
            -16.0720832
          ],
          [
            46.7267742,
            -16.070169
          ],
          [
            46.7267082,
            -16.0699966
          ],
          [
            46.7266744,
            -16.0698129
          ],
          [
            46.7266632,
            -16.0695578
          ],
          [
            46.7267707,
            -16.0673644
          ],
          [
            46.7269997,
            -16.0623448
          ],
          [
            46.7268973,
            -16.0620165
          ],
          [
            46.7256626,
            -16.0600485
          ],
          [
            46.7256072,
            -16.0598557
          ],
          [
            46.7255942,
            -16.0596627
          ],
          [
            46.725635,
            -16.0593052
          ]
        ]
      },
      "id": "way/230380007"
    },
    {
      "type": "Feature",
      "properties": {
        "@id": "way/230380008",
        "highway": "primary",
        "ref": "N 4"
      },
      "geometry": {
        "type": "LineString",
        "coordinates": [
          [
            46.7489244,
            -16.1006342
          ],
          [
            46.7488381,
            -16.1003708
          ],
          [
            46.7487941,
            -16.1002364
          ]
        ]
      },
      "id": "way/230380008"
    },
    {
      "type": "Feature",
      "properties": {
        "@id": "way/230380009",
        "highway": "primary",
        "ref": "N 4"
      },
      "geometry": {
        "type": "LineString",
        "coordinates": [
          [
            46.7438443,
            -16.0863185
          ],
          [
            46.7434468,
            -16.0859827
          ],
          [
            46.7432127,
            -16.0857666
          ]
        ]
      },
      "id": "way/230380009"
    },
    {
      "type": "Feature",
      "properties": {
        "@id": "way/230380010",
        "highway": "primary",
        "ref": "N 4"
      },
      "geometry": {
        "type": "LineString",
        "coordinates": [
          [
            46.6618176,
            -15.9528225
          ],
          [
            46.6616115,
            -15.9521304
          ],
          [
            46.6615368,
            -15.9518797
          ],
          [
            46.6614891,
            -15.9516772
          ],
          [
            46.6614674,
            -15.9513768
          ],
          [
            46.6615778,
            -15.9500472
          ],
          [
            46.6617106,
            -15.9484683
          ],
          [
            46.6619398,
            -15.9457342
          ],
          [
            46.6619067,
            -15.9455257
          ],
          [
            46.6618245,
            -15.9453184
          ],
          [
            46.6608471,
            -15.943766
          ],
          [
            46.6607013,
            -15.9435994
          ],
          [
            46.6598389,
            -15.942941
          ],
          [
            46.6597412,
            -15.9428496
          ],
          [
            46.6596332,
            -15.9427151
          ],
          [
            46.659346,
            -15.942226
          ],
          [
            46.6590766,
            -15.9417302
          ],
          [
            46.6589974,
            -15.9414566
          ],
          [
            46.6589931,
            -15.9403121
          ],
          [
            46.6590059,
            -15.939042
          ],
          [
            46.6590464,
            -15.9387476
          ],
          [
            46.659186,
            -15.9383948
          ],
          [
            46.6595097,
            -15.937671
          ],
          [
            46.659771,
            -15.9371233
          ],
          [
            46.6600343,
            -15.9365639
          ],
          [
            46.6601551,
            -15.9362208
          ],
          [
            46.6602559,
            -15.9358221
          ],
          [
            46.6603049,
            -15.9355727
          ],
          [
            46.6603067,
            -15.9353672
          ],
          [
            46.6601727,
            -15.9350416
          ],
          [
            46.6598083,
            -15.9342323
          ],
          [
            46.6597643,
            -15.9341272
          ],
          [
            46.6596736,
            -15.9339425
          ],
          [
            46.6595342,
            -15.9337168
          ],
          [
            46.6593485,
            -15.9335141
          ],
          [
            46.6591114,
            -15.9333156
          ],
          [
            46.6585606,
            -15.9329772
          ],
          [
            46.6567242,
            -15.9323047
          ],
          [
            46.6563113,
            -15.932086
          ],
          [
            46.6559768,
            -15.9318321
          ],
          [
            46.655406,
            -15.9313608
          ],
          [
            46.6551068,
            -15.9311137
          ],
          [
            46.6526136,
            -15.929135
          ],
          [
            46.6522768,
            -15.928806
          ],
          [
            46.6517096,
            -15.9281685
          ],
          [
            46.6508946,
            -15.9272196
          ],
          [
            46.6507685,
            -15.9271155
          ],
          [
            46.6506456,
            -15.9270358
          ],
          [
            46.6503738,
            -15.9269561
          ],
          [
            46.6501175,
            -15.9269071
          ],
          [
            46.6486804,
            -15.9267443
          ],
          [
            46.6473213,
            -15.9265754
          ],
          [
            46.6468529,
            -15.9264836
          ],
          [
            46.6455586,
            -15.9259646
          ],
          [
            46.6443753,
            -15.9252947
          ],
          [
            46.6439935,
            -15.9250082
          ],
          [
            46.643194,
            -15.9243011
          ],
          [
            46.642994,
            -15.9240561
          ],
          [
            46.6429058,
            -15.9238723
          ],
          [
            46.6428525,
            -15.9236723
          ],
          [
            46.6428391,
            -15.9234466
          ],
          [
            46.6428791,
            -15.9229184
          ],
          [
            46.6428791,
            -15.9226159
          ],
          [
            46.6428509,
            -15.9223079
          ],
          [
            46.6428112,
            -15.9221731
          ],
          [
            46.6427533,
            -15.9220435
          ],
          [
            46.6425741,
            -15.9217879
          ],
          [
            46.6418275,
            -15.9209411
          ],
          [
            46.6417076,
            -15.9207745
          ],
          [
            46.6415897,
            -15.9205401
          ],
          [
            46.6415062,
            -15.9201191
          ],
          [
            46.6414949,
            -15.9198797
          ],
          [
            46.6415142,
            -15.9196161
          ],
          [
            46.6415779,
            -15.9193684
          ],
          [
            46.6416834,
            -15.9190675
          ],
          [
            46.6421559,
            -15.9180904
          ],
          [
            46.643188,
            -15.9160431
          ],
          [
            46.6434861,
            -15.9155361
          ],
          [
            46.6440369,
            -15.9147649
          ],
          [
            46.6441524,
            -15.9144414
          ],
          [
            46.6445846,
            -15.9129959
          ],
          [
            46.6445721,
            -15.9128362
          ],
          [
            46.6445532,
            -15.9126803
          ],
          [
            46.6444144,
            -15.9122768
          ],
          [
            46.6435313,
            -15.9103884
          ],
          [
            46.6432787,
            -15.90979
          ],
          [
            46.6432033,
            -15.9095362
          ],
          [
            46.6431015,
            -15.9092896
          ],
          [
            46.6429295,
            -15.9089664
          ],
          [
            46.6426676,
            -15.9085663
          ],
          [
            46.6417639,
            -15.9073641
          ],
          [
            46.6416381,
            -15.9071176
          ],
          [
            46.6415359,
            -15.9068619
          ],
          [
            46.640203,
            -15.9029561
          ]
        ]
      },
      "id": "way/230380010"
    },
    {
      "type": "Feature",
      "properties": {
        "@id": "way/230380011",
        "highway": "primary",
        "ref": "N 4"
      },
      "geometry": {
        "type": "LineString",
        "coordinates": [
          [
            46.7487149,
            -16.0999949
          ],
          [
            46.7486615,
            -16.0998319
          ],
          [
            46.7486293,
            -16.099737
          ],
          [
            46.7481987,
            -16.0983139
          ],
          [
            46.7476942,
            -16.0968858
          ],
          [
            46.7475029,
            -16.0964381
          ],
          [
            46.7465975,
            -16.0943195
          ],
          [
            46.7454139,
            -16.0917278
          ]
        ]
      },
      "id": "way/230380011"
    },
    {
      "type": "Feature",
      "properties": {
        "@id": "way/230380012",
        "highway": "primary",
        "ref": "N 4"
      },
      "geometry": {
        "type": "LineString",
        "coordinates": [
          [
            46.7256569,
            -16.0591546
          ],
          [
            46.7258533,
            -16.0577989
          ],
          [
            46.7260538,
            -16.0562658
          ],
          [
            46.7261138,
            -16.0559998
          ],
          [
            46.7263793,
            -16.0541669
          ],
          [
            46.7263798,
            -16.0538324
          ],
          [
            46.726313,
            -16.053542
          ],
          [
            46.7259774,
            -16.0531303
          ],
          [
            46.7254361,
            -16.0524377
          ],
          [
            46.7248324,
            -16.0516809
          ],
          [
            46.7246087,
            -16.0513703
          ],
          [
            46.7244315,
            -16.0510794
          ],
          [
            46.7242829,
            -16.0507211
          ]
        ]
      },
      "id": "way/230380012"
    },
    {
      "type": "Feature",
      "properties": {
        "@id": "way/230384400",
        "highway": "primary",
        "ref": "N 4"
      },
      "geometry": {
        "type": "LineString",
        "coordinates": [
          [
            47.0419125,
            -16.3580787
          ],
          [
            47.0415876,
            -16.357768
          ],
          [
            47.041197,
            -16.3575029
          ],
          [
            47.0401739,
            -16.357019
          ],
          [
            47.0394171,
            -16.3566708
          ],
          [
            47.0366731,
            -16.3554082
          ],
          [
            47.0363519,
            -16.3552604
          ],
          [
            47.0363191,
            -16.3552454
          ],
          [
            47.0355967,
            -16.3549834
          ],
          [
            47.0355618,
            -16.3549726
          ],
          [
            47.0344388,
            -16.354627
          ],
          [
            47.0311241,
            -16.353607
          ],
          [
            47.0302249,
            -16.3533261
          ],
          [
            47.0284704,
            -16.3527782
          ],
          [
            47.0281753,
            -16.3526835
          ],
          [
            47.0281231,
            -16.3526698
          ],
          [
            47.0278892,
            -16.3526084
          ],
          [
            47.0278239,
            -16.3525973
          ],
          [
            47.027625,
            -16.3525634
          ],
          [
            47.0275624,
            -16.3525528
          ],
          [
            47.0273044,
            -16.3525642
          ],
          [
            47.0271589,
            -16.3525706
          ],
          [
            47.0267487,
            -16.3526245
          ],
          [
            47.0254724,
            -16.3529442
          ],
          [
            47.022167,
            -16.3537723
          ],
          [
            47.0208507,
            -16.3541021
          ],
          [
            47.0205697,
            -16.3541725
          ],
          [
            47.0204665,
            -16.3541984
          ],
          [
            47.0192984,
            -16.354491
          ],
          [
            47.0180758,
            -16.3547973
          ],
          [
            47.0176034,
            -16.354814
          ],
          [
            47.0174929,
            -16.3548003
          ],
          [
            47.0173727,
            -16.3547853
          ],
          [
            47.0170901,
            -16.3547262
          ]
        ]
      },
      "id": "way/230384400"
    },
    {
      "type": "Feature",
      "properties": {
        "@id": "way/230384401",
        "highway": "primary",
        "ref": "N 4"
      },
      "geometry": {
        "type": "LineString",
        "coordinates": [
          [
            47.0160693,
            -16.354492
          ],
          [
            47.0158629,
            -16.3544434
          ],
          [
            47.0156776,
            -16.354415
          ],
          [
            47.015392,
            -16.3544553
          ],
          [
            47.0146782,
            -16.3546144
          ],
          [
            47.0120586,
            -16.3551982
          ],
          [
            47.0119833,
            -16.3552115
          ],
          [
            47.011519,
            -16.3552729
          ],
          [
            47.0110765,
            -16.3553313
          ],
          [
            47.0108639,
            -16.3553594
          ],
          [
            47.0106522,
            -16.3553874
          ],
          [
            47.0100826,
            -16.3554627
          ],
          [
            47.0094902,
            -16.355541
          ],
          [
            47.0087303,
            -16.3556334
          ],
          [
            47.0085408,
            -16.3556564
          ],
          [
            47.008283,
            -16.3557138
          ],
          [
            47.0080312,
            -16.3558292
          ],
          [
            47.0069299,
            -16.3566025
          ],
          [
            47.0057949,
            -16.3581155
          ],
          [
            47.0055119,
            -16.3582674
          ],
          [
            47.0050703,
            -16.3584198
          ],
          [
            47.004793,
            -16.3585155
          ],
          [
            47.0044547,
            -16.3586126
          ],
          [
            47.0041507,
            -16.3586837
          ],
          [
            47.0039236,
            -16.3586501
          ],
          [
            47.0028594,
            -16.3581969
          ]
        ]
      },
      "id": "way/230384401"
    },
    {
      "type": "Feature",
      "properties": {
        "@id": "way/230384402",
        "highway": "primary",
        "ref": "N 4"
      },
      "geometry": {
        "type": "LineString",
        "coordinates": [
          [
            46.748918,
            -16.1991519
          ],
          [
            46.7490453,
            -16.1983389
          ],
          [
            46.749344,
            -16.1975289
          ],
          [
            46.7511832,
            -16.1939621
          ],
          [
            46.7520514,
            -16.1917841
          ],
          [
            46.7524999,
            -16.1906589
          ],
          [
            46.7537748,
            -16.1885371
          ],
          [
            46.754414,
            -16.1870168
          ],
          [
            46.7544693,
            -16.1867214
          ],
          [
            46.7544755,
            -16.1864101
          ],
          [
            46.7543511,
            -16.1857701
          ],
          [
            46.7539253,
            -16.183521
          ],
          [
            46.7536284,
            -16.1819529
          ],
          [
            46.7533003,
            -16.1801485
          ],
          [
            46.752797,
            -16.1773807
          ]
        ]
      },
      "id": "way/230384402"
    },
    {
      "type": "Feature",
      "properties": {
        "@id": "way/230384403",
        "highway": "primary",
        "ref": "N 4"
      },
      "geometry": {
        "type": "LineString",
        "coordinates": [
          [
            46.7514872,
            -16.2242698
          ],
          [
            46.7522369,
            -16.2232165
          ],
          [
            46.7526783,
            -16.2224821
          ],
          [
            46.7527209,
            -16.2222304
          ],
          [
            46.7527606,
            -16.2207834
          ],
          [
            46.7527689,
            -16.2200851
          ],
          [
            46.7527748,
            -16.219584
          ],
          [
            46.752729,
            -16.2188387
          ],
          [
            46.75248,
            -16.2154821
          ],
          [
            46.7522968,
            -16.2150702
          ],
          [
            46.751862,
            -16.2147001
          ],
          [
            46.7494696,
            -16.2128314
          ],
          [
            46.7490632,
            -16.2124322
          ],
          [
            46.7489117,
            -16.2121308
          ],
          [
            46.7488959,
            -16.2120513
          ],
          [
            46.7488656,
            -16.2118988
          ],
          [
            46.7487384,
            -16.2111459
          ],
          [
            46.7482952,
            -16.2082819
          ],
          [
            46.7482828,
            -16.2038102
          ],
          [
            46.748282,
            -16.2035474
          ],
          [
            46.7482811,
            -16.2032174
          ],
          [
            46.7484535,
            -16.2021172
          ],
          [
            46.7488885,
            -16.1993401
          ]
        ]
      },
      "id": "way/230384403"
    },
    {
      "type": "Feature",
      "properties": {
        "@id": "way/230384404",
        "highway": "primary",
        "ref": "N 4"
      },
      "geometry": {
        "type": "LineString",
        "coordinates": [
          [
            46.7535864,
            -16.2286607
          ],
          [
            46.7530294,
            -16.2276902
          ],
          [
            46.752472,
            -16.2268341
          ],
          [
            46.7513626,
            -16.2255945
          ],
          [
            46.7512045,
            -16.2254237
          ],
          [
            46.7511836,
            -16.2253726
          ],
          [
            46.751122,
            -16.2252222
          ],
          [
            46.7511062,
            -16.2250892
          ],
          [
            46.7511267,
            -16.2249131
          ],
          [
            46.7511465,
            -16.2247723
          ],
          [
            46.7512125,
            -16.2246537
          ],
          [
            46.7513395,
            -16.2244734
          ]
        ]
      },
      "id": "way/230384404"
    },
    {
      "type": "Feature",
      "properties": {
        "@id": "way/230384405",
        "highway": "primary",
        "ref": "N 4"
      },
      "geometry": {
        "type": "LineString",
        "coordinates": [
          [
            46.8663938,
            -16.3436366
          ],
          [
            46.865974,
            -16.3436173
          ],
          [
            46.865933,
            -16.3436154
          ],
          [
            46.8640545,
            -16.343523
          ],
          [
            46.8639913,
            -16.3435199
          ],
          [
            46.8631515,
            -16.3434785
          ],
          [
            46.8623298,
            -16.3434381
          ],
          [
            46.8620969,
            -16.3434266
          ],
          [
            46.8619777,
            -16.3434208
          ],
          [
            46.8614698,
            -16.3433958
          ],
          [
            46.8597388,
            -16.3433106
          ],
          [
            46.8592386,
            -16.343286
          ],
          [
            46.8591426,
            -16.3432615
          ],
          [
            46.8587213,
            -16.343154
          ],
          [
            46.856819,
            -16.3417979
          ],
          [
            46.856645,
            -16.3417142
          ],
          [
            46.8563561,
            -16.3416351
          ],
          [
            46.8562396,
            -16.3416294
          ],
          [
            46.8545747,
            -16.3415486
          ],
          [
            46.8538988,
            -16.3415158
          ],
          [
            46.8535363,
            -16.3414294
          ],
          [
            46.8532048,
            -16.3412559
          ],
          [
            46.8531207,
            -16.3412064
          ],
          [
            46.8527843,
            -16.3410083
          ],
          [
            46.8502472,
            -16.3395142
          ],
          [
            46.8499414,
            -16.3393341
          ],
          [
            46.8496439,
            -16.3391589
          ],
          [
            46.8495771,
            -16.3391159
          ],
          [
            46.8487373,
            -16.3386273
          ],
          [
            46.8478417,
            -16.3381027
          ],
          [
            46.8476578,
            -16.3379934
          ],
          [
            46.8472235,
            -16.3377352
          ],
          [
            46.8471623,
            -16.3376965
          ],
          [
            46.8465975,
            -16.3373646
          ],
          [
            46.8464018,
            -16.3372395
          ],
          [
            46.8461273,
            -16.337081
          ],
          [
            46.8455561,
            -16.3367513
          ],
          [
            46.8452083,
            -16.3365429
          ],
          [
            46.8451358,
            -16.3365061
          ],
          [
            46.8448589,
            -16.3363357
          ],
          [
            46.8447011,
            -16.3362877
          ]
        ]
      },
      "id": "way/230384405"
    },
    {
      "type": "Feature",
      "properties": {
        "@id": "way/230384406",
        "highway": "primary",
        "ref": "N 4"
      },
      "geometry": {
        "type": "LineString",
        "coordinates": [
          [
            46.7495493,
            -16.1564722
          ],
          [
            46.7492642,
            -16.1552652
          ],
          [
            46.749062,
            -16.1494821
          ],
          [
            46.7488704,
            -16.1490209
          ],
          [
            46.7485811,
            -16.1486974
          ],
          [
            46.7478873,
            -16.1481999
          ],
          [
            46.7476703,
            -16.1480058
          ],
          [
            46.7474998,
            -16.1477438
          ],
          [
            46.7472519,
            -16.147001
          ],
          [
            46.7466662,
            -16.1449442
          ],
          [
            46.7460396,
            -16.1427963
          ],
          [
            46.7454269,
            -16.140632
          ],
          [
            46.7453288,
            -16.1402275
          ],
          [
            46.7453228,
            -16.1398605
          ],
          [
            46.7454656,
            -16.1391274
          ],
          [
            46.7456113,
            -16.1383779
          ],
          [
            46.7457637,
            -16.1379268
          ],
          [
            46.7459162,
            -16.1377257
          ],
          [
            46.7461768,
            -16.1375004
          ],
          [
            46.7466037,
            -16.1372879
          ],
          [
            46.7470424,
            -16.1370755
          ],
          [
            46.7486518,
            -16.1362713
          ],
          [
            46.7490303,
            -16.1358832
          ],
          [
            46.7491676,
            -16.1356054
          ],
          [
            46.7491729,
            -16.1353171
          ]
        ]
      },
      "id": "way/230384406"
    },
    {
      "type": "Feature",
      "properties": {
        "@id": "way/230384407",
        "bridge": "yes",
        "highway": "primary",
        "layer": "1",
        "ref": "N 4"
      },
      "geometry": {
        "type": "LineString",
        "coordinates": [
          [
            46.7513395,
            -16.2244734
          ],
          [
            46.7514872,
            -16.2242698
          ]
        ]
      },
      "id": "way/230384407"
    },
    {
      "type": "Feature",
      "properties": {
        "@id": "way/230384408",
        "highway": "primary",
        "ref": "N 4"
      },
      "geometry": {
        "type": "LineString",
        "coordinates": [
          [
            46.960498,
            -16.3803138
          ],
          [
            46.9603267,
            -16.3803676
          ],
          [
            46.9601379,
            -16.3803905
          ]
        ]
      },
      "id": "way/230384408"
    },
    {
      "type": "Feature",
      "properties": {
        "@id": "way/230384409",
        "bridge": "yes",
        "highway": "primary",
        "layer": "1",
        "narrow": "yes",
        "obstacle": "unevenness",
        "ref": "N 4"
      },
      "geometry": {
        "type": "LineString",
        "coordinates": [
          [
            46.8776981,
            -16.3466474
          ],
          [
            46.877566,
            -16.3465683
          ]
        ]
      },
      "id": "way/230384409"
    },
    {
      "type": "Feature",
      "properties": {
        "@id": "way/230384410",
        "bridge": "yes",
        "highway": "primary",
        "layer": "1",
        "ref": "N 4"
      },
      "geometry": {
        "type": "LineString",
        "coordinates": [
          [
            46.7581037,
            -16.2351672
          ],
          [
            46.757963,
            -16.2350999
          ]
        ]
      },
      "id": "way/230384410"
    },
    {
      "type": "Feature",
      "properties": {
        "@id": "way/230384411",
        "highway": "primary",
        "ref": "N 4"
      },
      "geometry": {
        "type": "LineString",
        "coordinates": [
          [
            47.0170901,
            -16.3547262
          ],
          [
            47.016974,
            -16.3546996
          ],
          [
            47.0160693,
            -16.354492
          ]
        ]
      },
      "id": "way/230384411"
    },
    {
      "type": "Feature",
      "properties": {
        "@id": "way/230384412",
        "bridge": "yes",
        "highway": "primary",
        "layer": "1",
        "ref": "N 4"
      },
      "geometry": {
        "type": "LineString",
        "coordinates": [
          [
            46.8124227,
            -16.3065195
          ],
          [
            46.81233,
            -16.3062665
          ]
        ]
      },
      "id": "way/230384412"
    },
    {
      "type": "Feature",
      "properties": {
        "@id": "way/230384413",
        "highway": "primary",
        "ref": "N 4"
      },
      "geometry": {
        "type": "LineString",
        "coordinates": [
          [
            46.8671057,
            -16.3436694
          ],
          [
            46.8666072,
            -16.3436464
          ],
          [
            46.8663938,
            -16.3436366
          ]
        ]
      },
      "id": "way/230384413"
    },
    {
      "type": "Feature",
      "properties": {
        "@id": "way/230384414",
        "highway": "primary",
        "ref": "N 4"
      },
      "geometry": {
        "type": "LineString",
        "coordinates": [
          [
            46.7498116,
            -16.1573691
          ],
          [
            46.7495493,
            -16.1564722
          ]
        ]
      },
      "id": "way/230384414"
    },
    {
      "type": "Feature",
      "properties": {
        "@id": "way/230384415",
        "highway": "primary",
        "ref": "N 4"
      },
      "geometry": {
        "type": "LineString",
        "coordinates": [
          [
            46.7488885,
            -16.1993401
          ],
          [
            46.748918,
            -16.1991519
          ]
        ]
      },
      "id": "way/230384415"
    },
    {
      "type": "Feature",
      "properties": {
        "@id": "way/230384416",
        "bridge": "yes",
        "highway": "primary",
        "layer": "1",
        "ref": "N 4"
      },
      "geometry": {
        "type": "LineString",
        "coordinates": [
          [
            46.8111011,
            -16.2767422
          ],
          [
            46.8110682,
            -16.2765364
          ]
        ]
      },
      "id": "way/230384416"
    },
    {
      "type": "Feature",
      "properties": {
        "@id": "way/230384417",
        "bridge": "yes",
        "highway": "primary",
        "layer": "1",
        "ref": "N 4"
      },
      "geometry": {
        "type": "LineString",
        "coordinates": [
          [
            46.752797,
            -16.1773807
          ],
          [
            46.7527605,
            -16.1771796
          ]
        ]
      },
      "id": "way/230384417"
    },
    {
      "type": "Feature",
      "properties": {
        "@id": "way/230384418",
        "highway": "primary",
        "ref": "N 4"
      },
      "geometry": {
        "type": "LineString",
        "coordinates": [
          [
            46.811211,
            -16.2773382
          ],
          [
            46.8111011,
            -16.2767422
          ]
        ]
      },
      "id": "way/230384418"
    },
    {
      "type": "Feature",
      "properties": {
        "@id": "way/230384419",
        "highway": "primary",
        "ref": "N 4"
      },
      "geometry": {
        "type": "LineString",
        "coordinates": [
          [
            46.7527605,
            -16.1771796
          ],
          [
            46.7525516,
            -16.1760309
          ],
          [
            46.7526192,
            -16.1755303
          ],
          [
            46.7532315,
            -16.1740831
          ],
          [
            46.7532794,
            -16.1737836
          ],
          [
            46.7532057,
            -16.1734208
          ],
          [
            46.7530484,
            -16.1731657
          ],
          [
            46.7484254,
            -16.1684654
          ],
          [
            46.7473945,
            -16.1668364
          ],
          [
            46.7473388,
            -16.1666963
          ],
          [
            46.74729,
            -16.1665158
          ],
          [
            46.7472778,
            -16.1663587
          ],
          [
            46.7472833,
            -16.1661833
          ],
          [
            46.747549,
            -16.1629922
          ],
          [
            46.7475737,
            -16.162782
          ],
          [
            46.74766,
            -16.162525
          ],
          [
            46.7477549,
            -16.1623858
          ],
          [
            46.7479914,
            -16.1621388
          ],
          [
            46.7481275,
            -16.1619709
          ],
          [
            46.7489917,
            -16.1603882
          ],
          [
            46.7491077,
            -16.1601684
          ],
          [
            46.7498478,
            -16.1587652
          ],
          [
            46.749942,
            -16.1585693
          ],
          [
            46.7499722,
            -16.1584532
          ],
          [
            46.7499938,
            -16.158338
          ],
          [
            46.7500033,
            -16.1581241
          ],
          [
            46.7499778,
            -16.1579114
          ],
          [
            46.7498116,
            -16.1573691
          ]
        ]
      },
      "id": "way/230384419"
    },
    {
      "type": "Feature",
      "properties": {
        "@id": "way/230384420",
        "highway": "primary",
        "ref": "N 4"
      },
      "geometry": {
        "type": "LineString",
        "coordinates": [
          [
            46.8110682,
            -16.2765364
          ],
          [
            46.8110543,
            -16.2764514
          ],
          [
            46.8110429,
            -16.2763814
          ],
          [
            46.8110205,
            -16.2761977
          ],
          [
            46.8109861,
            -16.2759154
          ]
        ]
      },
      "id": "way/230384420"
    },
    {
      "type": "Feature",
      "properties": {
        "@id": "way/230384421",
        "highway": "primary",
        "ref": "N 4"
      },
      "geometry": {
        "type": "LineString",
        "coordinates": [
          [
            46.9601379,
            -16.3803905
          ],
          [
            46.9599176,
            -16.3803851
          ],
          [
            46.9598541,
            -16.3803836
          ],
          [
            46.9596754,
            -16.3803793
          ],
          [
            46.9596257,
            -16.3803781
          ],
          [
            46.9589493,
            -16.3803546
          ],
          [
            46.9585735,
            -16.3803329
          ],
          [
            46.9585446,
            -16.3803304
          ],
          [
            46.9585198,
            -16.3803283
          ],
          [
            46.9584164,
            -16.3803086
          ],
          [
            46.957866,
            -16.3802783
          ],
          [
            46.9577831,
            -16.3802738
          ],
          [
            46.9576517,
            -16.3802678
          ],
          [
            46.9573857,
            -16.3802556
          ],
          [
            46.9571521,
            -16.3802401
          ],
          [
            46.9569346,
            -16.3802257
          ],
          [
            46.9567781,
            -16.3802168
          ],
          [
            46.956731,
            -16.3802142
          ],
          [
            46.9565688,
            -16.380205
          ],
          [
            46.9563722,
            -16.3801939
          ],
          [
            46.9560573,
            -16.3801761
          ],
          [
            46.954493,
            -16.3800875
          ],
          [
            46.9544488,
            -16.380085
          ],
          [
            46.9536439,
            -16.3800427
          ],
          [
            46.9513007,
            -16.3799194
          ],
          [
            46.9504556,
            -16.379875
          ],
          [
            46.9502655,
            -16.379865
          ],
          [
            46.9492679,
            -16.3798147
          ],
          [
            46.9488163,
            -16.379793
          ],
          [
            46.947009,
            -16.3796842
          ],
          [
            46.9459412,
            -16.3796234
          ],
          [
            46.9453706,
            -16.3795909
          ],
          [
            46.9437955,
            -16.3795163
          ],
          [
            46.9415709,
            -16.3793747
          ],
          [
            46.9411118,
            -16.3794298
          ],
          [
            46.9406628,
            -16.3794836
          ],
          [
            46.9404285,
            -16.3795248
          ],
          [
            46.9400304,
            -16.3795976
          ]
        ]
      },
      "id": "way/230384421"
    },
    {
      "type": "Feature",
      "properties": {
        "@id": "way/230384422",
        "highway": "primary",
        "ref": "N 4"
      },
      "geometry": {
        "type": "LineString",
        "coordinates": [
          [
            46.8109861,
            -16.2759154
          ],
          [
            46.8109718,
            -16.275393
          ],
          [
            46.8109758,
            -16.2732325
          ],
          [
            46.8109651,
            -16.2719915
          ],
          [
            46.8109135,
            -16.2710489
          ],
          [
            46.8104925,
            -16.2698411
          ],
          [
            46.8099676,
            -16.2686529
          ],
          [
            46.809734,
            -16.268343
          ],
          [
            46.8094068,
            -16.2680186
          ],
          [
            46.8087362,
            -16.2673749
          ],
          [
            46.8075114,
            -16.2661571
          ],
          [
            46.8067836,
            -16.2654875
          ],
          [
            46.8061964,
            -16.264985
          ],
          [
            46.8046755,
            -16.2639002
          ],
          [
            46.8038688,
            -16.2634485
          ],
          [
            46.8028149,
            -16.2630991
          ],
          [
            46.7991179,
            -16.2623066
          ],
          [
            46.7987023,
            -16.2620569
          ],
          [
            46.7984049,
            -16.2616141
          ],
          [
            46.7980369,
            -16.2609969
          ],
          [
            46.7975689,
            -16.2603673
          ],
          [
            46.7969211,
            -16.2596425
          ],
          [
            46.7961358,
            -16.2588768
          ],
          [
            46.7941039,
            -16.2568727
          ],
          [
            46.7938946,
            -16.2566836
          ],
          [
            46.7933619,
            -16.2562949
          ],
          [
            46.7931928,
            -16.2561715
          ],
          [
            46.7926939,
            -16.2558264
          ],
          [
            46.7922339,
            -16.2555425
          ],
          [
            46.7917712,
            -16.2553784
          ],
          [
            46.7913013,
            -16.2553001
          ],
          [
            46.7893653,
            -16.2550841
          ],
          [
            46.7887021,
            -16.2549455
          ],
          [
            46.7882436,
            -16.2546853
          ],
          [
            46.7876351,
            -16.2540866
          ],
          [
            46.7860302,
            -16.2524656
          ],
          [
            46.7857524,
            -16.2518403
          ],
          [
            46.785599,
            -16.2512368
          ],
          [
            46.7847391,
            -16.2482515
          ],
          [
            46.7846507,
            -16.2479803
          ],
          [
            46.7845542,
            -16.2477246
          ],
          [
            46.7844451,
            -16.247537
          ],
          [
            46.784143,
            -16.2470919
          ],
          [
            46.7836965,
            -16.2466036
          ],
          [
            46.7815026,
            -16.2452516
          ],
          [
            46.7778696,
            -16.2430031
          ],
          [
            46.7775432,
            -16.2428735
          ],
          [
            46.7756565,
            -16.2424258
          ],
          [
            46.7738541,
            -16.2419983
          ],
          [
            46.7701458,
            -16.2411169
          ],
          [
            46.7663579,
            -16.2387732
          ],
          [
            46.7652254,
            -16.238133
          ],
          [
            46.7641526,
            -16.2376629
          ],
          [
            46.758761,
            -16.2354137
          ],
          [
            46.7581037,
            -16.2351672
          ]
        ]
      },
      "id": "way/230384422"
    },
    {
      "type": "Feature",
      "properties": {
        "@id": "way/230384423",
        "embankment": "yes",
        "highway": "primary",
        "ref": "N 4"
      },
      "geometry": {
        "type": "LineString",
        "coordinates": [
          [
            46.7491729,
            -16.1353171
          ],
          [
            46.7487119,
            -16.1284187
          ],
          [
            46.7482463,
            -16.1213002
          ],
          [
            46.7483587,
            -16.1208658
          ],
          [
            46.7484923,
            -16.120637
          ],
          [
            46.7488725,
            -16.1202773
          ]
        ]
      },
      "id": "way/230384423"
    },
    {
      "type": "Feature",
      "properties": {
        "@id": "way/230384424",
        "highway": "primary",
        "ref": "N 4"
      },
      "geometry": {
        "type": "LineString",
        "coordinates": [
          [
            46.877566,
            -16.3465683
          ],
          [
            46.87585,
            -16.3455419
          ],
          [
            46.8757994,
            -16.3455076
          ],
          [
            46.8738521,
            -16.3441878
          ],
          [
            46.873529,
            -16.3440085
          ],
          [
            46.8731083,
            -16.3439457
          ],
          [
            46.8717536,
            -16.3438834
          ],
          [
            46.8692948,
            -16.3437702
          ],
          [
            46.8671057,
            -16.3436694
          ]
        ]
      },
      "id": "way/230384424"
    },
    {
      "type": "Feature",
      "properties": {
        "@id": "way/230384425",
        "highway": "primary",
        "ref": "N 4"
      },
      "geometry": {
        "type": "LineString",
        "coordinates": [
          [
            46.81233,
            -16.3062665
          ],
          [
            46.8118417,
            -16.3049045
          ],
          [
            46.8108886,
            -16.3019282
          ],
          [
            46.8106614,
            -16.3012188
          ],
          [
            46.8104778,
            -16.3006307
          ],
          [
            46.8104872,
            -16.2999522
          ],
          [
            46.8109812,
            -16.2900089
          ],
          [
            46.8114099,
            -16.2803521
          ],
          [
            46.811456,
            -16.2795354
          ],
          [
            46.8114675,
            -16.2789196
          ],
          [
            46.811211,
            -16.2773382
          ]
        ]
      },
      "id": "way/230384425"
    },
    {
      "type": "Feature",
      "properties": {
        "@id": "way/230385409",
        "highway": "primary",
        "ref": "N 4"
      },
      "geometry": {
        "type": "LineString",
        "coordinates": [
          [
            47.1171752,
            -16.4161059
          ],
          [
            47.1161795,
            -16.4157194
          ],
          [
            47.1159437,
            -16.4155805
          ],
          [
            47.1157034,
            -16.4153591
          ],
          [
            47.1153152,
            -16.4148111
          ],
          [
            47.1148459,
            -16.4141486
          ],
          [
            47.1146413,
            -16.4138598
          ],
          [
            47.1142016,
            -16.413239
          ],
          [
            47.1141657,
            -16.4131916
          ],
          [
            47.1132807,
            -16.412022
          ],
          [
            47.1129425,
            -16.4115749
          ],
          [
            47.1126876,
            -16.4113623
          ],
          [
            47.1125206,
            -16.4112231
          ],
          [
            47.1121782,
            -16.4110528
          ],
          [
            47.1117585,
            -16.4109121
          ],
          [
            47.1115576,
            -16.4108545
          ],
          [
            47.110741,
            -16.4106203
          ],
          [
            47.1105027,
            -16.4104534
          ],
          [
            47.110173,
            -16.4102225
          ],
          [
            47.1097337,
            -16.4098114
          ],
          [
            47.1097209,
            -16.4097953
          ],
          [
            47.1068475,
            -16.4061826
          ],
          [
            47.1041301,
            -16.4027659
          ],
          [
            47.101543,
            -16.3994693
          ],
          [
            47.0983863,
            -16.3954468
          ]
        ]
      },
      "id": "way/230385409"
    },
    {
      "type": "Feature",
      "properties": {
        "@id": "way/230385410",
        "highway": "primary",
        "ref": "N 4"
      },
      "geometry": {
        "type": "LineString",
        "coordinates": [
          [
            47.057253,
            -16.3706824
          ],
          [
            47.0560953,
            -16.3712889
          ],
          [
            47.0558476,
            -16.3713659
          ],
          [
            47.0556358,
            -16.3713843
          ],
          [
            47.0554147,
            -16.3713521
          ],
          [
            47.055223,
            -16.3712889
          ],
          [
            47.0550347,
            -16.371182
          ],
          [
            47.054578,
            -16.3708202
          ],
          [
            47.052796,
            -16.3694086
          ],
          [
            47.0516196,
            -16.3684964
          ],
          [
            47.0488117,
            -16.3663193
          ],
          [
            47.0485224,
            -16.366101
          ],
          [
            47.0452581,
            -16.3636375
          ],
          [
            47.0448119,
            -16.3633007
          ],
          [
            47.0446736,
            -16.3631588
          ],
          [
            47.0445598,
            -16.3629945
          ],
          [
            47.0440993,
            -16.3620752
          ],
          [
            47.0440332,
            -16.3619492
          ],
          [
            47.0439052,
            -16.3617051
          ],
          [
            47.0436808,
            -16.3612771
          ],
          [
            47.0435256,
            -16.3609812
          ],
          [
            47.0430955,
            -16.3601612
          ],
          [
            47.0428724,
            -16.3597357
          ],
          [
            47.0427957,
            -16.359592
          ],
          [
            47.0422259,
            -16.3585247
          ],
          [
            47.0419125,
            -16.3580787
          ]
        ]
      },
      "id": "way/230385410"
    },
    {
      "type": "Feature",
      "properties": {
        "@id": "way/230385411",
        "highway": "primary",
        "ref": "N 4"
      },
      "geometry": {
        "type": "LineString",
        "coordinates": [
          [
            47.0983863,
            -16.3954468
          ],
          [
            47.0966464,
            -16.3931999
          ],
          [
            47.0961387,
            -16.3926359
          ],
          [
            47.0961091,
            -16.3926106
          ],
          [
            47.0952406,
            -16.3918655
          ],
          [
            47.0946434,
            -16.3913531
          ],
          [
            47.0929063,
            -16.3898628
          ],
          [
            47.0919549,
            -16.3890691
          ],
          [
            47.0917848,
            -16.3888033
          ],
          [
            47.0917205,
            -16.3887027
          ],
          [
            47.0911774,
            -16.3876046
          ],
          [
            47.0907098,
            -16.3866589
          ],
          [
            47.0904352,
            -16.3863851
          ],
          [
            47.0898502,
            -16.3860568
          ],
          [
            47.0893798,
            -16.3859631
          ],
          [
            47.08824,
            -16.3861342
          ],
          [
            47.0876641,
            -16.3860281
          ],
          [
            47.0872807,
            -16.3857988
          ],
          [
            47.0850455,
            -16.3839685
          ],
          [
            47.0846589,
            -16.3836933
          ],
          [
            47.0843858,
            -16.3835355
          ]
        ]
      },
      "id": "way/230385411"
    },
    {
      "type": "Feature",
      "properties": {
        "@id": "way/230385413",
        "bridge": "yes",
        "highway": "primary",
        "layer": "1",
        "ref": "N 4"
      },
      "geometry": {
        "type": "LineString",
        "coordinates": [
          [
            47.1677555,
            -16.4464535
          ],
          [
            47.1676418,
            -16.4463667
          ]
        ]
      },
      "id": "way/230385413"
    },
    {
      "type": "Feature",
      "properties": {
        "@id": "way/230385415",
        "bridge": "yes",
        "highway": "primary",
        "layer": "1",
        "ref": "N 4"
      },
      "geometry": {
        "type": "LineString",
        "coordinates": [
          [
            47.117571,
            -16.4162578
          ],
          [
            47.1171752,
            -16.4161059
          ]
        ]
      },
      "id": "way/230385415"
    },
    {
      "type": "Feature",
      "properties": {
        "@id": "way/230385416",
        "highway": "primary",
        "ref": "N 4"
      },
      "geometry": {
        "type": "LineString",
        "coordinates": [
          [
            47.1676418,
            -16.4463667
          ],
          [
            47.165949,
            -16.445118
          ],
          [
            47.1643815,
            -16.4437578
          ],
          [
            47.1639685,
            -16.4433783
          ],
          [
            47.1630295,
            -16.4425156
          ],
          [
            47.1611238,
            -16.4407647
          ]
        ]
      },
      "id": "way/230385416"
    },
    {
      "type": "Feature",
      "properties": {
        "@id": "way/230487866",
        "highway": "primary",
        "ref": "N 4"
      },
      "geometry": {
        "type": "LineString",
        "coordinates": [
          [
            47.0728278,
            -16.6927229
          ],
          [
            47.0741335,
            -16.6912221
          ],
          [
            47.0743189,
            -16.690986
          ],
          [
            47.0744122,
            -16.6907079
          ],
          [
            47.0744364,
            -16.6904098
          ],
          [
            47.0744299,
            -16.690113
          ],
          [
            47.0743547,
            -16.6892889
          ],
          [
            47.0743086,
            -16.6884884
          ],
          [
            47.0743419,
            -16.688025
          ],
          [
            47.0743933,
            -16.687671
          ],
          [
            47.0744254,
            -16.6874499
          ],
          [
            47.0753216,
            -16.6824776
          ]
        ]
      },
      "id": "way/230487866"
    },
    {
      "type": "Feature",
      "properties": {
        "@id": "way/230487867",
        "highway": "primary",
        "ref": "N 4"
      },
      "geometry": {
        "type": "LineString",
        "coordinates": [
          [
            47.0737112,
            -16.6699084
          ],
          [
            47.0734989,
            -16.6682709
          ],
          [
            47.0733767,
            -16.6672872
          ],
          [
            47.0732309,
            -16.6662465
          ],
          [
            47.0732122,
            -16.6659889
          ],
          [
            47.073227,
            -16.6657268
          ],
          [
            47.0733369,
            -16.6653709
          ],
          [
            47.0735585,
            -16.6650341
          ],
          [
            47.0744874,
            -16.6641804
          ],
          [
            47.076068,
            -16.6626249
          ],
          [
            47.0778181,
            -16.6601364
          ],
          [
            47.0780273,
            -16.6598075
          ],
          [
            47.0781967,
            -16.6594816
          ],
          [
            47.0782296,
            -16.6591394
          ],
          [
            47.078087,
            -16.6577179
          ],
          [
            47.0781138,
            -16.6575006
          ],
          [
            47.0782299,
            -16.6572674
          ],
          [
            47.0783994,
            -16.6570744
          ],
          [
            47.0787284,
            -16.6567942
          ]
        ]
      },
      "id": "way/230487867"
    },
    {
      "type": "Feature",
      "properties": {
        "@id": "way/230487868",
        "highway": "primary",
        "ref": "N 4"
      },
      "geometry": {
        "type": "LineString",
        "coordinates": [
          [
            47.0892983,
            -16.6198254
          ],
          [
            47.0893696,
            -16.6196632
          ],
          [
            47.089719,
            -16.6188855
          ],
          [
            47.0901697,
            -16.6180509
          ],
          [
            47.0903122,
            -16.617734
          ],
          [
            47.0904087,
            -16.6173144
          ],
          [
            47.0904277,
            -16.6170574
          ],
          [
            47.090444,
            -16.6168079
          ],
          [
            47.090491,
            -16.61631
          ],
          [
            47.0904495,
            -16.6159811
          ],
          [
            47.0902269,
            -16.6154763
          ],
          [
            47.0898885,
            -16.6147003
          ],
          [
            47.0898689,
            -16.614651
          ],
          [
            47.089796,
            -16.6144525
          ],
          [
            47.0897619,
            -16.6143117
          ],
          [
            47.0897556,
            -16.6141262
          ],
          [
            47.089761,
            -16.6139762
          ],
          [
            47.0898016,
            -16.613665
          ],
          [
            47.089828,
            -16.6133238
          ],
          [
            47.0898427,
            -16.6132267
          ],
          [
            47.0898514,
            -16.6131793
          ],
          [
            47.0899115,
            -16.6129215
          ],
          [
            47.0900951,
            -16.6125253
          ],
          [
            47.0908596,
            -16.6111248
          ],
          [
            47.0910248,
            -16.6106109
          ],
          [
            47.0912179,
            -16.6099805
          ],
          [
            47.0915352,
            -16.6087803
          ]
        ]
      },
      "id": "way/230487868"
    },
    {
      "type": "Feature",
      "properties": {
        "@id": "way/230487869",
        "highway": "primary",
        "ref": "N 4"
      },
      "geometry": {
        "type": "LineString",
        "coordinates": [
          [
            47.0679878,
            -16.7196532
          ],
          [
            47.0689078,
            -16.7162743
          ],
          [
            47.0690848,
            -16.7156835
          ],
          [
            47.0693077,
            -16.7151123
          ],
          [
            47.0718066,
            -16.7109731
          ],
          [
            47.0721908,
            -16.7104121
          ],
          [
            47.0726166,
            -16.7099068
          ],
          [
            47.0733607,
            -16.7090589
          ],
          [
            47.0734794,
            -16.7089183
          ],
          [
            47.0740791,
            -16.7082079
          ],
          [
            47.07438,
            -16.7080147
          ],
          [
            47.0752072,
            -16.7074835
          ],
          [
            47.0753384,
            -16.707391
          ],
          [
            47.0754444,
            -16.7072432
          ],
          [
            47.0755329,
            -16.7070969
          ],
          [
            47.0755892,
            -16.7069221
          ],
          [
            47.0756119,
            -16.7067628
          ],
          [
            47.0756067,
            -16.7065869
          ],
          [
            47.0755878,
            -16.7061836
          ],
          [
            47.0755841,
            -16.7060177
          ],
          [
            47.0755916,
            -16.7058494
          ],
          [
            47.0756157,
            -16.7056886
          ],
          [
            47.0756803,
            -16.7054732
          ]
        ]
      },
      "id": "way/230487869"
    },
    {
      "type": "Feature",
      "properties": {
        "@id": "way/230487870",
        "highway": "primary",
        "ref": "N 4"
      },
      "geometry": {
        "type": "LineString",
        "coordinates": [
          [
            47.0888088,
            -16.6366107
          ],
          [
            47.0884677,
            -16.6354235
          ],
          [
            47.0883895,
            -16.6350423
          ],
          [
            47.0883827,
            -16.6347374
          ],
          [
            47.0887005,
            -16.6313711
          ],
          [
            47.0888414,
            -16.6303771
          ],
          [
            47.0890768,
            -16.6295935
          ],
          [
            47.0893145,
            -16.6289006
          ],
          [
            47.0894217,
            -16.6283581
          ],
          [
            47.0892877,
            -16.625875
          ],
          [
            47.0891375,
            -16.6239479
          ],
          [
            47.089046,
            -16.6236296
          ],
          [
            47.088653,
            -16.6226883
          ],
          [
            47.088616,
            -16.6223813
          ],
          [
            47.0886513,
            -16.621918
          ],
          [
            47.0886981,
            -16.6214385
          ],
          [
            47.0887861,
            -16.6210455
          ],
          [
            47.0888835,
            -16.6207799
          ],
          [
            47.0890186,
            -16.6204898
          ],
          [
            47.0892498,
            -16.6199375
          ]
        ]
      },
      "id": "way/230487870"
    },
    {
      "type": "Feature",
      "properties": {
        "@id": "way/230487871",
        "highway": "primary",
        "ref": "N 4"
      },
      "geometry": {
        "type": "LineString",
        "coordinates": [
          [
            47.0929788,
            -16.5922314
          ],
          [
            47.0928503,
            -16.5918322
          ],
          [
            47.0924242,
            -16.5912266
          ],
          [
            47.0923132,
            -16.5910687
          ],
          [
            47.0922911,
            -16.5910391
          ],
          [
            47.0921591,
            -16.5908615
          ],
          [
            47.0920437,
            -16.5907069
          ],
          [
            47.0914101,
            -16.5897649
          ],
          [
            47.0913706,
            -16.5897073
          ],
          [
            47.0913458,
            -16.5896712
          ],
          [
            47.0913023,
            -16.5896098
          ],
          [
            47.0910317,
            -16.5892278
          ],
          [
            47.0909331,
            -16.5889922
          ],
          [
            47.0909293,
            -16.5889468
          ],
          [
            47.0909197,
            -16.5888322
          ],
          [
            47.0909139,
            -16.5887627
          ],
          [
            47.0909449,
            -16.5884515
          ],
          [
            47.0909487,
            -16.5884141
          ],
          [
            47.0910523,
            -16.5873745
          ],
          [
            47.0911583,
            -16.586579
          ],
          [
            47.0914424,
            -16.5853935
          ],
          [
            47.0915885,
            -16.5849361
          ],
          [
            47.0916084,
            -16.5848739
          ],
          [
            47.0918531,
            -16.5844176
          ],
          [
            47.0921799,
            -16.5837806
          ],
          [
            47.0939702,
            -16.5802907
          ],
          [
            47.0941848,
            -16.5798724
          ],
          [
            47.0942568,
            -16.5795599
          ],
          [
            47.0942388,
            -16.5792023
          ],
          [
            47.0941441,
            -16.5786846
          ],
          [
            47.0936487,
            -16.5759758
          ],
          [
            47.093585,
            -16.5756278
          ],
          [
            47.0935502,
            -16.575344
          ],
          [
            47.0935651,
            -16.5750651
          ],
          [
            47.093986,
            -16.5739543
          ],
          [
            47.0940527,
            -16.5737768
          ],
          [
            47.0943982,
            -16.5729127
          ],
          [
            47.0944483,
            -16.5727833
          ],
          [
            47.0945774,
            -16.5722887
          ],
          [
            47.0945825,
            -16.5717989
          ],
          [
            47.0945177,
            -16.5688915
          ],
          [
            47.0945227,
            -16.5684857
          ],
          [
            47.094592,
            -16.5682164
          ],
          [
            47.0947006,
            -16.5680148
          ],
          [
            47.095,
            -16.5675672
          ],
          [
            47.0953253,
            -16.5670469
          ],
          [
            47.0956084,
            -16.5666408
          ]
        ]
      },
      "id": "way/230487871"
    },
    {
      "type": "Feature",
      "properties": {
        "@id": "way/230487872",
        "bridge": "yes",
        "highway": "primary",
        "layer": "1",
        "narrow": "yes",
        "ref": "N 4"
      },
      "geometry": {
        "type": "LineString",
        "coordinates": [
          [
            47.0930556,
            -16.5924949
          ],
          [
            47.0929788,
            -16.5922314
          ]
        ]
      },
      "id": "way/230487872"
    },
    {
      "type": "Feature",
      "properties": {
        "@id": "way/230487873",
        "bridge": "yes",
        "highway": "primary",
        "layer": "1",
        "narrow": "yes",
        "ref": "N 4"
      },
      "geometry": {
        "type": "LineString",
        "coordinates": [
          [
            46.9965918,
            -16.8223017
          ],
          [
            46.9966579,
            -16.8222453
          ]
        ]
      },
      "id": "way/230487873"
    },
    {
      "type": "Feature",
      "properties": {
        "@id": "way/230487874",
        "bridge": "yes",
        "highway": "primary",
        "layer": "1",
        "narrow": "yes",
        "obstacle": "unevenness",
        "ref": "N 4"
      },
      "geometry": {
        "type": "LineString",
        "coordinates": [
          [
            47.0918421,
            -16.6076168
          ],
          [
            47.0917122,
            -16.6081935
          ]
        ]
      },
      "id": "way/230487874"
    },
    {
      "type": "Feature",
      "properties": {
        "@id": "way/230487875",
        "bridge": "yes",
        "highway": "primary",
        "layer": "1",
        "ref": "N 4"
      },
      "geometry": {
        "type": "LineString",
        "coordinates": [
          [
            47.0888593,
            -16.6368013
          ],
          [
            47.0888088,
            -16.6366107
          ]
        ]
      },
      "id": "way/230487875"
    },
    {
      "type": "Feature",
      "properties": {
        "@id": "way/230487876",
        "bridge": "yes",
        "highway": "primary",
        "layer": "1",
        "ref": "N 4"
      },
      "geometry": {
        "type": "LineString",
        "coordinates": [
          [
            47.1251316,
            -16.5363574
          ],
          [
            47.1252427,
            -16.5362644
          ]
        ]
      },
      "id": "way/230487876"
    },
    {
      "type": "Feature",
      "properties": {
        "@id": "way/230487877",
        "highway": "primary",
        "ref": "N 4"
      },
      "geometry": {
        "type": "LineString",
        "coordinates": [
          [
            46.99625,
            -16.8226836
          ],
          [
            46.9965918,
            -16.8223017
          ]
        ]
      },
      "id": "way/230487877"
    },
    {
      "type": "Feature",
      "properties": {
        "@id": "way/230487878",
        "bridge": "yes",
        "highway": "primary",
        "layer": "1",
        "ref": "N 4"
      },
      "geometry": {
        "type": "LineString",
        "coordinates": [
          [
            47.020143,
            -16.7737933
          ],
          [
            47.0202592,
            -16.7736725
          ]
        ]
      },
      "id": "way/230487878"
    },
    {
      "type": "Feature",
      "properties": {
        "@id": "way/230487879",
        "highway": "primary",
        "ref": "N 4"
      },
      "geometry": {
        "type": "LineString",
        "coordinates": [
          [
            47.0917122,
            -16.6081935
          ],
          [
            47.0915352,
            -16.6087803
          ]
        ]
      },
      "id": "way/230487879"
    },
    {
      "type": "Feature",
      "properties": {
        "@id": "way/230487880",
        "bridge": "yes",
        "highway": "primary",
        "layer": "1",
        "ref": "N 4"
      },
      "geometry": {
        "type": "LineString",
        "coordinates": [
          [
            47.0726562,
            -16.6929343
          ],
          [
            47.0728278,
            -16.6927229
          ]
        ]
      },
      "id": "way/230487880"
    },
    {
      "type": "Feature",
      "properties": {
        "@id": "way/230487881",
        "bridge": "yes",
        "highway": "primary",
        "layer": "1",
        "ref": "N 4"
      },
      "geometry": {
        "type": "LineString",
        "coordinates": [
          [
            47.1477276,
            -16.504952
          ],
          [
            47.1478377,
            -16.5046606
          ]
        ]
      },
      "id": "way/230487881"
    },
    {
      "type": "Feature",
      "properties": {
        "@id": "way/230487882",
        "bridge": "yes",
        "highway": "primary",
        "layer": "1",
        "narrow": "yes",
        "obstacle": "unevenness",
        "ref": "N 4"
      },
      "geometry": {
        "type": "LineString",
        "coordinates": [
          [
            47.0892498,
            -16.6199375
          ],
          [
            47.0892983,
            -16.6198254
          ]
        ]
      },
      "id": "way/230487882"
    },
    {
      "type": "Feature",
      "properties": {
        "@id": "way/230487883",
        "bridge": "yes",
        "highway": "primary",
        "layer": "1",
        "narrow": "yes",
        "obstacle": "unevenness",
        "ref": "N 4"
      },
      "geometry": {
        "type": "LineString",
        "coordinates": [
          [
            47.0737225,
            -16.6700353
          ],
          [
            47.0737112,
            -16.6699084
          ]
        ]
      },
      "id": "way/230487883"
    },
    {
      "type": "Feature",
      "properties": {
        "@id": "way/230487884",
        "bridge": "yes",
        "highway": "primary",
        "layer": "1",
        "narrow": "yes",
        "ref": "N 4"
      },
      "geometry": {
        "type": "LineString",
        "coordinates": [
          [
            46.996184,
            -16.8227528
          ],
          [
            46.99625,
            -16.8226836
          ]
        ]
      },
      "id": "way/230487884"
    },
    {
      "type": "Feature",
      "properties": {
        "@id": "way/230487885",
        "bridge": "yes",
        "highway": "primary",
        "layer": "1",
        "narrow": "yes",
        "ref": "N 4"
      },
      "geometry": {
        "type": "LineString",
        "coordinates": [
          [
            47.0679419,
            -16.7198422
          ],
          [
            47.0679878,
            -16.7196532
          ]
        ]
      },
      "id": "way/230487885"
    },
    {
      "type": "Feature",
      "properties": {
        "@id": "way/230487886",
        "highway": "primary",
        "ref": "N 4"
      },
      "geometry": {
        "type": "LineString",
        "coordinates": [
          [
            46.9966579,
            -16.8222453
          ],
          [
            46.9969314,
            -16.821923
          ],
          [
            46.9972859,
            -16.821442
          ],
          [
            46.9973686,
            -16.8212974
          ],
          [
            46.9974135,
            -16.8211535
          ],
          [
            46.9974412,
            -16.820998
          ],
          [
            46.9973737,
            -16.820788
          ],
          [
            46.9972012,
            -16.8203801
          ],
          [
            46.9972117,
            -16.8202179
          ],
          [
            46.997311,
            -16.8200751
          ],
          [
            46.9974485,
            -16.8199648
          ],
          [
            46.9976204,
            -16.8199036
          ],
          [
            46.9980066,
            -16.8198853
          ],
          [
            46.9981244,
            -16.8198423
          ],
          [
            46.9982263,
            -16.8197811
          ],
          [
            46.9983076,
            -16.8196851
          ],
          [
            46.9983726,
            -16.8195976
          ],
          [
            46.9995343,
            -16.8175206
          ],
          [
            47.0009422,
            -16.8152505
          ],
          [
            47.001005,
            -16.8150471
          ],
          [
            47.0009308,
            -16.8147209
          ],
          [
            47.0007629,
            -16.8141407
          ],
          [
            47.0005544,
            -16.8137479
          ],
          [
            47.0003906,
            -16.8133651
          ],
          [
            47.0003344,
            -16.8129725
          ],
          [
            47.0003258,
            -16.8126894
          ],
          [
            47.0003222,
            -16.8125736
          ],
          [
            47.0004489,
            -16.8122577
          ],
          [
            47.0006448,
            -16.812071
          ],
          [
            47.0033165,
            -16.8100095
          ],
          [
            47.0035866,
            -16.8097662
          ],
          [
            47.0038614,
            -16.809398
          ],
          [
            47.0045294,
            -16.8082944
          ],
          [
            47.0049841,
            -16.8076478
          ],
          [
            47.005314,
            -16.8073391
          ],
          [
            47.0056227,
            -16.807104
          ],
          [
            47.0061937,
            -16.8067743
          ],
          [
            47.0063882,
            -16.8066691
          ],
          [
            47.0065067,
            -16.8065365
          ],
          [
            47.0066042,
            -16.8063249
          ],
          [
            47.0066749,
            -16.8060332
          ],
          [
            47.006841,
            -16.804964
          ],
          [
            47.0069273,
            -16.8045662
          ],
          [
            47.0070467,
            -16.8041823
          ],
          [
            47.0071553,
            -16.80386
          ],
          [
            47.0072522,
            -16.8036123
          ],
          [
            47.0073699,
            -16.8033542
          ],
          [
            47.0078446,
            -16.8025788
          ],
          [
            47.0079017,
            -16.8024298
          ],
          [
            47.0079318,
            -16.8022231
          ],
          [
            47.0079834,
            -16.801827
          ],
          [
            47.0080039,
            -16.801647
          ],
          [
            47.0080552,
            -16.8014336
          ],
          [
            47.008163,
            -16.801309
          ],
          [
            47.0082832,
            -16.8012101
          ],
          [
            47.0084939,
            -16.801141
          ]
        ]
      },
      "id": "way/230487886"
    },
    {
      "type": "Feature",
      "properties": {
        "@id": "way/230487887",
        "highway": "primary",
        "ref": "N 4"
      },
      "geometry": {
        "type": "LineString",
        "coordinates": [
          [
            47.0202592,
            -16.7736725
          ],
          [
            47.0206238,
            -16.7733142
          ],
          [
            47.020797,
            -16.7731545
          ],
          [
            47.020915,
            -16.7730043
          ],
          [
            47.0209894,
            -16.7728469
          ]
        ]
      },
      "id": "way/230487887"
    },
    {
      "type": "Feature",
      "properties": {
        "@id": "way/230487888",
        "highway": "primary",
        "ref": "N 4"
      },
      "geometry": {
        "type": "LineString",
        "coordinates": [
          [
            47.075547,
            -16.6812605
          ],
          [
            47.0755977,
            -16.6809385
          ],
          [
            47.0756053,
            -16.6805176
          ],
          [
            47.0755708,
            -16.6800904
          ],
          [
            47.0754765,
            -16.6796954
          ],
          [
            47.0753505,
            -16.6792226
          ],
          [
            47.0748757,
            -16.6777735
          ],
          [
            47.0741223,
            -16.6754029
          ]
        ]
      },
      "id": "way/230487888"
    },
    {
      "type": "Feature",
      "properties": {
        "@id": "way/230487889",
        "highway": "primary",
        "ref": "N 4"
      },
      "geometry": {
        "type": "LineString",
        "coordinates": [
          [
            47.1252427,
            -16.5362644
          ],
          [
            47.1257611,
            -16.5358536
          ],
          [
            47.1259973,
            -16.5356664
          ],
          [
            47.1262852,
            -16.535386
          ],
          [
            47.1263411,
            -16.5353219
          ],
          [
            47.1270875,
            -16.5344661
          ],
          [
            47.1271287,
            -16.5344189
          ],
          [
            47.1275205,
            -16.5340438
          ],
          [
            47.1277555,
            -16.5338474
          ],
          [
            47.1278948,
            -16.5337527
          ],
          [
            47.1280432,
            -16.5336692
          ],
          [
            47.1281847,
            -16.5336124
          ],
          [
            47.1283371,
            -16.5335805
          ],
          [
            47.1285117,
            -16.5335664
          ],
          [
            47.1288697,
            -16.5335446
          ],
          [
            47.1291441,
            -16.533529
          ],
          [
            47.1298107,
            -16.533481
          ],
          [
            47.1300546,
            -16.5334042
          ],
          [
            47.1301202,
            -16.5333836
          ],
          [
            47.1304425,
            -16.5331759
          ],
          [
            47.1310979,
            -16.5327108
          ],
          [
            47.1318055,
            -16.5322086
          ],
          [
            47.1318817,
            -16.5321546
          ],
          [
            47.1320254,
            -16.53203
          ],
          [
            47.1321603,
            -16.5317731
          ],
          [
            47.132217,
            -16.5316325
          ],
          [
            47.1322342,
            -16.53159
          ],
          [
            47.1326591,
            -16.5305367
          ],
          [
            47.1327808,
            -16.5302636
          ],
          [
            47.1331096,
            -16.5295259
          ],
          [
            47.1333758,
            -16.528946
          ],
          [
            47.1335269,
            -16.5287427
          ],
          [
            47.1337372,
            -16.5285852
          ],
          [
            47.1347486,
            -16.5280707
          ],
          [
            47.1350077,
            -16.5279155
          ],
          [
            47.1352437,
            -16.52776
          ],
          [
            47.1356645,
            -16.5269576
          ],
          [
            47.1362278,
            -16.5258834
          ],
          [
            47.136661,
            -16.5251711
          ],
          [
            47.1366984,
            -16.525025
          ],
          [
            47.1369285,
            -16.5241257
          ],
          [
            47.1371846,
            -16.5230065
          ],
          [
            47.1373291,
            -16.5226272
          ],
          [
            47.1378819,
            -16.5221616
          ],
          [
            47.1381135,
            -16.5218172
          ],
          [
            47.1381493,
            -16.5213195
          ],
          [
            47.1378413,
            -16.5204846
          ],
          [
            47.1378494,
            -16.520051
          ],
          [
            47.137952,
            -16.5198948
          ],
          [
            47.1380719,
            -16.5197123
          ],
          [
            47.1381291,
            -16.519625
          ],
          [
            47.1392556,
            -16.517906
          ],
          [
            47.1401253,
            -16.5165006
          ],
          [
            47.1404845,
            -16.5161182
          ],
          [
            47.1414559,
            -16.5155453
          ],
          [
            47.1418331,
            -16.5153229
          ],
          [
            47.1421843,
            -16.5150519
          ],
          [
            47.1426088,
            -16.5144562
          ],
          [
            47.1429411,
            -16.5138605
          ],
          [
            47.1430894,
            -16.5135416
          ],
          [
            47.1438252,
            -16.5119592
          ],
          [
            47.1441235,
            -16.5115867
          ],
          [
            47.1450299,
            -16.5110538
          ],
          [
            47.1454682,
            -16.51068
          ],
          [
            47.1458533,
            -16.5102486
          ],
          [
            47.1467846,
            -16.509225
          ],
          [
            47.1469547,
            -16.5090147
          ],
          [
            47.1470673,
            -16.5088494
          ],
          [
            47.1470818,
            -16.5088017
          ],
          [
            47.1471308,
            -16.508641
          ],
          [
            47.1471661,
            -16.5082843
          ],
          [
            47.1473819,
            -16.5061043
          ],
          [
            47.1474288,
            -16.5058596
          ],
          [
            47.1474614,
            -16.5056895
          ],
          [
            47.1477276,
            -16.504952
          ]
        ]
      },
      "id": "way/230487889"
    },
    {
      "type": "Feature",
      "properties": {
        "@id": "way/230487890",
        "highway": "primary",
        "ref": "N 4"
      },
      "geometry": {
        "type": "LineString",
        "coordinates": [
          [
            47.1478377,
            -16.5046606
          ],
          [
            47.1481163,
            -16.5038264
          ],
          [
            47.1481962,
            -16.5035873
          ],
          [
            47.1482799,
            -16.5033853
          ],
          [
            47.1483106,
            -16.5033113
          ],
          [
            47.1483557,
            -16.5032349
          ],
          [
            47.1484825,
            -16.5030201
          ],
          [
            47.1488301,
            -16.5025654
          ],
          [
            47.1499018,
            -16.5012055
          ],
          [
            47.1500797,
            -16.5009044
          ],
          [
            47.1502024,
            -16.5006512
          ],
          [
            47.1503892,
            -16.5002594
          ],
          [
            47.1504509,
            -16.500077
          ],
          [
            47.1504437,
            -16.4998818
          ],
          [
            47.1503096,
            -16.4994688
          ],
          [
            47.150145,
            -16.4990557
          ],
          [
            47.1500797,
            -16.4987615
          ],
          [
            47.1501026,
            -16.4985248
          ],
          [
            47.1501485,
            -16.4983079
          ],
          [
            47.1501947,
            -16.498051
          ],
          [
            47.1502134,
            -16.4979473
          ],
          [
            47.1503453,
            -16.4976315
          ],
          [
            47.1504866,
            -16.4974524
          ],
          [
            47.150514,
            -16.4974177
          ],
          [
            47.1506511,
            -16.4972919
          ],
          [
            47.152645,
            -16.4956692
          ],
          [
            47.1530464,
            -16.4951877
          ],
          [
            47.1536784,
            -16.4942773
          ],
          [
            47.1542324,
            -16.4934516
          ],
          [
            47.1543227,
            -16.4930811
          ],
          [
            47.1543501,
            -16.4925047
          ],
          [
            47.1543828,
            -16.4918169
          ],
          [
            47.1543566,
            -16.4916938
          ],
          [
            47.1542029,
            -16.4909708
          ],
          [
            47.1542759,
            -16.4906753
          ],
          [
            47.1543955,
            -16.4903349
          ],
          [
            47.154585,
            -16.4897955
          ],
          [
            47.1546787,
            -16.4887695
          ],
          [
            47.1546886,
            -16.4886608
          ],
          [
            47.1547455,
            -16.48805
          ],
          [
            47.1547632,
            -16.4878597
          ],
          [
            47.1547519,
            -16.4874347
          ],
          [
            47.1547814,
            -16.4872469
          ],
          [
            47.1547973,
            -16.4872107
          ],
          [
            47.1548592,
            -16.4870694
          ],
          [
            47.1550121,
            -16.4868457
          ],
          [
            47.1554841,
            -16.4863486
          ],
          [
            47.1559813,
            -16.4857754
          ],
          [
            47.1562766,
            -16.4854165
          ],
          [
            47.1564831,
            -16.4851412
          ],
          [
            47.1566067,
            -16.4848985
          ],
          [
            47.1567516,
            -16.4845996
          ],
          [
            47.1568384,
            -16.4843723
          ],
          [
            47.1569761,
            -16.4840256
          ],
          [
            47.1570098,
            -16.4839362
          ],
          [
            47.1572487,
            -16.4833018
          ],
          [
            47.1573188,
            -16.4830791
          ],
          [
            47.1573557,
            -16.4828428
          ],
          [
            47.1573372,
            -16.4826346
          ],
          [
            47.1573326,
            -16.4826192
          ],
          [
            47.1572365,
            -16.482296
          ],
          [
            47.1570974,
            -16.4818845
          ],
          [
            47.1569874,
            -16.4815259
          ],
          [
            47.15698,
            -16.4815019
          ],
          [
            47.1569071,
            -16.4811455
          ],
          [
            47.1568802,
            -16.4808169
          ],
          [
            47.1568439,
            -16.4804713
          ],
          [
            47.1568465,
            -16.4802554
          ],
          [
            47.1568696,
            -16.4800329
          ],
          [
            47.1569602,
            -16.4797614
          ],
          [
            47.1572677,
            -16.4787707
          ],
          [
            47.1573768,
            -16.4781436
          ],
          [
            47.1574482,
            -16.477733
          ],
          [
            47.1574274,
            -16.4775378
          ],
          [
            47.1574188,
            -16.4774848
          ],
          [
            47.1573601,
            -16.4771228
          ],
          [
            47.1572567,
            -16.4766027
          ],
          [
            47.1572423,
            -16.47633
          ],
          [
            47.1572556,
            -16.4760764
          ],
          [
            47.1573114,
            -16.4758628
          ],
          [
            47.1574848,
            -16.4753253
          ],
          [
            47.1575038,
            -16.4751629
          ],
          [
            47.1575292,
            -16.47496
          ],
          [
            47.1575134,
            -16.4747571
          ],
          [
            47.1574312,
            -16.473983
          ],
          [
            47.1574249,
            -16.4736673
          ],
          [
            47.1575091,
            -16.4732061
          ],
          [
            47.1575649,
            -16.4729002
          ],
          [
            47.1578209,
            -16.4715977
          ],
          [
            47.1578423,
            -16.4714891
          ],
          [
            47.1579116,
            -16.4711379
          ],
          [
            47.1579327,
            -16.4710312
          ],
          [
            47.1580154,
            -16.4705857
          ],
          [
            47.158049,
            -16.4704291
          ],
          [
            47.1580582,
            -16.470386
          ],
          [
            47.1581234,
            -16.4701692
          ],
          [
            47.1582269,
            -16.4699227
          ],
          [
            47.15838,
            -16.4695946
          ],
          [
            47.158494,
            -16.4693946
          ],
          [
            47.1586134,
            -16.469185
          ],
          [
            47.1587538,
            -16.4689541
          ],
          [
            47.1588104,
            -16.468861
          ],
          [
            47.1588884,
            -16.4687703
          ],
          [
            47.1589895,
            -16.4686527
          ],
          [
            47.1592755,
            -16.4683653
          ],
          [
            47.1597539,
            -16.4678845
          ],
          [
            47.1599506,
            -16.4674656
          ],
          [
            47.1601321,
            -16.4668469
          ],
          [
            47.1603851,
            -16.4658626
          ],
          [
            47.1605526,
            -16.4652613
          ],
          [
            47.1606654,
            -16.4650005
          ],
          [
            47.160828,
            -16.4648024
          ],
          [
            47.1610006,
            -16.4646587
          ],
          [
            47.1615785,
            -16.4642296
          ],
          [
            47.1617528,
            -16.4641011
          ],
          [
            47.1620374,
            -16.4639107
          ],
          [
            47.1621857,
            -16.4638356
          ],
          [
            47.1622954,
            -16.4638097
          ],
          [
            47.1623678,
            -16.4638027
          ],
          [
            47.1627727,
            -16.4638069
          ],
          [
            47.1635342,
            -16.4638006
          ],
          [
            47.1642946,
            -16.4637971
          ],
          [
            47.1646503,
            -16.4637924
          ],
          [
            47.1648891,
            -16.4637606
          ],
          [
            47.1650656,
            -16.4636921
          ],
          [
            47.1652479,
            -16.463548
          ],
          [
            47.1653709,
            -16.463398
          ],
          [
            47.1656658,
            -16.4630384
          ],
          [
            47.1658777,
            -16.4628532
          ],
          [
            47.1660651,
            -16.4627046
          ]
        ]
      },
      "id": "way/230487890"
    },
    {
      "type": "Feature",
      "properties": {
        "@id": "way/230490216",
        "bridge": "yes",
        "highway": "primary",
        "layer": "1",
        "narrow": "yes",
        "ref": "N 4"
      },
      "geometry": {
        "type": "LineString",
        "coordinates": [
          [
            46.9841243,
            -16.8342297
          ],
          [
            46.9842047,
            -16.8342214
          ]
        ]
      },
      "id": "way/230490216"
    },
    {
      "type": "Feature",
      "properties": {
        "@id": "way/230490219",
        "highway": "primary",
        "ref": "N 4"
      },
      "geometry": {
        "type": "LineString",
        "coordinates": [
          [
            46.9842047,
            -16.8342214
          ],
          [
            46.984272,
            -16.8342145
          ],
          [
            46.9846119,
            -16.8342165
          ],
          [
            46.9855336,
            -16.8343303
          ],
          [
            46.9871991,
            -16.8342889
          ],
          [
            46.9876285,
            -16.8343999
          ],
          [
            46.9883822,
            -16.8345885
          ],
          [
            46.9888119,
            -16.8346204
          ],
          [
            46.9892895,
            -16.8345352
          ],
          [
            46.9901011,
            -16.8342872
          ],
          [
            46.9907695,
            -16.8340537
          ],
          [
            46.9910555,
            -16.833939
          ],
          [
            46.9912867,
            -16.8338244
          ],
          [
            46.9919775,
            -16.8333419
          ],
          [
            46.9925882,
            -16.832603
          ],
          [
            46.9932856,
            -16.8314866
          ],
          [
            46.9934465,
            -16.8308829
          ],
          [
            46.9936504,
            -16.8291371
          ],
          [
            46.9937845,
            -16.8285056
          ],
          [
            46.9938866,
            -16.8281595
          ],
          [
            46.9941332,
            -16.8279151
          ],
          [
            46.994396,
            -16.8277456
          ],
          [
            46.9946816,
            -16.8274972
          ],
          [
            46.9948662,
            -16.8271378
          ],
          [
            46.9950672,
            -16.8261252
          ],
          [
            46.9954151,
            -16.8252329
          ],
          [
            46.9954338,
            -16.8241101
          ],
          [
            46.9955601,
            -16.8237149
          ],
          [
            46.9958026,
            -16.8232829
          ],
          [
            46.9960063,
            -16.8229913
          ],
          [
            46.996184,
            -16.8227528
          ]
        ]
      },
      "id": "way/230490219"
    },
    {
      "type": "Feature",
      "properties": {
        "@id": "way/230494706",
        "highway": "primary",
        "ref": "N 4"
      },
      "geometry": {
        "type": "LineString",
        "coordinates": [
          [
            46.8093972,
            -17.1231509
          ],
          [
            46.8093799,
            -17.1227437
          ],
          [
            46.8093765,
            -17.1226649
          ],
          [
            46.8093557,
            -17.1221762
          ],
          [
            46.8092234,
            -17.1200246
          ],
          [
            46.809227,
            -17.118987
          ],
          [
            46.8093557,
            -17.1179692
          ],
          [
            46.8094326,
            -17.1175997
          ],
          [
            46.8101354,
            -17.11478
          ],
          [
            46.8102641,
            -17.1141647
          ],
          [
            46.8103017,
            -17.1137085
          ],
          [
            46.8102856,
            -17.1133598
          ],
          [
            46.8099584,
            -17.1109091
          ],
          [
            46.8099316,
            -17.110499
          ],
          [
            46.8099638,
            -17.1101913
          ],
          [
            46.8100657,
            -17.1097299
          ],
          [
            46.8104841,
            -17.1088019
          ],
          [
            46.8109239,
            -17.1078791
          ],
          [
            46.8112029,
            -17.1072535
          ],
          [
            46.8113853,
            -17.1066435
          ],
          [
            46.811446,
            -17.104329
          ],
          [
            46.8115304,
            -17.1035579
          ],
          [
            46.8115748,
            -17.1033022
          ],
          [
            46.8116445,
            -17.1030446
          ],
          [
            46.8122929,
            -17.1012347
          ],
          [
            46.812423,
            -17.1008617
          ],
          [
            46.8124995,
            -17.1006284
          ],
          [
            46.8130715,
            -17.0989928
          ],
          [
            46.8134228,
            -17.0980135
          ],
          [
            46.8135395,
            -17.0976046
          ],
          [
            46.8135757,
            -17.0973213
          ],
          [
            46.8135784,
            -17.0971162
          ],
          [
            46.8135207,
            -17.0967906
          ],
          [
            46.8134591,
            -17.0964958
          ],
          [
            46.8132391,
            -17.0957331
          ],
          [
            46.8131854,
            -17.0954677
          ],
          [
            46.8131238,
            -17.0951101
          ],
          [
            46.8130849,
            -17.0945846
          ],
          [
            46.8130782,
            -17.0944525
          ],
          [
            46.8130473,
            -17.0940974
          ],
          [
            46.8130741,
            -17.0937834
          ],
          [
            46.8131036,
            -17.0935296
          ],
          [
            46.8131801,
            -17.0932438
          ],
          [
            46.8133169,
            -17.0929143
          ],
          [
            46.8136254,
            -17.0924349
          ],
          [
            46.8138197,
            -17.0918927
          ],
          [
            46.8138546,
            -17.0915709
          ],
          [
            46.8138466,
            -17.0912684
          ],
          [
            46.8137916,
            -17.0908351
          ],
          [
            46.8136991,
            -17.0903557
          ],
          [
            46.813636,
            -17.0899903
          ],
          [
            46.8134885,
            -17.0895006
          ],
          [
            46.8132498,
            -17.0887456
          ],
          [
            46.8131264,
            -17.0883533
          ],
          [
            46.8129186,
            -17.0877444
          ],
          [
            46.8127349,
            -17.0871522
          ],
          [
            46.8125739,
            -17.0867458
          ],
          [
            46.8123888,
            -17.0863139
          ],
          [
            46.8121474,
            -17.0857896
          ],
          [
            46.8119489,
            -17.0853806
          ],
          [
            46.8117249,
            -17.0849205
          ],
          [
            46.8114688,
            -17.0844602
          ],
          [
            46.8111242,
            -17.0838039
          ],
          [
            46.8109981,
            -17.0835834
          ],
          [
            46.810825,
            -17.0832856
          ],
          [
            46.8106024,
            -17.083019
          ],
          [
            46.8103217,
            -17.0828183
          ],
          [
            46.8099131,
            -17.0826293
          ],
          [
            46.8091433,
            -17.0823613
          ],
          [
            46.8072724,
            -17.0817857
          ],
          [
            46.8069247,
            -17.081627
          ],
          [
            46.8067346,
            -17.0815139
          ],
          [
            46.8065429,
            -17.0813473
          ],
          [
            46.8063926,
            -17.0811755
          ],
          [
            46.8063068,
            -17.081037
          ],
          [
            46.8062465,
            -17.080873
          ],
          [
            46.8059065,
            -17.0800247
          ],
          [
            46.8057789,
            -17.079532
          ],
          [
            46.8056797,
            -17.0786337
          ],
          [
            46.805694,
            -17.0780501
          ],
          [
            46.805628,
            -17.0775314
          ],
          [
            46.8055545,
            -17.0773027
          ],
          [
            46.8053601,
            -17.0769604
          ],
          [
            46.8048974,
            -17.0764938
          ],
          [
            46.8043194,
            -17.075883
          ],
          [
            46.8038143,
            -17.0753492
          ],
          [
            46.8035281,
            -17.0747016
          ],
          [
            46.8034454,
            -17.0744737
          ],
          [
            46.803335,
            -17.0741695
          ],
          [
            46.8031875,
            -17.0738439
          ],
          [
            46.8029863,
            -17.0734772
          ],
          [
            46.8027799,
            -17.0731626
          ],
          [
            46.8024042,
            -17.0726683
          ],
          [
            46.802264,
            -17.0724329
          ],
          [
            46.8021626,
            -17.0722154
          ],
          [
            46.8020717,
            -17.0720004
          ],
          [
            46.8019993,
            -17.0717196
          ],
          [
            46.8019711,
            -17.071435
          ],
          [
            46.801999,
            -17.0712167
          ],
          [
            46.8020548,
            -17.0709714
          ],
          [
            46.8021326,
            -17.070756
          ],
          [
            46.8023364,
            -17.070297
          ],
          [
            46.8026604,
            -17.0696518
          ],
          [
            46.8027208,
            -17.0694632
          ],
          [
            46.802765,
            -17.0692159
          ],
          [
            46.8027676,
            -17.068967
          ],
          [
            46.8027382,
            -17.0686748
          ],
          [
            46.8026993,
            -17.0684031
          ],
          [
            46.8025866,
            -17.0678043
          ],
          [
            46.8025584,
            -17.0675818
          ],
          [
            46.8025457,
            -17.0673842
          ],
          [
            46.8025531,
            -17.0672146
          ],
          [
            46.8026054,
            -17.0670338
          ],
          [
            46.8026792,
            -17.0668735
          ],
          [
            46.802768,
            -17.0667301
          ]
        ]
      },
      "id": "way/230494706"
    },
    {
      "type": "Feature",
      "properties": {
        "@id": "way/230494707",
        "highway": "primary",
        "lanes": "2",
        "maxspeed": "50",
        "ref": "N 4",
        "smoothness": "intermediate",
        "surface": "asphalt"
      },
      "geometry": {
        "type": "LineString",
        "coordinates": [
          [
            46.8345684,
            -16.9456909
          ],
          [
            46.8344251,
            -16.9457263
          ],
          [
            46.8341963,
            -16.9457958
          ],
          [
            46.8337616,
            -16.9459483
          ],
          [
            46.8336498,
            -16.9459981
          ],
          [
            46.8335358,
            -16.946007
          ],
          [
            46.8333817,
            -16.9459725
          ],
          [
            46.833117,
            -16.9458539
          ],
          [
            46.832911,
            -16.9458197
          ],
          [
            46.8327809,
            -16.9458148
          ],
          [
            46.832624,
            -16.9458275
          ],
          [
            46.8325461,
            -16.9458345
          ],
          [
            46.8323733,
            -16.9458506
          ],
          [
            46.8322186,
            -16.9458881
          ],
          [
            46.8321505,
            -16.9459175
          ],
          [
            46.8320341,
            -16.9459814
          ],
          [
            46.8319145,
            -16.9460688
          ],
          [
            46.8317982,
            -16.9461507
          ],
          [
            46.8316584,
            -16.9462702
          ],
          [
            46.8313785,
            -16.9465252
          ],
          [
            46.8312686,
            -16.9466355
          ],
          [
            46.8310253,
            -16.9467695
          ],
          [
            46.8309546,
            -16.9467961
          ],
          [
            46.830813,
            -16.9468569
          ],
          [
            46.8292816,
            -16.9474615
          ]
        ]
      },
      "id": "way/230494707"
    },
    {
      "type": "Feature",
      "properties": {
        "@id": "way/230494708",
        "highway": "primary",
        "ref": "N 4"
      },
      "geometry": {
        "type": "LineString",
        "coordinates": [
          [
            46.8029612,
            -17.06645
          ],
          [
            46.8032082,
            -17.0661124
          ],
          [
            46.8032806,
            -17.0660403
          ],
          [
            46.8035569,
            -17.0657689
          ],
          [
            46.8036759,
            -17.0656309
          ],
          [
            46.8044092,
            -17.0647813
          ],
          [
            46.8047607,
            -17.0642641
          ],
          [
            46.80537,
            -17.0632201
          ],
          [
            46.8060132,
            -17.0622171
          ],
          [
            46.8066435,
            -17.0614376
          ],
          [
            46.8074509,
            -17.0604273
          ],
          [
            46.8079202,
            -17.0597658
          ],
          [
            46.8081804,
            -17.0593426
          ],
          [
            46.808301,
            -17.0591324
          ],
          [
            46.8084433,
            -17.0587555
          ],
          [
            46.8085318,
            -17.0584606
          ],
          [
            46.8087007,
            -17.0579657
          ],
          [
            46.8087705,
            -17.0576913
          ],
          [
            46.8088992,
            -17.0572425
          ],
          [
            46.8089904,
            -17.0567733
          ],
          [
            46.8090253,
            -17.0563784
          ],
          [
            46.8090414,
            -17.0559296
          ],
          [
            46.8090467,
            -17.0553989
          ],
          [
            46.8091245,
            -17.0547168
          ],
          [
            46.8092023,
            -17.0543809
          ],
          [
            46.8093552,
            -17.0539988
          ],
          [
            46.8096931,
            -17.0530295
          ],
          [
            46.8098997,
            -17.0525192
          ],
          [
            46.810131,
            -17.052078
          ],
          [
            46.8102651,
            -17.0518068
          ],
          [
            46.8102699,
            -17.0517912
          ],
          [
            46.810353,
            -17.0515268
          ],
          [
            46.8104125,
            -17.0511927
          ],
          [
            46.8104507,
            -17.0509975
          ],
          [
            46.810477,
            -17.0508631
          ],
          [
            46.8106245,
            -17.0505528
          ],
          [
            46.8107862,
            -17.050365
          ],
          [
            46.8108521,
            -17.0502885
          ],
          [
            46.8110302,
            -17.0500923
          ],
          [
            46.8112521,
            -17.0498476
          ],
          [
            46.8113548,
            -17.04962
          ],
          [
            46.8114853,
            -17.0491639
          ],
          [
            46.8115625,
            -17.0488941
          ],
          [
            46.8116247,
            -17.048694
          ],
          [
            46.8118317,
            -17.0480283
          ],
          [
            46.8118449,
            -17.0479859
          ],
          [
            46.8120156,
            -17.0474512
          ],
          [
            46.8120487,
            -17.0473474
          ],
          [
            46.8121885,
            -17.0471142
          ],
          [
            46.8125691,
            -17.0465576
          ],
          [
            46.8127413,
            -17.0461984
          ],
          [
            46.8128367,
            -17.045875
          ],
          [
            46.8128582,
            -17.0454391
          ],
          [
            46.8128045,
            -17.0451442
          ],
          [
            46.8127106,
            -17.0448979
          ],
          [
            46.8126382,
            -17.0447082
          ],
          [
            46.8125309,
            -17.0445544
          ],
          [
            46.8123958,
            -17.0443993
          ],
          [
            46.81237,
            -17.0443697
          ],
          [
            46.8118684,
            -17.0438722
          ],
          [
            46.8111523,
            -17.0432106
          ],
          [
            46.8107875,
            -17.0428208
          ],
          [
            46.8104227,
            -17.0423208
          ],
          [
            46.810184,
            -17.0419335
          ],
          [
            46.8098407,
            -17.0414078
          ],
          [
            46.8095966,
            -17.0409949
          ],
          [
            46.8094639,
            -17.0407652
          ],
          [
            46.809205,
            -17.0400846
          ],
          [
            46.8088053,
            -17.0388844
          ],
          [
            46.8080114,
            -17.0367251
          ],
          [
            46.8079095,
            -17.0363507
          ],
          [
            46.8078465,
            -17.0360655
          ],
          [
            46.8077593,
            -17.0353249
          ],
          [
            46.807719,
            -17.034417
          ],
          [
            46.8076949,
            -17.033404
          ],
          [
            46.8076574,
            -17.0326654
          ],
          [
            46.8075903,
            -17.0320448
          ],
          [
            46.8073864,
            -17.0309754
          ],
          [
            46.8069439,
            -17.0290135
          ],
          [
            46.8067479,
            -17.0282167
          ],
          [
            46.8065255,
            -17.0275721
          ],
          [
            46.806394,
            -17.0272593
          ],
          [
            46.8060307,
            -17.0265821
          ],
          [
            46.8055062,
            -17.0259718
          ],
          [
            46.8046855,
            -17.0251229
          ],
          [
            46.8039559,
            -17.0243919
          ],
          [
            46.8033337,
            -17.0239714
          ],
          [
            46.8026072,
            -17.0236642
          ],
          [
            46.8020784,
            -17.0234407
          ],
          [
            46.8015756,
            -17.0231975
          ],
          [
            46.8013298,
            -17.0230457
          ],
          [
            46.8011021,
            -17.0227869
          ],
          [
            46.8009277,
            -17.0224582
          ],
          [
            46.800689,
            -17.0215836
          ],
          [
            46.8006005,
            -17.0212643
          ],
          [
            46.800567,
            -17.0208809
          ],
          [
            46.8006165,
            -17.0204923
          ],
          [
            46.8006943,
            -17.0202667
          ],
          [
            46.800807,
            -17.0200294
          ],
          [
            46.8010436,
            -17.0197195
          ],
          [
            46.8013904,
            -17.0194061
          ],
          [
            46.8019502,
            -17.0189437
          ],
          [
            46.8023284,
            -17.0186269
          ],
          [
            46.8026222,
            -17.0182323
          ],
          [
            46.8036943,
            -17.016624
          ],
          [
            46.8039237,
            -17.016317
          ],
          [
            46.8042456,
            -17.0159231
          ],
          [
            46.8044655,
            -17.0156218
          ],
          [
            46.8046493,
            -17.0153295
          ],
          [
            46.8047391,
            -17.0151243
          ],
          [
            46.8048698,
            -17.0147133
          ],
          [
            46.8049377,
            -17.0143151
          ],
          [
            46.8050012,
            -17.0136282
          ],
          [
            46.8050459,
            -17.0132782
          ],
          [
            46.80513,
            -17.0129869
          ],
          [
            46.8052648,
            -17.0126556
          ],
          [
            46.8055196,
            -17.0121812
          ],
          [
            46.8057469,
            -17.0117712
          ],
          [
            46.8059253,
            -17.0114643
          ],
          [
            46.80639,
            -17.0106212
          ],
          [
            46.8065002,
            -17.0104213
          ],
          [
            46.806793,
            -17.009861
          ],
          [
            46.8069976,
            -17.0092673
          ],
          [
            46.8070907,
            -17.0084779
          ],
          [
            46.8071866,
            -17.0079245
          ],
          [
            46.8072891,
            -17.0075648
          ],
          [
            46.8074058,
            -17.0073211
          ],
          [
            46.8075372,
            -17.0070749
          ],
          [
            46.807896,
            -17.0064294
          ],
          [
            46.8081783,
            -17.0058438
          ],
          [
            46.8083681,
            -17.005379
          ],
          [
            46.8084432,
            -17.005097
          ],
          [
            46.8084975,
            -17.0048383
          ],
          [
            46.8085774,
            -17.0042915
          ],
          [
            46.8086343,
            -17.0036482
          ],
          [
            46.8087228,
            -17.002694
          ],
          [
            46.808759,
            -17.0024192
          ],
          [
            46.8088918,
            -17.0020348
          ],
          [
            46.8090125,
            -17.0017373
          ],
          [
            46.8091433,
            -17.0014854
          ],
          [
            46.8096985,
            -17.0006519
          ],
          [
            46.8098153,
            -17.0003784
          ],
          [
            46.8099083,
            -17.0001034
          ],
          [
            46.8099641,
            -16.9998259
          ],
          [
            46.8099647,
            -16.9995416
          ],
          [
            46.8099184,
            -16.9991488
          ],
          [
            46.809559,
            -16.9969505
          ],
          [
            46.8095483,
            -16.9966324
          ],
          [
            46.8096154,
            -16.9963297
          ],
          [
            46.8097045,
            -16.9960968
          ],
          [
            46.8101605,
            -16.9953401
          ],
          [
            46.8102314,
            -16.9951924
          ],
          [
            46.810308,
            -16.9949604
          ],
          [
            46.8103265,
            -16.9947168
          ],
          [
            46.8103288,
            -16.9943828
          ],
          [
            46.8102215,
            -16.9934826
          ],
          [
            46.8102135,
            -16.9930875
          ],
          [
            46.8102758,
            -16.9927647
          ],
          [
            46.8103431,
            -16.9925577
          ],
          [
            46.8105112,
            -16.9921281
          ],
          [
            46.8107994,
            -16.9914954
          ],
          [
            46.811177,
            -16.9906382
          ],
          [
            46.8113181,
            -16.9903791
          ],
          [
            46.8115001,
            -16.9901499
          ],
          [
            46.811692,
            -16.9899736
          ],
          [
            46.8119388,
            -16.9898174
          ],
          [
            46.8122283,
            -16.989704
          ],
          [
            46.8128903,
            -16.9894421
          ],
          [
            46.8131674,
            -16.9892754
          ],
          [
            46.8133195,
            -16.9891064
          ],
          [
            46.8134375,
            -16.9889627
          ],
          [
            46.8136119,
            -16.9886114
          ],
          [
            46.8141216,
            -16.9872779
          ],
          [
            46.8141939,
            -16.9869208
          ],
          [
            46.814336,
            -16.9860282
          ],
          [
            46.8144315,
            -16.9856023
          ],
          [
            46.8146043,
            -16.9852689
          ],
          [
            46.8147759,
            -16.9850816
          ],
          [
            46.815012,
            -16.9848661
          ],
          [
            46.8151979,
            -16.9847313
          ]
        ]
      },
      "id": "way/230494708"
    },
    {
      "type": "Feature",
      "properties": {
        "@id": "way/230494709",
        "highway": "primary",
        "ref": "N 4"
      },
      "geometry": {
        "type": "LineString",
        "coordinates": [
          [
            46.8463197,
            -17.1829777
          ],
          [
            46.84606,
            -17.1828902
          ],
          [
            46.8459655,
            -17.1828596
          ],
          [
            46.8454365,
            -17.1826884
          ],
          [
            46.8451275,
            -17.1826063
          ],
          [
            46.8449344,
            -17.1824884
          ],
          [
            46.8446691,
            -17.1823014
          ],
          [
            46.8442933,
            -17.1818555
          ],
          [
            46.843996,
            -17.1815455
          ],
          [
            46.8436987,
            -17.1813804
          ],
          [
            46.8435205,
            -17.1813186
          ],
          [
            46.8433192,
            -17.1812819
          ],
          [
            46.8430654,
            -17.1812808
          ],
          [
            46.8424012,
            -17.1814135
          ],
          [
            46.8421342,
            -17.1814395
          ],
          [
            46.8419357,
            -17.1813776
          ],
          [
            46.8418102,
            -17.1812855
          ],
          [
            46.841705,
            -17.1811431
          ],
          [
            46.8416539,
            -17.1809525
          ],
          [
            46.8416833,
            -17.1807325
          ],
          [
            46.8418549,
            -17.1804714
          ],
          [
            46.8427907,
            -17.1795475
          ],
          [
            46.8431348,
            -17.1791801
          ],
          [
            46.8432373,
            -17.1790261
          ],
          [
            46.8432888,
            -17.1788364
          ],
          [
            46.8433145,
            -17.1786317
          ],
          [
            46.8432885,
            -17.1784648
          ],
          [
            46.8432081,
            -17.1782842
          ],
          [
            46.8429881,
            -17.1780604
          ],
          [
            46.8426889,
            -17.1778705
          ],
          [
            46.8423285,
            -17.1776777
          ],
          [
            46.842081,
            -17.1775075
          ],
          [
            46.8419334,
            -17.1771996
          ],
          [
            46.8419229,
            -17.1769147
          ],
          [
            46.8420389,
            -17.1766898
          ],
          [
            46.8422784,
            -17.17654
          ],
          [
            46.8425037,
            -17.176424
          ],
          [
            46.8428825,
            -17.1763038
          ],
          [
            46.8434484,
            -17.1760206
          ],
          [
            46.8438801,
            -17.175733
          ],
          [
            46.844127,
            -17.1754414
          ],
          [
            46.8443646,
            -17.1750997
          ],
          [
            46.8444972,
            -17.1746752
          ],
          [
            46.84476,
            -17.1733503
          ],
          [
            46.844819,
            -17.1731248
          ],
          [
            46.8449558,
            -17.172848
          ],
          [
            46.8451275,
            -17.1725738
          ],
          [
            46.8453297,
            -17.1723493
          ],
          [
            46.8459482,
            -17.1719178
          ],
          [
            46.8462299,
            -17.1717077
          ],
          [
            46.8464817,
            -17.1714662
          ],
          [
            46.8466268,
            -17.1712797
          ],
          [
            46.8467931,
            -17.170985
          ],
          [
            46.8468632,
            -17.1708158
          ],
          [
            46.8469487,
            -17.1703879
          ],
          [
            46.8470345,
            -17.1700675
          ],
          [
            46.847225,
            -17.1693526
          ],
          [
            46.8475066,
            -17.1685965
          ],
          [
            46.847897,
            -17.1678156
          ],
          [
            46.8482764,
            -17.1670256
          ],
          [
            46.8485312,
            -17.1663183
          ],
          [
            46.8485768,
            -17.1661159
          ],
          [
            46.8486063,
            -17.165816
          ],
          [
            46.8486125,
            -17.1656322
          ],
          [
            46.8486143,
            -17.1655777
          ],
          [
            46.8486036,
            -17.1654444
          ],
          [
            46.8485848,
            -17.165324
          ],
          [
            46.8485285,
            -17.1650524
          ],
          [
            46.8484561,
            -17.1648243
          ],
          [
            46.8483139,
            -17.1644962
          ],
          [
            46.8481503,
            -17.1641836
          ],
          [
            46.8478445,
            -17.1637479
          ],
          [
            46.8474798,
            -17.16325
          ],
          [
            46.8474503,
            -17.1632097
          ],
          [
            46.847064,
            -17.1628228
          ],
          [
            46.8467663,
            -17.162587
          ],
          [
            46.8464069,
            -17.1623615
          ],
          [
            46.8461869,
            -17.1622615
          ],
          [
            46.845959,
            -17.1621872
          ],
          [
            46.8453447,
            -17.1619873
          ],
          [
            46.8446098,
            -17.1618079
          ],
          [
            46.8438105,
            -17.1615875
          ],
          [
            46.8433545,
            -17.1614363
          ],
          [
            46.8425391,
            -17.1611031
          ],
          [
            46.8417747,
            -17.1608007
          ],
          [
            46.8408198,
            -17.1603727
          ],
          [
            46.8405731,
            -17.1602625
          ],
          [
            46.8402888,
            -17.1600729
          ],
          [
            46.8399937,
            -17.1598653
          ],
          [
            46.8397282,
            -17.1596218
          ],
          [
            46.8394653,
            -17.1593297
          ],
          [
            46.8392239,
            -17.1589657
          ],
          [
            46.8390523,
            -17.1585916
          ],
          [
            46.8389262,
            -17.1582379
          ],
          [
            46.8387143,
            -17.1576151
          ],
          [
            46.8386017,
            -17.1573153
          ],
          [
            46.8383361,
            -17.1568335
          ],
          [
            46.8381108,
            -17.1564183
          ],
          [
            46.8379633,
            -17.1561543
          ],
          [
            46.8377997,
            -17.1557545
          ],
          [
            46.8377117,
            -17.1554159
          ],
          [
            46.8376736,
            -17.1549779
          ],
          [
            46.837679,
            -17.1544474
          ],
          [
            46.8377367,
            -17.1538646
          ],
          [
            46.8377434,
            -17.1537965
          ],
          [
            46.8378141,
            -17.1532
          ],
          [
            46.8378884,
            -17.1529201
          ],
          [
            46.8380064,
            -17.1526128
          ],
          [
            46.8383699,
            -17.1519357
          ],
          [
            46.8385718,
            -17.1515617
          ],
          [
            46.8386762,
            -17.1512532
          ],
          [
            46.8386882,
            -17.1509825
          ],
          [
            46.838666,
            -17.1507671
          ],
          [
            46.8385882,
            -17.1504237
          ],
          [
            46.8380331,
            -17.1495702
          ],
          [
            46.8377085,
            -17.1490705
          ],
          [
            46.8376227,
            -17.1487014
          ],
          [
            46.8376092,
            -17.148199
          ],
          [
            46.8376375,
            -17.1478716
          ],
          [
            46.8377809,
            -17.1472584
          ],
          [
            46.8378185,
            -17.1468893
          ],
          [
            46.837805,
            -17.1465946
          ],
          [
            46.8376227,
            -17.1456488
          ],
          [
            46.8375797,
            -17.1454002
          ],
          [
            46.837577,
            -17.1450311
          ],
          [
            46.8376816,
            -17.1446185
          ],
          [
            46.8377487,
            -17.1443596
          ],
          [
            46.8377862,
            -17.1439854
          ],
          [
            46.8377862,
            -17.1437266
          ],
          [
            46.8377326,
            -17.1434651
          ],
          [
            46.8376414,
            -17.1431883
          ],
          [
            46.8374993,
            -17.1428962
          ],
          [
            46.837156,
            -17.1423451
          ],
          [
            46.8369092,
            -17.1418555
          ],
          [
            46.8367948,
            -17.1414562
          ],
          [
            46.8366758,
            -17.1409431
          ],
          [
            46.8365444,
            -17.1406919
          ],
          [
            46.8363432,
            -17.1405381
          ],
          [
            46.8358255,
            -17.1404638
          ],
          [
            46.8352945,
            -17.1403843
          ],
          [
            46.8347688,
            -17.1404587
          ],
          [
            46.8342158,
            -17.1407622
          ],
          [
            46.8325944,
            -17.1416048
          ],
          [
            46.8318273,
            -17.1419124
          ],
          [
            46.8309225,
            -17.1422169
          ],
          [
            46.8304987,
            -17.1423246
          ],
          [
            46.8300159,
            -17.1423041
          ],
          [
            46.8297262,
            -17.1422016
          ],
          [
            46.8294419,
            -17.1419453
          ],
          [
            46.8292488,
            -17.1415762
          ],
          [
            46.8291415,
            -17.1408893
          ],
          [
            46.8290074,
            -17.1398076
          ],
          [
            46.8288894,
            -17.1392489
          ],
          [
            46.8287231,
            -17.1388132
          ],
          [
            46.8284441,
            -17.1383057
          ],
          [
            46.8282135,
            -17.1379468
          ],
          [
            46.8278004,
            -17.1376034
          ],
          [
            46.827457,
            -17.1374753
          ],
          [
            46.8271084,
            -17.1374086
          ],
          [
            46.8266131,
            -17.1374475
          ],
          [
            46.8243833,
            -17.1379161
          ],
          [
            46.8237614,
            -17.1379503
          ],
          [
            46.8232889,
            -17.137793
          ],
          [
            46.8227954,
            -17.137465
          ],
          [
            46.8225325,
            -17.1372589
          ],
          [
            46.8221839,
            -17.1371522
          ],
          [
            46.8216377,
            -17.1372024
          ],
          [
            46.8201641,
            -17.1375498
          ],
          [
            46.8189849,
            -17.1374629
          ],
          [
            46.8181517,
            -17.1374795
          ],
          [
            46.8177474,
            -17.1375777
          ],
          [
            46.8164332,
            -17.1382801
          ],
          [
            46.815988,
            -17.1384338
          ],
          [
            46.8156447,
            -17.1384543
          ],
          [
            46.8153174,
            -17.138439
          ],
          [
            46.8149366,
            -17.1383108
          ],
          [
            46.8133647,
            -17.1372907
          ],
          [
            46.8124368,
            -17.1361167
          ],
          [
            46.8119733,
            -17.1356574
          ],
          [
            46.8111132,
            -17.1350171
          ],
          [
            46.8102861,
            -17.1344086
          ],
          [
            46.8095638,
            -17.1337082
          ],
          [
            46.8093748,
            -17.1334562
          ],
          [
            46.8091852,
            -17.1331177
          ],
          [
            46.8090823,
            -17.1327643
          ],
          [
            46.8090517,
            -17.1323489
          ],
          [
            46.8091054,
            -17.1318722
          ],
          [
            46.8092717,
            -17.1312724
          ],
          [
            46.8094595,
            -17.1304521
          ],
          [
            46.8095828,
            -17.1296832
          ],
          [
            46.8096318,
            -17.129083
          ],
          [
            46.8095024,
            -17.1286117
          ],
          [
            46.8088999,
            -17.1274802
          ],
          [
            46.8087245,
            -17.1269918
          ],
          [
            46.8086923,
            -17.1266483
          ],
          [
            46.8087245,
            -17.1262587
          ],
          [
            46.8088267,
            -17.1259391
          ],
          [
            46.8092932,
            -17.1250334
          ],
          [
            46.8094101,
            -17.124695
          ],
          [
            46.8094296,
            -17.1244158
          ],
          [
            46.8094271,
            -17.1239056
          ],
          [
            46.8094023,
            -17.1233046
          ]
        ]
      },
      "id": "way/230494709"
    },
    {
      "type": "Feature",
      "properties": {
        "@id": "way/230494710",
        "bridge": "yes",
        "highway": "primary",
        "layer": "1",
        "ref": "N 4"
      },
      "geometry": {
        "type": "LineString",
        "coordinates": [
          [
            46.8094023,
            -17.1233046
          ],
          [
            46.8093972,
            -17.1231509
          ]
        ]
      },
      "id": "way/230494710"
    },
    {
      "type": "Feature",
      "properties": {
        "@id": "way/230494711",
        "bridge": "yes",
        "highway": "primary",
        "layer": "1",
        "ref": "N 4"
      },
      "geometry": {
        "type": "LineString",
        "coordinates": [
          [
            46.8719323,
            -16.9112865
          ],
          [
            46.8722928,
            -16.9116984
          ]
        ]
      },
      "id": "way/230494711"
    },
    {
      "type": "Feature",
      "properties": {
        "@id": "way/230494712",
        "bridge": "yes",
        "highway": "primary",
        "layer": "1",
        "narrow": "yes",
        "ref": "N 4"
      },
      "geometry": {
        "type": "LineString",
        "coordinates": [
          [
            46.802768,
            -17.0667301
          ],
          [
            46.8029612,
            -17.06645
          ]
        ]
      },
      "id": "way/230494712"
    },
    {
      "type": "Feature",
      "properties": {
        "@id": "way/230494713",
        "bridge": "yes",
        "highway": "primary",
        "layer": "1",
        "ref": "N 4"
      },
      "geometry": {
        "type": "LineString",
        "coordinates": [
          [
            46.8162318,
            -16.9790134
          ],
          [
            46.8162362,
            -16.9787144
          ]
        ]
      },
      "id": "way/230494713"
    },
    {
      "type": "Feature",
      "properties": {
        "@id": "way/230494714",
        "bridge": "yes",
        "highway": "primary",
        "layer": "1",
        "narrow": "yes",
        "ref": "N 4"
      },
      "geometry": {
        "type": "LineString",
        "coordinates": [
          [
            46.9502568,
            -17.2811951
          ],
          [
            46.9499529,
            -17.2811001
          ]
        ]
      },
      "id": "way/230494714"
    },
    {
      "type": "Feature",
      "properties": {
        "@id": "way/230494715",
        "bridge": "yes",
        "highway": "primary",
        "layer": "1",
        "maxspeed": "50",
        "narrow": "yes",
        "ref": "N 4"
      },
      "geometry": {
        "type": "LineString",
        "coordinates": [
          [
            46.8347681,
            -16.945646
          ],
          [
            46.8345684,
            -16.9456909
          ]
        ]
      },
      "id": "way/230494715"
    },
    {
      "type": "Feature",
      "properties": {
        "@id": "way/230494716",
        "bridge": "yes",
        "highway": "primary",
        "layer": "1",
        "ref": "N 4"
      },
      "geometry": {
        "type": "LineString",
        "coordinates": [
          [
            46.8664632,
            -17.1968056
          ],
          [
            46.866487,
            -17.1966761
          ]
        ]
      },
      "id": "way/230494716"
    },
    {
      "type": "Feature",
      "properties": {
        "@id": "way/230494717",
        "bridge": "yes",
        "highway": "primary",
        "layer": "1",
        "ref": "N 4"
      },
      "geometry": {
        "type": "LineString",
        "coordinates": [
          [
            46.8856289,
            -17.2131311
          ],
          [
            46.8854994,
            -17.2130669
          ]
        ]
      },
      "id": "way/230494717"
    },
    {
      "type": "Feature",
      "properties": {
        "@id": "way/230494718",
        "bridge": "yes",
        "highway": "primary",
        "layer": "1",
        "narrow": "yes",
        "ref": "N 4"
      },
      "geometry": {
        "type": "LineString",
        "coordinates": [
          [
            46.8604657,
            -17.1926247
          ],
          [
            46.8601682,
            -17.1924402
          ]
        ]
      },
      "id": "way/230494718"
    },
    {
      "type": "Feature",
      "properties": {
        "@id": "way/230494719",
        "bridge": "yes",
        "highway": "primary",
        "layer": "1",
        "ref": "N 4"
      },
      "geometry": {
        "type": "LineString",
        "coordinates": [
          [
            46.8703069,
            -16.9117935
          ],
          [
            46.8703691,
            -16.9116128
          ]
        ]
      },
      "id": "way/230494719"
    },
    {
      "type": "Feature",
      "properties": {
        "@id": "way/230494720",
        "highway": "primary",
        "ref": "N 4"
      },
      "geometry": {
        "type": "LineString",
        "coordinates": [
          [
            46.866487,
            -17.1966761
          ],
          [
            46.8667139,
            -17.1956899
          ],
          [
            46.8667728,
            -17.1953225
          ],
          [
            46.8667192,
            -17.195116
          ],
          [
            46.8663116,
            -17.1942653
          ],
          [
            46.8659558,
            -17.193515
          ],
          [
            46.8657376,
            -17.193184
          ],
          [
            46.8654747,
            -17.1929585
          ],
          [
            46.8652011,
            -17.1928355
          ],
          [
            46.8646325,
            -17.1927688
          ],
          [
            46.8639512,
            -17.1926767
          ],
          [
            46.8629212,
            -17.1924358
          ],
          [
            46.8625404,
            -17.1923743
          ],
          [
            46.8622975,
            -17.1923822
          ],
          [
            46.8620468,
            -17.1924563
          ],
          [
            46.8617303,
            -17.1926254
          ],
          [
            46.8614468,
            -17.1927828
          ],
          [
            46.8612604,
            -17.1928588
          ],
          [
            46.8610349,
            -17.1928785
          ],
          [
            46.8608231,
            -17.1928414
          ],
          [
            46.8606534,
            -17.1927288
          ],
          [
            46.8604657,
            -17.1926247
          ]
        ]
      },
      "id": "way/230494720"
    },
    {
      "type": "Feature",
      "properties": {
        "@id": "way/230494721",
        "highway": "primary",
        "lanes": "2",
        "maxspeed": "80",
        "ref": "N 4",
        "smoothness": "intermediate",
        "surface": "asphalt"
      },
      "geometry": {
        "type": "LineString",
        "coordinates": [
          [
            46.8164122,
            -16.9765729
          ],
          [
            46.8165354,
            -16.9763238
          ],
          [
            46.8166695,
            -16.9761262
          ],
          [
            46.8167667,
            -16.9759753
          ],
          [
            46.8168982,
            -16.9758009
          ],
          [
            46.8170879,
            -16.9754721
          ],
          [
            46.817214,
            -16.975136
          ],
          [
            46.817338,
            -16.9747337
          ],
          [
            46.8177574,
            -16.9734954
          ],
          [
            46.8179005,
            -16.9731565
          ],
          [
            46.8181508,
            -16.972743
          ],
          [
            46.8183774,
            -16.9723859
          ],
          [
            46.819001,
            -16.971409
          ],
          [
            46.8193276,
            -16.9709417
          ],
          [
            46.8196769,
            -16.9704418
          ],
          [
            46.819862,
            -16.9701417
          ],
          [
            46.8200176,
            -16.9698903
          ],
          [
            46.8203394,
            -16.9693849
          ],
          [
            46.8205567,
            -16.9690411
          ],
          [
            46.8207364,
            -16.9687666
          ],
          [
            46.821006,
            -16.968402
          ],
          [
            46.821128,
            -16.9682509
          ],
          [
            46.8212675,
            -16.9681278
          ],
          [
            46.8214587,
            -16.9679832
          ],
          [
            46.8217208,
            -16.9678225
          ],
          [
            46.8219193,
            -16.9677148
          ],
          [
            46.822158,
            -16.9676045
          ],
          [
            46.8224173,
            -16.967468
          ],
          [
            46.8226322,
            -16.9673424
          ],
          [
            46.8228366,
            -16.9671914
          ],
          [
            46.8230103,
            -16.9670294
          ],
          [
            46.8231692,
            -16.9668092
          ],
          [
            46.823292,
            -16.9666085
          ],
          [
            46.8233677,
            -16.9664089
          ],
          [
            46.8233804,
            -16.9663587
          ],
          [
            46.823421,
            -16.9661977
          ],
          [
            46.8234883,
            -16.965765
          ],
          [
            46.823528,
            -16.9653694
          ],
          [
            46.8235366,
            -16.9648517
          ],
          [
            46.8235038,
            -16.9645067
          ],
          [
            46.8230854,
            -16.9625526
          ],
          [
            46.8229641,
            -16.9618486
          ],
          [
            46.8229943,
            -16.960793
          ],
          [
            46.823021,
            -16.9598588
          ],
          [
            46.823055,
            -16.9596861
          ],
          [
            46.8231317,
            -16.9592959
          ],
          [
            46.8232188,
            -16.9590164
          ],
          [
            46.8232987,
            -16.958812
          ],
          [
            46.8234132,
            -16.9585867
          ],
          [
            46.8234924,
            -16.9584597
          ],
          [
            46.8236417,
            -16.9582631
          ]
        ]
      },
      "id": "way/230494721"
    },
    {
      "type": "Feature",
      "properties": {
        "@id": "way/230494722",
        "highway": "primary",
        "ref": "N 4"
      },
      "geometry": {
        "type": "LineString",
        "coordinates": [
          [
            46.9499529,
            -17.2811001
          ],
          [
            46.9496546,
            -17.2809897
          ],
          [
            46.9493181,
            -17.2807358
          ],
          [
            46.9453816,
            -17.2772821
          ],
          [
            46.9449897,
            -17.2771054
          ],
          [
            46.9445981,
            -17.2769723
          ],
          [
            46.9443277,
            -17.2768013
          ],
          [
            46.9441422,
            -17.2766137
          ],
          [
            46.9431158,
            -17.2751702
          ],
          [
            46.9428922,
            -17.2750053
          ],
          [
            46.942658,
            -17.2749151
          ],
          [
            46.9421752,
            -17.2748537
          ],
          [
            46.9413223,
            -17.2747922
          ],
          [
            46.940595,
            -17.2747953
          ],
          [
            46.9402905,
            -17.2748106
          ],
          [
            46.9400384,
            -17.2748926
          ],
          [
            46.9397802,
            -17.2750415
          ],
          [
            46.9392623,
            -17.2756169
          ],
          [
            46.9390301,
            -17.2758154
          ],
          [
            46.9387366,
            -17.2759652
          ],
          [
            46.9382538,
            -17.2760062
          ],
          [
            46.9376626,
            -17.2760021
          ],
          [
            46.9373526,
            -17.2759858
          ],
          [
            46.9370951,
            -17.2759345
          ],
          [
            46.9367642,
            -17.2758497
          ],
          [
            46.9340004,
            -17.2743364
          ],
          [
            46.9337905,
            -17.2742288
          ],
          [
            46.9334204,
            -17.2739214
          ],
          [
            46.9333185,
            -17.2737114
          ],
          [
            46.933247,
            -17.2734159
          ],
          [
            46.933306,
            -17.2730997
          ],
          [
            46.9335873,
            -17.2724538
          ],
          [
            46.9336547,
            -17.2722033
          ],
          [
            46.9336404,
            -17.2719441
          ],
          [
            46.9334884,
            -17.2715015
          ],
          [
            46.9327318,
            -17.2692282
          ],
          [
            46.9326694,
            -17.2685068
          ],
          [
            46.9325299,
            -17.2680458
          ],
          [
            46.9316233,
            -17.2658123
          ],
          [
            46.9313296,
            -17.2650448
          ],
          [
            46.9313279,
            -17.2648891
          ],
          [
            46.9313805,
            -17.2647219
          ],
          [
            46.9315649,
            -17.2645214
          ],
          [
            46.9317383,
            -17.2643257
          ]
        ]
      },
      "id": "way/230494722"
    },
    {
      "type": "Feature",
      "properties": {
        "@id": "way/230494723",
        "highway": "primary",
        "ref": "N 4"
      },
      "geometry": {
        "type": "LineString",
        "coordinates": [
          [
            46.8854994,
            -17.2130669
          ],
          [
            46.885281,
            -17.2129811
          ],
          [
            46.8851862,
            -17.2129524
          ],
          [
            46.8850299,
            -17.2129621
          ],
          [
            46.8848832,
            -17.2130206
          ],
          [
            46.8843312,
            -17.2133616
          ],
          [
            46.8840966,
            -17.2134283
          ],
          [
            46.8839098,
            -17.2134369
          ],
          [
            46.8837567,
            -17.2134126
          ],
          [
            46.8833687,
            -17.213244
          ],
          [
            46.8831675,
            -17.2131518
          ],
          [
            46.8829842,
            -17.2131436
          ],
          [
            46.8827616,
            -17.2131641
          ],
          [
            46.881585,
            -17.2135386
          ],
          [
            46.88123,
            -17.213615
          ],
          [
            46.8811076,
            -17.2136155
          ],
          [
            46.8809645,
            -17.2135997
          ],
          [
            46.8808232,
            -17.2135079
          ],
          [
            46.8807177,
            -17.2133742
          ],
          [
            46.8806838,
            -17.2132261
          ],
          [
            46.8807338,
            -17.2128055
          ],
          [
            46.8807397,
            -17.2126081
          ],
          [
            46.880699,
            -17.2123903
          ],
          [
            46.8805514,
            -17.2119266
          ],
          [
            46.8805299,
            -17.2117601
          ],
          [
            46.8805591,
            -17.2115749
          ],
          [
            46.8807124,
            -17.2110812
          ],
          [
            46.8807267,
            -17.2108702
          ],
          [
            46.8806989,
            -17.2106353
          ],
          [
            46.8805836,
            -17.2103022
          ],
          [
            46.8805014,
            -17.2100824
          ],
          [
            46.8803934,
            -17.2099156
          ],
          [
            46.880201,
            -17.2097365
          ],
          [
            46.8795781,
            -17.2093824
          ],
          [
            46.879458,
            -17.2093599
          ],
          [
            46.8793373,
            -17.2093752
          ],
          [
            46.878859,
            -17.2095466
          ],
          [
            46.8786963,
            -17.2095495
          ],
          [
            46.8785005,
            -17.2094905
          ],
          [
            46.87836,
            -17.2093619
          ],
          [
            46.8783015,
            -17.2092505
          ],
          [
            46.8775876,
            -17.207922
          ],
          [
            46.8772103,
            -17.2072487
          ],
          [
            46.8768017,
            -17.2067382
          ],
          [
            46.8762662,
            -17.2061879
          ],
          [
            46.8757995,
            -17.2058805
          ],
          [
            46.8754811,
            -17.2056001
          ],
          [
            46.875254,
            -17.2051036
          ],
          [
            46.8750743,
            -17.2039814
          ],
          [
            46.8748956,
            -17.2032107
          ],
          [
            46.8746694,
            -17.2024287
          ],
          [
            46.8745889,
            -17.2018445
          ],
          [
            46.8745245,
            -17.2011066
          ],
          [
            46.8744306,
            -17.2005813
          ],
          [
            46.8742495,
            -17.2000671
          ],
          [
            46.8739988,
            -17.1997742
          ],
          [
            46.8735696,
            -17.199395
          ],
          [
            46.8732907,
            -17.199149
          ],
          [
            46.8728722,
            -17.1988467
          ],
          [
            46.8725352,
            -17.1987088
          ],
          [
            46.8713192,
            -17.1983239
          ],
          [
            46.8710293,
            -17.1982321
          ],
          [
            46.8706201,
            -17.1979452
          ],
          [
            46.8702969,
            -17.1977667
          ],
          [
            46.8701078,
            -17.1977274
          ],
          [
            46.8699165,
            -17.1977244
          ],
          [
            46.8697099,
            -17.1977526
          ],
          [
            46.8694858,
            -17.1978613
          ],
          [
            46.8685164,
            -17.1984239
          ],
          [
            46.8681356,
            -17.1986324
          ],
          [
            46.8678092,
            -17.1987139
          ],
          [
            46.8668999,
            -17.1989035
          ],
          [
            46.8664483,
            -17.1989491
          ],
          [
            46.8662749,
            -17.1989163
          ],
          [
            46.8661023,
            -17.1988672
          ],
          [
            46.8659477,
            -17.1987498
          ],
          [
            46.8658451,
            -17.1986326
          ],
          [
            46.8657966,
            -17.1985059
          ],
          [
            46.8657939,
            -17.1983112
          ],
          [
            46.8658332,
            -17.1981309
          ],
          [
            46.8659307,
            -17.1979191
          ],
          [
            46.8662079,
            -17.1975071
          ],
          [
            46.866334,
            -17.1972867
          ],
          [
            46.8664001,
            -17.1971248
          ],
          [
            46.8664632,
            -17.1968056
          ]
        ]
      },
      "id": "way/230494723"
    },
    {
      "type": "Feature",
      "properties": {
        "@id": "way/230494724",
        "highway": "primary",
        "ref": "N 4"
      },
      "geometry": {
        "type": "LineString",
        "coordinates": [
          [
            46.8703691,
            -16.9116128
          ],
          [
            46.870588,
            -16.9110938
          ],
          [
            46.8706791,
            -16.9109533
          ],
          [
            46.8708171,
            -16.9108398
          ],
          [
            46.8709581,
            -16.9107454
          ],
          [
            46.871102,
            -16.9106898
          ],
          [
            46.8712531,
            -16.9106761
          ],
          [
            46.8714345,
            -16.9107511
          ],
          [
            46.871704,
            -16.9110014
          ],
          [
            46.8719323,
            -16.9112865
          ]
        ]
      },
      "id": "way/230494724"
    },
    {
      "type": "Feature",
      "properties": {
        "@id": "way/230494725",
        "highway": "primary",
        "ref": "N 4"
      },
      "geometry": {
        "type": "LineString",
        "coordinates": [
          [
            46.8722928,
            -16.9116984
          ],
          [
            46.8729473,
            -16.9124382
          ],
          [
            46.8732111,
            -16.9126342
          ],
          [
            46.8735813,
            -16.912866
          ],
          [
            46.8739997,
            -16.9129293
          ],
          [
            46.8744625,
            -16.9128832
          ],
          [
            46.8752233,
            -16.9125859
          ],
          [
            46.8760999,
            -16.9121774
          ],
          [
            46.8766149,
            -16.9119567
          ],
          [
            46.8770803,
            -16.9118306
          ],
          [
            46.877618,
            -16.9117771
          ],
          [
            46.8781169,
            -16.9118078
          ],
          [
            46.8786551,
            -16.9119058
          ],
          [
            46.8797352,
            -16.9121643
          ],
          [
            46.8800481,
            -16.9123211
          ],
          [
            46.8802627,
            -16.9125315
          ],
          [
            46.8804572,
            -16.912753
          ],
          [
            46.8809475,
            -16.9135336
          ],
          [
            46.8815287,
            -16.9139686
          ],
          [
            46.8820309,
            -16.9143823
          ],
          [
            46.8824192,
            -16.9144818
          ],
          [
            46.8829824,
            -16.9144818
          ],
          [
            46.8833637,
            -16.9145297
          ],
          [
            46.8836422,
            -16.9146717
          ],
          [
            46.8841197,
            -16.9150566
          ],
          [
            46.8844986,
            -16.9152724
          ],
          [
            46.8849941,
            -16.9154364
          ],
          [
            46.885629,
            -16.9156523
          ],
          [
            46.8861099,
            -16.9156623
          ],
          [
            46.887123,
            -16.915572
          ],
          [
            46.8874939,
            -16.9156212
          ],
          [
            46.8878801,
            -16.9157803
          ],
          [
            46.889173,
            -16.9165707
          ],
          [
            46.8894454,
            -16.9166844
          ],
          [
            46.8897899,
            -16.9167246
          ],
          [
            46.890042,
            -16.9167041
          ],
          [
            46.8902287,
            -16.9166502
          ],
          [
            46.8912531,
            -16.9161076
          ],
          [
            46.8919142,
            -16.9159343
          ],
          [
            46.8924506,
            -16.9158419
          ],
          [
            46.8928805,
            -16.9158064
          ],
          [
            46.8932553,
            -16.9159035
          ],
          [
            46.8935396,
            -16.9160523
          ],
          [
            46.8937258,
            -16.9162152
          ],
          [
            46.8939473,
            -16.9165501
          ],
          [
            46.8940352,
            -16.9168965
          ],
          [
            46.8939634,
            -16.9184799
          ],
          [
            46.8939633,
            -16.9186319
          ],
          [
            46.8940492,
            -16.9188597
          ],
          [
            46.8948539,
            -16.9200657
          ],
          [
            46.8949654,
            -16.9203486
          ],
          [
            46.8950041,
            -16.9207381
          ],
          [
            46.8948979,
            -16.9212488
          ],
          [
            46.8945469,
            -16.9224161
          ],
          [
            46.8945535,
            -16.9228782
          ],
          [
            46.8946308,
            -16.9232153
          ],
          [
            46.8948378,
            -16.9235915
          ],
          [
            46.8955352,
            -16.9244332
          ],
          [
            46.8956947,
            -16.9247934
          ],
          [
            46.8957497,
            -16.9251619
          ],
          [
            46.8956724,
            -16.925526
          ],
          [
            46.8955191,
            -16.925942
          ],
          [
            46.895283,
            -16.9263013
          ],
          [
            46.8949375,
            -16.926609
          ],
          [
            46.8945642,
            -16.9267991
          ],
          [
            46.8942584,
            -16.926953
          ],
          [
            46.8940625,
            -16.9271158
          ],
          [
            46.8938132,
            -16.9273995
          ],
          [
            46.8937274,
            -16.9276099
          ],
          [
            46.8937726,
            -16.9279612
          ],
          [
            46.8942496,
            -16.929132
          ],
          [
            46.8943764,
            -16.9293291
          ],
          [
            46.8945642,
            -16.9295036
          ],
          [
            46.8947644,
            -16.9296163
          ],
          [
            46.8951811,
            -16.9296627
          ],
          [
            46.8959327,
            -16.9297157
          ],
          [
            46.8963398,
            -16.9298783
          ],
          [
            46.8973435,
            -16.9306911
          ],
          [
            46.8976917,
            -16.930997
          ],
          [
            46.8979142,
            -16.9313415
          ],
          [
            46.8980701,
            -16.931873
          ],
          [
            46.8984257,
            -16.934301
          ],
          [
            46.8984651,
            -16.9345746
          ],
          [
            46.898668,
            -16.9349999
          ],
          [
            46.8988571,
            -16.9352906
          ],
          [
            46.899281,
            -16.9357332
          ],
          [
            46.9013136,
            -16.9374204
          ],
          [
            46.9031629,
            -16.9390045
          ],
          [
            46.9034298,
            -16.9393215
          ],
          [
            46.9035657,
            -16.9397262
          ],
          [
            46.9035949,
            -16.9400717
          ],
          [
            46.903394,
            -16.9413837
          ],
          [
            46.903397,
            -16.9416155
          ],
          [
            46.9034691,
            -16.9419636
          ],
          [
            46.9036417,
            -16.9423361
          ],
          [
            46.9039197,
            -16.9426512
          ],
          [
            46.9041719,
            -16.9428873
          ],
          [
            46.9044013,
            -16.9430309
          ],
          [
            46.9054337,
            -16.9434983
          ],
          [
            46.9057705,
            -16.9437442
          ],
          [
            46.9060923,
            -16.9440778
          ],
          [
            46.9063365,
            -16.944412
          ],
          [
            46.9064732,
            -16.9447603
          ],
          [
            46.906504,
            -16.9451017
          ],
          [
            46.9064464,
            -16.9454941
          ],
          [
            46.9062962,
            -16.9458307
          ],
          [
            46.905926,
            -16.9462381
          ],
          [
            46.9056954,
            -16.9465101
          ],
          [
            46.9055981,
            -16.9466833
          ],
          [
            46.9054969,
            -16.9469514
          ],
          [
            46.9055505,
            -16.9472337
          ],
          [
            46.9056464,
            -16.9474808
          ],
          [
            46.9061889,
            -16.9481009
          ],
          [
            46.9063895,
            -16.9484032
          ],
          [
            46.9069238,
            -16.9493529
          ],
          [
            46.9070992,
            -16.9498512
          ],
          [
            46.9071062,
            -16.9502201
          ],
          [
            46.9068951,
            -16.9516653
          ],
          [
            46.9071469,
            -16.9525999
          ],
          [
            46.9079289,
            -16.9535154
          ],
          [
            46.9092045,
            -16.9544015
          ],
          [
            46.9095202,
            -16.9548589
          ],
          [
            46.9097539,
            -16.9552476
          ],
          [
            46.9099876,
            -16.9554563
          ],
          [
            46.9109307,
            -16.9558023
          ],
          [
            46.9118814,
            -16.9564005
          ],
          [
            46.9124926,
            -16.9565979
          ],
          [
            46.9133558,
            -16.956819
          ],
          [
            46.9137493,
            -16.9569842
          ],
          [
            46.9140961,
            -16.9572363
          ],
          [
            46.9144973,
            -16.9578618
          ],
          [
            46.9149616,
            -16.9582225
          ],
          [
            46.9169125,
            -16.9587835
          ],
          [
            46.9185217,
            -16.9587945
          ],
          [
            46.9193961,
            -16.9588868
          ],
          [
            46.9200994,
            -16.9590299
          ],
          [
            46.9206138,
            -16.959205
          ],
          [
            46.9209469,
            -16.9593885
          ],
          [
            46.9215741,
            -16.9600465
          ],
          [
            46.9218903,
            -16.9603314
          ],
          [
            46.9221883,
            -16.9604647
          ],
          [
            46.9224918,
            -16.9605257
          ],
          [
            46.9228722,
            -16.9605031
          ],
          [
            46.9232586,
            -16.9604299
          ],
          [
            46.9236072,
            -16.9602081
          ],
          [
            46.9238972,
            -16.9599489
          ],
          [
            46.9240411,
            -16.9597664
          ],
          [
            46.9254851,
            -16.9578934
          ],
          [
            46.9256912,
            -16.9577298
          ],
          [
            46.925887,
            -16.9576271
          ],
          [
            46.925935,
            -16.9575865
          ],
          [
            46.9260748,
            -16.9574681
          ],
          [
            46.9265737,
            -16.9569755
          ],
          [
            46.9269277,
            -16.9566804
          ],
          [
            46.9270215,
            -16.9566226
          ],
          [
            46.9270861,
            -16.9565828
          ],
          [
            46.9273354,
            -16.956429
          ],
          [
            46.9276814,
            -16.9561666
          ]
        ]
      },
      "id": "way/230494725"
    },
    {
      "type": "Feature",
      "properties": {
        "@id": "way/230495467",
        "highway": "primary",
        "ref": "N 4"
      },
      "geometry": {
        "type": "LineString",
        "coordinates": [
          [
            46.9538851,
            -17.4464254
          ],
          [
            46.952763,
            -17.4451326
          ],
          [
            46.9526305,
            -17.4448143
          ],
          [
            46.9525232,
            -17.4441592
          ],
          [
            46.9523246,
            -17.4428593
          ],
          [
            46.9522012,
            -17.4423321
          ],
          [
            46.9520649,
            -17.4419581
          ],
          [
            46.9518418,
            -17.4415235
          ],
          [
            46.9513215,
            -17.4408377
          ],
          [
            46.9508539,
            -17.4402441
          ]
        ]
      },
      "id": "way/230495467"
    },
    {
      "type": "Feature",
      "properties": {
        "@id": "way/230495468",
        "highway": "primary",
        "ref": "N 4"
      },
      "geometry": {
        "type": "LineString",
        "coordinates": [
          [
            46.9752906,
            -17.5171957
          ],
          [
            46.9751431,
            -17.5171158
          ],
          [
            46.9750358,
            -17.5170698
          ],
          [
            46.9748775,
            -17.5170391
          ],
          [
            46.9746713,
            -17.5170492
          ],
          [
            46.9744024,
            -17.517126
          ],
          [
            46.9742267,
            -17.517144
          ],
          [
            46.9741741,
            -17.5171493
          ],
          [
            46.9739763,
            -17.5171279
          ],
          [
            46.9738503,
            -17.5171005
          ],
          [
            46.9737448,
            -17.5170506
          ],
          [
            46.9736214,
            -17.5169312
          ],
          [
            46.9733947,
            -17.5166959
          ],
          [
            46.9732119,
            -17.5164467
          ],
          [
            46.9731529,
            -17.5162922
          ],
          [
            46.9731234,
            -17.5161151
          ],
          [
            46.9731312,
            -17.5159481
          ],
          [
            46.9732399,
            -17.5155712
          ]
        ]
      },
      "id": "way/230495468"
    },
    {
      "type": "Feature",
      "properties": {
        "@id": "way/230495469",
        "bridge": "yes",
        "highway": "primary",
        "layer": "1",
        "ref": "N 4"
      },
      "geometry": {
        "type": "LineString",
        "coordinates": [
          [
            46.9840182,
            -17.4906538
          ],
          [
            46.9841685,
            -17.4904972
          ]
        ]
      },
      "id": "way/230495469"
    },
    {
      "type": "Feature",
      "properties": {
        "@id": "way/230495470",
        "bridge": "yes",
        "highway": "primary",
        "layer": "1",
        "narrow": "yes",
        "ref": "N 4"
      },
      "geometry": {
        "type": "LineString",
        "coordinates": [
          [
            46.9631397,
            -17.4526832
          ],
          [
            46.9628549,
            -17.452606
          ]
        ]
      },
      "id": "way/230495470"
    },
    {
      "type": "Feature",
      "properties": {
        "@id": "way/230495471",
        "bridge": "yes",
        "highway": "primary",
        "layer": "1",
        "narrow": "yes",
        "ref": "N 4"
      },
      "geometry": {
        "type": "LineString",
        "coordinates": [
          [
            46.97553,
            -17.5173268
          ],
          [
            46.9752906,
            -17.5171957
          ]
        ]
      },
      "id": "way/230495471"
    },
    {
      "type": "Feature",
      "properties": {
        "@id": "way/230495472",
        "bridge": "yes",
        "highway": "primary",
        "layer": "1",
        "narrow": "yes",
        "ref": "N 4"
      },
      "geometry": {
        "type": "LineString",
        "coordinates": [
          [
            46.9838107,
            -17.4642907
          ],
          [
            46.9835858,
            -17.4643297
          ]
        ]
      },
      "id": "way/230495472"
    },
    {
      "type": "Feature",
      "properties": {
        "@id": "way/230495473",
        "bridge": "yes",
        "highway": "primary",
        "layer": "1",
        "obstacle": "unevenness",
        "ref": "N 4"
      },
      "geometry": {
        "type": "LineString",
        "coordinates": [
          [
            46.9508539,
            -17.4402441
          ],
          [
            46.9507924,
            -17.4401626
          ]
        ]
      },
      "id": "way/230495473"
    },
    {
      "type": "Feature",
      "properties": {
        "@id": "way/230495474",
        "bridge": "yes",
        "highway": "primary",
        "layer": "1",
        "ref": "N 4"
      },
      "geometry": {
        "type": "LineString",
        "coordinates": [
          [
            46.9541533,
            -17.4467365
          ],
          [
            46.9538851,
            -17.4464254
          ]
        ]
      },
      "id": "way/230495474"
    },
    {
      "type": "Feature",
      "properties": {
        "@id": "way/230495475",
        "bridge": "yes",
        "highway": "primary",
        "layer": "1",
        "narrow": "yes",
        "ref": "N 4"
      },
      "geometry": {
        "type": "LineString",
        "coordinates": [
          [
            46.9553454,
            -17.3054286
          ],
          [
            46.9553612,
            -17.3051055
          ]
        ]
      },
      "id": "way/230495475"
    },
    {
      "type": "Feature",
      "properties": {
        "@id": "way/230495476",
        "highway": "primary",
        "ref": "N 4"
      },
      "geometry": {
        "type": "LineString",
        "coordinates": [
          [
            46.9553612,
            -17.3051055
          ],
          [
            46.95539,
            -17.3048615
          ],
          [
            46.9554297,
            -17.3047394
          ],
          [
            46.9555911,
            -17.3045247
          ],
          [
            46.9557628,
            -17.3042945
          ],
          [
            46.955969,
            -17.3040285
          ],
          [
            46.9560916,
            -17.3038584
          ],
          [
            46.9562642,
            -17.3035705
          ],
          [
            46.9564559,
            -17.3028287
          ],
          [
            46.9565303,
            -17.3024666
          ],
          [
            46.9567074,
            -17.3017752
          ],
          [
            46.9567206,
            -17.3014242
          ],
          [
            46.9566806,
            -17.3010428
          ],
          [
            46.956584,
            -17.3006177
          ],
          [
            46.9564491,
            -17.3003102
          ],
          [
            46.9560636,
            -17.2998033
          ],
          [
            46.9556134,
            -17.2993398
          ],
          [
            46.9544383,
            -17.2985485
          ],
          [
            46.9540638,
            -17.2982668
          ],
          [
            46.9539447,
            -17.2981439
          ],
          [
            46.9538106,
            -17.2979185
          ],
          [
            46.9536711,
            -17.2975242
          ],
          [
            46.9535754,
            -17.2968953
          ],
          [
            46.9533421,
            -17.2962081
          ],
          [
            46.9528504,
            -17.2955113
          ],
          [
            46.9527478,
            -17.2952169
          ],
          [
            46.9527162,
            -17.294743
          ],
          [
            46.9528469,
            -17.2942823
          ]
        ]
      },
      "id": "way/230495476"
    },
    {
      "type": "Feature",
      "properties": {
        "@id": "way/230495477",
        "highway": "primary",
        "ref": "N 4"
      },
      "geometry": {
        "type": "LineString",
        "coordinates": [
          [
            46.9835858,
            -17.4643297
          ],
          [
            46.9823922,
            -17.4645623
          ],
          [
            46.9822152,
            -17.4645367
          ],
          [
            46.9818504,
            -17.4644702
          ],
          [
            46.9814481,
            -17.4642808
          ],
          [
            46.9810654,
            -17.4638541
          ],
          [
            46.9807951,
            -17.463454
          ],
          [
            46.9805048,
            -17.4629033
          ],
          [
            46.9796278,
            -17.4612392
          ],
          [
            46.9792981,
            -17.4607652
          ],
          [
            46.9789214,
            -17.4605095
          ],
          [
            46.9785405,
            -17.4603099
          ],
          [
            46.9780812,
            -17.460132
          ],
          [
            46.9776983,
            -17.4600797
          ],
          [
            46.9773357,
            -17.4601371
          ],
          [
            46.9769957,
            -17.4601411
          ],
          [
            46.9767256,
            -17.4600673
          ],
          [
            46.976545,
            -17.4599261
          ],
          [
            46.9763798,
            -17.4598001
          ],
          [
            46.9755403,
            -17.4590354
          ],
          [
            46.9753537,
            -17.4588737
          ],
          [
            46.9750307,
            -17.4586142
          ],
          [
            46.9746192,
            -17.4584472
          ],
          [
            46.9726648,
            -17.4577697
          ],
          [
            46.9720806,
            -17.4574827
          ],
          [
            46.9718243,
            -17.457301
          ],
          [
            46.9707782,
            -17.4558476
          ],
          [
            46.9704785,
            -17.4555486
          ],
          [
            46.9702722,
            -17.4553952
          ],
          [
            46.9699897,
            -17.4553052
          ],
          [
            46.9693753,
            -17.4552577
          ],
          [
            46.9687648,
            -17.4552673
          ],
          [
            46.9681423,
            -17.4552285
          ],
          [
            46.9678439,
            -17.4551158
          ],
          [
            46.9674094,
            -17.4548804
          ],
          [
            46.9671482,
            -17.4546503
          ],
          [
            46.9665618,
            -17.4541845
          ],
          [
            46.9662289,
            -17.4539999
          ],
          [
            46.9645109,
            -17.4533917
          ],
          [
            46.9641273,
            -17.4532116
          ],
          [
            46.9636633,
            -17.4528774
          ],
          [
            46.9633297,
            -17.4527334
          ],
          [
            46.9631397,
            -17.4526832
          ]
        ]
      },
      "id": "way/230495477"
    },
    {
      "type": "Feature",
      "properties": {
        "@id": "way/230495478",
        "highway": "primary",
        "ref": "N 4"
      },
      "geometry": {
        "type": "LineString",
        "coordinates": [
          [
            46.9841685,
            -17.4904972
          ],
          [
            46.9844281,
            -17.4902131
          ],
          [
            46.984544,
            -17.4899059
          ],
          [
            46.98455,
            -17.4896594
          ],
          [
            46.9845111,
            -17.4894145
          ],
          [
            46.984318,
            -17.4886726
          ],
          [
            46.9842953,
            -17.4882826
          ],
          [
            46.9843931,
            -17.4879512
          ],
          [
            46.9846119,
            -17.4874986
          ],
          [
            46.984715,
            -17.4873679
          ],
          [
            46.9882287,
            -17.4842929
          ],
          [
            46.9885296,
            -17.4840826
          ],
          [
            46.9896817,
            -17.4836324
          ],
          [
            46.9898863,
            -17.4834845
          ],
          [
            46.9902511,
            -17.4831519
          ],
          [
            46.9904293,
            -17.4829
          ],
          [
            46.9909977,
            -17.4820169
          ],
          [
            46.9914634,
            -17.4816425
          ],
          [
            46.9923164,
            -17.481136
          ],
          [
            46.9928479,
            -17.4808992
          ],
          [
            46.9931747,
            -17.4807982
          ],
          [
            46.9942798,
            -17.4807573
          ],
          [
            46.9946011,
            -17.4806961
          ],
          [
            46.9954771,
            -17.4803313
          ],
          [
            46.9958283,
            -17.4801013
          ],
          [
            46.9961207,
            -17.4797849
          ],
          [
            46.9963278,
            -17.4794496
          ],
          [
            46.9964052,
            -17.4791251
          ],
          [
            46.9964506,
            -17.4787928
          ],
          [
            46.9964582,
            -17.4771876
          ],
          [
            46.996447,
            -17.4760778
          ],
          [
            46.9964725,
            -17.4753682
          ],
          [
            46.9965196,
            -17.4750061
          ],
          [
            46.9965436,
            -17.4747014
          ],
          [
            46.9965364,
            -17.474436
          ],
          [
            46.9965069,
            -17.4743081
          ],
          [
            46.9964407,
            -17.4741793
          ],
          [
            46.9962591,
            -17.4739361
          ],
          [
            46.9959169,
            -17.4734798
          ],
          [
            46.9958421,
            -17.4732098
          ],
          [
            46.9957559,
            -17.4729393
          ],
          [
            46.9956705,
            -17.4726533
          ],
          [
            46.9951582,
            -17.4719126
          ],
          [
            46.9949593,
            -17.4716243
          ],
          [
            46.9947476,
            -17.471303
          ],
          [
            46.994514,
            -17.4710179
          ],
          [
            46.9942913,
            -17.4707579
          ],
          [
            46.9936462,
            -17.4702341
          ],
          [
            46.9920029,
            -17.4689649
          ],
          [
            46.9886631,
            -17.466432
          ],
          [
            46.988235,
            -17.4661849
          ],
          [
            46.9869314,
            -17.4656655
          ],
          [
            46.9865178,
            -17.4654267
          ],
          [
            46.985466,
            -17.4645726
          ],
          [
            46.9851924,
            -17.4643883
          ],
          [
            46.9847525,
            -17.464245
          ],
          [
            46.9845872,
            -17.4642174
          ],
          [
            46.9843449,
            -17.4641985
          ],
          [
            46.9841433,
            -17.4642276
          ],
          [
            46.9838107,
            -17.4642907
          ]
        ]
      },
      "id": "way/230495478"
    },
    {
      "type": "Feature",
      "properties": {
        "@id": "way/230495479",
        "highway": "primary",
        "ref": "N 4"
      },
      "geometry": {
        "type": "LineString",
        "coordinates": [
          [
            46.9628549,
            -17.452606
          ],
          [
            46.9624456,
            -17.4524783
          ],
          [
            46.9621423,
            -17.4523343
          ],
          [
            46.9619064,
            -17.4521891
          ],
          [
            46.9603883,
            -17.4511042
          ],
          [
            46.9600949,
            -17.45095
          ],
          [
            46.9597221,
            -17.4508684
          ],
          [
            46.9589024,
            -17.4508586
          ],
          [
            46.9584543,
            -17.4507447
          ],
          [
            46.9580521,
            -17.4505285
          ],
          [
            46.9566752,
            -17.4493331
          ],
          [
            46.9546627,
            -17.4473165
          ]
        ]
      },
      "id": "way/230495479"
    },
    {
      "type": "Feature",
      "properties": {
        "@id": "way/230495480",
        "highway": "primary",
        "ref": "N 4"
      },
      "geometry": {
        "type": "LineString",
        "coordinates": [
          [
            46.9507924,
            -17.4401626
          ],
          [
            46.9504284,
            -17.4397501
          ],
          [
            46.9502003,
            -17.4395378
          ],
          [
            46.9499214,
            -17.4393126
          ],
          [
            46.9496121,
            -17.4391664
          ],
          [
            46.9491418,
            -17.4389984
          ],
          [
            46.9478758,
            -17.438983
          ],
          [
            46.9474453,
            -17.4388498
          ],
          [
            46.9470568,
            -17.438678
          ],
          [
            46.946629,
            -17.4382986
          ],
          [
            46.9453813,
            -17.4364241
          ],
          [
            46.9445338,
            -17.4354107
          ],
          [
            46.9438703,
            -17.4344711
          ],
          [
            46.9433293,
            -17.4334997
          ],
          [
            46.9431551,
            -17.4328722
          ],
          [
            46.9429899,
            -17.4324986
          ],
          [
            46.9424631,
            -17.4318435
          ],
          [
            46.9423052,
            -17.4315561
          ],
          [
            46.9422671,
            -17.4312953
          ],
          [
            46.9423298,
            -17.4309324
          ],
          [
            46.9425757,
            -17.4304309
          ],
          [
            46.9427572,
            -17.4299143
          ],
          [
            46.942785,
            -17.4295147
          ],
          [
            46.9427384,
            -17.4290357
          ],
          [
            46.9423699,
            -17.4269933
          ],
          [
            46.9424359,
            -17.4263597
          ],
          [
            46.9426617,
            -17.4251665
          ],
          [
            46.9432297,
            -17.4241456
          ],
          [
            46.9433042,
            -17.4239108
          ],
          [
            46.943309,
            -17.4237333
          ],
          [
            46.9432701,
            -17.4235886
          ],
          [
            46.9431959,
            -17.4234573
          ],
          [
            46.9430614,
            -17.4233226
          ],
          [
            46.9428334,
            -17.4232073
          ],
          [
            46.9426897,
            -17.4231833
          ],
          [
            46.9424531,
            -17.4232036
          ],
          [
            46.9406409,
            -17.4236718
          ],
          [
            46.9401099,
            -17.423713
          ],
          [
            46.9392285,
            -17.4234327
          ],
          [
            46.9379432,
            -17.4236981
          ],
          [
            46.9375493,
            -17.4237875
          ],
          [
            46.9374313,
            -17.4238054
          ],
          [
            46.9372998,
            -17.4237875
          ],
          [
            46.9371299,
            -17.4237256
          ],
          [
            46.9369377,
            -17.4235981
          ],
          [
            46.9367397,
            -17.423395
          ],
          [
            46.9363643,
            -17.4230024
          ],
          [
            46.9339794,
            -17.4204153
          ],
          [
            46.9335438,
            -17.4201299
          ],
          [
            46.93298,
            -17.4199499
          ],
          [
            46.9303631,
            -17.4195989
          ],
          [
            46.9300033,
            -17.4194134
          ],
          [
            46.9296955,
            -17.4190668
          ],
          [
            46.9291119,
            -17.4181169
          ],
          [
            46.9287641,
            -17.4177908
          ],
          [
            46.9282803,
            -17.4176496
          ],
          [
            46.9277234,
            -17.417581
          ],
          [
            46.926331,
            -17.4178499
          ],
          [
            46.9258478,
            -17.4177107
          ],
          [
            46.9250433,
            -17.417157
          ],
          [
            46.9245906,
            -17.4170896
          ],
          [
            46.9242535,
            -17.4171679
          ],
          [
            46.923987,
            -17.4173739
          ],
          [
            46.9217055,
            -17.4194241
          ],
          [
            46.921372,
            -17.4197333
          ],
          [
            46.9210635,
            -17.4199073
          ],
          [
            46.9207989,
            -17.4199795
          ],
          [
            46.920519,
            -17.4199969
          ],
          [
            46.9202133,
            -17.4199431
          ],
          [
            46.9199665,
            -17.4197999
          ],
          [
            46.9197867,
            -17.4196155
          ],
          [
            46.919659,
            -17.4193729
          ],
          [
            46.9195668,
            -17.419137
          ],
          [
            46.9193335,
            -17.4180339
          ],
          [
            46.9192593,
            -17.4176813
          ],
          [
            46.9191458,
            -17.4173148
          ],
          [
            46.918733,
            -17.4162495
          ],
          [
            46.9184361,
            -17.4144635
          ],
          [
            46.9184591,
            -17.4140748
          ],
          [
            46.9185965,
            -17.4136653
          ],
          [
            46.9195495,
            -17.4120066
          ],
          [
            46.9196285,
            -17.4116665
          ],
          [
            46.9196392,
            -17.4113082
          ],
          [
            46.9195495,
            -17.4109619
          ],
          [
            46.9194461,
            -17.4107349
          ],
          [
            46.9191833,
            -17.4103894
          ],
          [
            46.9189463,
            -17.4101678
          ],
          [
            46.9186156,
            -17.4099164
          ],
          [
            46.9181911,
            -17.4096826
          ],
          [
            46.9179423,
            -17.4096016
          ],
          [
            46.9172422,
            -17.4095118
          ],
          [
            46.917075,
            -17.4093554
          ],
          [
            46.9170223,
            -17.4092024
          ],
          [
            46.9170401,
            -17.4090355
          ],
          [
            46.9171233,
            -17.4088896
          ],
          [
            46.9173791,
            -17.4086342
          ],
          [
            46.9176419,
            -17.4083731
          ],
          [
            46.9179951,
            -17.4078684
          ],
          [
            46.9183816,
            -17.4074658
          ],
          [
            46.9186353,
            -17.407248
          ],
          [
            46.9187917,
            -17.4071067
          ],
          [
            46.9190274,
            -17.4070477
          ],
          [
            46.9192371,
            -17.4070396
          ],
          [
            46.919397,
            -17.4070204
          ],
          [
            46.9195695,
            -17.4069521
          ],
          [
            46.9198221,
            -17.4067621
          ],
          [
            46.920045,
            -17.4065389
          ],
          [
            46.9202315,
            -17.4062496
          ],
          [
            46.920351,
            -17.4057882
          ],
          [
            46.9204433,
            -17.4054526
          ],
          [
            46.9205528,
            -17.4052212
          ],
          [
            46.92079,
            -17.4049355
          ],
          [
            46.9208987,
            -17.4047536
          ],
          [
            46.9209202,
            -17.4044906
          ],
          [
            46.920984,
            -17.4033679
          ],
          [
            46.9211727,
            -17.4029535
          ],
          [
            46.9213996,
            -17.4025566
          ],
          [
            46.9219156,
            -17.401746
          ],
          [
            46.9224341,
            -17.4009964
          ],
          [
            46.9235302,
            -17.3996683
          ]
        ]
      },
      "id": "way/230495480"
    },
    {
      "type": "Feature",
      "properties": {
        "@id": "way/230497826",
        "bridge": "yes",
        "highway": "primary",
        "layer": "1",
        "ref": "N 4"
      },
      "geometry": {
        "type": "LineString",
        "coordinates": [
          [
            46.9641603,
            -17.6476368
          ],
          [
            46.9640476,
            -17.6473699
          ]
        ]
      },
      "id": "way/230497826"
    },
    {
      "type": "Feature",
      "properties": {
        "@id": "way/230497827",
        "bridge": "yes",
        "highway": "primary",
        "layer": "1",
        "narrow": "yes",
        "ref": "N 4"
      },
      "geometry": {
        "type": "LineString",
        "coordinates": [
          [
            46.9875139,
            -17.6810206
          ],
          [
            46.9873307,
            -17.6808948
          ]
        ]
      },
      "id": "way/230497827"
    },
    {
      "type": "Feature",
      "properties": {
        "@id": "way/230497828",
        "bridge": "yes",
        "highway": "primary",
        "layer": "1",
        "narrow": "yes",
        "ref": "N 4"
      },
      "geometry": {
        "type": "LineString",
        "coordinates": [
          [
            46.9532247,
            -17.6264165
          ],
          [
            46.9530953,
            -17.6262777
          ]
        ]
      },
      "id": "way/230497828"
    },
    {
      "type": "Feature",
      "properties": {
        "@id": "way/230497829",
        "highway": "primary",
        "ref": "N 4"
      },
      "geometry": {
        "type": "LineString",
        "coordinates": [
          [
            46.9640476,
            -17.6473699
          ],
          [
            46.9638135,
            -17.646828
          ],
          [
            46.963626,
            -17.6464599
          ],
          [
            46.9634272,
            -17.6462247
          ],
          [
            46.9631919,
            -17.6459371
          ],
          [
            46.9627513,
            -17.645463
          ],
          [
            46.9622381,
            -17.6449794
          ],
          [
            46.9617667,
            -17.6445275
          ],
          [
            46.9614495,
            -17.6441402
          ],
          [
            46.9611367,
            -17.643597
          ],
          [
            46.9609572,
            -17.6431107
          ],
          [
            46.9608627,
            -17.6429786
          ],
          [
            46.960624,
            -17.6427989
          ],
          [
            46.9603364,
            -17.6427466
          ],
          [
            46.9600471,
            -17.6427285
          ],
          [
            46.9597783,
            -17.6427387
          ],
          [
            46.9595734,
            -17.642746
          ],
          [
            46.9593634,
            -17.642628
          ],
          [
            46.9592829,
            -17.6425024
          ],
          [
            46.9592605,
            -17.6421093
          ],
          [
            46.9591535,
            -17.6419225
          ],
          [
            46.9587842,
            -17.6417939
          ],
          [
            46.9585349,
            -17.6416392
          ],
          [
            46.9578695,
            -17.6410152
          ],
          [
            46.9576552,
            -17.640765
          ],
          [
            46.9575533,
            -17.640468
          ],
          [
            46.957574,
            -17.6400406
          ],
          [
            46.9577195,
            -17.6395892
          ],
          [
            46.957977,
            -17.6391853
          ],
          [
            46.9585473,
            -17.6382621
          ],
          [
            46.9587244,
            -17.6378736
          ],
          [
            46.958719,
            -17.6374237
          ],
          [
            46.9582986,
            -17.6362747
          ],
          [
            46.9582713,
            -17.6356735
          ],
          [
            46.9584777,
            -17.6347019
          ],
          [
            46.9585045,
            -17.6343921
          ],
          [
            46.9583274,
            -17.6338349
          ],
          [
            46.9573107,
            -17.6313204
          ],
          [
            46.9571374,
            -17.6310542
          ],
          [
            46.9569487,
            -17.6308211
          ],
          [
            46.9556425,
            -17.6294919
          ],
          [
            46.9552412,
            -17.6290041
          ],
          [
            46.9548871,
            -17.6284724
          ],
          [
            46.9542406,
            -17.6275292
          ],
          [
            46.9537725,
            -17.6269865
          ],
          [
            46.9532247,
            -17.6264165
          ]
        ]
      },
      "id": "way/230497829"
    },
    {
      "type": "Feature",
      "properties": {
        "@id": "way/230497830",
        "highway": "primary",
        "ref": "N 4"
      },
      "geometry": {
        "type": "LineString",
        "coordinates": [
          [
            46.9530953,
            -17.6262777
          ],
          [
            46.9529361,
            -17.6261134
          ],
          [
            46.9528111,
            -17.6259792
          ],
          [
            46.9526526,
            -17.6257457
          ],
          [
            46.9522549,
            -17.6243512
          ],
          [
            46.9521637,
            -17.6240649
          ],
          [
            46.952035,
            -17.6238655
          ],
          [
            46.9518848,
            -17.6236814
          ],
          [
            46.951714,
            -17.6235994
          ],
          [
            46.9514127,
            -17.6235639
          ],
          [
            46.9508562,
            -17.6236075
          ],
          [
            46.9505944,
            -17.6236715
          ],
          [
            46.9503876,
            -17.6237769
          ],
          [
            46.949975,
            -17.6241876
          ],
          [
            46.9497068,
            -17.6243665
          ],
          [
            46.9488324,
            -17.6243001
          ],
          [
            46.94703,
            -17.6243768
          ],
          [
            46.9466544,
            -17.624387
          ],
          [
            46.9460429,
            -17.6241925
          ],
          [
            46.9455237,
            -17.623971
          ],
          [
            46.9453408,
            -17.623831
          ],
          [
            46.9450738,
            -17.6236313
          ],
          [
            46.9449727,
            -17.6234706
          ],
          [
            46.9449172,
            -17.6233137
          ],
          [
            46.9448641,
            -17.6230489
          ],
          [
            46.9449085,
            -17.6225853
          ],
          [
            46.9448926,
            -17.6222959
          ],
          [
            46.9448375,
            -17.6220914
          ],
          [
            46.9447162,
            -17.6218439
          ],
          [
            46.9445219,
            -17.6215821
          ],
          [
            46.9437638,
            -17.6207629
          ],
          [
            46.9435966,
            -17.6204536
          ],
          [
            46.9435158,
            -17.6202312
          ],
          [
            46.9434753,
            -17.6199789
          ],
          [
            46.9434543,
            -17.6195634
          ],
          [
            46.9433929,
            -17.6181648
          ],
          [
            46.9433607,
            -17.6176893
          ],
          [
            46.94325,
            -17.6173981
          ],
          [
            46.9430077,
            -17.6168619
          ],
          [
            46.942709,
            -17.6163297
          ],
          [
            46.9420786,
            -17.6152748
          ],
          [
            46.9418973,
            -17.6150052
          ],
          [
            46.9416684,
            -17.6147532
          ],
          [
            46.941113,
            -17.6142944
          ],
          [
            46.9403974,
            -17.6136104
          ],
          [
            46.9400481,
            -17.6133383
          ],
          [
            46.9399264,
            -17.6132403
          ],
          [
            46.939883,
            -17.6132171
          ],
          [
            46.9396092,
            -17.6130218
          ],
          [
            46.9393321,
            -17.6129011
          ],
          [
            46.9380695,
            -17.6124417
          ],
          [
            46.9359185,
            -17.6116771
          ],
          [
            46.935205,
            -17.6114316
          ],
          [
            46.9347705,
            -17.6111786
          ],
          [
            46.9344782,
            -17.6110098
          ],
          [
            46.9341551,
            -17.6109596
          ],
          [
            46.9336514,
            -17.610892
          ],
          [
            46.9331065,
            -17.6107263
          ],
          [
            46.9328822,
            -17.610634
          ],
          [
            46.932629,
            -17.6104822
          ],
          [
            46.9319676,
            -17.6097642
          ],
          [
            46.9314363,
            -17.6090806
          ],
          [
            46.9304367,
            -17.607643
          ]
        ]
      },
      "id": "way/230497830"
    },
    {
      "type": "Feature",
      "properties": {
        "@id": "way/230497831",
        "highway": "primary",
        "ref": "N 4"
      },
      "geometry": {
        "type": "LineString",
        "coordinates": [
          [
            46.9873307,
            -17.6808948
          ],
          [
            46.9866146,
            -17.6804002
          ],
          [
            46.9865149,
            -17.6802491
          ],
          [
            46.9864272,
            -17.6800988
          ],
          [
            46.9863754,
            -17.6799322
          ],
          [
            46.9863798,
            -17.6796882
          ],
          [
            46.9864755,
            -17.6790024
          ],
          [
            46.9864755,
            -17.6787668
          ],
          [
            46.986413,
            -17.6784807
          ],
          [
            46.9858149,
            -17.6770368
          ],
          [
            46.9853562,
            -17.676058
          ],
          [
            46.9851228,
            -17.6755341
          ],
          [
            46.9850182,
            -17.6752172
          ],
          [
            46.9849972,
            -17.6749319
          ],
          [
            46.9849244,
            -17.6742614
          ],
          [
            46.984795,
            -17.6737665
          ],
          [
            46.9846588,
            -17.6733669
          ],
          [
            46.9845408,
            -17.672981
          ],
          [
            46.9845127,
            -17.6727995
          ],
          [
            46.9844737,
            -17.6720763
          ],
          [
            46.9845354,
            -17.6707372
          ],
          [
            46.9846722,
            -17.6694721
          ],
          [
            46.9847044,
            -17.6690377
          ],
          [
            46.9847152,
            -17.6679341
          ],
          [
            46.984742,
            -17.6651913
          ],
          [
            46.9847205,
            -17.665015
          ],
          [
            46.9846669,
            -17.6647569
          ],
          [
            46.9840551,
            -17.6633041
          ],
          [
            46.9839239,
            -17.6631365
          ],
          [
            46.9836879,
            -17.6629499
          ],
          [
            46.9835564,
            -17.662886
          ],
          [
            46.9834141,
            -17.6628488
          ],
          [
            46.9832399,
            -17.6628222
          ],
          [
            46.9829824,
            -17.6628554
          ],
          [
            46.9828698,
            -17.662886
          ],
          [
            46.9826474,
            -17.6629995
          ],
          [
            46.9821241,
            -17.6634841
          ],
          [
            46.9819417,
            -17.6635991
          ],
          [
            46.9818345,
            -17.6636502
          ],
          [
            46.9815206,
            -17.6636911
          ],
          [
            46.9812739,
            -17.6636732
          ],
          [
            46.9810299,
            -17.6636003
          ],
          [
            46.9797906,
            -17.6631263
          ],
          [
            46.9795117,
            -17.6629652
          ],
          [
            46.9792944,
            -17.6628349
          ],
          [
            46.9789135,
            -17.662449
          ],
          [
            46.978825,
            -17.6622522
          ],
          [
            46.9787043,
            -17.6618816
          ],
          [
            46.978413,
            -17.6601156
          ],
          [
            46.9779286,
            -17.6596159
          ],
          [
            46.9771962,
            -17.6595319
          ],
          [
            46.9761967,
            -17.6599153
          ],
          [
            46.9759924,
            -17.6599673
          ],
          [
            46.9757403,
            -17.6599673
          ],
          [
            46.9754131,
            -17.6599162
          ],
          [
            46.9745144,
            -17.659366
          ],
          [
            46.974367,
            -17.6592466
          ],
          [
            46.9742436,
            -17.6589961
          ],
          [
            46.9742131,
            -17.6587499
          ],
          [
            46.9744856,
            -17.6577403
          ],
          [
            46.9750304,
            -17.6562778
          ],
          [
            46.9753631,
            -17.6556077
          ],
          [
            46.9760808,
            -17.6544826
          ],
          [
            46.9763785,
            -17.6540522
          ],
          [
            46.9764552,
            -17.6537912
          ],
          [
            46.9764225,
            -17.6535654
          ],
          [
            46.9763331,
            -17.6533988
          ],
          [
            46.9761364,
            -17.6532195
          ]
        ]
      },
      "id": "way/230497831"
    },
    {
      "type": "Feature",
      "properties": {
        "@id": "way/230498182",
        "bridge": "yes",
        "highway": "primary",
        "layer": "1",
        "ref": "N 4"
      },
      "geometry": {
        "type": "LineString",
        "coordinates": [
          [
            47.0087974,
            -17.7299923
          ],
          [
            47.0086658,
            -17.7299393
          ]
        ]
      },
      "id": "way/230498182"
    },
    {
      "type": "Feature",
      "properties": {
        "@id": "way/230498183",
        "highway": "primary",
        "ref": "N 4"
      },
      "geometry": {
        "type": "LineString",
        "coordinates": [
          [
            47.0086658,
            -17.7299393
          ],
          [
            47.0079299,
            -17.7296151
          ],
          [
            47.0061757,
            -17.7289253
          ],
          [
            47.0047059,
            -17.7283071
          ],
          [
            47.0038475,
            -17.7278574
          ],
          [
            47.0034298,
            -17.7275652
          ],
          [
            47.0027371,
            -17.726999
          ],
          [
            47.0023991,
            -17.7268355
          ],
          [
            47.00197,
            -17.7268304
          ],
          [
            47.0015998,
            -17.7269223
          ],
          [
            47.0012517,
            -17.7271244
          ],
          [
            47.0008893,
            -17.7275463
          ],
          [
            47.0003613,
            -17.7281617
          ],
          [
            46.9999813,
            -17.7284998
          ],
          [
            46.9998081,
            -17.7286341
          ],
          [
            46.9996257,
            -17.7287005
          ],
          [
            46.999413,
            -17.7287325
          ],
          [
            46.9991161,
            -17.7287414
          ],
          [
            46.9987797,
            -17.7286485
          ],
          [
            46.9978716,
            -17.7280413
          ],
          [
            46.9975132,
            -17.7277826
          ],
          [
            46.9973244,
            -17.7275457
          ],
          [
            46.9971211,
            -17.7271602
          ],
          [
            46.9969543,
            -17.7266821
          ],
          [
            46.9966626,
            -17.7259992
          ],
          [
            46.9947656,
            -17.7209541
          ],
          [
            46.9945301,
            -17.7198652
          ],
          [
            46.9943203,
            -17.7185626
          ],
          [
            46.9941296,
            -17.718017
          ]
        ]
      },
      "id": "way/230498183"
    },
    {
      "type": "Feature",
      "properties": {
        "@id": "way/230499276",
        "highway": "primary",
        "ref": "N 4"
      },
      "geometry": {
        "type": "LineString",
        "coordinates": [
          [
            47.1749375,
            -18.0691401
          ],
          [
            47.174986,
            -18.0687396
          ],
          [
            47.175044,
            -18.0682604
          ],
          [
            47.1750719,
            -18.0679956
          ],
          [
            47.1751985,
            -18.0674118
          ],
          [
            47.1752279,
            -18.0672255
          ],
          [
            47.1752133,
            -18.0669492
          ],
          [
            47.1751695,
            -18.0664106
          ],
          [
            47.1752145,
            -18.0660526
          ],
          [
            47.1752784,
            -18.0656515
          ],
          [
            47.1754183,
            -18.0652799
          ],
          [
            47.1757348,
            -18.0647903
          ],
          [
            47.175885,
            -18.0645251
          ],
          [
            47.1759172,
            -18.0640661
          ],
          [
            47.1760406,
            -18.0636326
          ],
          [
            47.1762122,
            -18.0630155
          ],
          [
            47.1765293,
            -18.0624822
          ],
          [
            47.1765717,
            -18.0622352
          ],
          [
            47.1765502,
            -18.0618986
          ],
          [
            47.1764644,
            -18.0613325
          ],
          [
            47.1763916,
            -18.0605737
          ],
          [
            47.1762927,
            -18.0598484
          ],
          [
            47.1762605,
            -18.0592618
          ],
          [
            47.176282,
            -18.0587569
          ],
          [
            47.1763893,
            -18.0581806
          ],
          [
            47.1764054,
            -18.0576196
          ],
          [
            47.1765073,
            -18.0572065
          ],
          [
            47.177092,
            -18.0557886
          ],
          [
            47.1776928,
            -18.0551205
          ],
          [
            47.1779879,
            -18.0545288
          ],
          [
            47.1782293,
            -18.053065
          ],
          [
            47.1784634,
            -18.0514501
          ],
          [
            47.1782829,
            -18.0504078
          ],
          [
            47.17824,
            -18.0492347
          ],
          [
            47.1783473,
            -18.0486073
          ],
          [
            47.1782775,
            -18.0481942
          ],
          [
            47.1780791,
            -18.0478269
          ],
          [
            47.1778162,
            -18.0475005
          ],
          [
            47.1776499,
            -18.0472608
          ],
          [
            47.1775158,
            -18.0470517
          ],
          [
            47.1774407,
            -18.046817
          ],
          [
            47.1774353,
            -18.0465518
          ],
          [
            47.1775331,
            -18.0459419
          ],
          [
            47.1776124,
            -18.0454399
          ],
          [
            47.1777679,
            -18.0450727
          ],
          [
            47.177945,
            -18.0448023
          ],
          [
            47.1782024,
            -18.0443535
          ],
          [
            47.1784814,
            -18.0435323
          ],
          [
            47.1786531,
            -18.0432721
          ],
          [
            47.1790715,
            -18.0429712
          ],
          [
            47.1793612,
            -18.0428131
          ],
          [
            47.1795543,
            -18.0425632
          ],
          [
            47.1796616,
            -18.0422775
          ],
          [
            47.1796079,
            -18.0420276
          ],
          [
            47.1795167,
            -18.0417267
          ],
          [
            47.179388,
            -18.0412676
          ],
          [
            47.1795114,
            -18.0409871
          ],
          [
            47.1797849,
            -18.0406963
          ],
          [
            47.1798506,
            -18.0404719
          ],
          [
            47.1798506,
            -18.0402537
          ],
          [
            47.1797689,
            -18.0400332
          ],
          [
            47.1795596,
            -18.0397221
          ],
          [
            47.1793397,
            -18.0394466
          ],
          [
            47.1792324,
            -18.0389825
          ],
          [
            47.1791412,
            -18.0385438
          ],
          [
            47.1790393,
            -18.0381766
          ],
          [
            47.1788194,
            -18.0379878
          ],
          [
            47.1784814,
            -18.0375798
          ],
          [
            47.1782775,
            -18.0374268
          ],
          [
            47.1780415,
            -18.0373349
          ],
          [
            47.1777787,
            -18.0372431
          ],
          [
            47.1774568,
            -18.0370799
          ],
          [
            47.1770759,
            -18.0370136
          ],
          [
            47.1768882,
            -18.0369371
          ],
          [
            47.1767433,
            -18.0368147
          ],
          [
            47.1765824,
            -18.0365341
          ],
          [
            47.1764858,
            -18.0360495
          ],
          [
            47.1763839,
            -18.035769
          ],
          [
            47.1762391,
            -18.0355701
          ],
          [
            47.1758796,
            -18.0351875
          ],
          [
            47.1756651,
            -18.0347947
          ],
          [
            47.1748229,
            -18.0335807
          ],
          [
            47.1746083,
            -18.03329
          ],
          [
            47.1744205,
            -18.0331522
          ],
          [
            47.1741308,
            -18.0330757
          ],
          [
            47.1738626,
            -18.033091
          ],
          [
            47.1735408,
            -18.0331216
          ],
          [
            47.1731653,
            -18.0330451
          ],
          [
            47.1729882,
            -18.0329278
          ],
          [
            47.1727468,
            -18.0326575
          ],
          [
            47.1723123,
            -18.032535
          ],
          [
            47.1719422,
            -18.0324891
          ],
          [
            47.1714379,
            -18.0324024
          ],
          [
            47.1712502,
            -18.0323514
          ],
          [
            47.1710356,
            -18.0322086
          ],
          [
            47.1707806,
            -18.0321497
          ],
          [
            47.170585,
            -18.0321882
          ],
          [
            47.1703865,
            -18.0322953
          ],
          [
            47.1700914,
            -18.0323004
          ],
          [
            47.1699479,
            -18.0321831
          ],
          [
            47.1690454,
            -18.0315353
          ],
          [
            47.1687664,
            -18.0314281
          ],
          [
            47.1683265,
            -18.0313414
          ],
          [
            47.1679993,
            -18.0313618
          ],
          [
            47.1676077,
            -18.0313261
          ],
          [
            47.1673073,
            -18.0311297
          ],
          [
            47.1668969,
            -18.030788
          ],
          [
            47.1664463,
            -18.0304487
          ],
          [
            47.1659374,
            -18.0302805
          ],
          [
            47.1653637,
            -18.0302824
          ],
          [
            47.1649589,
            -18.0304029
          ],
          [
            47.1647297,
            -18.0305431
          ],
          [
            47.1641423,
            -18.0309818
          ],
          [
            47.1637829,
            -18.0311909
          ],
          [
            47.1634342,
            -18.0313338
          ],
          [
            47.1631338,
            -18.0313618
          ],
          [
            47.1626939,
            -18.0313771
          ],
          [
            47.1622648,
            -18.0314077
          ],
          [
            47.1617766,
            -18.0315659
          ],
          [
            47.161444,
            -18.0317546
          ],
          [
            47.1609773,
            -18.0318949
          ],
          [
            47.1601458,
            -18.0320326
          ],
          [
            47.1595396,
            -18.0323565
          ],
          [
            47.1588959,
            -18.0326626
          ],
          [
            47.1581771,
            -18.0329125
          ],
          [
            47.1576193,
            -18.0332391
          ],
          [
            47.1572115,
            -18.0334328
          ],
          [
            47.1566536,
            -18.0335603
          ],
          [
            47.1564682,
            -18.0336674
          ],
          [
            47.156144,
            -18.0338562
          ],
          [
            47.1556182,
            -18.0339327
          ],
          [
            47.1550283,
            -18.033896
          ],
          [
            47.1544112,
            -18.0338664
          ],
          [
            47.1540009,
            -18.0338281
          ],
          [
            47.1535905,
            -18.0337133
          ],
          [
            47.1531292,
            -18.0334379
          ],
          [
            47.1525981,
            -18.0333257
          ],
          [
            47.1521689,
            -18.0330451
          ],
          [
            47.1517022,
            -18.0325248
          ],
          [
            47.1511819,
            -18.0320606
          ],
          [
            47.1509278,
            -18.0318426
          ],
          [
            47.1507849,
            -18.0316628
          ],
          [
            47.1506991,
            -18.0313771
          ],
          [
            47.1505811,
            -18.0303263
          ],
          [
            47.1506401,
            -18.0298876
          ],
          [
            47.1508225,
            -18.0292143
          ],
          [
            47.1505381,
            -18.0276534
          ],
          [
            47.1505328,
            -18.0274799
          ],
          [
            47.1505703,
            -18.0272963
          ],
          [
            47.1507634,
            -18.0270106
          ],
          [
            47.1510907,
            -18.026776
          ],
          [
            47.1519007,
            -18.0264342
          ],
          [
            47.1523996,
            -18.0260108
          ],
          [
            47.1528557,
            -18.0257599
          ],
          [
            47.1531867,
            -18.0256638
          ],
          [
            47.154479,
            -18.0256039
          ],
          [
            47.1548395,
            -18.0254161
          ],
          [
            47.1550404,
            -18.0252255
          ],
          [
            47.1551134,
            -18.0249645
          ],
          [
            47.1551227,
            -18.0248285
          ],
          [
            47.1550793,
            -18.0245336
          ],
          [
            47.1546482,
            -18.0234331
          ],
          [
            47.1546419,
            -18.0228736
          ],
          [
            47.1548512,
            -18.0223056
          ],
          [
            47.1555431,
            -18.0214249
          ],
          [
            47.1558006,
            -18.0209199
          ],
          [
            47.1559079,
            -18.0206495
          ],
          [
            47.1559562,
            -18.020425
          ],
          [
            47.1559562,
            -18.0201394
          ],
          [
            47.1559295,
            -18.0198252
          ],
          [
            47.1558523,
            -18.0195722
          ],
          [
            47.1558435,
            -18.0194507
          ],
          [
            47.1557416,
            -18.0192925
          ],
          [
            47.1556343,
            -18.0191038
          ],
          [
            47.1555485,
            -18.0189967
          ],
          [
            47.1553017,
            -18.018864
          ],
          [
            47.1549155,
            -18.0187824
          ],
          [
            47.1544971,
            -18.0186345
          ],
          [
            47.154143,
            -18.018461
          ],
          [
            47.1537353,
            -18.0181549
          ],
          [
            47.1533115,
            -18.0177519
          ],
          [
            47.1531399,
            -18.0173795
          ],
          [
            47.153038,
            -18.0169918
          ],
          [
            47.1530138,
            -18.0168567
          ],
          [
            47.1530058,
            -18.0167062
          ],
          [
            47.1530541,
            -18.0164562
          ],
          [
            47.1532096,
            -18.0162011
          ],
          [
            47.1534188,
            -18.0158899
          ],
          [
            47.1535778,
            -18.0151564
          ],
          [
            47.1537035,
            -18.0147664
          ],
          [
            47.1537487,
            -18.0144921
          ],
          [
            47.1537205,
            -18.014279
          ],
          [
            47.1535692,
            -18.0140382
          ],
          [
            47.153389,
            -18.0138831
          ],
          [
            47.1531426,
            -18.0138366
          ],
          [
            47.1528743,
            -18.0137907
          ],
          [
            47.1526276,
            -18.0138366
          ],
          [
            47.1522896,
            -18.0139208
          ],
          [
            47.1521233,
            -18.0139106
          ],
          [
            47.1519999,
            -18.0138545
          ],
          [
            47.1519329,
            -18.0137677
          ],
          [
            47.1519436,
            -18.0135637
          ],
          [
            47.1520616,
            -18.0133392
          ],
          [
            47.1522297,
            -18.0132154
          ],
          [
            47.1526893,
            -18.0129821
          ],
          [
            47.1529414,
            -18.012801
          ],
          [
            47.1532226,
            -18.0126986
          ],
          [
            47.1534939,
            -18.012648
          ],
          [
            47.1538695,
            -18.0125669
          ],
          [
            47.1540277,
            -18.0125077
          ],
          [
            47.1541217,
            -18.0123792
          ],
          [
            47.1541958,
            -18.012267
          ],
          [
            47.1542226,
            -18.0120874
          ],
          [
            47.1542074,
            -18.011819
          ],
          [
            47.1542452,
            -18.0115171
          ],
          [
            47.1543932,
            -18.0112875
          ],
          [
            47.1544568,
            -18.0111328
          ],
          [
            47.154479,
            -18.010961
          ],
          [
            47.1544704,
            -18.0108059
          ],
          [
            47.1544275,
            -18.0106426
          ],
          [
            47.1543417,
            -18.0104141
          ],
          [
            47.1542559,
            -18.0101611
          ],
          [
            47.1541786,
            -18.0100305
          ],
          [
            47.1540799,
            -18.0099393
          ],
          [
            47.1539898,
            -18.009908
          ],
          [
            47.1538696,
            -18.0098835
          ],
          [
            47.1537666,
            -18.0098917
          ],
          [
            47.1535091,
            -18.0100223
          ],
          [
            47.1534123,
            -18.0100404
          ],
          [
            47.1533203,
            -18.0100223
          ],
          [
            47.1532238,
            -18.0099437
          ],
          [
            47.1531229,
            -18.0097937
          ],
          [
            47.1530272,
            -18.0096023
          ],
          [
            47.1529494,
            -18.0092554
          ],
          [
            47.1528958,
            -18.0090743
          ],
          [
            47.1528636,
            -18.0089953
          ],
          [
            47.1526705,
            -18.0088065
          ],
          [
            47.1525498,
            -18.0086917
          ],
          [
            47.1524023,
            -18.0086254
          ],
          [
            47.1522554,
            -18.0085303
          ],
          [
            47.1520574,
            -18.0084989
          ],
          [
            47.1518939,
            -18.0085177
          ],
          [
            47.1517229,
            -18.0085371
          ],
          [
            47.1515758,
            -18.0085493
          ],
          [
            47.1513226,
            -18.0084595
          ],
          [
            47.15118,
            -18.0083731
          ],
          [
            47.150674,
            -18.0080471
          ],
          [
            47.1503755,
            -18.0079961
          ],
          [
            47.1499128,
            -18.0080388
          ],
          [
            47.149352,
            -18.0081192
          ],
          [
            47.1492953,
            -18.0081273
          ],
          [
            47.1484755,
            -18.0083188
          ],
          [
            47.1482733,
            -18.0083352
          ],
          [
            47.1479426,
            -18.0083621
          ]
        ]
      },
      "id": "way/230499276"
    },
    {
      "type": "Feature",
      "properties": {
        "@id": "way/230499277",
        "bridge": "yes",
        "highway": "primary",
        "layer": "1",
        "ref": "N 4"
      },
      "geometry": {
        "type": "LineString",
        "coordinates": [
          [
            47.1749222,
            -18.0692663
          ],
          [
            47.1749375,
            -18.0691401
          ]
        ]
      },
      "id": "way/230499277"
    },
    {
      "type": "Feature",
      "properties": {
        "@id": "way/230499278",
        "bridge": "yes",
        "highway": "primary",
        "layer": "1",
        "narrow": "yes",
        "ref": "N 4"
      },
      "geometry": {
        "type": "LineString",
        "coordinates": [
          [
            47.1222845,
            -18.3163038
          ],
          [
            47.122289,
            -18.3161994
          ]
        ]
      },
      "id": "way/230499278"
    },
    {
      "type": "Feature",
      "properties": {
        "@id": "way/230499279",
        "bridge": "yes",
        "highway": "primary",
        "layer": "1",
        "narrow": "yes",
        "ref": "N 4"
      },
      "geometry": {
        "type": "LineString",
        "coordinates": [
          [
            47.1772372,
            -18.0847159
          ],
          [
            47.177236,
            -18.0843327
          ]
        ]
      },
      "id": "way/230499279"
    },
    {
      "type": "Feature",
      "properties": {
        "@id": "way/230499280",
        "bridge": "yes",
        "highway": "primary",
        "layer": "1",
        "narrow": "yes",
        "ref": "N 4"
      },
      "geometry": {
        "type": "LineString",
        "coordinates": [
          [
            47.1482586,
            -18.2694632
          ],
          [
            47.1483021,
            -18.269427
          ]
        ]
      },
      "id": "way/230499280"
    },
    {
      "type": "Feature",
      "properties": {
        "@id": "way/230499281",
        "highway": "primary",
        "ref": "N 4"
      },
      "geometry": {
        "type": "LineString",
        "coordinates": [
          [
            47.1483021,
            -18.269427
          ],
          [
            47.1484111,
            -18.2693357
          ],
          [
            47.1485052,
            -18.2692844
          ],
          [
            47.1487893,
            -18.269081
          ],
          [
            47.1489232,
            -18.2690163
          ],
          [
            47.1498951,
            -18.2687486
          ],
          [
            47.1501702,
            -18.2685463
          ],
          [
            47.1506133,
            -18.2681667
          ],
          [
            47.1508781,
            -18.268009
          ],
          [
            47.1512033,
            -18.2677795
          ],
          [
            47.1516981,
            -18.2674668
          ],
          [
            47.1532045,
            -18.2666531
          ],
          [
            47.1536207,
            -18.2664969
          ],
          [
            47.1541958,
            -18.2664072
          ],
          [
            47.1547053,
            -18.2663422
          ],
          [
            47.1552943,
            -18.2662671
          ],
          [
            47.1558293,
            -18.2663141
          ],
          [
            47.1564551,
            -18.2664117
          ],
          [
            47.1567797,
            -18.266506
          ],
          [
            47.1569138,
            -18.2665773
          ],
          [
            47.1571444,
            -18.266753
          ],
          [
            47.1575131,
            -18.2668833
          ],
          [
            47.1578264,
            -18.2669615
          ],
          [
            47.1580967,
            -18.2669157
          ],
          [
            47.1582513,
            -18.2667445
          ],
          [
            47.1586464,
            -18.2664296
          ],
          [
            47.1587555,
            -18.2663145
          ],
          [
            47.1588074,
            -18.2661188
          ],
          [
            47.1587984,
            -18.2660002
          ],
          [
            47.1587323,
            -18.2657877
          ],
          [
            47.1587438,
            -18.2656599
          ],
          [
            47.1588771,
            -18.2655075
          ],
          [
            47.1590676,
            -18.2653165
          ],
          [
            47.1592292,
            -18.2651122
          ],
          [
            47.1593412,
            -18.2648988
          ],
          [
            47.1594216,
            -18.2646772
          ],
          [
            47.159601,
            -18.2643426
          ],
          [
            47.1597555,
            -18.2642233
          ],
          [
            47.159807,
            -18.2642071
          ],
          [
            47.1599286,
            -18.2641983
          ],
          [
            47.1600503,
            -18.2642294
          ],
          [
            47.1602813,
            -18.2643601
          ],
          [
            47.1607815,
            -18.2648173
          ],
          [
            47.1611248,
            -18.2651739
          ],
          [
            47.1616276,
            -18.2659184
          ],
          [
            47.161846,
            -18.2663431
          ],
          [
            47.1622865,
            -18.2669126
          ],
          [
            47.1625449,
            -18.2671719
          ],
          [
            47.1627422,
            -18.2672727
          ],
          [
            47.1630112,
            -18.2673475
          ],
          [
            47.1631579,
            -18.267372
          ],
          [
            47.1633001,
            -18.2673796
          ],
          [
            47.1636924,
            -18.2673466
          ],
          [
            47.1649067,
            -18.2672854
          ],
          [
            47.1651088,
            -18.2673086
          ],
          [
            47.1652872,
            -18.2673771
          ],
          [
            47.1655478,
            -18.2675783
          ],
          [
            47.1657893,
            -18.2677938
          ],
          [
            47.1659851,
            -18.2680108
          ],
          [
            47.1661436,
            -18.268097
          ],
          [
            47.1662925,
            -18.2681132
          ],
          [
            47.1664562,
            -18.2680684
          ],
          [
            47.1670773,
            -18.2676752
          ],
          [
            47.1672988,
            -18.2675478
          ],
          [
            47.1674773,
            -18.2675133
          ],
          [
            47.1676828,
            -18.2675146
          ],
          [
            47.1678772,
            -18.2675728
          ],
          [
            47.1682433,
            -18.2676755
          ],
          [
            47.1684629,
            -18.2676747
          ],
          [
            47.1686164,
            -18.2676262
          ],
          [
            47.1689113,
            -18.2674407
          ],
          [
            47.1691136,
            -18.2674154
          ],
          [
            47.1697048,
            -18.2673524
          ],
          [
            47.170016,
            -18.2674062
          ],
          [
            47.1704261,
            -18.2675515
          ],
          [
            47.1705501,
            -18.2675554
          ],
          [
            47.1706601,
            -18.2675515
          ],
          [
            47.1708519,
            -18.2674637
          ],
          [
            47.1709752,
            -18.26747
          ],
          [
            47.1711281,
            -18.2675515
          ],
          [
            47.1713883,
            -18.2676572
          ],
          [
            47.1715801,
            -18.267684
          ],
          [
            47.1719609,
            -18.2677247
          ],
          [
            47.1720816,
            -18.2677158
          ],
          [
            47.1721769,
            -18.2676955
          ],
          [
            47.1722707,
            -18.2676534
          ],
          [
            47.172319,
            -18.2676012
          ],
          [
            47.1723632,
            -18.2675388
          ],
          [
            47.1723847,
            -18.2674548
          ],
          [
            47.1723982,
            -18.2673707
          ],
          [
            47.1724424,
            -18.2672828
          ],
          [
            47.1725028,
            -18.2672344
          ],
          [
            47.1725752,
            -18.2672051
          ],
          [
            47.1726436,
            -18.2672026
          ],
          [
            47.1727066,
            -18.2672204
          ],
          [
            47.1727535,
            -18.2672586
          ],
          [
            47.1727951,
            -18.2672904
          ],
          [
            47.1728233,
            -18.2673528
          ],
          [
            47.1728407,
            -18.2674204
          ],
          [
            47.1728273,
            -18.2674917
          ],
          [
            47.1727683,
            -18.2676292
          ],
          [
            47.1726824,
            -18.2678113
          ],
          [
            47.1725927,
            -18.2679196
          ],
          [
            47.1724732,
            -18.2680342
          ],
          [
            47.1722238,
            -18.2681577
          ],
          [
            47.1717544,
            -18.2682762
          ],
          [
            47.1712166,
            -18.2683004
          ],
          [
            47.1707218,
            -18.268322
          ],
          [
            47.1706507,
            -18.2683233
          ],
          [
            47.1705823,
            -18.268345
          ],
          [
            47.1705273,
            -18.2684048
          ],
          [
            47.170522,
            -18.2684875
          ],
          [
            47.1705327,
            -18.2685449
          ],
          [
            47.1706038,
            -18.2685754
          ],
          [
            47.1707942,
            -18.2685831
          ],
          [
            47.1710557,
            -18.2685729
          ],
          [
            47.1711475,
            -18.2685757
          ],
          [
            47.1712903,
            -18.2686028
          ],
          [
            47.1715936,
            -18.2686944
          ],
          [
            47.1718792,
            -18.2688822
          ],
          [
            47.1721058,
            -18.2691192
          ],
          [
            47.1723833,
            -18.2694463
          ],
          [
            47.1725468,
            -18.2695993
          ],
          [
            47.1727009,
            -18.2696838
          ],
          [
            47.1729154,
            -18.2697005
          ],
          [
            47.1734898,
            -18.2695802
          ],
          [
            47.17416,
            -18.2694637
          ],
          [
            47.1743145,
            -18.26948
          ],
          [
            47.1745033,
            -18.2695207
          ],
          [
            47.1745761,
            -18.2695879
          ],
          [
            47.1747013,
            -18.2696659
          ],
          [
            47.1748538,
            -18.2698568
          ],
          [
            47.1751367,
            -18.2701762
          ],
          [
            47.1753159,
            -18.2703234
          ],
          [
            47.1754961,
            -18.2704182
          ],
          [
            47.1756963,
            -18.2705609
          ],
          [
            47.1757803,
            -18.2706642
          ],
          [
            47.1761801,
            -18.2715312
          ],
          [
            47.1763866,
            -18.2720483
          ],
          [
            47.1764422,
            -18.2721735
          ],
          [
            47.176518,
            -18.2722698
          ],
          [
            47.1766748,
            -18.2723326
          ],
          [
            47.1770472,
            -18.2724279
          ],
          [
            47.1773845,
            -18.2724697
          ],
          [
            47.1777756,
            -18.2724436
          ],
          [
            47.1779037,
            -18.272416
          ],
          [
            47.1781315,
            -18.2723669
          ],
          [
            47.1782883,
            -18.2723106
          ],
          [
            47.1784172,
            -18.2722185
          ],
          [
            47.1785833,
            -18.2719922
          ],
          [
            47.178731,
            -18.271734
          ],
          [
            47.1791917,
            -18.2711218
          ],
          [
            47.1793276,
            -18.2709471
          ],
          [
            47.1793746,
            -18.2708384
          ],
          [
            47.179388,
            -18.2706245
          ],
          [
            47.1794363,
            -18.2705328
          ],
          [
            47.1795436,
            -18.2703773
          ],
          [
            47.1796562,
            -18.2701992
          ],
          [
            47.1796993,
            -18.2700076
          ],
          [
            47.1797439,
            -18.2696983
          ],
          [
            47.179685,
            -18.2695757
          ],
          [
            47.1794574,
            -18.2693946
          ],
          [
            47.1794249,
            -18.269275
          ],
          [
            47.1794962,
            -18.2691147
          ],
          [
            47.1800986,
            -18.2680145
          ],
          [
            47.1803883,
            -18.2675792
          ],
          [
            47.1805628,
            -18.2671249
          ],
          [
            47.1807424,
            -18.2668472
          ],
          [
            47.1810852,
            -18.2665886
          ],
          [
            47.1812664,
            -18.2664237
          ],
          [
            47.181354,
            -18.2661799
          ],
          [
            47.1814318,
            -18.2658743
          ],
          [
            47.1815081,
            -18.2655607
          ],
          [
            47.1815042,
            -18.2652248
          ],
          [
            47.1813379,
            -18.2640379
          ],
          [
            47.1812494,
            -18.2637093
          ],
          [
            47.1812212,
            -18.2634333
          ],
          [
            47.1812567,
            -18.2631282
          ],
          [
            47.1813231,
            -18.2629086
          ],
          [
            47.1816866,
            -18.2619085
          ],
          [
            47.1819727,
            -18.2609427
          ],
          [
            47.1820702,
            -18.2606553
          ],
          [
            47.1822239,
            -18.2603727
          ],
          [
            47.1823706,
            -18.2601051
          ],
          [
            47.1824457,
            -18.2598046
          ],
          [
            47.1825637,
            -18.2593104
          ],
          [
            47.1828074,
            -18.258851
          ],
          [
            47.1829265,
            -18.2585728
          ],
          [
            47.1830465,
            -18.2582228
          ],
          [
            47.1831216,
            -18.2576751
          ],
          [
            47.1831868,
            -18.2574764
          ],
          [
            47.1832155,
            -18.2572829
          ],
          [
            47.1832033,
            -18.2571918
          ],
          [
            47.1831475,
            -18.2570603
          ],
          [
            47.1829323,
            -18.2565774
          ],
          [
            47.182875,
            -18.2563211
          ],
          [
            47.1827729,
            -18.2556297
          ],
          [
            47.1827749,
            -18.2553162
          ],
          [
            47.1828804,
            -18.2549064
          ],
          [
            47.1829952,
            -18.2545574
          ],
          [
            47.1831293,
            -18.2544255
          ],
          [
            47.1833267,
            -18.2542625
          ],
          [
            47.1836153,
            -18.2541341
          ],
          [
            47.1846742,
            -18.2537897
          ],
          [
            47.184906,
            -18.253749
          ],
          [
            47.1851377,
            -18.2537408
          ],
          [
            47.1854571,
            -18.2537708
          ],
          [
            47.185785,
            -18.2539155
          ],
          [
            47.1860966,
            -18.2541002
          ],
          [
            47.186562,
            -18.254516
          ],
          [
            47.186748,
            -18.2545981
          ],
          [
            47.1869831,
            -18.2546537
          ],
          [
            47.1873974,
            -18.2546819
          ],
          [
            47.1877127,
            -18.25467
          ],
          [
            47.1878691,
            -18.2546592
          ],
          [
            47.1880559,
            -18.2545901
          ],
          [
            47.1881418,
            -18.2545396
          ],
          [
            47.1885452,
            -18.2542543
          ],
          [
            47.1909582,
            -18.2521918
          ],
          [
            47.1911069,
            -18.2520413
          ],
          [
            47.1913175,
            -18.2517764
          ],
          [
            47.1924871,
            -18.2498547
          ],
          [
            47.1945264,
            -18.2464188
          ],
          [
            47.1957378,
            -18.2445134
          ],
          [
            47.1979837,
            -18.2407508
          ],
          [
            47.1984469,
            -18.2400381
          ],
          [
            47.1988148,
            -18.2396501
          ],
          [
            47.2010507,
            -18.2374622
          ],
          [
            47.2014622,
            -18.2369989
          ],
          [
            47.2018146,
            -18.2363943
          ],
          [
            47.2020366,
            -18.2359642
          ],
          [
            47.2022426,
            -18.2354215
          ],
          [
            47.2026079,
            -18.2339211
          ],
          [
            47.2028251,
            -18.2330167
          ],
          [
            47.2030184,
            -18.2323544
          ],
          [
            47.2032385,
            -18.2317339
          ],
          [
            47.2037263,
            -18.2303185
          ],
          [
            47.2038907,
            -18.2301008
          ],
          [
            47.2043111,
            -18.2296717
          ],
          [
            47.2050245,
            -18.2288947
          ],
          [
            47.2051579,
            -18.2287306
          ],
          [
            47.2052766,
            -18.2284744
          ],
          [
            47.2053895,
            -18.2282146
          ],
          [
            47.2057836,
            -18.2272744
          ],
          [
            47.2062101,
            -18.226342
          ],
          [
            47.2070331,
            -18.2244349
          ],
          [
            47.2074338,
            -18.2234998
          ],
          [
            47.2076585,
            -18.2229485
          ],
          [
            47.2078087,
            -18.2224823
          ],
          [
            47.2078486,
            -18.2221617
          ],
          [
            47.2078389,
            -18.2219749
          ],
          [
            47.2077359,
            -18.2214837
          ],
          [
            47.2075244,
            -18.2202301
          ],
          [
            47.2072638,
            -18.2187657
          ],
          [
            47.2068753,
            -18.2164747
          ],
          [
            47.206788,
            -18.2160014
          ],
          [
            47.206776,
            -18.2157129
          ],
          [
            47.2068313,
            -18.2154099
          ],
          [
            47.2077249,
            -18.2089976
          ],
          [
            47.2080116,
            -18.2070936
          ],
          [
            47.2083477,
            -18.2044157
          ],
          [
            47.2082534,
            -18.2039739
          ],
          [
            47.2054796,
            -18.1950344
          ],
          [
            47.2052606,
            -18.1943229
          ],
          [
            47.205048,
            -18.1938661
          ],
          [
            47.2037746,
            -18.1919837
          ],
          [
            47.20306,
            -18.1908151
          ],
          [
            47.2028789,
            -18.1899789
          ],
          [
            47.2022082,
            -18.1866988
          ],
          [
            47.2015642,
            -18.1839241
          ],
          [
            47.2014971,
            -18.1836349
          ],
          [
            47.201452,
            -18.1834799
          ],
          [
            47.2014896,
            -18.1833168
          ],
          [
            47.2016623,
            -18.183006
          ],
          [
            47.2020687,
            -18.1825146
          ],
          [
            47.2024249,
            -18.1820597
          ],
          [
            47.2026815,
            -18.1810173
          ],
          [
            47.2027182,
            -18.1807363
          ],
          [
            47.2032221,
            -18.1798541
          ],
          [
            47.2033243,
            -18.1796121
          ],
          [
            47.2033589,
            -18.1795025
          ],
          [
            47.2034068,
            -18.1787844
          ],
          [
            47.2034813,
            -18.1784354
          ],
          [
            47.2036257,
            -18.1781142
          ],
          [
            47.2037532,
            -18.1778741
          ],
          [
            47.2038832,
            -18.1777065
          ],
          [
            47.2041321,
            -18.1774782
          ],
          [
            47.2044697,
            -18.1772294
          ],
          [
            47.2045526,
            -18.1771683
          ],
          [
            47.2051706,
            -18.1768095
          ],
          [
            47.2055483,
            -18.1768013
          ],
          [
            47.2058916,
            -18.1768013
          ],
          [
            47.2090244,
            -18.17747
          ],
          [
            47.2093624,
            -18.177482
          ],
          [
            47.2095566,
            -18.1774211
          ],
          [
            47.2099428,
            -18.1771846
          ],
          [
            47.2103462,
            -18.1768502
          ],
          [
            47.2108476,
            -18.1763858
          ],
          [
            47.211448,
            -18.1757785
          ],
          [
            47.2115822,
            -18.1755944
          ],
          [
            47.2117123,
            -18.1752332
          ],
          [
            47.2117944,
            -18.1739216
          ],
          [
            47.2118855,
            -18.1735607
          ],
          [
            47.2123997,
            -18.172628
          ],
          [
            47.2125252,
            -18.1723916
          ],
          [
            47.2125456,
            -18.1721725
          ],
          [
            47.212537,
            -18.1719532
          ],
          [
            47.2123771,
            -18.1708635
          ],
          [
            47.2122709,
            -18.169786
          ],
          [
            47.2121905,
            -18.1693976
          ],
          [
            47.2120478,
            -18.169099
          ],
          [
            47.211624,
            -18.1683843
          ],
          [
            47.2114448,
            -18.1681244
          ],
          [
            47.2111036,
            -18.1678941
          ],
          [
            47.2097567,
            -18.1673671
          ],
          [
            47.2091209,
            -18.1670775
          ],
          [
            47.2081669,
            -18.1663774
          ],
          [
            47.2079934,
            -18.1662146
          ],
          [
            47.2078056,
            -18.1658328
          ],
          [
            47.2076705,
            -18.1656231
          ],
          [
            47.2075488,
            -18.16538
          ],
          [
            47.2074259,
            -18.1648562
          ],
          [
            47.207362,
            -18.1644388
          ],
          [
            47.2073863,
            -18.1642672
          ],
          [
            47.2074653,
            -18.1636894
          ],
          [
            47.2074639,
            -18.1634163
          ],
          [
            47.2073335,
            -18.1631497
          ],
          [
            47.2070246,
            -18.1625217
          ],
          [
            47.20657,
            -18.161772
          ],
          [
            47.2064354,
            -18.1615639
          ],
          [
            47.2062356,
            -18.1613562
          ],
          [
            47.2061283,
            -18.1612529
          ],
          [
            47.2060251,
            -18.1611501
          ],
          [
            47.2059834,
            -18.1610657
          ],
          [
            47.2059938,
            -18.160963
          ],
          [
            47.2060237,
            -18.1609026
          ],
          [
            47.2060662,
            -18.1608575
          ],
          [
            47.2061202,
            -18.1607815
          ],
          [
            47.2062052,
            -18.1607158
          ],
          [
            47.2063428,
            -18.1606464
          ],
          [
            47.2065879,
            -18.1605339
          ],
          [
            47.2067928,
            -18.1604186
          ],
          [
            47.20724,
            -18.1600271
          ],
          [
            47.2077497,
            -18.1597213
          ],
          [
            47.2078914,
            -18.1595858
          ],
          [
            47.2080616,
            -18.1594003
          ],
          [
            47.2082691,
            -18.1591454
          ],
          [
            47.2085008,
            -18.1589007
          ],
          [
            47.2086478,
            -18.1587947
          ],
          [
            47.2087788,
            -18.1587003
          ],
          [
            47.2089635,
            -18.1585734
          ],
          [
            47.2092114,
            -18.1584714
          ],
          [
            47.2094876,
            -18.1584107
          ],
          [
            47.2098206,
            -18.1583503
          ],
          [
            47.2099933,
            -18.1582787
          ],
          [
            47.2101232,
            -18.1581632
          ],
          [
            47.2101768,
            -18.1580312
          ]
        ]
      },
      "id": "way/230499281"
    },
    {
      "type": "Feature",
      "properties": {
        "@id": "way/230499282",
        "highway": "primary",
        "ref": "N 4"
      },
      "geometry": {
        "type": "LineString",
        "coordinates": [
          [
            47.177236,
            -18.0843327
          ],
          [
            47.1772509,
            -18.0840301
          ],
          [
            47.1772469,
            -18.083951
          ],
          [
            47.1772484,
            -18.0834299
          ],
          [
            47.1772315,
            -18.083106
          ],
          [
            47.1773257,
            -18.082486
          ],
          [
            47.1774034,
            -18.0821158
          ],
          [
            47.1775587,
            -18.0816628
          ],
          [
            47.177659,
            -18.0812893
          ],
          [
            47.1776445,
            -18.0807092
          ],
          [
            47.1776969,
            -18.0803293
          ],
          [
            47.1776966,
            -18.0802168
          ],
          [
            47.1776974,
            -18.0801762
          ],
          [
            47.1776875,
            -18.0798736
          ],
          [
            47.1776778,
            -18.0795746
          ],
          [
            47.1777134,
            -18.0793982
          ],
          [
            47.1779451,
            -18.0784844
          ],
          [
            47.1780138,
            -18.0779866
          ],
          [
            47.1779983,
            -18.0776684
          ],
          [
            47.1779795,
            -18.0773012
          ],
          [
            47.1779194,
            -18.0770075
          ],
          [
            47.1777806,
            -18.0766824
          ],
          [
            47.1775509,
            -18.0762887
          ],
          [
            47.177494,
            -18.0759585
          ],
          [
            47.1774011,
            -18.075369
          ],
          [
            47.177025,
            -18.0743423
          ],
          [
            47.1767433,
            -18.0737023
          ],
          [
            47.1765536,
            -18.0731358
          ],
          [
            47.1765251,
            -18.0726932
          ],
          [
            47.1763806,
            -18.0723165
          ],
          [
            47.1759212,
            -18.0715702
          ],
          [
            47.1754389,
            -18.0704391
          ],
          [
            47.1753125,
            -18.070249
          ],
          [
            47.1751385,
            -18.0700963
          ],
          [
            47.174986,
            -18.0699495
          ],
          [
            47.1748861,
            -18.0698533
          ],
          [
            47.1748639,
            -18.069739
          ],
          [
            47.174881,
            -18.0696068
          ],
          [
            47.1749222,
            -18.0692663
          ]
        ]
      },
      "id": "way/230499282"
    },
    {
      "type": "Feature",
      "properties": {
        "@id": "way/230499283",
        "highway": "primary",
        "ref": "N 4"
      },
      "geometry": {
        "type": "LineString",
        "coordinates": [
          [
            47.1222925,
            -18.3161294
          ],
          [
            47.1223309,
            -18.3151363
          ],
          [
            47.1223301,
            -18.3149265
          ],
          [
            47.1222617,
            -18.3146953
          ],
          [
            47.1220611,
            -18.3143661
          ],
          [
            47.1220129,
            -18.3141777
          ],
          [
            47.1219824,
            -18.313805
          ],
          [
            47.1219885,
            -18.3135531
          ],
          [
            47.1219982,
            -18.3134664
          ],
          [
            47.1220272,
            -18.3133404
          ],
          [
            47.1221226,
            -18.3132498
          ],
          [
            47.1222856,
            -18.3131819
          ],
          [
            47.122395,
            -18.3131994
          ],
          [
            47.1227451,
            -18.313345
          ],
          [
            47.1230969,
            -18.3135656
          ],
          [
            47.1233915,
            -18.3138135
          ],
          [
            47.1236309,
            -18.3139318
          ],
          [
            47.1237804,
            -18.3139587
          ],
          [
            47.1239314,
            -18.3139594
          ],
          [
            47.1242146,
            -18.3138822
          ],
          [
            47.1243965,
            -18.3137292
          ],
          [
            47.1245426,
            -18.3135787
          ],
          [
            47.124725,
            -18.3131753
          ],
          [
            47.1247561,
            -18.3130758
          ],
          [
            47.1249208,
            -18.312474
          ],
          [
            47.1252997,
            -18.3106047
          ],
          [
            47.1254273,
            -18.3100983
          ],
          [
            47.1255712,
            -18.3096813
          ],
          [
            47.1258764,
            -18.3089097
          ],
          [
            47.1261569,
            -18.3082013
          ],
          [
            47.1264518,
            -18.307521
          ]
        ]
      },
      "id": "way/230499283"
    },
    {
      "type": "Feature",
      "properties": {
        "@id": "way/230500563",
        "bridge": "yes",
        "highway": "primary",
        "layer": "1",
        "ref": "N 4"
      },
      "geometry": {
        "type": "LineString",
        "coordinates": [
          [
            47.2548788,
            -18.6202133
          ],
          [
            47.2547768,
            -18.6200405
          ]
        ]
      },
      "id": "way/230500563"
    },
    {
      "type": "Feature",
      "properties": {
        "@id": "way/230500564",
        "highway": "primary",
        "ref": "N 4"
      },
      "geometry": {
        "type": "LineString",
        "coordinates": [
          [
            47.2547768,
            -18.6200405
          ],
          [
            47.2546293,
            -18.6197787
          ],
          [
            47.2544308,
            -18.6194711
          ],
          [
            47.2543048,
            -18.6193237
          ],
          [
            47.2541411,
            -18.6191712
          ],
          [
            47.2533177,
            -18.6185382
          ],
          [
            47.2530469,
            -18.6184097
          ],
          [
            47.2528376,
            -18.6183857
          ],
          [
            47.2523709,
            -18.6184645
          ],
          [
            47.2520356,
            -18.6184569
          ],
          [
            47.2518935,
            -18.6184569
          ],
          [
            47.2516161,
            -18.6183879
          ],
          [
            47.251357,
            -18.6182815
          ],
          [
            47.2511156,
            -18.6181214
          ],
          [
            47.2510318,
            -18.6180478
          ],
          [
            47.2508523,
            -18.617856
          ],
          [
            47.2507213,
            -18.6176613
          ],
          [
            47.2506516,
            -18.6175495
          ],
          [
            47.2505953,
            -18.6174529
          ],
          [
            47.2505443,
            -18.6172368
          ],
          [
            47.2505604,
            -18.6170335
          ],
          [
            47.250893,
            -18.6157346
          ],
          [
            47.2511263,
            -18.6152415
          ],
          [
            47.2516789,
            -18.6137595
          ],
          [
            47.2518586,
            -18.6128775
          ],
          [
            47.2520034,
            -18.6120819
          ],
          [
            47.2521349,
            -18.6112278
          ],
          [
            47.252167,
            -18.6108922
          ],
          [
            47.2521295,
            -18.6055007
          ],
          [
            47.252167,
            -18.6048855
          ],
          [
            47.2521939,
            -18.604372
          ],
          [
            47.2522732,
            -18.6037815
          ],
          [
            47.2523563,
            -18.6032784
          ],
          [
            47.2524084,
            -18.6030145
          ],
          [
            47.2525077,
            -18.602407
          ],
          [
            47.2526874,
            -18.6012961
          ],
          [
            47.2526995,
            -18.601066
          ],
          [
            47.2527062,
            -18.5997785
          ],
          [
            47.2526954,
            -18.5980346
          ],
          [
            47.2526928,
            -18.5973024
          ],
          [
            47.2526606,
            -18.5966033
          ],
          [
            47.2526845,
            -18.5960821
          ],
          [
            47.2526767,
            -18.5959144
          ],
          [
            47.2526418,
            -18.5957187
          ],
          [
            47.2525747,
            -18.5955
          ],
          [
            47.2524714,
            -18.5951977
          ],
          [
            47.2522636,
            -18.5948391
          ],
          [
            47.2521188,
            -18.5946408
          ],
          [
            47.2519269,
            -18.5944182
          ],
          [
            47.2515796,
            -18.5940866
          ],
          [
            47.2514375,
            -18.5939849
          ],
          [
            47.2509828,
            -18.5935387
          ],
          [
            47.2507026,
            -18.593268
          ],
          [
            47.2499408,
            -18.5925053
          ],
          [
            47.2488945,
            -18.5914448
          ],
          [
            47.2482173,
            -18.5907983
          ],
          [
            47.247972,
            -18.5905624
          ],
          [
            47.2476287,
            -18.5902961
          ],
          [
            47.2470628,
            -18.5897775
          ],
          [
            47.2464853,
            -18.5893218
          ],
          [
            47.2459792,
            -18.5890707
          ],
          [
            47.2453647,
            -18.5888602
          ],
          [
            47.2446944,
            -18.5887758
          ],
          [
            47.243989,
            -18.5887479
          ],
          [
            47.2433104,
            -18.5886868
          ],
          [
            47.2428008,
            -18.5885343
          ],
          [
            47.2423314,
            -18.5883131
          ],
          [
            47.2419428,
            -18.5880763
          ],
          [
            47.2415303,
            -18.5877174
          ],
          [
            47.2413497,
            -18.5874945
          ],
          [
            47.241235,
            -18.5873034
          ],
          [
            47.2410837,
            -18.5870621
          ],
          [
            47.2407907,
            -18.586382
          ],
          [
            47.2407504,
            -18.5862635
          ],
          [
            47.2407239,
            -18.5861857
          ],
          [
            47.240478,
            -18.5853869
          ],
          [
            47.2402956,
            -18.584698
          ],
          [
            47.2402799,
            -18.5846195
          ],
          [
            47.2401829,
            -18.5842988
          ],
          [
            47.2397243,
            -18.5826819
          ],
          [
            47.2395499,
            -18.5817768
          ],
          [
            47.2387855,
            -18.5781564
          ],
          [
            47.2385736,
            -18.5775589
          ],
          [
            47.2383215,
            -18.5770758
          ],
          [
            47.2380854,
            -18.5767428
          ],
          [
            47.2378709,
            -18.5764936
          ],
          [
            47.2376014,
            -18.5762001
          ],
          [
            47.237541,
            -18.5761516
          ],
          [
            47.2371325,
            -18.5758064
          ],
          [
            47.2367899,
            -18.5755733
          ],
          [
            47.2363706,
            -18.5753263
          ],
          [
            47.2355779,
            -18.5749917
          ],
          [
            47.23549,
            -18.5749572
          ],
          [
            47.2345453,
            -18.5745656
          ],
          [
            47.2339986,
            -18.5743188
          ],
          [
            47.2335671,
            -18.5740071
          ],
          [
            47.2331126,
            -18.5735091
          ],
          [
            47.2328751,
            -18.5731283
          ],
          [
            47.2327832,
            -18.5729182
          ],
          [
            47.2327291,
            -18.5727943
          ],
          [
            47.2326628,
            -18.5726233
          ],
          [
            47.2326056,
            -18.5725194
          ],
          [
            47.2324056,
            -18.572187
          ],
          [
            47.2322253,
            -18.5719102
          ],
          [
            47.2317125,
            -18.571401
          ],
          [
            47.2313075,
            -18.5711493
          ],
          [
            47.23077,
            -18.5709219
          ],
          [
            47.2303446,
            -18.5708289
          ],
          [
            47.2299584,
            -18.570806
          ],
          [
            47.2290625,
            -18.5708467
          ],
          [
            47.2287938,
            -18.5708556
          ],
          [
            47.2282981,
            -18.5708925
          ],
          [
            47.2279668,
            -18.5708805
          ],
          [
            47.2272958,
            -18.5708504
          ],
          [
            47.2269677,
            -18.5707781
          ],
          [
            47.2268229,
            -18.5707516
          ],
          [
            47.2264664,
            -18.5706344
          ],
          [
            47.2261272,
            -18.570523
          ],
          [
            47.2251607,
            -18.5700459
          ],
          [
            47.2248943,
            -18.5699136
          ],
          [
            47.2230776,
            -18.5689148
          ],
          [
            47.2227003,
            -18.5687135
          ],
          [
            47.2223971,
            -18.5685533
          ],
          [
            47.2220099,
            -18.568322
          ]
        ]
      },
      "id": "way/230500564"
    },
    {
      "type": "Feature",
      "properties": {
        "@id": "way/230501387",
        "bridge": "yes",
        "highway": "primary",
        "layer": "1",
        "ref": "N 4"
      },
      "geometry": {
        "type": "LineString",
        "coordinates": [
          [
            47.3972113,
            -18.786735
          ],
          [
            47.3971166,
            -18.7866552
          ]
        ]
      },
      "id": "way/230501387"
    },
    {
      "type": "Feature",
      "properties": {
        "@id": "way/230501388",
        "highway": "primary",
        "lane_markings": "no",
        "ref": "N 4",
        "surface": "asphalt"
      },
      "geometry": {
        "type": "LineString",
        "coordinates": [
          [
            47.3971166,
            -18.7866552
          ],
          [
            47.3970143,
            -18.7865475
          ],
          [
            47.3969162,
            -18.7864443
          ],
          [
            47.396787,
            -18.7862933
          ],
          [
            47.3965204,
            -18.7859368
          ],
          [
            47.3964255,
            -18.7857637
          ],
          [
            47.3963345,
            -18.7855555
          ],
          [
            47.3963039,
            -18.7854716
          ],
          [
            47.3962744,
            -18.78533
          ],
          [
            47.3962475,
            -18.7851624
          ],
          [
            47.3961981,
            -18.7847563
          ],
          [
            47.3961749,
            -18.7846789
          ],
          [
            47.3961493,
            -18.7846307
          ],
          [
            47.3961074,
            -18.7845695
          ],
          [
            47.3960544,
            -18.7845198
          ],
          [
            47.3959603,
            -18.7844606
          ],
          [
            47.3958558,
            -18.7844137
          ],
          [
            47.3957459,
            -18.7843869
          ],
          [
            47.3956449,
            -18.7843773
          ],
          [
            47.3955267,
            -18.7843968
          ],
          [
            47.3954277,
            -18.78443
          ],
          [
            47.3953391,
            -18.784483
          ],
          [
            47.395271,
            -18.7845328
          ],
          [
            47.3949942,
            -18.7848206
          ],
          [
            47.394896,
            -18.7848977
          ],
          [
            47.394834,
            -18.7849384
          ],
          [
            47.3947353,
            -18.7849889
          ],
          [
            47.3946504,
            -18.7850207
          ],
          [
            47.3945288,
            -18.7850429
          ],
          [
            47.3944066,
            -18.7850411
          ],
          [
            47.3942824,
            -18.7850316
          ],
          [
            47.3941701,
            -18.7850038
          ],
          [
            47.3940931,
            -18.7849739
          ],
          [
            47.3940148,
            -18.784929
          ],
          [
            47.3939321,
            -18.7848584
          ],
          [
            47.3938311,
            -18.7847549
          ],
          [
            47.3936553,
            -18.7845691
          ],
          [
            47.3935631,
            -18.7844633
          ],
          [
            47.3934547,
            -18.7842963
          ],
          [
            47.3934126,
            -18.7842314
          ],
          [
            47.3932646,
            -18.7839869
          ],
          [
            47.3931915,
            -18.7838028
          ],
          [
            47.3931362,
            -18.783639
          ],
          [
            47.3931227,
            -18.7835805
          ],
          [
            47.3930612,
            -18.783338
          ],
          [
            47.3929903,
            -18.7830846
          ],
          [
            47.3929101,
            -18.782831
          ],
          [
            47.3925884,
            -18.7819712
          ],
          [
            47.3924004,
            -18.7814645
          ],
          [
            47.3920022,
            -18.7804093
          ],
          [
            47.3910304,
            -18.7777806
          ],
          [
            47.3906964,
            -18.7768753
          ],
          [
            47.3905841,
            -18.7766332
          ],
          [
            47.3904718,
            -18.7764671
          ],
          [
            47.3903532,
            -18.7763413
          ],
          [
            47.3902036,
            -18.776231
          ],
          [
            47.3901072,
            -18.7761734
          ],
          [
            47.3899945,
            -18.7761161
          ],
          [
            47.3898766,
            -18.7760743
          ],
          [
            47.3897705,
            -18.7760472
          ],
          [
            47.3896276,
            -18.7760259
          ],
          [
            47.3894963,
            -18.7760166
          ],
          [
            47.3893634,
            -18.7760183
          ],
          [
            47.3891176,
            -18.7760459
          ],
          [
            47.3889004,
            -18.7760914
          ],
          [
            47.3885843,
            -18.7761747
          ],
          [
            47.388418,
            -18.776228
          ],
          [
            47.3882544,
            -18.7762983
          ],
          [
            47.3881211,
            -18.7763738
          ],
          [
            47.3880002,
            -18.7764688
          ],
          [
            47.3878751,
            -18.7765807
          ],
          [
            47.3877665,
            -18.7766601
          ],
          [
            47.3876641,
            -18.7767147
          ],
          [
            47.3875363,
            -18.7767687
          ],
          [
            47.3873899,
            -18.7768227
          ],
          [
            47.3869941,
            -18.7769444
          ],
          [
            47.3868951,
            -18.7769717
          ],
          [
            47.3868298,
            -18.7769835
          ],
          [
            47.386759,
            -18.7769828
          ],
          [
            47.3866931,
            -18.7769698
          ],
          [
            47.386623,
            -18.7769503
          ],
          [
            47.3865137,
            -18.7769008
          ],
          [
            47.3864037,
            -18.7768175
          ],
          [
            47.3862527,
            -18.7766754
          ],
          [
            47.3861935,
            -18.7766139
          ],
          [
            47.3861447,
            -18.7765547
          ],
          [
            47.3861151,
            -18.7765117
          ],
          [
            47.3860864,
            -18.776457
          ],
          [
            47.3860512,
            -18.7763673
          ],
          [
            47.3860196,
            -18.7762567
          ],
          [
            47.3859893,
            -18.7761057
          ],
          [
            47.3859629,
            -18.7758932
          ],
          [
            47.3858437,
            -18.7750426
          ],
          [
            47.3858162,
            -18.774915
          ],
          [
            47.3857777,
            -18.7748031
          ],
          [
            47.3856792,
            -18.7746292
          ],
          [
            47.3856272,
            -18.7745578
          ],
          [
            47.3855553,
            -18.7744736
          ],
          [
            47.3855004,
            -18.7744195
          ],
          [
            47.3853908,
            -18.7743249
          ]
        ]
      },
      "id": "way/230501388"
    },
    {
      "type": "Feature",
      "properties": {
        "@id": "way/276606408",
        "highway": "primary",
        "ref": "N 4"
      },
      "geometry": {
        "type": "LineString",
        "coordinates": [
          [
            47.298947,
            -18.6941386
          ],
          [
            47.2991989,
            -18.6944002
          ],
          [
            47.3003691,
            -18.6951954
          ],
          [
            47.3014478,
            -18.6958689
          ],
          [
            47.3015556,
            -18.6959512
          ],
          [
            47.301725,
            -18.6961432
          ],
          [
            47.3018286,
            -18.6963202
          ],
          [
            47.3022626,
            -18.6980282
          ],
          [
            47.3025686,
            -18.6992759
          ],
          [
            47.3026363,
            -18.699679
          ],
          [
            47.3024569,
            -18.700303
          ],
          [
            47.3021795,
            -18.700983
          ],
          [
            47.3019436,
            -18.7016685
          ],
          [
            47.3018979,
            -18.7017776
          ],
          [
            47.3018466,
            -18.7019513
          ],
          [
            47.3018977,
            -18.7020815
          ],
          [
            47.3019114,
            -18.7021859
          ],
          [
            47.3021152,
            -18.7026928
          ],
          [
            47.3022838,
            -18.7031425
          ],
          [
            47.3026332,
            -18.7040055
          ],
          [
            47.3028712,
            -18.7045994
          ],
          [
            47.3030845,
            -18.7051881
          ],
          [
            47.3033222,
            -18.7058571
          ],
          [
            47.3033418,
            -18.7059123
          ],
          [
            47.3035086,
            -18.7062848
          ],
          [
            47.3040012,
            -18.7072677
          ],
          [
            47.3041099,
            -18.7074364
          ],
          [
            47.3042502,
            -18.7076951
          ],
          [
            47.3043057,
            -18.7079094
          ],
          [
            47.3038536,
            -18.7102754
          ],
          [
            47.3038033,
            -18.710541
          ],
          [
            47.3038229,
            -18.7108031
          ],
          [
            47.3046013,
            -18.7122035
          ],
          [
            47.304834,
            -18.7127298
          ],
          [
            47.3054184,
            -18.7140062
          ],
          [
            47.3054379,
            -18.7142048
          ],
          [
            47.3059185,
            -18.7148541
          ],
          [
            47.3061733,
            -18.7150853
          ],
          [
            47.3064693,
            -18.715363
          ],
          [
            47.3066964,
            -18.7156874
          ],
          [
            47.307181,
            -18.7166546
          ],
          [
            47.3076098,
            -18.7173514
          ],
          [
            47.3077023,
            -18.7175074
          ],
          [
            47.3078634,
            -18.7177718
          ],
          [
            47.3079435,
            -18.7181828
          ],
          [
            47.3079999,
            -18.7191006
          ],
          [
            47.3079598,
            -18.7195481
          ],
          [
            47.307997,
            -18.7200623
          ],
          [
            47.3079948,
            -18.7203479
          ],
          [
            47.3080185,
            -18.7205799
          ],
          [
            47.3080403,
            -18.7207935
          ],
          [
            47.3081803,
            -18.7212549
          ],
          [
            47.3082336,
            -18.7214307
          ],
          [
            47.3084652,
            -18.7219663
          ],
          [
            47.3085057,
            -18.72206
          ],
          [
            47.3088443,
            -18.7225353
          ],
          [
            47.309798,
            -18.7235682
          ],
          [
            47.3099057,
            -18.7237098
          ],
          [
            47.3099974,
            -18.7238416
          ],
          [
            47.3100931,
            -18.7239791
          ],
          [
            47.3103694,
            -18.7243761
          ],
          [
            47.3104327,
            -18.7244956
          ],
          [
            47.3105507,
            -18.7247182
          ],
          [
            47.3107068,
            -18.7250927
          ],
          [
            47.3107761,
            -18.7254063
          ],
          [
            47.3108148,
            -18.7257372
          ],
          [
            47.3108918,
            -18.7264184
          ],
          [
            47.3109508,
            -18.7267143
          ],
          [
            47.3111569,
            -18.7277439
          ],
          [
            47.311583,
            -18.7287995
          ],
          [
            47.3116539,
            -18.7289751
          ],
          [
            47.3118731,
            -18.7293463
          ],
          [
            47.312202,
            -18.7295574
          ],
          [
            47.3124148,
            -18.7296538
          ],
          [
            47.3126904,
            -18.7296874
          ],
          [
            47.3131637,
            -18.7296891
          ],
          [
            47.3135878,
            -18.7296154
          ],
          [
            47.3138392,
            -18.729563
          ],
          [
            47.314191,
            -18.7295442
          ],
          [
            47.3145666,
            -18.729655
          ],
          [
            47.314763,
            -18.7297758
          ],
          [
            47.3150573,
            -18.7299859
          ],
          [
            47.3155585,
            -18.7302904
          ],
          [
            47.3158185,
            -18.7304237
          ],
          [
            47.3159889,
            -18.7304957
          ],
          [
            47.3173912,
            -18.7307289
          ],
          [
            47.3177593,
            -18.7307772
          ],
          [
            47.3179423,
            -18.7308021
          ],
          [
            47.3185137,
            -18.7308302
          ],
          [
            47.319066,
            -18.7308578
          ],
          [
            47.3198127,
            -18.7308543
          ],
          [
            47.3202035,
            -18.7307434
          ],
          [
            47.3206465,
            -18.7305657
          ],
          [
            47.3212011,
            -18.7302122
          ],
          [
            47.3213694,
            -18.7301504
          ],
          [
            47.3215035,
            -18.7301136
          ],
          [
            47.3216523,
            -18.7300996
          ],
          [
            47.3219675,
            -18.7301326
          ],
          [
            47.3221955,
            -18.7301783
          ],
          [
            47.3224785,
            -18.7302507
          ],
          [
            47.3228325,
            -18.7302736
          ],
          [
            47.3234334,
            -18.7302863
          ],
          [
            47.3240288,
            -18.7303168
          ],
          [
            47.3246618,
            -18.7305327
          ],
          [
            47.3247718,
            -18.7305657
          ],
          [
            47.3248898,
            -18.7305912
          ],
          [
            47.3249896,
            -18.730621
          ],
          [
            47.3250627,
            -18.7306374
          ]
        ]
      },
      "id": "way/276606408"
    },
    {
      "type": "Feature",
      "properties": {
        "@id": "way/276606409",
        "bridge": "yes",
        "highway": "primary",
        "layer": "1",
        "ref": "N 4"
      },
      "geometry": {
        "type": "LineString",
        "coordinates": [
          [
            47.3394663,
            -18.7406035
          ],
          [
            47.3394064,
            -18.7403835
          ]
        ]
      },
      "id": "way/276606409"
    },
    {
      "type": "Feature",
      "properties": {
        "@id": "way/285244803",
        "busway": "lane",
        "highway": "primary",
        "maxspeed": "40",
        "name": "Rue Docteur Joseph Raseta",
        "oneway": "no",
        "ref": "N 4",
        "surface": "paved"
      },
      "geometry": {
        "type": "LineString",
        "coordinates": [
          [
            47.5042328,
            -18.8781519
          ],
          [
            47.5037552,
            -18.8774759
          ],
          [
            47.503676,
            -18.8773563
          ],
          [
            47.5032338,
            -18.876768
          ],
          [
            47.503055,
            -18.8764492
          ],
          [
            47.502943,
            -18.8761868
          ],
          [
            47.5028737,
            -18.8759775
          ],
          [
            47.50284,
            -18.8757589
          ],
          [
            47.5028331,
            -18.8756258
          ],
          [
            47.5028398,
            -18.8754951
          ],
          [
            47.5028108,
            -18.8753279
          ],
          [
            47.5027691,
            -18.8752221
          ],
          [
            47.5026986,
            -18.8751177
          ],
          [
            47.502598,
            -18.8750419
          ],
          [
            47.5021873,
            -18.8749407
          ]
        ]
      },
      "id": "way/285244803"
    },
    {
      "type": "Feature",
      "properties": {
        "@id": "way/285245012",
        "highway": "primary",
        "maxspeed": "60",
        "name": "Rue Docteur Joseph Raseta",
        "ref": "N 4"
      },
      "geometry": {
        "type": "LineString",
        "coordinates": [
          [
            47.5131179,
            -18.8902546
          ],
          [
            47.5131018,
            -18.890232
          ],
          [
            47.5126495,
            -18.889594
          ],
          [
            47.5120034,
            -18.8887016
          ],
          [
            47.511895,
            -18.8885519
          ],
          [
            47.5116519,
            -18.8882162
          ],
          [
            47.5114707,
            -18.8879646
          ],
          [
            47.5113158,
            -18.8877519
          ],
          [
            47.5105649,
            -18.8867449
          ],
          [
            47.5105164,
            -18.8866799
          ],
          [
            47.5104827,
            -18.8866365
          ],
          [
            47.510172,
            -18.886252
          ],
          [
            47.5101135,
            -18.886171
          ],
          [
            47.510086,
            -18.8861307
          ],
          [
            47.5094893,
            -18.8852562
          ],
          [
            47.508945,
            -18.884531
          ],
          [
            47.5088044,
            -18.8843591
          ]
        ]
      },
      "id": "way/285245012"
    },
    {
      "type": "Feature",
      "properties": {
        "@id": "way/285246993",
        "busway": "lane",
        "highway": "primary",
        "maxspeed": "60",
        "name": "Rue Docteur Joseph Raseta",
        "ref": "N 4",
        "surface": "paved"
      },
      "geometry": {
        "type": "LineString",
        "coordinates": [
          [
            47.486257,
            -18.8660031
          ],
          [
            47.4862302,
            -18.8658941
          ],
          [
            47.4861509,
            -18.8655722
          ],
          [
            47.4861396,
            -18.8655263
          ],
          [
            47.4860906,
            -18.8653226
          ]
        ]
      },
      "id": "way/285246993"
    },
    {
      "type": "Feature",
      "properties": {
        "@id": "way/359360786",
        "highway": "primary",
        "maxspeed": "40",
        "name": "Rue Docteur Joseph Raseta",
        "ref": "N 4"
      },
      "geometry": {
        "type": "LineString",
        "coordinates": [
          [
            47.5146655,
            -18.8923405
          ],
          [
            47.5145654,
            -18.8921749
          ],
          [
            47.514522,
            -18.8921121
          ],
          [
            47.5144712,
            -18.8920387
          ],
          [
            47.5143832,
            -18.8919226
          ],
          [
            47.5137469,
            -18.8910803
          ],
          [
            47.51362,
            -18.8909111
          ],
          [
            47.5133921,
            -18.8906117
          ],
          [
            47.5131179,
            -18.8902546
          ]
        ]
      },
      "id": "way/359360786"
    },
    {
      "type": "Feature",
      "properties": {
        "@id": "way/359360787",
        "bridge": "yes",
        "highway": "primary",
        "layer": "1",
        "maxspeed": "40",
        "name": "Rue Docteur Joseph Raseta",
        "ref": "N 4"
      },
      "geometry": {
        "type": "LineString",
        "coordinates": [
          [
            47.5147392,
            -18.8924464
          ],
          [
            47.5147099,
            -18.8924018
          ],
          [
            47.5146655,
            -18.8923405
          ]
        ]
      },
      "id": "way/359360787"
    },
    {
      "type": "Feature",
      "properties": {
        "@id": "way/361034925",
        "busway": "lane",
        "highway": "primary",
        "maxspeed": "60",
        "ref": "N 4",
        "surface": "paved"
      },
      "geometry": {
        "type": "LineString",
        "coordinates": [
          [
            47.4854288,
            -18.86261
          ],
          [
            47.4848618,
            -18.8601875
          ],
          [
            47.4848521,
            -18.8599619
          ],
          [
            47.4848662,
            -18.8598533
          ],
          [
            47.4849043,
            -18.8597601
          ],
          [
            47.4849307,
            -18.859699
          ]
        ]
      },
      "id": "way/361034925"
    },
    {
      "type": "Feature",
      "properties": {
        "@id": "way/361034926",
        "busway": "lane",
        "highway": "primary",
        "maxspeed": "60",
        "name": "Rue Docteur Joseph Raseta",
        "ref": "N 4",
        "surface": "paved"
      },
      "geometry": {
        "type": "LineString",
        "coordinates": [
          [
            47.4860906,
            -18.8653226
          ],
          [
            47.486007,
            -18.8649984
          ],
          [
            47.4857554,
            -18.8639222
          ]
        ]
      },
      "id": "way/361034926"
    },
    {
      "type": "Feature",
      "properties": {
        "@id": "way/376562519",
        "bicycle": "no",
        "bridge": "yes",
        "foot": "no",
        "highway": "primary",
        "horse": "yes",
        "layer": "1",
        "maxspeed": "20",
        "motor_vehicle": "yes",
        "name": "Pont de Kamoro",
        "ref": "N 4"
      },
      "geometry": {
        "type": "LineString",
        "coordinates": [
          [
            47.1679881,
            -16.461267
          ],
          [
            47.1699927,
            -16.4598528
          ]
        ]
      },
      "id": "way/376562519"
    },
    {
      "type": "Feature",
      "properties": {
        "@id": "way/397973669",
        "highway": "primary",
        "oneway": "yes",
        "ref": "N 4",
        "source": "Bing"
      },
      "geometry": {
        "type": "LineString",
        "coordinates": [
          [
            47.1212925,
            -18.323793
          ],
          [
            47.1212364,
            -18.3236917
          ],
          [
            47.1212174,
            -18.3236035
          ],
          [
            47.1212231,
            -18.3234991
          ],
          [
            47.1214818,
            -18.3224993
          ],
          [
            47.1215219,
            -18.3224435
          ],
          [
            47.1215354,
            -18.3222366
          ],
          [
            47.1216566,
            -18.3220027
          ],
          [
            47.1217205,
            -18.3218802
          ],
          [
            47.1218054,
            -18.3217857
          ],
          [
            47.1218584,
            -18.3217085
          ],
          [
            47.1220699,
            -18.3215143
          ],
          [
            47.12245,
            -18.3212411
          ],
          [
            47.122518,
            -18.3211954
          ],
          [
            47.1226672,
            -18.3210028
          ],
          [
            47.1227548,
            -18.3208433
          ],
          [
            47.1228316,
            -18.3206546
          ],
          [
            47.1229286,
            -18.3204978
          ],
          [
            47.1231143,
            -18.3202748
          ],
          [
            47.1232032,
            -18.3201564
          ],
          [
            47.1232706,
            -18.3199761
          ],
          [
            47.1232857,
            -18.3198416
          ],
          [
            47.1232508,
            -18.319689
          ],
          [
            47.1232245,
            -18.3195969
          ],
          [
            47.1231433,
            -18.3193996
          ],
          [
            47.1230402,
            -18.3191782
          ],
          [
            47.1229374,
            -18.3189333
          ],
          [
            47.1228033,
            -18.3187644
          ]
        ]
      },
      "id": "way/397973669"
    },
    {
      "type": "Feature",
      "properties": {
        "@id": "way/402955429",
        "highway": "primary",
        "name": "Làlana Ampanjaka Toera",
        "name:fr": "Rue Ampanjaka Toera",
        "oneway": "yes",
        "ref": "N 4",
        "surface": "asphalt"
      },
      "geometry": {
        "type": "LineString",
        "coordinates": [
          [
            47.5183188,
            -18.8973538
          ],
          [
            47.5185331,
            -18.8976379
          ],
          [
            47.5186651,
            -18.8978212
          ],
          [
            47.5188404,
            -18.8980511
          ],
          [
            47.5189995,
            -18.8982727
          ]
        ]
      },
      "id": "way/402955429"
    },
    {
      "type": "Feature",
      "properties": {
        "@id": "way/402955430",
        "highway": "primary",
        "name": "Làlana Ampanjaka Toera",
        "name:fr": "Rue Ampanjaka Toera",
        "oneway": "yes",
        "ref": "N 4",
        "surface": "asphalt"
      },
      "geometry": {
        "type": "LineString",
        "coordinates": [
          [
            47.5189995,
            -18.8982727
          ],
          [
            47.5191498,
            -18.8984763
          ],
          [
            47.5193074,
            -18.8986891
          ]
        ]
      },
      "id": "way/402955430"
    },
    {
      "type": "Feature",
      "properties": {
        "@id": "way/413978734",
        "highway": "primary",
        "ref": "N 4"
      },
      "geometry": {
        "type": "LineString",
        "coordinates": [
          [
            46.9237983,
            -17.3993569
          ],
          [
            46.9238395,
            -17.3993046
          ],
          [
            46.9240568,
            -17.3990154
          ],
          [
            46.9242155,
            -17.3986947
          ],
          [
            46.9242911,
            -17.3980407
          ],
          [
            46.9243372,
            -17.3973493
          ],
          [
            46.9246764,
            -17.3923811
          ],
          [
            46.9247784,
            -17.3915819
          ],
          [
            46.9250251,
            -17.3908965
          ],
          [
            46.925362,
            -17.3903669
          ],
          [
            46.9263233,
            -17.3892968
          ],
          [
            46.9269273,
            -17.388385
          ]
        ]
      },
      "id": "way/413978734"
    },
    {
      "type": "Feature",
      "properties": {
        "@id": "way/413978735",
        "highway": "primary",
        "ref": "N 4"
      },
      "geometry": {
        "type": "LineString",
        "coordinates": [
          [
            46.5786659,
            -15.8997504
          ],
          [
            46.5785887,
            -15.8997348
          ],
          [
            46.5785009,
            -15.8997367
          ],
          [
            46.5784525,
            -15.8997545
          ],
          [
            46.578398,
            -15.8998019
          ],
          [
            46.5783537,
            -15.8998576
          ],
          [
            46.5783431,
            -15.8999322
          ],
          [
            46.578381,
            -15.9000639
          ],
          [
            46.5784301,
            -15.9001708
          ],
          [
            46.5789151,
            -15.9009823
          ],
          [
            46.5789377,
            -15.9010394
          ],
          [
            46.578953,
            -15.9010983
          ],
          [
            46.5789581,
            -15.9011606
          ],
          [
            46.5789438,
            -15.9012261
          ],
          [
            46.5789122,
            -15.9012719
          ],
          [
            46.5788594,
            -15.9013046
          ],
          [
            46.5788032,
            -15.9013308
          ],
          [
            46.5787281,
            -15.9013389
          ],
          [
            46.5785955,
            -15.9013112
          ],
          [
            46.5784627,
            -15.9012473
          ],
          [
            46.5783708,
            -15.9011818
          ],
          [
            46.5781222,
            -15.9009231
          ],
          [
            46.5780195,
            -15.900862
          ],
          [
            46.5778736,
            -15.9008036
          ],
          [
            46.5776608,
            -15.900766
          ],
          [
            46.5775331,
            -15.9007168
          ],
          [
            46.577385,
            -15.9006448
          ],
          [
            46.577305,
            -15.9006186
          ],
          [
            46.5772275,
            -15.9006105
          ],
          [
            46.5771296,
            -15.9006235
          ],
          [
            46.5763465,
            -15.9008855
          ],
          [
            46.5761423,
            -15.9009856
          ],
          [
            46.5756904,
            -15.9012894
          ],
          [
            46.5755872,
            -15.9013276
          ],
          [
            46.5754646,
            -15.9013243
          ],
          [
            46.5753454,
            -15.901285
          ],
          [
            46.5752301,
            -15.9011997
          ],
          [
            46.5750288,
            -15.900856
          ],
          [
            46.5749389,
            -15.9004663
          ],
          [
            46.5748448,
            -15.8999323
          ],
          [
            46.5747768,
            -15.8998343
          ],
          [
            46.5746593,
            -15.8997344
          ],
          [
            46.5744993,
            -15.8996558
          ],
          [
            46.5742717,
            -15.8996022
          ],
          [
            46.5730848,
            -15.8994443
          ],
          [
            46.56873,
            -15.8988648
          ],
          [
            46.5683441,
            -15.8987728
          ],
          [
            46.5679798,
            -15.8985763
          ],
          [
            46.5673315,
            -15.8980051
          ],
          [
            46.5669364,
            -15.8974006
          ],
          [
            46.5664665,
            -15.8963265
          ],
          [
            46.566126,
            -15.8954882
          ],
          [
            46.5655636,
            -15.8946995
          ],
          [
            46.5630802,
            -15.8925165
          ],
          [
            46.5622033,
            -15.8909449
          ],
          [
            46.5618402,
            -15.8901179
          ],
          [
            46.5614076,
            -15.8893897
          ],
          [
            46.5608179,
            -15.8889233
          ],
          [
            46.5580741,
            -15.8872346
          ],
          [
            46.5573124,
            -15.8867658
          ],
          [
            46.5570961,
            -15.8866785
          ],
          [
            46.5568277,
            -15.8866558
          ],
          [
            46.5551889,
            -15.8867307
          ],
          [
            46.554894,
            -15.8867109
          ],
          [
            46.5546955,
            -15.8866657
          ],
          [
            46.5543369,
            -15.8865478
          ],
          [
            46.5536906,
            -15.8861951
          ],
          [
            46.5534273,
            -15.8861022
          ],
          [
            46.5531178,
            -15.8860675
          ],
          [
            46.5527926,
            -15.8860962
          ],
          [
            46.5527424,
            -15.8861006
          ],
          [
            46.5521821,
            -15.8862489
          ],
          [
            46.5516036,
            -15.886433
          ],
          [
            46.5505046,
            -15.8868471
          ],
          [
            46.5500331,
            -15.8869657
          ],
          [
            46.549664,
            -15.8870518
          ],
          [
            46.5477555,
            -15.887182
          ],
          [
            46.5463737,
            -15.887482
          ],
          [
            46.5460218,
            -15.8875273
          ],
          [
            46.5457463,
            -15.8875063
          ],
          [
            46.545557,
            -15.8874548
          ],
          [
            46.5453711,
            -15.8873721
          ],
          [
            46.5453355,
            -15.8873478
          ],
          [
            46.5451762,
            -15.8872389
          ],
          [
            46.5450444,
            -15.8870948
          ],
          [
            46.5449094,
            -15.8869084
          ],
          [
            46.5446478,
            -15.8864126
          ],
          [
            46.5444567,
            -15.8861027
          ],
          [
            46.5440452,
            -15.8856555
          ],
          [
            46.5436592,
            -15.885236
          ],
          [
            46.5435667,
            -15.8851072
          ],
          [
            46.543461,
            -15.884901
          ],
          [
            46.5433764,
            -15.884679
          ],
          [
            46.5433495,
            -15.8845325
          ],
          [
            46.543239,
            -15.8839298
          ],
          [
            46.5430276,
            -15.8827772
          ],
          [
            46.5428814,
            -15.8824161
          ],
          [
            46.5422405,
            -15.881477
          ],
          [
            46.5419966,
            -15.8811196
          ],
          [
            46.5418389,
            -15.8808318
          ],
          [
            46.5417902,
            -15.8806633
          ],
          [
            46.5417773,
            -15.8804573
          ],
          [
            46.5418248,
            -15.8802168
          ],
          [
            46.5419344,
            -15.8799612
          ],
          [
            46.5420651,
            -15.8796782
          ],
          [
            46.5422236,
            -15.8793966
          ],
          [
            46.5423185,
            -15.8791623
          ],
          [
            46.5423807,
            -15.8789077
          ],
          [
            46.5424157,
            -15.8786999
          ],
          [
            46.542452,
            -15.8783685
          ],
          [
            46.542452,
            -15.8780685
          ],
          [
            46.5424213,
            -15.8778311
          ],
          [
            46.5423631,
            -15.877608
          ],
          [
            46.5422652,
            -15.8773883
          ],
          [
            46.5421219,
            -15.8771877
          ],
          [
            46.5419316,
            -15.8770164
          ],
          [
            46.5417194,
            -15.8768859
          ],
          [
            46.5414891,
            -15.876783
          ],
          [
            46.5412533,
            -15.8767307
          ],
          [
            46.540997,
            -15.876716
          ],
          [
            46.5405878,
            -15.8767063
          ],
          [
            46.5404535,
            -15.8766802
          ],
          [
            46.5403992,
            -15.8766696
          ],
          [
            46.5402302,
            -15.8765997
          ],
          [
            46.5400691,
            -15.8764778
          ],
          [
            46.539944,
            -15.8763225
          ],
          [
            46.5398479,
            -15.8761219
          ],
          [
            46.5397855,
            -15.875898
          ],
          [
            46.5397155,
            -15.8755376
          ],
          [
            46.5396644,
            -15.8753415
          ],
          [
            46.539594,
            -15.8751748
          ],
          [
            46.5395,
            -15.8750162
          ],
          [
            46.5393583,
            -15.8748504
          ],
          [
            46.5392056,
            -15.8746846
          ],
          [
            46.5366426,
            -15.8724405
          ],
          [
            46.535081,
            -15.8710063
          ],
          [
            46.5336511,
            -15.8698117
          ]
        ]
      },
      "id": "way/413978735"
    },
    {
      "type": "Feature",
      "properties": {
        "@id": "way/413978736",
        "highway": "primary",
        "ref": "N 4"
      },
      "geometry": {
        "type": "LineString",
        "coordinates": [
          [
            46.9728347,
            -16.8471284
          ],
          [
            46.9737725,
            -16.8468407
          ],
          [
            46.9747425,
            -16.8466384
          ]
        ]
      },
      "id": "way/413978736"
    },
    {
      "type": "Feature",
      "properties": {
        "@id": "way/413978737",
        "bridge": "yes",
        "highway": "primary",
        "layer": "1",
        "narrow": "yes",
        "ref": "N 4"
      },
      "geometry": {
        "type": "LineString",
        "coordinates": [
          [
            46.6018039,
            -15.9062663
          ],
          [
            46.6017137,
            -15.9062274
          ]
        ]
      },
      "id": "way/413978737"
    },
    {
      "type": "Feature",
      "properties": {
        "@id": "way/413978738",
        "bridge": "yes",
        "highway": "primary",
        "layer": "1",
        "ref": "N 4"
      },
      "geometry": {
        "type": "LineString",
        "coordinates": [
          [
            46.9747425,
            -16.8466384
          ],
          [
            46.9747863,
            -16.8466267
          ]
        ]
      },
      "id": "way/413978738"
    },
    {
      "type": "Feature",
      "properties": {
        "@id": "way/413978739",
        "bridge": "yes",
        "highway": "primary",
        "layer": "1",
        "ref": "N 4"
      },
      "geometry": {
        "type": "LineString",
        "coordinates": [
          [
            46.5336511,
            -15.8698117
          ],
          [
            46.5335661,
            -15.8697354
          ]
        ]
      },
      "id": "way/413978739"
    },
    {
      "type": "Feature",
      "properties": {
        "@id": "way/413978740",
        "bridge": "yes",
        "highway": "primary",
        "layer": "1",
        "ref": "N 4"
      },
      "geometry": {
        "type": "LineString",
        "coordinates": [
          [
            46.9269273,
            -17.388385
          ],
          [
            46.9269959,
            -17.3882689
          ]
        ]
      },
      "id": "way/413978740"
    },
    {
      "type": "Feature",
      "properties": {
        "@id": "way/413978741",
        "highway": "primary",
        "ref": "N 4"
      },
      "geometry": {
        "type": "LineString",
        "coordinates": [
          [
            46.6134238,
            -15.902075
          ],
          [
            46.6132767,
            -15.9019122
          ],
          [
            46.6131975,
            -15.9018525
          ],
          [
            46.6131179,
            -15.9018091
          ],
          [
            46.6129088,
            -15.9017731
          ],
          [
            46.6123589,
            -15.9017627
          ],
          [
            46.6117051,
            -15.9017308
          ],
          [
            46.6113786,
            -15.9018394
          ],
          [
            46.6111228,
            -15.9020761
          ],
          [
            46.6103874,
            -15.9027367
          ],
          [
            46.6101578,
            -15.9030336
          ],
          [
            46.6093528,
            -15.9045681
          ],
          [
            46.6091342,
            -15.9050908
          ],
          [
            46.60886,
            -15.9062196
          ],
          [
            46.6086625,
            -15.9065496
          ],
          [
            46.6085145,
            -15.9066795
          ],
          [
            46.6083544,
            -15.9067798
          ],
          [
            46.6079625,
            -15.9070254
          ],
          [
            46.6078048,
            -15.9071638
          ],
          [
            46.6076634,
            -15.9073226
          ],
          [
            46.6066923,
            -15.9084196
          ],
          [
            46.6066006,
            -15.9087756
          ],
          [
            46.6063839,
            -15.9097653
          ],
          [
            46.6063249,
            -15.9098717
          ],
          [
            46.6062619,
            -15.9099161
          ],
          [
            46.6061547,
            -15.909977
          ],
          [
            46.6059803,
            -15.9100024
          ],
          [
            46.6058028,
            -15.909969
          ],
          [
            46.6055952,
            -15.9098624
          ],
          [
            46.6053624,
            -15.9094824
          ],
          [
            46.6045772,
            -15.9078484
          ],
          [
            46.6044672,
            -15.9074655
          ],
          [
            46.6043213,
            -15.9071993
          ],
          [
            46.6042044,
            -15.9070541
          ],
          [
            46.6040401,
            -15.9069434
          ],
          [
            46.6038483,
            -15.9068752
          ],
          [
            46.6036244,
            -15.9067957
          ],
          [
            46.6025909,
            -15.9065377
          ],
          [
            46.6018039,
            -15.9062663
          ]
        ]
      },
      "id": "way/413978741"
    },
    {
      "type": "Feature",
      "properties": {
        "@id": "way/427231900",
        "depth": "0",
        "ford": "yes",
        "highway": "primary",
        "ref": "N 4",
        "surface": "concrete"
      },
      "geometry": {
        "type": "LineString",
        "coordinates": [
          [
            46.7539976,
            -16.2293514
          ],
          [
            46.7535864,
            -16.2286607
          ]
        ]
      },
      "id": "way/427231900"
    },
    {
      "type": "Feature",
      "properties": {
        "@id": "way/427231901",
        "highway": "primary",
        "ref": "N 4"
      },
      "geometry": {
        "type": "LineString",
        "coordinates": [
          [
            46.757963,
            -16.2350999
          ],
          [
            46.7578917,
            -16.2350716
          ],
          [
            46.7575545,
            -16.234884
          ],
          [
            46.7573021,
            -16.2347036
          ],
          [
            46.7571642,
            -16.2345798
          ],
          [
            46.7569826,
            -16.2343726
          ],
          [
            46.7562153,
            -16.2330962
          ],
          [
            46.7551309,
            -16.2312197
          ],
          [
            46.7539976,
            -16.2293514
          ]
        ]
      },
      "id": "way/427231901"
    },
    {
      "type": "Feature",
      "properties": {
        "@id": "way/430071529",
        "highway": "primary",
        "maxspeed": "60",
        "oneway": "yes",
        "ref": "N 4"
      },
      "geometry": {
        "type": "LineString",
        "coordinates": [
          [
            47.4635461,
            -18.8411222
          ],
          [
            47.4632926,
            -18.8409929
          ],
          [
            47.4630935,
            -18.840913
          ],
          [
            47.4625323,
            -18.8407095
          ]
        ]
      },
      "id": "way/430071529"
    },
    {
      "type": "Feature",
      "properties": {
        "@id": "way/430071530",
        "highway": "primary",
        "oneway": "yes",
        "ref": "N 4"
      },
      "geometry": {
        "type": "LineString",
        "coordinates": [
          [
            47.4625177,
            -18.8407674
          ],
          [
            47.4627068,
            -18.8408359
          ],
          [
            47.4632605,
            -18.8410379
          ],
          [
            47.4635461,
            -18.8411222
          ]
        ]
      },
      "id": "way/430071530"
    },
    {
      "type": "Feature",
      "properties": {
        "@id": "way/430072665",
        "bridge": "yes",
        "highway": "primary",
        "layer": "1",
        "ref": "N 4"
      },
      "geometry": {
        "type": "LineString",
        "coordinates": [
          [
            47.3405251,
            -18.7427724
          ],
          [
            47.3404565,
            -18.7426493
          ]
        ]
      },
      "id": "way/430072665"
    },
    {
      "type": "Feature",
      "properties": {
        "@id": "way/449433872",
        "bridge": "yes",
        "highway": "primary",
        "layer": "1",
        "ref": "N 4"
      },
      "geometry": {
        "type": "LineString",
        "coordinates": [
          [
            47.0128395,
            -16.8006329
          ],
          [
            47.0129581,
            -16.8005652
          ]
        ]
      },
      "id": "way/449433872"
    },
    {
      "type": "Feature",
      "properties": {
        "@id": "way/449433874",
        "highway": "primary",
        "ref": "N 4"
      },
      "geometry": {
        "type": "LineString",
        "coordinates": [
          [
            47.0116023,
            -16.8013576
          ],
          [
            47.0120007,
            -16.8011327
          ],
          [
            47.0128395,
            -16.8006329
          ]
        ]
      },
      "id": "way/449433874"
    },
    {
      "type": "Feature",
      "properties": {
        "@id": "way/449433876",
        "highway": "primary",
        "ref": "N 4"
      },
      "geometry": {
        "type": "LineString",
        "coordinates": [
          [
            47.0129581,
            -16.8005652
          ],
          [
            47.0135613,
            -16.8002859
          ],
          [
            47.0141911,
            -16.79982
          ]
        ]
      },
      "id": "way/449433876"
    },
    {
      "type": "Feature",
      "properties": {
        "@id": "way/449433879",
        "highway": "primary",
        "ref": "N 4"
      },
      "geometry": {
        "type": "LineString",
        "coordinates": [
          [
            47.0091419,
            -16.8009952
          ],
          [
            47.0093492,
            -16.8009821
          ],
          [
            47.0094902,
            -16.8010099
          ],
          [
            47.0095988,
            -16.8010586
          ],
          [
            47.0097114,
            -16.8011447
          ],
          [
            47.0098321,
            -16.8012436
          ],
          [
            47.0100454,
            -16.8014605
          ],
          [
            47.0102068,
            -16.8015766
          ],
          [
            47.0103941,
            -16.8016493
          ],
          [
            47.0105606,
            -16.8016919
          ],
          [
            47.0107857,
            -16.8016826
          ],
          [
            47.0110001,
            -16.8016358
          ],
          [
            47.0116023,
            -16.8013576
          ]
        ]
      },
      "id": "way/449433879"
    },
    {
      "type": "Feature",
      "properties": {
        "@id": "way/451778531",
        "highway": "primary",
        "name": "Route d'Antananarivo",
        "ref": "N 4"
      },
      "geometry": {
        "type": "LineString",
        "coordinates": [
          [
            46.3275835,
            -15.7189826
          ],
          [
            46.3281452,
            -15.718955
          ],
          [
            46.3286494,
            -15.7189422
          ],
          [
            46.3286892,
            -15.7189325
          ],
          [
            46.3288263,
            -15.7188982
          ],
          [
            46.3296555,
            -15.7185691
          ],
          [
            46.329691,
            -15.7185555
          ],
          [
            46.329746,
            -15.7185323
          ],
          [
            46.3299002,
            -15.7184801
          ],
          [
            46.3300558,
            -15.7184251
          ],
          [
            46.330224,
            -15.7183905
          ],
          [
            46.3304505,
            -15.7183699
          ],
          [
            46.3305332,
            -15.7183686
          ],
          [
            46.3311527,
            -15.7183587
          ],
          [
            46.3315558,
            -15.7183523
          ],
          [
            46.3318415,
            -15.7183524
          ],
          [
            46.3320467,
            -15.7183334
          ],
          [
            46.332244,
            -15.7183235
          ],
          [
            46.3322984,
            -15.7183111
          ],
          [
            46.3323925,
            -15.7182742
          ],
          [
            46.3325406,
            -15.7182184
          ],
          [
            46.3326475,
            -15.7181327
          ],
          [
            46.3327838,
            -15.7179906
          ]
        ]
      },
      "id": "way/451778531"
    },
    {
      "type": "Feature",
      "properties": {
        "@id": "way/451778532",
        "highway": "primary",
        "name": "Route d'Antananarivo",
        "ref": "N 4"
      },
      "geometry": {
        "type": "LineString",
        "coordinates": [
          [
            46.3877206,
            -15.7068269
          ],
          [
            46.3875573,
            -15.7068026
          ],
          [
            46.3874424,
            -15.7067863
          ],
          [
            46.3868945,
            -15.7067265
          ],
          [
            46.386497,
            -15.7066939
          ],
          [
            46.3863236,
            -15.7066738
          ],
          [
            46.3855679,
            -15.7066094
          ]
        ]
      },
      "id": "way/451778532"
    },
    {
      "type": "Feature",
      "properties": {
        "@id": "way/514761459",
        "bicycle": "no",
        "foot": "no",
        "highway": "primary",
        "horse": "yes",
        "maxspeed": "90",
        "motor_vehicle": "yes",
        "ref": "N 4",
        "smoothness": "excellent",
        "surface": "asphalt"
      },
      "geometry": {
        "type": "LineString",
        "coordinates": [
          [
            47.1699927,
            -16.4598528
          ],
          [
            47.1702929,
            -16.4596403
          ],
          [
            47.1708974,
            -16.4592122
          ],
          [
            47.1711402,
            -16.4589987
          ],
          [
            47.1712153,
            -16.4588726
          ],
          [
            47.1712722,
            -16.4587427
          ],
          [
            47.1713233,
            -16.4586102
          ],
          [
            47.1713434,
            -16.4584624
          ],
          [
            47.1713493,
            -16.4583805
          ]
        ]
      },
      "id": "way/514761459"
    },
    {
      "type": "Feature",
      "properties": {
        "@id": "way/514761460",
        "highway": "primary",
        "ref": "N 4"
      },
      "geometry": {
        "type": "LineString",
        "coordinates": [
          [
            47.1713493,
            -16.4583805
          ],
          [
            47.1713172,
            -16.4581177
          ],
          [
            47.1712005,
            -16.4578553
          ],
          [
            47.1708039,
            -16.4570763
          ],
          [
            47.1707422,
            -16.4568464
          ],
          [
            47.170691,
            -16.4566024
          ],
          [
            47.1706599,
            -16.4563688
          ],
          [
            47.1706436,
            -16.4560989
          ],
          [
            47.1707509,
            -16.4555207
          ],
          [
            47.1710369,
            -16.4547242
          ],
          [
            47.1711088,
            -16.454395
          ],
          [
            47.1712477,
            -16.4537591
          ],
          [
            47.1714811,
            -16.4526907
          ],
          [
            47.1716133,
            -16.4520701
          ],
          [
            47.1716335,
            -16.4519752
          ],
          [
            47.1716769,
            -16.4516645
          ],
          [
            47.171684,
            -16.4514086
          ],
          [
            47.1716668,
            -16.4511928
          ],
          [
            47.1716637,
            -16.4511544
          ],
          [
            47.1716251,
            -16.4509016
          ],
          [
            47.1715666,
            -16.4506709
          ],
          [
            47.1714765,
            -16.4503803
          ],
          [
            47.1714298,
            -16.4502617
          ],
          [
            47.1712733,
            -16.4498645
          ],
          [
            47.1710946,
            -16.4494737
          ],
          [
            47.1708555,
            -16.4490373
          ],
          [
            47.1706275,
            -16.4487022
          ],
          [
            47.1704516,
            -16.4484768
          ],
          [
            47.1702822,
            -16.4482851
          ],
          [
            47.1700997,
            -16.4481172
          ],
          [
            47.1698694,
            -16.4479451
          ],
          [
            47.1677555,
            -16.4464535
          ]
        ]
      },
      "id": "way/514761460"
    },
    {
      "type": "Feature",
      "properties": {
        "@id": "way/514761461",
        "bicycle": "no",
        "foot": "no",
        "highway": "primary",
        "horse": "yes",
        "lanes": "2",
        "maxspeed": "90",
        "motor_vehicle": "yes",
        "ref": "N 4",
        "surface": "asphalt"
      },
      "geometry": {
        "type": "LineString",
        "coordinates": [
          [
            47.1679881,
            -16.461267
          ],
          [
            47.167219,
            -16.4618005
          ],
          [
            47.1670693,
            -16.4619043
          ],
          [
            47.1669103,
            -16.4620146
          ],
          [
            47.1660651,
            -16.4627046
          ]
        ]
      },
      "id": "way/514761461"
    },
    {
      "type": "Feature",
      "properties": {
        "@id": "way/525930835",
        "highway": "primary",
        "oneway": "yes",
        "ref": "N 4"
      },
      "geometry": {
        "type": "LineString",
        "coordinates": [
          [
            47.4781143,
            -18.8503883
          ],
          [
            47.4779111,
            -18.8501063
          ],
          [
            47.4778226,
            -18.8499654
          ],
          [
            47.4777274,
            -18.8497357
          ],
          [
            47.4776657,
            -18.8494971
          ]
        ]
      },
      "id": "way/525930835"
    },
    {
      "type": "Feature",
      "properties": {
        "@id": "way/544834866",
        "busway": "lane",
        "highway": "primary",
        "oneway": "yes",
        "ref": "N 4",
        "surface": "paved"
      },
      "geometry": {
        "type": "LineString",
        "coordinates": [
          [
            47.4777253,
            -18.8499445
          ],
          [
            47.4781143,
            -18.8503883
          ]
        ]
      },
      "id": "way/544834866"
    },
    {
      "type": "Feature",
      "properties": {
        "@id": "way/566255286",
        "busway": "lane",
        "highway": "primary",
        "maxspeed": "40",
        "name": "Rue Docteur Joseph Raseta",
        "oneway": "no",
        "ref": "N 4",
        "surface": "paved"
      },
      "geometry": {
        "type": "LineString",
        "coordinates": [
          [
            47.4998097,
            -18.873319
          ],
          [
            47.4996986,
            -18.8732391
          ],
          [
            47.4996161,
            -18.8731975
          ],
          [
            47.4995221,
            -18.8731501
          ],
          [
            47.4993387,
            -18.8730577
          ],
          [
            47.4993134,
            -18.8730461
          ],
          [
            47.4989752,
            -18.8728918
          ],
          [
            47.4989276,
            -18.8728724
          ],
          [
            47.4988254,
            -18.8728308
          ],
          [
            47.4986515,
            -18.8727824
          ],
          [
            47.4981885,
            -18.8726963
          ],
          [
            47.4978417,
            -18.8726452
          ],
          [
            47.4975212,
            -18.872586
          ],
          [
            47.4974468,
            -18.8725751
          ],
          [
            47.4968557,
            -18.8724745
          ],
          [
            47.4966948,
            -18.8724195
          ]
        ]
      },
      "id": "way/566255286"
    },
    {
      "type": "Feature",
      "properties": {
        "@id": "way/576398418",
        "busway": "lane",
        "highway": "primary",
        "maxspeed": "40",
        "name": "Rue Docteur Joseph Raseta",
        "ref": "N 4",
        "surface": "paved"
      },
      "geometry": {
        "type": "LineString",
        "coordinates": [
          [
            47.4915045,
            -18.8693684
          ],
          [
            47.491358,
            -18.8693788
          ],
          [
            47.491151,
            -18.8694048
          ],
          [
            47.491062,
            -18.8693966
          ],
          [
            47.4910042,
            -18.8693842
          ],
          [
            47.4909306,
            -18.8693713
          ],
          [
            47.4908602,
            -18.8693463
          ],
          [
            47.490767,
            -18.8693142
          ],
          [
            47.4906323,
            -18.8692427
          ],
          [
            47.4905809,
            -18.8691949
          ],
          [
            47.4905098,
            -18.8691418
          ],
          [
            47.4902386,
            -18.8689974
          ],
          [
            47.4894321,
            -18.8685838
          ],
          [
            47.4891896,
            -18.8684551
          ],
          [
            47.4891574,
            -18.8684344
          ],
          [
            47.4887131,
            -18.8682166
          ],
          [
            47.4884775,
            -18.8680876
          ],
          [
            47.4883509,
            -18.8680166
          ],
          [
            47.4881503,
            -18.8679412
          ],
          [
            47.4879236,
            -18.8678194
          ],
          [
            47.4876902,
            -18.8676515
          ],
          [
            47.4873646,
            -18.8673662
          ],
          [
            47.4870754,
            -18.8670708
          ],
          [
            47.4868938,
            -18.8669046
          ],
          [
            47.4868657,
            -18.8668789
          ],
          [
            47.4866803,
            -18.8666753
          ],
          [
            47.4866048,
            -18.8665436
          ],
          [
            47.4865373,
            -18.8664544
          ],
          [
            47.4863851,
            -18.8662288
          ],
          [
            47.4863196,
            -18.8661117
          ],
          [
            47.486257,
            -18.8660031
          ]
        ]
      },
      "id": "way/576398418"
    },
    {
      "type": "Feature",
      "properties": {
        "@id": "way/579843062",
        "highway": "primary",
        "lane_markings": "no",
        "oneway": "yes",
        "ref": "N 4",
        "surface": "asphalt"
      },
      "geometry": {
        "type": "LineString",
        "coordinates": [
          [
            47.5206357,
            -18.9004813
          ],
          [
            47.5206333,
            -18.9005199
          ],
          [
            47.5206436,
            -18.9005519
          ],
          [
            47.5206518,
            -18.9005574
          ],
          [
            47.5209001,
            -18.9008911
          ]
        ]
      },
      "id": "way/579843062"
    },
    {
      "type": "Feature",
      "properties": {
        "@id": "way/581551808",
        "highway": "primary",
        "oneway": "yes",
        "ref": "N 4"
      },
      "geometry": {
        "type": "LineString",
        "coordinates": [
          [
            47.5158664,
            -18.893995
          ],
          [
            47.51582,
            -18.8938875
          ],
          [
            47.5157933,
            -18.8938153
          ]
        ]
      },
      "id": "way/581551808"
    },
    {
      "type": "Feature",
      "properties": {
        "@id": "way/585747414",
        "highway": "primary",
        "lane_markings": "no",
        "oneway": "yes",
        "ref": "N 4",
        "surface": "asphalt"
      },
      "geometry": {
        "type": "LineString",
        "coordinates": [
          [
            47.5224008,
            -18.9028643
          ],
          [
            47.5218984,
            -18.9021804
          ],
          [
            47.521162,
            -18.9011777
          ]
        ]
      },
      "id": "way/585747414"
    },
    {
      "type": "Feature",
      "properties": {
        "@id": "way/588469033",
        "bridge": "yes",
        "highway": "primary",
        "layer": "1",
        "ref": "N 4"
      },
      "geometry": {
        "type": "LineString",
        "coordinates": [
          [
            47.3401817,
            -18.7421459
          ],
          [
            47.3401557,
            -18.7420995
          ]
        ]
      },
      "id": "way/588469033"
    },
    {
      "type": "Feature",
      "properties": {
        "@id": "way/588469035",
        "highway": "primary",
        "ref": "N 4"
      },
      "geometry": {
        "type": "LineString",
        "coordinates": [
          [
            47.3404565,
            -18.7426493
          ],
          [
            47.3404237,
            -18.7425937
          ],
          [
            47.3401817,
            -18.7421459
          ]
        ]
      },
      "id": "way/588469035"
    },
    {
      "type": "Feature",
      "properties": {
        "@id": "way/588469037",
        "bridge": "yes",
        "highway": "primary",
        "layer": "1",
        "ref": "N 4"
      },
      "geometry": {
        "type": "LineString",
        "coordinates": [
          [
            47.3396987,
            -18.7412944
          ],
          [
            47.3396566,
            -18.741205
          ]
        ]
      },
      "id": "way/588469037"
    },
    {
      "type": "Feature",
      "properties": {
        "@id": "way/588469041",
        "highway": "primary",
        "ref": "N 4"
      },
      "geometry": {
        "type": "LineString",
        "coordinates": [
          [
            47.3396566,
            -18.741205
          ],
          [
            47.3395291,
            -18.7408322
          ],
          [
            47.3394663,
            -18.7406035
          ]
        ]
      },
      "id": "way/588469041"
    },
    {
      "type": "Feature",
      "properties": {
        "@id": "way/588469066",
        "bridge": "yes",
        "highway": "primary",
        "layer": "1",
        "ref": "N 4"
      },
      "geometry": {
        "type": "LineString",
        "coordinates": [
          [
            46.8464767,
            -17.1830269
          ],
          [
            46.8463197,
            -17.1829777
          ]
        ]
      },
      "id": "way/588469066"
    },
    {
      "type": "Feature",
      "properties": {
        "@id": "way/588469067",
        "highway": "primary",
        "ref": "N 4"
      },
      "geometry": {
        "type": "LineString",
        "coordinates": [
          [
            46.8601682,
            -17.1924402
          ],
          [
            46.8599324,
            -17.1922776
          ],
          [
            46.8597095,
            -17.1921224
          ],
          [
            46.85948,
            -17.1918489
          ],
          [
            46.8593466,
            -17.1915538
          ],
          [
            46.8592359,
            -17.1910623
          ],
          [
            46.8590715,
            -17.1906521
          ],
          [
            46.8588336,
            -17.1903141
          ],
          [
            46.8587518,
            -17.1902507
          ],
          [
            46.8582622,
            -17.1898713
          ],
          [
            46.857613,
            -17.1892828
          ],
          [
            46.8574657,
            -17.1890329
          ],
          [
            46.8574186,
            -17.1889056
          ],
          [
            46.8573691,
            -17.1887716
          ],
          [
            46.85735,
            -17.1885091
          ],
          [
            46.8573369,
            -17.1880386
          ],
          [
            46.8574066,
            -17.1876287
          ],
          [
            46.8574112,
            -17.1872424
          ],
          [
            46.8573557,
            -17.186969
          ],
          [
            46.8573288,
            -17.1868369
          ],
          [
            46.8571814,
            -17.186491
          ],
          [
            46.8571567,
            -17.1864474
          ],
          [
            46.8570409,
            -17.1862424
          ],
          [
            46.8568326,
            -17.1860144
          ],
          [
            46.8566181,
            -17.1858248
          ],
          [
            46.8564114,
            -17.1856989
          ],
          [
            46.8561326,
            -17.1855454
          ],
          [
            46.8555237,
            -17.1853507
          ],
          [
            46.8552284,
            -17.1852706
          ],
          [
            46.854129,
            -17.184951
          ],
          [
            46.8530882,
            -17.1846921
          ],
          [
            46.8530134,
            -17.1846748
          ],
          [
            46.852061,
            -17.1844538
          ],
          [
            46.8516345,
            -17.1843078
          ],
          [
            46.851257,
            -17.1841552
          ],
          [
            46.850803,
            -17.1839132
          ],
          [
            46.8503955,
            -17.1836507
          ],
          [
            46.8501707,
            -17.1835059
          ],
          [
            46.8500174,
            -17.1834072
          ],
          [
            46.8497328,
            -17.1832238
          ],
          [
            46.8492548,
            -17.1829424
          ],
          [
            46.849133,
            -17.1829034
          ],
          [
            46.8489366,
            -17.1828787
          ],
          [
            46.8486682,
            -17.1829065
          ],
          [
            46.8483506,
            -17.1829913
          ],
          [
            46.8481822,
            -17.1830389
          ],
          [
            46.8480339,
            -17.1830808
          ],
          [
            46.8477415,
            -17.1831292
          ],
          [
            46.8473215,
            -17.1831675
          ],
          [
            46.8470696,
            -17.1831652
          ],
          [
            46.8467958,
            -17.1831136
          ],
          [
            46.8464767,
            -17.1830269
          ]
        ]
      },
      "id": "way/588469067"
    },
    {
      "type": "Feature",
      "properties": {
        "@id": "way/591387171",
        "highway": "primary",
        "lane_markings": "no",
        "oneway": "yes",
        "ref": "N 4",
        "surface": "asphalt"
      },
      "geometry": {
        "type": "LineString",
        "coordinates": [
          [
            47.5206357,
            -18.9004813
          ],
          [
            47.5206787,
            -18.9005133
          ],
          [
            47.5209447,
            -18.9008681
          ],
          [
            47.5210429,
            -18.9010024
          ]
        ]
      },
      "id": "way/591387171"
    },
    {
      "type": "Feature",
      "properties": {
        "@id": "way/592989458",
        "highway": "primary",
        "oneway": "yes",
        "ref": "N 4"
      },
      "geometry": {
        "type": "LineString",
        "coordinates": [
          [
            47.5152989,
            -18.8932898
          ],
          [
            47.5153199,
            -18.8933484
          ],
          [
            47.5153389,
            -18.8934233
          ],
          [
            47.5153519,
            -18.8934815
          ]
        ]
      },
      "id": "way/592989458"
    },
    {
      "type": "Feature",
      "properties": {
        "@id": "way/594046126",
        "busway": "lane",
        "highway": "primary_link",
        "ref": "N 4",
        "source": "Yahoo",
        "surface": "paved"
      },
      "geometry": {
        "type": "LineString",
        "coordinates": [
          [
            47.4799949,
            -18.8546728
          ],
          [
            47.4799841,
            -18.854794
          ]
        ]
      },
      "id": "way/594046126"
    },
    {
      "type": "Feature",
      "properties": {
        "@id": "way/594481037",
        "highway": "primary",
        "oneway": "yes",
        "ref": "N 4"
      },
      "geometry": {
        "type": "LineString",
        "coordinates": [
          [
            47.4616905,
            -18.8404191
          ],
          [
            47.4618193,
            -18.840469
          ],
          [
            47.4620763,
            -18.8405827
          ],
          [
            47.4623697,
            -18.8407098
          ],
          [
            47.4625177,
            -18.8407674
          ]
        ]
      },
      "id": "way/594481037"
    },
    {
      "type": "Feature",
      "properties": {
        "@id": "way/605376090",
        "busway": "lane",
        "highway": "primary_link",
        "ref": "N 4",
        "source": "Yahoo",
        "surface": "paved"
      },
      "geometry": {
        "type": "LineString",
        "coordinates": [
          [
            47.4799841,
            -18.854794
          ],
          [
            47.4800557,
            -18.8553396
          ]
        ]
      },
      "id": "way/605376090"
    },
    {
      "type": "Feature",
      "properties": {
        "@id": "way/615475019",
        "highway": "primary",
        "lane_markings": "no",
        "ref": "N 4",
        "surface": "asphalt"
      },
      "geometry": {
        "type": "LineString",
        "coordinates": [
          [
            47.4267467,
            -18.7948398
          ],
          [
            47.4267157,
            -18.7947014
          ],
          [
            47.426587,
            -18.7944817
          ],
          [
            47.4265053,
            -18.7943218
          ],
          [
            47.4264221,
            -18.7941606
          ],
          [
            47.4263229,
            -18.7939676
          ],
          [
            47.4261594,
            -18.7936358
          ],
          [
            47.426013,
            -18.7934232
          ],
          [
            47.4259168,
            -18.7932591
          ],
          [
            47.4258381,
            -18.7931629
          ],
          [
            47.4257047,
            -18.7930102
          ],
          [
            47.4256081,
            -18.79291
          ],
          [
            47.4253774,
            -18.7927119
          ],
          [
            47.4250582,
            -18.7924973
          ],
          [
            47.4247725,
            -18.7923527
          ],
          [
            47.4244762,
            -18.7922485
          ],
          [
            47.4243408,
            -18.7922092
          ],
          [
            47.4241637,
            -18.7921596
          ],
          [
            47.4240347,
            -18.792129
          ],
          [
            47.4238217,
            -18.7920784
          ],
          [
            47.4233784,
            -18.792066
          ],
          [
            47.423119,
            -18.7921076
          ],
          [
            47.4227247,
            -18.7922117
          ],
          [
            47.4224793,
            -18.7923056
          ],
          [
            47.4221534,
            -18.7924901
          ],
          [
            47.421976,
            -18.7926108
          ],
          [
            47.4214733,
            -18.7929226
          ],
          [
            47.4201525,
            -18.7937505
          ],
          [
            47.4193719,
            -18.7942596
          ],
          [
            47.4191735,
            -18.7943815
          ],
          [
            47.4190943,
            -18.7944233
          ],
          [
            47.4187577,
            -18.7945897
          ],
          [
            47.4183245,
            -18.7946582
          ],
          [
            47.4178431,
            -18.79469
          ],
          [
            47.4175721,
            -18.7946481
          ],
          [
            47.4174756,
            -18.7946049
          ],
          [
            47.4172409,
            -18.7945605
          ],
          [
            47.4170317,
            -18.7944614
          ],
          [
            47.4168493,
            -18.7943789
          ],
          [
            47.4167406,
            -18.7943015
          ],
          [
            47.4165368,
            -18.7941492
          ],
          [
            47.4163829,
            -18.7940047
          ],
          [
            47.4160064,
            -18.7935348
          ],
          [
            47.4158248,
            -18.7932744
          ],
          [
            47.415532,
            -18.7929367
          ],
          [
            47.4153734,
            -18.792774
          ],
          [
            47.4152043,
            -18.7926438
          ],
          [
            47.4151086,
            -18.7925672
          ],
          [
            47.4150197,
            -18.79251
          ],
          [
            47.4149091,
            -18.7924443
          ],
          [
            47.414755,
            -18.792368
          ],
          [
            47.4146199,
            -18.7923011
          ],
          [
            47.4143133,
            -18.792185
          ],
          [
            47.4140048,
            -18.7920822
          ],
          [
            47.4136843,
            -18.7920225
          ],
          [
            47.4131975,
            -18.7919083
          ],
          [
            47.4129574,
            -18.7918156
          ],
          [
            47.4127402,
            -18.7917254
          ],
          [
            47.4125377,
            -18.7915947
          ],
          [
            47.412193,
            -18.7913649
          ],
          [
            47.4118395,
            -18.7910648
          ],
          [
            47.4110894,
            -18.7904908
          ],
          [
            47.4106722,
            -18.7901716
          ],
          [
            47.4104109,
            -18.7899717
          ],
          [
            47.4101592,
            -18.7897948
          ],
          [
            47.4099775,
            -18.7896724
          ],
          [
            47.4096824,
            -18.7895049
          ],
          [
            47.4095159,
            -18.789418
          ],
          [
            47.4094331,
            -18.7893778
          ],
          [
            47.4091499,
            -18.7892402
          ],
          [
            47.4088644,
            -18.7891214
          ],
          [
            47.4081538,
            -18.7888869
          ],
          [
            47.4079176,
            -18.7888192
          ],
          [
            47.4076654,
            -18.7887583
          ],
          [
            47.4073704,
            -18.788677
          ],
          [
            47.4070566,
            -18.7886161
          ],
          [
            47.4068447,
            -18.7886186
          ],
          [
            47.4066516,
            -18.7886332
          ],
          [
            47.4064718,
            -18.7886517
          ],
          [
            47.4062841,
            -18.7887024
          ],
          [
            47.4057745,
            -18.7889132
          ],
          [
            47.4054767,
            -18.7890173
          ],
          [
            47.4052595,
            -18.7890605
          ],
          [
            47.4050248,
            -18.7890702
          ],
          [
            47.4048491,
            -18.7890681
          ],
          [
            47.404664,
            -18.7890325
          ],
          [
            47.4045621,
            -18.7890046
          ],
          [
            47.4044656,
            -18.7889691
          ],
          [
            47.4043341,
            -18.7889208
          ],
          [
            47.4041839,
            -18.7888294
          ],
          [
            47.4040337,
            -18.7887126
          ],
          [
            47.4038608,
            -18.788541
          ],
          [
            47.4034808,
            -18.7880548
          ],
          [
            47.4032544,
            -18.7877966
          ],
          [
            47.4030651,
            -18.787599
          ],
          [
            47.4028809,
            -18.7875122
          ],
          [
            47.4026883,
            -18.7874461
          ],
          [
            47.4023906,
            -18.7873603
          ],
          [
            47.4022145,
            -18.7873987
          ],
          [
            47.4020404,
            -18.7874391
          ],
          [
            47.4017277,
            -18.7876175
          ],
          [
            47.4014248,
            -18.7878618
          ],
          [
            47.4009079,
            -18.7884256
          ],
          [
            47.4007304,
            -18.7885942
          ],
          [
            47.4005317,
            -18.7887402
          ],
          [
            47.400383,
            -18.7888092
          ],
          [
            47.4003014,
            -18.7888376
          ],
          [
            47.4000872,
            -18.7888625
          ],
          [
            47.3998521,
            -18.7888537
          ],
          [
            47.3997375,
            -18.7888235
          ],
          [
            47.399547,
            -18.7887406
          ],
          [
            47.3994482,
            -18.7886855
          ],
          [
            47.3990077,
            -18.7882934
          ],
          [
            47.3983478,
            -18.7877328
          ],
          [
            47.39834,
            -18.7877262
          ],
          [
            47.3981735,
            -18.7875852
          ],
          [
            47.3974859,
            -18.7869697
          ],
          [
            47.3972113,
            -18.786735
          ]
        ]
      },
      "id": "way/615475019"
    },
    {
      "type": "Feature",
      "properties": {
        "@id": "way/620769633",
        "highway": "primary",
        "name": "Làlana Ampanjaka Toera",
        "name:fr": "Rue Ampanjaka Toera",
        "oneway": "yes",
        "ref": "N 4",
        "surface": "asphalt"
      },
      "geometry": {
        "type": "LineString",
        "coordinates": [
          [
            47.5193074,
            -18.8986891
          ],
          [
            47.5196278,
            -18.8991195
          ],
          [
            47.5197841,
            -18.8993206
          ]
        ]
      },
      "id": "way/620769633"
    },
    {
      "type": "Feature",
      "properties": {
        "@id": "way/639908568",
        "highway": "primary",
        "ref": "N 4"
      },
      "geometry": {
        "type": "LineString",
        "coordinates": [
          [
            47.466667,
            -18.8422464
          ],
          [
            47.4665401,
            -18.8422012
          ],
          [
            47.4660508,
            -18.8420311
          ],
          [
            47.4656522,
            -18.8418918
          ],
          [
            47.4656239,
            -18.8418819
          ],
          [
            47.4649316,
            -18.8416198
          ],
          [
            47.4635461,
            -18.8411222
          ]
        ]
      },
      "id": "way/639908568"
    },
    {
      "type": "Feature",
      "properties": {
        "@id": "way/639908569",
        "busway": "lane",
        "highway": "primary",
        "ref": "N 4",
        "surface": "paved"
      },
      "geometry": {
        "type": "LineString",
        "coordinates": [
          [
            47.4796789,
            -18.8522741
          ],
          [
            47.4796259,
            -18.8522077
          ]
        ]
      },
      "id": "way/639908569"
    },
    {
      "type": "Feature",
      "properties": {
        "@id": "way/679239994",
        "highway": "primary",
        "ref": "N 4"
      },
      "geometry": {
        "type": "LineString",
        "coordinates": [
          [
            47.1028294,
            -16.5518144
          ],
          [
            47.1031359,
            -16.5510651
          ],
          [
            47.1032492,
            -16.5508341
          ],
          [
            47.1033741,
            -16.5506798
          ],
          [
            47.1035612,
            -16.5505361
          ],
          [
            47.1043988,
            -16.5501415
          ],
          [
            47.1052456,
            -16.5497424
          ],
          [
            47.1054875,
            -16.5496015
          ],
          [
            47.1059233,
            -16.549116
          ],
          [
            47.106697,
            -16.548206
          ]
        ]
      },
      "id": "way/679239994"
    },
    {
      "type": "Feature",
      "properties": {
        "@id": "way/679239995",
        "bridge": "yes",
        "highway": "primary",
        "layer": "1",
        "ref": "N 4"
      },
      "geometry": {
        "type": "LineString",
        "coordinates": [
          [
            47.1027796,
            -16.5519404
          ],
          [
            47.1028294,
            -16.5518144
          ]
        ]
      },
      "id": "way/679239995"
    },
    {
      "type": "Feature",
      "properties": {
        "@id": "way/684416867",
        "highway": "primary",
        "name": "Làlana Ampanjaka Toera",
        "name:fr": "Rue Ampanjaka Toera",
        "ref": "N 4",
        "surface": "asphalt"
      },
      "geometry": {
        "type": "LineString",
        "coordinates": [
          [
            47.5183188,
            -18.8973538
          ],
          [
            47.5182712,
            -18.8972792
          ]
        ]
      },
      "id": "way/684416867"
    },
    {
      "type": "Feature",
      "properties": {
        "@id": "way/685442884",
        "busway": "lane",
        "highway": "primary",
        "maxspeed": "40",
        "name": "Rue Docteur Joseph Raseta",
        "oneway": "no",
        "ref": "N 4",
        "surface": "paved"
      },
      "geometry": {
        "type": "LineString",
        "coordinates": [
          [
            47.5021873,
            -18.8749407
          ],
          [
            47.5021824,
            -18.8749384
          ],
          [
            47.5015723,
            -18.874737
          ],
          [
            47.5014341,
            -18.8746877
          ],
          [
            47.5013883,
            -18.8746714
          ],
          [
            47.5012342,
            -18.8746103
          ],
          [
            47.5010819,
            -18.8745144
          ],
          [
            47.5009642,
            -18.8744007
          ],
          [
            47.5007726,
            -18.8741673
          ],
          [
            47.5004506,
            -18.8737402
          ],
          [
            47.5002821,
            -18.873567
          ],
          [
            47.500061,
            -18.8734397
          ],
          [
            47.5000071,
            -18.8734098
          ],
          [
            47.4998097,
            -18.873319
          ]
        ]
      },
      "id": "way/685442884"
    },
    {
      "type": "Feature",
      "properties": {
        "@id": "way/688022725",
        "bus": "yes",
        "highway": "primary",
        "name": "Miaramila",
        "public_transport": "stop_position",
        "ref": "N 4",
        "surface": "asphalt"
      },
      "geometry": {
        "type": "LineString",
        "coordinates": [
          [
            46.3681793,
            -15.7150919
          ],
          [
            46.3681291,
            -15.7151035
          ],
          [
            46.3673922,
            -15.7153256
          ],
          [
            46.3668557,
            -15.7155037
          ],
          [
            46.3667461,
            -15.7155385
          ],
          [
            46.3666137,
            -15.7155765
          ],
          [
            46.3665821,
            -15.7155856
          ],
          [
            46.3653029,
            -15.7159504
          ],
          [
            46.3647987,
            -15.7161284
          ],
          [
            46.3644164,
            -15.7162188
          ],
          [
            46.3643775,
            -15.716228
          ],
          [
            46.3643424,
            -15.7162334
          ],
          [
            46.3636168,
            -15.7163454
          ],
          [
            46.3627818,
            -15.7163079
          ],
          [
            46.3627573,
            -15.7163067
          ],
          [
            46.3626233,
            -15.7163004
          ],
          [
            46.36241,
            -15.7162443
          ],
          [
            46.362316,
            -15.7162131
          ],
          [
            46.3619954,
            -15.7161351
          ],
          [
            46.3619723,
            -15.7161308
          ],
          [
            46.3615976,
            -15.7160609
          ],
          [
            46.3611435,
            -15.7159647
          ],
          [
            46.3598546,
            -15.7156747
          ],
          [
            46.3597676,
            -15.7156551
          ],
          [
            46.3595584,
            -15.7156142
          ],
          [
            46.3593783,
            -15.7155786
          ],
          [
            46.3587471,
            -15.7154482
          ],
          [
            46.3586246,
            -15.7154209
          ],
          [
            46.3582996,
            -15.7153484
          ],
          [
            46.3568679,
            -15.715029
          ],
          [
            46.3566702,
            -15.714977
          ],
          [
            46.3561429,
            -15.7148383
          ],
          [
            46.3556682,
            -15.7147134
          ],
          [
            46.3553589,
            -15.7145981
          ],
          [
            46.3552722,
            -15.7145722
          ],
          [
            46.3550647,
            -15.7144786
          ],
          [
            46.354977,
            -15.7144438
          ],
          [
            46.3549701,
            -15.7144419
          ],
          [
            46.3546319,
            -15.7143163
          ],
          [
            46.354225,
            -15.7141542
          ],
          [
            46.3538964,
            -15.7140233
          ],
          [
            46.3538034,
            -15.7139971
          ],
          [
            46.3536597,
            -15.7139653
          ],
          [
            46.3533737,
            -15.713883
          ],
          [
            46.353364,
            -15.7138802
          ]
        ]
      },
      "id": "way/688022725"
    },
    {
      "type": "Feature",
      "properties": {
        "@id": "way/688022727",
        "bridge": "yes",
        "highway": "primary",
        "layer": "1",
        "name": "Route d'Antananarivo",
        "ref": "N 4"
      },
      "geometry": {
        "type": "LineString",
        "coordinates": [
          [
            46.3831321,
            -15.7063485
          ],
          [
            46.3829951,
            -15.7063305
          ]
        ]
      },
      "id": "way/688022727"
    },
    {
      "type": "Feature",
      "properties": {
        "@id": "way/760266811",
        "highway": "primary",
        "ref": "N 4",
        "surface": "cobblestone"
      },
      "geometry": {
        "type": "LineString",
        "coordinates": [
          [
            47.3412894,
            -18.7440984
          ],
          [
            47.3411252,
            -18.743854
          ],
          [
            47.341,
            -18.7436429
          ],
          [
            47.3409143,
            -18.7434582
          ],
          [
            47.3405251,
            -18.7427724
          ]
        ]
      },
      "id": "way/760266811"
    },
    {
      "type": "Feature",
      "properties": {
        "@id": "way/760266817",
        "highway": "primary",
        "ref": "N 4",
        "surface": "cobblestone"
      },
      "geometry": {
        "type": "LineString",
        "coordinates": [
          [
            47.3456837,
            -18.7483369
          ],
          [
            47.3455954,
            -18.7482609
          ],
          [
            47.3455052,
            -18.7481605
          ],
          [
            47.3450694,
            -18.7477871
          ],
          [
            47.3446389,
            -18.7473896
          ],
          [
            47.344136,
            -18.746927
          ],
          [
            47.3436638,
            -18.7465202
          ],
          [
            47.3431941,
            -18.7461037
          ],
          [
            47.3430747,
            -18.7460015
          ],
          [
            47.3429192,
            -18.7458535
          ],
          [
            47.342777,
            -18.7456896
          ],
          [
            47.3422478,
            -18.7451297
          ],
          [
            47.342045,
            -18.7449232
          ],
          [
            47.3418467,
            -18.7447188
          ],
          [
            47.3416506,
            -18.744543
          ],
          [
            47.3412894,
            -18.7440984
          ]
        ]
      },
      "id": "way/760266817"
    },
    {
      "type": "Feature",
      "properties": {
        "@id": "way/760266819",
        "highway": "primary",
        "ref": "N 4",
        "surface": "sett"
      },
      "geometry": {
        "type": "LineString",
        "coordinates": [
          [
            47.4407052,
            -18.8187498
          ],
          [
            47.440554,
            -18.8187093
          ],
          [
            47.4400335,
            -18.8185969
          ]
        ]
      },
      "id": "way/760266819"
    },
    {
      "type": "Feature",
      "properties": {
        "@id": "way/760266820",
        "highway": "primary",
        "ref": "N 4",
        "surface": "asphalt"
      },
      "geometry": {
        "type": "LineString",
        "coordinates": [
          [
            47.4494941,
            -18.8246554
          ],
          [
            47.4494738,
            -18.8245987
          ],
          [
            47.4494207,
            -18.8244489
          ],
          [
            47.4490818,
            -18.8235322
          ],
          [
            47.4490268,
            -18.8234117
          ],
          [
            47.4489479,
            -18.8232388
          ],
          [
            47.4488172,
            -18.8230464
          ],
          [
            47.4486395,
            -18.8228695
          ],
          [
            47.4485436,
            -18.8227838
          ],
          [
            47.4483491,
            -18.82261
          ],
          [
            47.4479422,
            -18.8222465
          ],
          [
            47.44777,
            -18.8221057
          ],
          [
            47.4476139,
            -18.8219781
          ],
          [
            47.447351,
            -18.8217631
          ],
          [
            47.4470295,
            -18.8215002
          ],
          [
            47.446857,
            -18.8213817
          ],
          [
            47.4464684,
            -18.8211735
          ],
          [
            47.44613,
            -18.8210047
          ],
          [
            47.4458467,
            -18.8208697
          ],
          [
            47.445635,
            -18.8207801
          ],
          [
            47.4454808,
            -18.8207334
          ],
          [
            47.4452239,
            -18.8206706
          ],
          [
            47.4449855,
            -18.820667
          ],
          [
            47.4447054,
            -18.8206995
          ],
          [
            47.4445326,
            -18.8207236
          ],
          [
            47.4443381,
            -18.8207598
          ],
          [
            47.4440432,
            -18.8208216
          ],
          [
            47.4437283,
            -18.8208857
          ],
          [
            47.4434929,
            -18.8209273
          ],
          [
            47.4432908,
            -18.8209343
          ],
          [
            47.44316,
            -18.8209286
          ],
          [
            47.4430557,
            -18.8209165
          ],
          [
            47.442962,
            -18.820881
          ],
          [
            47.4427977,
            -18.8207943
          ],
          [
            47.4427008,
            -18.8206615
          ],
          [
            47.4426605,
            -18.8205767
          ],
          [
            47.4426297,
            -18.8205196
          ],
          [
            47.4425751,
            -18.8204142
          ],
          [
            47.4425531,
            -18.8203233
          ],
          [
            47.4425191,
            -18.8202191
          ],
          [
            47.4424963,
            -18.8201192
          ],
          [
            47.4424606,
            -18.8199919
          ],
          [
            47.4424075,
            -18.8198816
          ],
          [
            47.4423048,
            -18.8197514
          ],
          [
            47.4421104,
            -18.8196129
          ],
          [
            47.4418949,
            -18.8194822
          ],
          [
            47.4418354,
            -18.8194263
          ],
          [
            47.4417737,
            -18.8193679
          ],
          [
            47.4417271,
            -18.8192935
          ],
          [
            47.4416796,
            -18.8191601
          ],
          [
            47.4416805,
            -18.8191064
          ],
          [
            47.4416949,
            -18.8190457
          ],
          [
            47.4417054,
            -18.8190297
          ],
          [
            47.4417496,
            -18.818962
          ],
          [
            47.4418478,
            -18.8188691
          ],
          [
            47.4419237,
            -18.8188109
          ],
          [
            47.442042,
            -18.8187293
          ],
          [
            47.442118,
            -18.8186526
          ],
          [
            47.4421475,
            -18.8185784
          ],
          [
            47.4421503,
            -18.8184783
          ],
          [
            47.4421254,
            -18.8184046
          ],
          [
            47.4420946,
            -18.8183487
          ],
          [
            47.4419712,
            -18.8182752
          ],
          [
            47.4418979,
            -18.8182705
          ],
          [
            47.4417954,
            -18.8183125
          ],
          [
            47.4416413,
            -18.8183943
          ],
          [
            47.4414734,
            -18.8184892
          ],
          [
            47.4413484,
            -18.8185527
          ],
          [
            47.4411572,
            -18.8186498
          ],
          [
            47.4410548,
            -18.8187014
          ],
          [
            47.4408375,
            -18.8187919
          ],
          [
            47.4407052,
            -18.8187498
          ]
        ]
      },
      "id": "way/760266820"
    },
    {
      "type": "Feature",
      "properties": {
        "@id": "way/760268194",
        "highway": "primary",
        "ref": "N 4"
      },
      "geometry": {
        "type": "LineString",
        "coordinates": [
          [
            47.1712307,
            -18.5005659
          ],
          [
            47.170519,
            -18.4995111
          ],
          [
            47.1695827,
            -18.4984272
          ],
          [
            47.1693396,
            -18.4981135
          ],
          [
            47.1692331,
            -18.497977
          ],
          [
            47.1691764,
            -18.4978242
          ],
          [
            47.1691285,
            -18.4976107
          ],
          [
            47.1691188,
            -18.4974024
          ],
          [
            47.1691258,
            -18.4956343
          ],
          [
            47.1691446,
            -18.4948597
          ],
          [
            47.1691288,
            -18.4938699
          ],
          [
            47.1691242,
            -18.4903219
          ],
          [
            47.1691258,
            -18.4899364
          ],
          [
            47.1690901,
            -18.4895656
          ],
          [
            47.1690212,
            -18.4893869
          ],
          [
            47.1689266,
            -18.4892275
          ],
          [
            47.1686291,
            -18.4889826
          ],
          [
            47.1683051,
            -18.4888667
          ],
          [
            47.1680154,
            -18.4887879
          ],
          [
            47.1675527,
            -18.4885553
          ],
          [
            47.1668875,
            -18.4880922
          ],
          [
            47.166284,
            -18.487516
          ],
          [
            47.1661701,
            -18.4873926
          ],
          [
            47.1661204,
            -18.4872782
          ],
          [
            47.1661137,
            -18.4872146
          ],
          [
            47.1661231,
            -18.4871382
          ],
          [
            47.1661714,
            -18.4869258
          ],
          [
            47.1661473,
            -18.4868483
          ],
          [
            47.1661057,
            -18.4867948
          ],
          [
            47.1660158,
            -18.4867223
          ],
          [
            47.1659729,
            -18.4867033
          ],
          [
            47.1659126,
            -18.486688
          ],
          [
            47.1656886,
            -18.4866638
          ],
          [
            47.1654915,
            -18.4866626
          ],
          [
            47.1653734,
            -18.4867033
          ],
          [
            47.1651817,
            -18.4868126
          ],
          [
            47.1650744,
            -18.4868533
          ],
          [
            47.1649523,
            -18.486875
          ],
          [
            47.1647935,
            -18.486865
          ],
          [
            47.1646678,
            -18.4868399
          ],
          [
            47.1644266,
            -18.48673
          ],
          [
            47.1642562,
            -18.4866466
          ],
          [
            47.1633792,
            -18.486208
          ],
          [
            47.1631177,
            -18.4859757
          ],
          [
            47.1628856,
            -18.4857217
          ],
          [
            47.1627502,
            -18.4856323
          ],
          [
            47.1626387,
            -18.4855956
          ],
          [
            47.1624525,
            -18.4856171
          ],
          [
            47.1622758,
            -18.4856599
          ],
          [
            47.1620365,
            -18.4855983
          ],
          [
            47.1618374,
            -18.4854044
          ],
          [
            47.1615528,
            -18.484936
          ],
          [
            47.160863,
            -18.4837989
          ],
          [
            47.1608416,
            -18.4836015
          ],
          [
            47.1608626,
            -18.4834089
          ],
          [
            47.1609544,
            -18.483209
          ],
          [
            47.1609725,
            -18.4831696
          ],
          [
            47.1611481,
            -18.4829502
          ],
          [
            47.1615486,
            -18.48245
          ],
          [
            47.1619795,
            -18.4819559
          ],
          [
            47.1622869,
            -18.4810746
          ],
          [
            47.1625614,
            -18.4802875
          ]
        ]
      },
      "id": "way/760268194"
    },
    {
      "type": "Feature",
      "properties": {
        "@id": "way/761789972",
        "bridge": "yes",
        "highway": "primary",
        "layer": "1",
        "ref": "N 4"
      },
      "geometry": {
        "type": "LineString",
        "coordinates": [
          [
            46.8251904,
            -16.9566735
          ],
          [
            46.8252487,
            -16.9566159
          ]
        ]
      },
      "id": "way/761789972"
    },
    {
      "type": "Feature",
      "properties": {
        "@id": "way/761789973",
        "highway": "primary",
        "lanes": "2",
        "maxspeed": "80",
        "ref": "N 4",
        "smoothness": "intermediate",
        "surface": "asphalt"
      },
      "geometry": {
        "type": "LineString",
        "coordinates": [
          [
            46.8252487,
            -16.9566159
          ],
          [
            46.825557,
            -16.9562926
          ],
          [
            46.8258627,
            -16.9558925
          ],
          [
            46.8264634,
            -16.9549564
          ]
        ]
      },
      "id": "way/761789973"
    },
    {
      "type": "Feature",
      "properties": {
        "@id": "way/762552724",
        "bridge": "yes",
        "highway": "primary",
        "layer": "1",
        "ref": "N 4"
      },
      "geometry": {
        "type": "LineString",
        "coordinates": [
          [
            47.0756803,
            -16.7054732
          ],
          [
            47.0759342,
            -16.7046975
          ]
        ]
      },
      "id": "way/762552724"
    },
    {
      "type": "Feature",
      "properties": {
        "@id": "way/762552725",
        "highway": "primary",
        "ref": "N 4"
      },
      "geometry": {
        "type": "LineString",
        "coordinates": [
          [
            47.0759342,
            -16.7046975
          ],
          [
            47.0759717,
            -16.704498
          ],
          [
            47.0759937,
            -16.7042486
          ],
          [
            47.0759108,
            -16.7040242
          ],
          [
            47.0758502,
            -16.7039211
          ],
          [
            47.0757152,
            -16.7037906
          ],
          [
            47.0755919,
            -16.7036647
          ],
          [
            47.0754817,
            -16.7036083
          ]
        ]
      },
      "id": "way/762552725"
    },
    {
      "type": "Feature",
      "properties": {
        "@id": "way/802149458",
        "bridge": "yes",
        "highway": "primary",
        "lanes": "2",
        "layer": "1",
        "maxspeed": "80",
        "ref": "N 4",
        "smoothness": "intermediate",
        "surface": "asphalt"
      },
      "geometry": {
        "type": "LineString",
        "coordinates": [
          [
            46.8529792,
            -16.9505293
          ],
          [
            46.8531053,
            -16.9504241
          ]
        ]
      },
      "id": "way/802149458"
    },
    {
      "type": "Feature",
      "properties": {
        "@id": "way/802149459",
        "highway": "primary",
        "lanes": "2",
        "maxspeed": "50",
        "ref": "N 4",
        "smoothness": "intermediate",
        "surface": "asphalt"
      },
      "geometry": {
        "type": "LineString",
        "coordinates": [
          [
            46.8446711,
            -16.9486117
          ],
          [
            46.8447878,
            -16.9489027
          ],
          [
            46.8448481,
            -16.9492118
          ],
          [
            46.8448569,
            -16.9498661
          ],
          [
            46.8448575,
            -16.9499084
          ],
          [
            46.8448789,
            -16.9502933
          ],
          [
            46.8448937,
            -16.9506615
          ],
          [
            46.8449346,
            -16.9508862
          ],
          [
            46.8449891,
            -16.9510433
          ],
          [
            46.8450319,
            -16.9511425
          ],
          [
            46.845111,
            -16.9512877
          ],
          [
            46.8452424,
            -16.9514876
          ],
          [
            46.8453987,
            -16.9516472
          ],
          [
            46.8455178,
            -16.9517259
          ],
          [
            46.8456851,
            -16.9518378
          ],
          [
            46.8458312,
            -16.9519212
          ],
          [
            46.8459788,
            -16.9519891
          ],
          [
            46.8463555,
            -16.9521303
          ],
          [
            46.8467516,
            -16.9522703
          ],
          [
            46.8471937,
            -16.9524266
          ],
          [
            46.8476229,
            -16.9525511
          ],
          [
            46.8479798,
            -16.9526103
          ],
          [
            46.8482653,
            -16.9526049
          ],
          [
            46.8484721,
            -16.9525925
          ],
          [
            46.8487406,
            -16.9525765
          ],
          [
            46.8491987,
            -16.9525023
          ],
          [
            46.8496798,
            -16.9524037
          ],
          [
            46.8499403,
            -16.9523368
          ],
          [
            46.8501936,
            -16.9522562
          ],
          [
            46.8503174,
            -16.9522011
          ],
          [
            46.8508421,
            -16.9519126
          ]
        ]
      },
      "id": "way/802149459"
    },
    {
      "type": "Feature",
      "properties": {
        "@id": "way/1003483380",
        "highway": "primary",
        "oneway": "yes",
        "ref": "N 4",
        "surface": "asphalt"
      },
      "geometry": {
        "type": "LineString",
        "coordinates": [
          [
            47.5210429,
            -18.9010024
          ],
          [
            47.521162,
            -18.9011777
          ]
        ]
      },
      "id": "way/1003483380"
    },
    {
      "type": "Feature",
      "properties": {
        "@id": "way/1035116476",
        "highway": "primary",
        "lane_markings": "no",
        "ref": "N 4",
        "surface": "asphalt"
      },
      "geometry": {
        "type": "LineString",
        "coordinates": [
          [
            47.4314271,
            -18.8096959
          ],
          [
            47.4311549,
            -18.8094992
          ],
          [
            47.4309055,
            -18.8092896
          ],
          [
            47.4307271,
            -18.8090904
          ],
          [
            47.4306171,
            -18.8089685
          ],
          [
            47.4304709,
            -18.8087324
          ],
          [
            47.4303099,
            -18.8084549
          ],
          [
            47.4302431,
            -18.8083482
          ],
          [
            47.4301653,
            -18.8081562
          ],
          [
            47.4301273,
            -18.8080191
          ],
          [
            47.4300835,
            -18.807837
          ],
          [
            47.4300268,
            -18.8075428
          ],
          [
            47.4299845,
            -18.8071172
          ],
          [
            47.4300567,
            -18.8063398
          ],
          [
            47.4300842,
            -18.8057584
          ],
          [
            47.4300528,
            -18.8054494
          ],
          [
            47.4300512,
            -18.8050665
          ],
          [
            47.4297209,
            -18.8042944
          ],
          [
            47.4294321,
            -18.8035565
          ],
          [
            47.4292221,
            -18.8030443
          ],
          [
            47.4290513,
            -18.8025112
          ],
          [
            47.4289107,
            -18.8020925
          ],
          [
            47.4287639,
            -18.801645
          ],
          [
            47.4286315,
            -18.8012557
          ],
          [
            47.4285118,
            -18.800783
          ],
          [
            47.428481,
            -18.8006542
          ],
          [
            47.4283403,
            -18.8002202
          ],
          [
            47.4282946,
            -18.8000447
          ],
          [
            47.4280625,
            -18.7993337
          ],
          [
            47.4278169,
            -18.7985038
          ],
          [
            47.42751,
            -18.7976598
          ],
          [
            47.4272601,
            -18.7965842
          ],
          [
            47.4271061,
            -18.7960344
          ],
          [
            47.426952,
            -18.7955558
          ],
          [
            47.4267467,
            -18.7948398
          ]
        ]
      },
      "id": "way/1035116476"
    },
    {
      "type": "Feature",
      "properties": {
        "@id": "way/1035116477",
        "bridge": "yes",
        "highway": "primary",
        "layer": "1",
        "ref": "N 4"
      },
      "geometry": {
        "type": "LineString",
        "coordinates": [
          [
            47.4315209,
            -18.8097467
          ],
          [
            47.4314271,
            -18.8096959
          ]
        ]
      },
      "id": "way/1035116477"
    },
    {
      "type": "Feature",
      "properties": {
        "@id": "way/1063181442",
        "highway": "primary",
        "ref": "N 4"
      },
      "geometry": {
        "type": "LineString",
        "coordinates": [
          [
            47.2856105,
            -18.6665934
          ],
          [
            47.2850271,
            -18.666291
          ],
          [
            47.2846966,
            -18.666014
          ],
          [
            47.2843705,
            -18.6658605
          ],
          [
            47.2825054,
            -18.6651252
          ],
          [
            47.2820955,
            -18.6648835
          ],
          [
            47.2818648,
            -18.6647133
          ],
          [
            47.2817683,
            -18.6646141
          ],
          [
            47.2817079,
            -18.6644846
          ],
          [
            47.2816633,
            -18.6643995
          ],
          [
            47.2815765,
            -18.6642508
          ],
          [
            47.2815309,
            -18.6640767
          ],
          [
            47.2815111,
            -18.6637868
          ],
          [
            47.2815718,
            -18.6631165
          ],
          [
            47.2815817,
            -18.6629813
          ],
          [
            47.2815966,
            -18.662777
          ],
          [
            47.2816806,
            -18.6617615
          ],
          [
            47.2816888,
            -18.6616626
          ],
          [
            47.2817012,
            -18.6614774
          ],
          [
            47.2817933,
            -18.6601087
          ],
          [
            47.2818524,
            -18.6599041
          ],
          [
            47.2818725,
            -18.6596538
          ],
          [
            47.2818953,
            -18.6594442
          ],
          [
            47.281898,
            -18.6592625
          ],
          [
            47.2819101,
            -18.6590719
          ]
        ]
      },
      "id": "way/1063181442"
    },
    {
      "type": "Feature",
      "properties": {
        "@id": "way/1064892672",
        "bridge": "yes",
        "highway": "primary",
        "layer": "1",
        "ref": "N 4"
      },
      "geometry": {
        "type": "LineString",
        "coordinates": [
          [
            47.2988729,
            -18.6940412
          ],
          [
            47.298947,
            -18.6941386
          ]
        ]
      },
      "id": "way/1064892672"
    },
    {
      "type": "Feature",
      "properties": {
        "@id": "way/1064892673",
        "highway": "primary",
        "ref": "N 4"
      },
      "geometry": {
        "type": "LineString",
        "coordinates": [
          [
            47.2899917,
            -18.6761226
          ],
          [
            47.2900662,
            -18.6762537
          ],
          [
            47.290172,
            -18.6764227
          ],
          [
            47.2904525,
            -18.6768474
          ],
          [
            47.2906771,
            -18.6770716
          ],
          [
            47.2908423,
            -18.6771542
          ],
          [
            47.2914854,
            -18.6775475
          ],
          [
            47.2916679,
            -18.6776575
          ],
          [
            47.2918532,
            -18.6778351
          ],
          [
            47.2919925,
            -18.6780577
          ],
          [
            47.2920758,
            -18.6782338
          ],
          [
            47.2921218,
            -18.6783631
          ],
          [
            47.2925591,
            -18.679592
          ],
          [
            47.292944,
            -18.6807088
          ],
          [
            47.2931056,
            -18.6811779
          ],
          [
            47.2936548,
            -18.6826726
          ],
          [
            47.2940095,
            -18.6836781
          ],
          [
            47.294041,
            -18.683758
          ],
          [
            47.2942452,
            -18.6842759
          ],
          [
            47.2951105,
            -18.6867546
          ],
          [
            47.2951618,
            -18.6869015
          ],
          [
            47.2955188,
            -18.6878166
          ],
          [
            47.295938,
            -18.6885361
          ],
          [
            47.2963377,
            -18.6892857
          ],
          [
            47.2966301,
            -18.6898433
          ],
          [
            47.2971105,
            -18.6907506
          ],
          [
            47.2977304,
            -18.6919223
          ],
          [
            47.2977847,
            -18.6920323
          ],
          [
            47.298246,
            -18.6928517
          ],
          [
            47.2985168,
            -18.6933745
          ],
          [
            47.2987381,
            -18.6938019
          ],
          [
            47.2988729,
            -18.6940412
          ]
        ]
      },
      "id": "way/1064892673"
    },
    {
      "type": "Feature",
      "properties": {
        "@id": "way/1066517932",
        "highway": "primary",
        "ref": "N 4"
      },
      "geometry": {
        "type": "LineString",
        "coordinates": [
          [
            47.3250627,
            -18.7306374
          ],
          [
            47.3251299,
            -18.7306731
          ],
          [
            47.3251694,
            -18.7306966
          ],
          [
            47.325209,
            -18.7307321
          ],
          [
            47.325264,
            -18.7307931
          ],
          [
            47.3253344,
            -18.7308642
          ],
          [
            47.325382,
            -18.7309176
          ],
          [
            47.325429,
            -18.7309604
          ],
          [
            47.3254946,
            -18.7310014
          ],
          [
            47.3255913,
            -18.7310444
          ],
          [
            47.3256616,
            -18.7310643
          ],
          [
            47.3257135,
            -18.7310773
          ],
          [
            47.3257991,
            -18.7310839
          ],
          [
            47.3259209,
            -18.7310744
          ],
          [
            47.3259942,
            -18.7310592
          ],
          [
            47.3260709,
            -18.731026
          ],
          [
            47.326186,
            -18.7309493
          ],
          [
            47.3262777,
            -18.730872
          ],
          [
            47.3265145,
            -18.7306737
          ],
          [
            47.3266547,
            -18.7305765
          ],
          [
            47.3267445,
            -18.7305384
          ],
          [
            47.326863,
            -18.730476
          ],
          [
            47.3269705,
            -18.7304362
          ],
          [
            47.3270885,
            -18.7304075
          ],
          [
            47.3272441,
            -18.7303812
          ],
          [
            47.3273939,
            -18.7303866
          ],
          [
            47.3275115,
            -18.730401
          ],
          [
            47.3276063,
            -18.730419
          ],
          [
            47.3276917,
            -18.7304459
          ],
          [
            47.3278434,
            -18.730489
          ],
          [
            47.329066,
            -18.7308147
          ]
        ]
      },
      "id": "way/1066517932"
    },
    {
      "type": "Feature",
      "properties": {
        "@id": "way/1066517933",
        "highway": "primary",
        "ref": "N 4"
      },
      "geometry": {
        "type": "LineString",
        "coordinates": [
          [
            47.329066,
            -18.7308147
          ],
          [
            47.3294241,
            -18.7308763
          ],
          [
            47.3300343,
            -18.7309569
          ],
          [
            47.33126,
            -18.7311881
          ],
          [
            47.3318769,
            -18.7312414
          ],
          [
            47.3322363,
            -18.7313151
          ],
          [
            47.3323145,
            -18.7313386
          ],
          [
            47.3325072,
            -18.7313964
          ],
          [
            47.3326172,
            -18.7314726
          ],
          [
            47.3327111,
            -18.7315945
          ],
          [
            47.3328372,
            -18.7319349
          ],
          [
            47.3329525,
            -18.7322879
          ],
          [
            47.3330142,
            -18.7324505
          ],
          [
            47.3331617,
            -18.7329128
          ],
          [
            47.3331832,
            -18.7329941
          ],
          [
            47.3333367,
            -18.7333015
          ],
          [
            47.3334541,
            -18.7333802
          ],
          [
            47.333623,
            -18.7334361
          ],
          [
            47.3347013,
            -18.7335809
          ],
          [
            47.3347757,
            -18.7336075
          ],
          [
            47.3349427,
            -18.7336672
          ],
          [
            47.3351439,
            -18.7338247
          ],
          [
            47.3354436,
            -18.7342978
          ],
          [
            47.3355601,
            -18.7343884
          ],
          [
            47.335691,
            -18.7344902
          ],
          [
            47.3367773,
            -18.7352014
          ],
          [
            47.3369115,
            -18.7352231
          ],
          [
            47.3375203,
            -18.7349525
          ],
          [
            47.3378044,
            -18.7348572
          ],
          [
            47.3382103,
            -18.7348213
          ],
          [
            47.3385327,
            -18.7348357
          ],
          [
            47.3387451,
            -18.7349003
          ],
          [
            47.3389803,
            -18.7350261
          ],
          [
            47.3391661,
            -18.7351841
          ],
          [
            47.3393154,
            -18.7354694
          ],
          [
            47.3393049,
            -18.7358347
          ],
          [
            47.3391484,
            -18.7371014
          ],
          [
            47.3390706,
            -18.7378761
          ],
          [
            47.33906,
            -18.7379783
          ],
          [
            47.3390268,
            -18.7382992
          ],
          [
            47.3390349,
            -18.7389981
          ],
          [
            47.3390773,
            -18.7392008
          ],
          [
            47.3391525,
            -18.73947
          ],
          [
            47.3393921,
            -18.7403317
          ],
          [
            47.3394064,
            -18.7403835
          ]
        ]
      },
      "id": "way/1066517933"
    },
    {
      "type": "Feature",
      "properties": {
        "@id": "way/1084445054",
        "bridge": "yes",
        "highway": "primary",
        "layer": "1",
        "ref": "N 4"
      },
      "geometry": {
        "type": "LineString",
        "coordinates": [
          [
            47.2752354,
            -18.6424031
          ],
          [
            47.2751656,
            -18.6422913
          ]
        ]
      },
      "id": "way/1084445054"
    },
    {
      "type": "Feature",
      "properties": {
        "@id": "way/1084445055",
        "highway": "primary",
        "ref": "N 4"
      },
      "geometry": {
        "type": "LineString",
        "coordinates": [
          [
            47.2819248,
            -18.6588495
          ],
          [
            47.2819409,
            -18.6587174
          ],
          [
            47.281957,
            -18.6585967
          ],
          [
            47.2819771,
            -18.6584429
          ],
          [
            47.2819945,
            -18.6583197
          ],
          [
            47.2820227,
            -18.6581456
          ],
          [
            47.2821354,
            -18.6576297
          ],
          [
            47.2822614,
            -18.6569792
          ],
          [
            47.2822614,
            -18.6567555
          ],
          [
            47.2822105,
            -18.6565624
          ],
          [
            47.2821541,
            -18.6563896
          ],
          [
            47.2820147,
            -18.6561456
          ],
          [
            47.2818189,
            -18.6559677
          ],
          [
            47.2814246,
            -18.6557136
          ],
          [
            47.2802229,
            -18.6552638
          ],
          [
            47.279606,
            -18.6549512
          ],
          [
            47.2794692,
            -18.654875
          ],
          [
            47.2790642,
            -18.654565
          ],
          [
            47.2787654,
            -18.6542562
          ],
          [
            47.2785332,
            -18.6539525
          ],
          [
            47.2783606,
            -18.6536804
          ],
          [
            47.2781872,
            -18.6533197
          ],
          [
            47.2780721,
            -18.6529965
          ],
          [
            47.2780316,
            -18.652861
          ],
          [
            47.2779002,
            -18.6522752
          ],
          [
            47.2777312,
            -18.6515916
          ],
          [
            47.2770821,
            -18.6486919
          ],
          [
            47.2769265,
            -18.6479498
          ],
          [
            47.2768434,
            -18.6475686
          ],
          [
            47.2766637,
            -18.6470502
          ],
          [
            47.2764223,
            -18.6466613
          ],
          [
            47.2763659,
            -18.6465698
          ],
          [
            47.2761218,
            -18.6462191
          ],
          [
            47.2759636,
            -18.6459065
          ],
          [
            47.2758297,
            -18.6456331
          ],
          [
            47.2756551,
            -18.6450755
          ],
          [
            47.2755183,
            -18.6437692
          ],
          [
            47.2755049,
            -18.6436345
          ],
          [
            47.2754379,
            -18.6430779
          ],
          [
            47.2753212,
            -18.6425381
          ],
          [
            47.2752354,
            -18.6424031
          ]
        ]
      },
      "id": "way/1084445055"
    },
    {
      "type": "Feature",
      "properties": {
        "@id": "way/1085901685",
        "highway": "primary",
        "maxspeed:backward": "30",
        "ref": "N 4"
      },
      "geometry": {
        "type": "LineString",
        "coordinates": [
          [
            47.1479426,
            -18.0083621
          ],
          [
            47.1475436,
            -18.0083234
          ],
          [
            47.1472149,
            -18.0082709
          ],
          [
            47.146876,
            -18.0082167
          ],
          [
            47.1461292,
            -18.0081187
          ]
        ]
      },
      "id": "way/1085901685"
    },
    {
      "type": "Feature",
      "properties": {
        "@id": "way/1085902195",
        "highway": "primary",
        "maxspeed:forward": "5",
        "ref": "N 4"
      },
      "geometry": {
        "type": "LineString",
        "coordinates": [
          [
            46.9478245,
            -16.9365087
          ],
          [
            46.947891,
            -16.9366022
          ],
          [
            46.9479691,
            -16.9367705
          ],
          [
            46.9480089,
            -16.9369398
          ],
          [
            46.9479983,
            -16.9371771
          ],
          [
            46.9480254,
            -16.9373298
          ],
          [
            46.948137,
            -16.9374781
          ],
          [
            46.9483489,
            -16.9376014
          ]
        ]
      },
      "id": "way/1085902195"
    },
    {
      "type": "Feature",
      "properties": {
        "@id": "way/1085902483",
        "highway": "primary",
        "maxspeed": "40",
        "name": "Avenue du Général Charles de Gaulle",
        "name:en": "General Charles DeGaulle Avenue",
        "oneway": "yes",
        "ref": "N 4",
        "surface": "paved"
      },
      "geometry": {
        "type": "LineString",
        "coordinates": [
          [
            46.3240002,
            -15.7171572
          ],
          [
            46.3239336,
            -15.7171368
          ],
          [
            46.323828,
            -15.7171069
          ],
          [
            46.3233284,
            -15.7171801
          ],
          [
            46.3226445,
            -15.7172743
          ]
        ]
      },
      "id": "way/1085902483"
    },
    {
      "type": "Feature",
      "properties": {
        "@id": "way/1086907088",
        "highway": "primary",
        "ref": "N 4"
      },
      "geometry": {
        "type": "LineString",
        "coordinates": [
          [
            47.1625614,
            -18.4802875
          ],
          [
            47.1626902,
            -18.479554
          ],
          [
            47.1627148,
            -18.4794137
          ],
          [
            47.1628449,
            -18.4792108
          ],
          [
            47.1630953,
            -18.4789949
          ],
          [
            47.1635818,
            -18.4786896
          ],
          [
            47.1637051,
            -18.4785744
          ],
          [
            47.163812,
            -18.4784475
          ],
          [
            47.163893,
            -18.4782846
          ],
          [
            47.1640842,
            -18.4776947
          ],
          [
            47.1641983,
            -18.4773531
          ],
          [
            47.1645945,
            -18.4767013
          ],
          [
            47.1650968,
            -18.4751935
          ],
          [
            47.1652032,
            -18.4750437
          ],
          [
            47.1655216,
            -18.4746171
          ],
          [
            47.1655505,
            -18.4744493
          ],
          [
            47.1655776,
            -18.474158
          ],
          [
            47.1655909,
            -18.4735503
          ],
          [
            47.165639,
            -18.4733529
          ],
          [
            47.1656982,
            -18.4732207
          ],
          [
            47.1659003,
            -18.473006
          ],
          [
            47.1666573,
            -18.4724544
          ],
          [
            47.1669226,
            -18.4721873
          ],
          [
            47.1671278,
            -18.4719193
          ],
          [
            47.1671675,
            -18.4718675
          ],
          [
            47.1676581,
            -18.4712685
          ],
          [
            47.1678561,
            -18.4710144
          ],
          [
            47.1679747,
            -18.4708094
          ],
          [
            47.168081,
            -18.4706465
          ],
          [
            47.1681493,
            -18.4704209
          ],
          [
            47.168198,
            -18.4701666
          ],
          [
            47.1681281,
            -18.4692657
          ],
          [
            47.1670835,
            -18.465622
          ],
          [
            47.1670466,
            -18.4650223
          ],
          [
            47.167205,
            -18.4630528
          ],
          [
            47.1672959,
            -18.4619229
          ],
          [
            47.1674039,
            -18.4615178
          ],
          [
            47.1673943,
            -18.4613553
          ],
          [
            47.1672966,
            -18.461042
          ],
          [
            47.1672053,
            -18.4606527
          ],
          [
            47.1671157,
            -18.4599416
          ],
          [
            47.1671147,
            -18.4599336
          ],
          [
            47.1670552,
            -18.4598234
          ],
          [
            47.1669068,
            -18.4596921
          ],
          [
            47.166679,
            -18.4596404
          ],
          [
            47.1660427,
            -18.4596799
          ],
          [
            47.1654012,
            -18.4595382
          ],
          [
            47.1647217,
            -18.4590677
          ],
          [
            47.1645404,
            -18.4590021
          ],
          [
            47.1642995,
            -18.4589492
          ],
          [
            47.1641946,
            -18.4589262
          ],
          [
            47.1635682,
            -18.4589562
          ],
          [
            47.1621329,
            -18.4586597
          ],
          [
            47.1617282,
            -18.4586452
          ],
          [
            47.1612455,
            -18.4588057
          ],
          [
            47.1607014,
            -18.4589262
          ],
          [
            47.1601407,
            -18.4589152
          ],
          [
            47.1591427,
            -18.4587701
          ],
          [
            47.1584892,
            -18.4587651
          ],
          [
            47.1582646,
            -18.458732
          ]
        ]
      },
      "id": "way/1086907088"
    },
    {
      "type": "Feature",
      "properties": {
        "@id": "way/1086951742",
        "highway": "primary",
        "ref": "N 4"
      },
      "geometry": {
        "type": "LineString",
        "coordinates": [
          [
            47.1709517,
            -18.5052517
          ],
          [
            47.1706842,
            -18.5048496
          ],
          [
            47.1705996,
            -18.5046521
          ],
          [
            47.1705632,
            -18.5044664
          ],
          [
            47.1705704,
            -18.5039641
          ],
          [
            47.1705528,
            -18.5038044
          ],
          [
            47.1706322,
            -18.5034674
          ],
          [
            47.1707257,
            -18.502698
          ],
          [
            47.1707986,
            -18.5024735
          ],
          [
            47.1708709,
            -18.5022
          ],
          [
            47.1712163,
            -18.5016979
          ],
          [
            47.1714138,
            -18.5014166
          ],
          [
            47.1714487,
            -18.5013079
          ],
          [
            47.1714552,
            -18.501203
          ],
          [
            47.1714398,
            -18.5010219
          ],
          [
            47.1713642,
            -18.5007852
          ],
          [
            47.1712307,
            -18.5005659
          ]
        ]
      },
      "id": "way/1086951742"
    },
    {
      "type": "Feature",
      "properties": {
        "@id": "way/1090907214",
        "highway": "primary",
        "ref": "N 4"
      },
      "geometry": {
        "type": "LineString",
        "coordinates": [
          [
            47.1426387,
            -18.2681567
          ],
          [
            47.1428575,
            -18.2681514
          ],
          [
            47.1432452,
            -18.2682456
          ],
          [
            47.1448316,
            -18.2686486
          ],
          [
            47.1452865,
            -18.2687872
          ],
          [
            47.1455117,
            -18.2688951
          ],
          [
            47.1464951,
            -18.2694092
          ],
          [
            47.1467938,
            -18.2695548
          ],
          [
            47.1470289,
            -18.2696618
          ],
          [
            47.1473776,
            -18.2698269
          ],
          [
            47.1476011,
            -18.2698477
          ],
          [
            47.1477433,
            -18.2698273
          ],
          [
            47.1479157,
            -18.2697474
          ],
          [
            47.1480191,
            -18.2696557
          ],
          [
            47.1482301,
            -18.2694885
          ],
          [
            47.1482586,
            -18.2694632
          ]
        ]
      },
      "id": "way/1090907214"
    },
    {
      "type": "Feature",
      "properties": {
        "@id": "way/1090907215",
        "highway": "primary",
        "ref": "N 4"
      },
      "geometry": {
        "type": "LineString",
        "coordinates": [
          [
            47.1292118,
            -18.2967657
          ],
          [
            47.1293735,
            -18.2960972
          ],
          [
            47.1295624,
            -18.2954208
          ],
          [
            47.1298073,
            -18.2946944
          ],
          [
            47.1301648,
            -18.2937996
          ],
          [
            47.1305702,
            -18.2927665
          ],
          [
            47.1312269,
            -18.291937
          ],
          [
            47.1322558,
            -18.2906261
          ]
        ]
      },
      "id": "way/1090907215"
    },
    {
      "type": "Feature",
      "properties": {
        "@id": "way/1090907216",
        "highway": "primary",
        "oneway": "yes",
        "ref": "N 4"
      },
      "geometry": {
        "type": "LineString",
        "coordinates": [
          [
            47.1145539,
            -18.3143296
          ],
          [
            47.1145339,
            -18.3143981
          ],
          [
            47.1145402,
            -18.314487
          ],
          [
            47.1145629,
            -18.3145828
          ]
        ]
      },
      "id": "way/1090907216"
    },
    {
      "type": "Feature",
      "properties": {
        "@id": "way/1090907217",
        "highway": "primary",
        "oneway": "yes",
        "ref": "N 4"
      },
      "geometry": {
        "type": "LineString",
        "coordinates": [
          [
            47.1147428,
            -18.3143085
          ],
          [
            47.1146113,
            -18.3143024
          ],
          [
            47.1145539,
            -18.3143296
          ]
        ]
      },
      "id": "way/1090907217"
    },
    {
      "type": "Feature",
      "properties": {
        "@id": "way/1090907218",
        "highway": "primary",
        "oneway": "yes",
        "ref": "N 4"
      },
      "geometry": {
        "type": "LineString",
        "coordinates": [
          [
            47.1148356,
            -18.3143144
          ],
          [
            47.1147428,
            -18.3143085
          ]
        ]
      },
      "id": "way/1090907218"
    },
    {
      "type": "Feature",
      "properties": {
        "@id": "way/1090907219",
        "highway": "primary",
        "oneway": "yes",
        "ref": "N 4"
      },
      "geometry": {
        "type": "LineString",
        "coordinates": [
          [
            47.1152046,
            -18.3143301
          ],
          [
            47.1148356,
            -18.3143144
          ]
        ]
      },
      "id": "way/1090907219"
    },
    {
      "type": "Feature",
      "properties": {
        "@id": "way/1090907221",
        "highway": "primary",
        "oneway": "yes",
        "ref": "N 4"
      },
      "geometry": {
        "type": "LineString",
        "coordinates": [
          [
            47.1155012,
            -18.3143818
          ],
          [
            47.115376,
            -18.3143396
          ],
          [
            47.1152046,
            -18.3143301
          ]
        ]
      },
      "id": "way/1090907221"
    },
    {
      "type": "Feature",
      "properties": {
        "@id": "way/1090907222",
        "highway": "primary",
        "oneway": "yes",
        "ref": "N 4"
      },
      "geometry": {
        "type": "LineString",
        "coordinates": [
          [
            47.11568,
            -18.3145072
          ],
          [
            47.1156057,
            -18.3144438
          ],
          [
            47.1155012,
            -18.3143818
          ]
        ]
      },
      "id": "way/1090907222"
    },
    {
      "type": "Feature",
      "properties": {
        "@id": "way/1090907223",
        "highway": "primary",
        "oneway": "yes",
        "ref": "N 4"
      },
      "geometry": {
        "type": "LineString",
        "coordinates": [
          [
            47.116761,
            -18.3157128
          ],
          [
            47.11668,
            -18.3156654
          ]
        ]
      },
      "id": "way/1090907223"
    },
    {
      "type": "Feature",
      "properties": {
        "@id": "way/1090907224",
        "highway": "primary",
        "oneway": "yes",
        "ref": "N 4"
      },
      "geometry": {
        "type": "LineString",
        "coordinates": [
          [
            47.1190245,
            -18.3163873
          ],
          [
            47.1180003,
            -18.316095
          ],
          [
            47.1169733,
            -18.3157735
          ],
          [
            47.116761,
            -18.3157128
          ]
        ]
      },
      "id": "way/1090907224"
    },
    {
      "type": "Feature",
      "properties": {
        "@id": "way/1090907225",
        "highway": "primary",
        "ref": "N 4"
      },
      "geometry": {
        "type": "LineString",
        "coordinates": [
          [
            47.1249847,
            -18.3334168
          ],
          [
            47.1248637,
            -18.3315876
          ],
          [
            47.1248104,
            -18.3305652
          ],
          [
            47.1246472,
            -18.328259
          ],
          [
            47.1245898,
            -18.3274484
          ],
          [
            47.124546,
            -18.3271864
          ],
          [
            47.1245153,
            -18.3270897
          ],
          [
            47.1244435,
            -18.3269736
          ],
          [
            47.1236546,
            -18.3259909
          ],
          [
            47.1229756,
            -18.3251555
          ],
          [
            47.1227369,
            -18.324895
          ],
          [
            47.122586,
            -18.3247302
          ],
          [
            47.1224688,
            -18.3246237
          ],
          [
            47.1217581,
            -18.3241111
          ],
          [
            47.1217124,
            -18.324077
          ]
        ]
      },
      "id": "way/1090907225"
    },
    {
      "type": "Feature",
      "properties": {
        "@id": "way/1090907226",
        "highway": "primary",
        "ref": "N 4"
      },
      "geometry": {
        "type": "LineString",
        "coordinates": [
          [
            47.1277956,
            -18.3391876
          ],
          [
            47.127664,
            -18.3384745
          ],
          [
            47.1275767,
            -18.3378336
          ],
          [
            47.1275388,
            -18.3367174
          ],
          [
            47.1274592,
            -18.3364258
          ],
          [
            47.1273617,
            -18.3361658
          ],
          [
            47.1272543,
            -18.3359793
          ],
          [
            47.1271102,
            -18.3358065
          ],
          [
            47.1269213,
            -18.33567
          ],
          [
            47.1267657,
            -18.3356064
          ],
          [
            47.1265619,
            -18.3355733
          ],
          [
            47.1262266,
            -18.335586
          ],
          [
            47.1259235,
            -18.3355606
          ],
          [
            47.1256955,
            -18.335474
          ],
          [
            47.125489,
            -18.335306
          ],
          [
            47.1253361,
            -18.3351023
          ],
          [
            47.1252216,
            -18.3348824
          ],
          [
            47.1251054,
            -18.3344785
          ],
          [
            47.1250437,
            -18.3340635
          ],
          [
            47.1249847,
            -18.3334168
          ]
        ]
      },
      "id": "way/1090907226"
    },
    {
      "type": "Feature",
      "properties": {
        "@id": "way/1090907227",
        "highway": "primary",
        "ref": "N 4"
      },
      "geometry": {
        "type": "LineString",
        "coordinates": [
          [
            47.1315485,
            -18.3432873
          ],
          [
            47.1313401,
            -18.3430782
          ],
          [
            47.1308184,
            -18.3425547
          ],
          [
            47.1300816,
            -18.3418153
          ],
          [
            47.1289151,
            -18.3406234
          ],
          [
            47.1285196,
            -18.3402192
          ],
          [
            47.1280293,
            -18.3395774
          ],
          [
            47.1278528,
            -18.339283
          ],
          [
            47.1277956,
            -18.3391876
          ]
        ]
      },
      "id": "way/1090907227"
    },
    {
      "type": "Feature",
      "properties": {
        "@id": "way/1090907228",
        "highway": "primary",
        "ref": "N 4"
      },
      "geometry": {
        "type": "LineString",
        "coordinates": [
          [
            47.1380688,
            -18.372268
          ],
          [
            47.1380745,
            -18.372106
          ],
          [
            47.1380601,
            -18.3706063
          ],
          [
            47.1379023,
            -18.3690478
          ],
          [
            47.1379264,
            -18.3687704
          ],
          [
            47.1379662,
            -18.3686324
          ],
          [
            47.1380042,
            -18.3685006
          ],
          [
            47.1385487,
            -18.3673423
          ],
          [
            47.1386479,
            -18.3670318
          ],
          [
            47.1386694,
            -18.3668281
          ],
          [
            47.138656,
            -18.366627
          ],
          [
            47.1385218,
            -18.3662859
          ],
          [
            47.1382804,
            -18.3659168
          ],
          [
            47.1380122,
            -18.3656317
          ],
          [
            47.1375911,
            -18.3652855
          ],
          [
            47.1374704,
            -18.3651709
          ],
          [
            47.1373696,
            -18.3650128
          ],
          [
            47.1373095,
            -18.3648655
          ],
          [
            47.1372612,
            -18.3646695
          ],
          [
            47.1372612,
            -18.3645218
          ],
          [
            47.1373041,
            -18.3643309
          ],
          [
            47.1373953,
            -18.3640611
          ],
          [
            47.1374409,
            -18.3638549
          ],
          [
            47.1375126,
            -18.3630499
          ],
          [
            47.1374892,
            -18.362857
          ],
          [
            47.1374087,
            -18.3626915
          ],
          [
            47.1369796,
            -18.3620551
          ],
          [
            47.1368186,
            -18.3617776
          ],
          [
            47.1367114,
            -18.3615358
          ],
          [
            47.1365692,
            -18.3611056
          ],
          [
            47.1365069,
            -18.3609137
          ],
          [
            47.1364378,
            -18.3607008
          ],
          [
            47.1362862,
            -18.3601039
          ],
          [
            47.1362742,
            -18.3600568
          ],
          [
            47.1362178,
            -18.3597666
          ],
          [
            47.1361856,
            -18.3595476
          ],
          [
            47.1361776,
            -18.3594025
          ],
          [
            47.136191,
            -18.3592447
          ],
          [
            47.1362527,
            -18.359069
          ],
          [
            47.1365048,
            -18.3585879
          ],
          [
            47.1366175,
            -18.3582773
          ],
          [
            47.1367115,
            -18.3579153
          ],
          [
            47.1367779,
            -18.3575285
          ],
          [
            47.1368455,
            -18.3571343
          ],
          [
            47.1368321,
            -18.356951
          ],
          [
            47.1367784,
            -18.3567881
          ],
          [
            47.1366953,
            -18.3566303
          ],
          [
            47.1365638,
            -18.3563884
          ],
          [
            47.1362468,
            -18.3559536
          ],
          [
            47.1349919,
            -18.3541062
          ],
          [
            47.1349344,
            -18.354017
          ],
          [
            47.1349014,
            -18.3539419
          ],
          [
            47.1346595,
            -18.3532037
          ],
          [
            47.1335034,
            -18.3497185
          ],
          [
            47.1334364,
            -18.3495174
          ],
          [
            47.1333935,
            -18.3493188
          ],
          [
            47.1333559,
            -18.3490566
          ],
          [
            47.1333184,
            -18.3486036
          ],
          [
            47.1332974,
            -18.3483499
          ],
          [
            47.1332245,
            -18.3477429
          ],
          [
            47.1332364,
            -18.3476349
          ],
          [
            47.1331869,
            -18.3470555
          ],
          [
            47.1330662,
            -18.3459455
          ],
          [
            47.133026,
            -18.3455706
          ],
          [
            47.132967,
            -18.3450214
          ],
          [
            47.1329121,
            -18.344766
          ],
          [
            47.1328409,
            -18.3446115
          ],
          [
            47.132715,
            -18.3444333
          ],
          [
            47.1324225,
            -18.3441608
          ],
          [
            47.1315964,
            -18.3433401
          ],
          [
            47.1315485,
            -18.3432873
          ]
        ]
      },
      "id": "way/1090907228"
    },
    {
      "type": "Feature",
      "properties": {
        "@id": "way/1090907229",
        "highway": "primary",
        "ref": "N 4"
      },
      "geometry": {
        "type": "LineString",
        "coordinates": [
          [
            47.1325591,
            -18.3815841
          ],
          [
            47.1325499,
            -18.3815339
          ],
          [
            47.1324681,
            -18.3808337
          ],
          [
            47.1324662,
            -18.3807819
          ],
          [
            47.1324605,
            -18.3806231
          ],
          [
            47.1324776,
            -18.3803999
          ],
          [
            47.1326078,
            -18.3790388
          ],
          [
            47.1326255,
            -18.3788539
          ],
          [
            47.1326786,
            -18.3785479
          ],
          [
            47.1327171,
            -18.3784262
          ],
          [
            47.1327583,
            -18.3782959
          ],
          [
            47.1328683,
            -18.3779719
          ],
          [
            47.1333505,
            -18.3769134
          ],
          [
            47.1333743,
            -18.3767515
          ],
          [
            47.1333559,
            -18.3766028
          ],
          [
            47.1332059,
            -18.3761
          ],
          [
            47.1331755,
            -18.3759489
          ],
          [
            47.1331679,
            -18.3758085
          ],
          [
            47.1331872,
            -18.3755792
          ],
          [
            47.1332476,
            -18.3752217
          ],
          [
            47.133373,
            -18.3747742
          ],
          [
            47.1336721,
            -18.3738726
          ],
          [
            47.1337236,
            -18.3737173
          ],
          [
            47.1338734,
            -18.3734627
          ],
          [
            47.1340214,
            -18.3733426
          ],
          [
            47.1340995,
            -18.3733243
          ],
          [
            47.1342434,
            -18.3732907
          ],
          [
            47.1352618,
            -18.3733138
          ],
          [
            47.1371508,
            -18.3730582
          ],
          [
            47.1373068,
            -18.3730265
          ],
          [
            47.1374732,
            -18.372961
          ],
          [
            47.1376448,
            -18.3728788
          ],
          [
            47.137814,
            -18.3727487
          ],
          [
            47.1378996,
            -18.3726523
          ],
          [
            47.1379853,
            -18.3725146
          ],
          [
            47.1380364,
            -18.3723977
          ],
          [
            47.1380688,
            -18.372268
          ]
        ]
      },
      "id": "way/1090907229"
    },
    {
      "type": "Feature",
      "properties": {
        "@id": "way/1090907230",
        "highway": "primary",
        "ref": "N 4"
      },
      "geometry": {
        "type": "LineString",
        "coordinates": [
          [
            47.1349813,
            -18.4128027
          ],
          [
            47.1348735,
            -18.4124102
          ],
          [
            47.1348408,
            -18.4121374
          ],
          [
            47.1348332,
            -18.4118351
          ],
          [
            47.1348001,
            -18.4115802
          ],
          [
            47.1346022,
            -18.4109501
          ],
          [
            47.1345702,
            -18.4107713
          ],
          [
            47.1346181,
            -18.4105896
          ],
          [
            47.1347445,
            -18.4104281
          ],
          [
            47.1351759,
            -18.4099964
          ],
          [
            47.1352884,
            -18.4098304
          ],
          [
            47.1353263,
            -18.4097116
          ],
          [
            47.1352884,
            -18.4093733
          ],
          [
            47.1352959,
            -18.4091142
          ],
          [
            47.1354553,
            -18.408272
          ],
          [
            47.1356032,
            -18.4076529
          ],
          [
            47.1356639,
            -18.4075485
          ],
          [
            47.135827,
            -18.4073506
          ],
          [
            47.1359977,
            -18.4070735
          ],
          [
            47.1360394,
            -18.4069187
          ],
          [
            47.1360204,
            -18.4066056
          ],
          [
            47.1358839,
            -18.4047988
          ],
          [
            47.1358021,
            -18.4030873
          ],
          [
            47.1356297,
            -18.4006849
          ],
          [
            47.1356063,
            -18.4003373
          ],
          [
            47.1355967,
            -18.3999455
          ],
          [
            47.135588,
            -18.3995907
          ],
          [
            47.1356032,
            -18.3993027
          ],
          [
            47.135698,
            -18.3990112
          ],
          [
            47.1359711,
            -18.3984857
          ],
          [
            47.136066,
            -18.3983057
          ],
          [
            47.1361342,
            -18.3980646
          ],
          [
            47.1361836,
            -18.3977334
          ],
          [
            47.136176,
            -18.3974815
          ],
          [
            47.1361267,
            -18.3972079
          ],
          [
            47.1359281,
            -18.3964942
          ],
          [
            47.1359029,
            -18.3963729
          ],
          [
            47.1357587,
            -18.3959374
          ],
          [
            47.135349,
            -18.3949691
          ],
          [
            47.1352415,
            -18.394761
          ],
          [
            47.1351594,
            -18.3945804
          ],
          [
            47.1350532,
            -18.3943932
          ],
          [
            47.1349318,
            -18.3942708
          ],
          [
            47.1347383,
            -18.3942384
          ],
          [
            47.1340328,
            -18.3943176
          ],
          [
            47.1333311,
            -18.3943464
          ],
          [
            47.1330921,
            -18.3942996
          ],
          [
            47.1329024,
            -18.3941988
          ],
          [
            47.1327848,
            -18.3940729
          ],
          [
            47.1327052,
            -18.3939001
          ],
          [
            47.132658,
            -18.3935992
          ],
          [
            47.1325838,
            -18.3931262
          ],
          [
            47.1326028,
            -18.3928563
          ],
          [
            47.132659,
            -18.3926094
          ],
          [
            47.1327621,
            -18.3923343
          ],
          [
            47.132986,
            -18.3919227
          ],
          [
            47.1331981,
            -18.3914774
          ],
          [
            47.133259,
            -18.3912401
          ],
          [
            47.1332817,
            -18.3909665
          ],
          [
            47.1332742,
            -18.3902034
          ],
          [
            47.1333311,
            -18.38894
          ],
          [
            47.1333652,
            -18.3885585
          ],
          [
            47.1334221,
            -18.3882345
          ],
          [
            47.13357,
            -18.3876514
          ],
          [
            47.1336155,
            -18.387403
          ],
          [
            47.1336269,
            -18.3871366
          ],
          [
            47.1335915,
            -18.3868724
          ],
          [
            47.1335738,
            -18.3867407
          ],
          [
            47.1334676,
            -18.386226
          ],
          [
            47.1332324,
            -18.3847681
          ],
          [
            47.133149,
            -18.384275
          ],
          [
            47.1330526,
            -18.3838795
          ],
          [
            47.1329138,
            -18.3833103
          ],
          [
            47.1329041,
            -18.3832692
          ],
          [
            47.1326217,
            -18.382072
          ],
          [
            47.1325591,
            -18.3815841
          ]
        ]
      },
      "id": "way/1090907230"
    },
    {
      "type": "Feature",
      "properties": {
        "@id": "way/1090907231",
        "highway": "primary",
        "ref": "N 4"
      },
      "geometry": {
        "type": "LineString",
        "coordinates": [
          [
            47.135426,
            -18.4153853
          ],
          [
            47.1355008,
            -18.4149266
          ],
          [
            47.1354856,
            -18.414851
          ],
          [
            47.1354185,
            -18.4146732
          ],
          [
            47.1353716,
            -18.4145421
          ],
          [
            47.1353453,
            -18.4142824
          ],
          [
            47.1352694,
            -18.4138685
          ],
          [
            47.1352277,
            -18.413433
          ],
          [
            47.1351821,
            -18.4132783
          ],
          [
            47.1349813,
            -18.4128027
          ]
        ]
      },
      "id": "way/1090907231"
    },
    {
      "type": "Feature",
      "properties": {
        "@id": "way/1090907245",
        "highway": "primary",
        "oneway": "yes",
        "ref": "N 4"
      },
      "geometry": {
        "type": "LineString",
        "coordinates": [
          [
            47.1196004,
            -18.3159449
          ],
          [
            47.1194374,
            -18.3160621
          ],
          [
            47.1190245,
            -18.3163873
          ]
        ]
      },
      "id": "way/1090907245"
    },
    {
      "type": "Feature",
      "properties": {
        "@id": "way/1090907269",
        "highway": "primary",
        "ref": "N 4"
      },
      "geometry": {
        "type": "LineString",
        "coordinates": [
          [
            47.1264518,
            -18.307521
          ],
          [
            47.126595,
            -18.3072656
          ],
          [
            47.1267596,
            -18.3070016
          ],
          [
            47.1270715,
            -18.3064875
          ],
          [
            47.1286889,
            -18.3039588
          ],
          [
            47.1291454,
            -18.3032143
          ],
          [
            47.1292039,
            -18.3029453
          ],
          [
            47.1292115,
            -18.3024616
          ],
          [
            47.1291368,
            -18.3015613
          ],
          [
            47.1290645,
            -18.3003429
          ],
          [
            47.1290474,
            -18.2981263
          ],
          [
            47.1290752,
            -18.2973929
          ],
          [
            47.1292118,
            -18.2967657
          ]
        ]
      },
      "id": "way/1090907269"
    },
    {
      "type": "Feature",
      "properties": {
        "@id": "way/1090907270",
        "highway": "primary",
        "ref": "N 4"
      },
      "geometry": {
        "type": "LineString",
        "coordinates": [
          [
            47.122289,
            -18.3161994
          ],
          [
            47.1222925,
            -18.3161294
          ]
        ]
      },
      "id": "way/1090907270"
    },
    {
      "type": "Feature",
      "properties": {
        "@id": "way/1090907340",
        "highway": "primary",
        "oneway": "yes",
        "ref": "N 4"
      },
      "geometry": {
        "type": "LineString",
        "coordinates": [
          [
            47.1191429,
            -18.3202098
          ],
          [
            47.1192985,
            -18.3204135
          ]
        ]
      },
      "id": "way/1090907340"
    },
    {
      "type": "Feature",
      "properties": {
        "@id": "way/1090907341",
        "highway": "primary",
        "oneway": "yes",
        "ref": "N 4"
      },
      "geometry": {
        "type": "LineString",
        "coordinates": [
          [
            47.1171701,
            -18.3178078
          ],
          [
            47.1182081,
            -18.3190666
          ],
          [
            47.1185474,
            -18.3194701
          ],
          [
            47.1187003,
            -18.3196497
          ],
          [
            47.1189122,
            -18.3199221
          ],
          [
            47.1191018,
            -18.3201586
          ],
          [
            47.1191429,
            -18.3202098
          ]
        ]
      },
      "id": "way/1090907341"
    },
    {
      "type": "Feature",
      "properties": {
        "@id": "way/1090907342",
        "highway": "primary",
        "oneway": "yes",
        "ref": "N 4"
      },
      "geometry": {
        "type": "LineString",
        "coordinates": [
          [
            47.1163925,
            -18.3168409
          ],
          [
            47.1171701,
            -18.3178078
          ]
        ]
      },
      "id": "way/1090907342"
    },
    {
      "type": "Feature",
      "properties": {
        "@id": "way/1090907343",
        "highway": "primary",
        "oneway": "yes",
        "ref": "N 4"
      },
      "geometry": {
        "type": "LineString",
        "coordinates": [
          [
            47.1158965,
            -18.3162287
          ],
          [
            47.1163925,
            -18.3168409
          ]
        ]
      },
      "id": "way/1090907343"
    },
    {
      "type": "Feature",
      "properties": {
        "@id": "way/1090907344",
        "highway": "primary",
        "oneway": "yes",
        "ref": "N 4"
      },
      "geometry": {
        "type": "LineString",
        "coordinates": [
          [
            47.1155883,
            -18.3158416
          ],
          [
            47.1158965,
            -18.3162287
          ]
        ]
      },
      "id": "way/1090907344"
    },
    {
      "type": "Feature",
      "properties": {
        "@id": "way/1090907345",
        "highway": "primary",
        "oneway": "yes",
        "ref": "N 4"
      },
      "geometry": {
        "type": "LineString",
        "coordinates": [
          [
            47.1153645,
            -18.3155643
          ],
          [
            47.1155883,
            -18.3158416
          ]
        ]
      },
      "id": "way/1090907345"
    },
    {
      "type": "Feature",
      "properties": {
        "@id": "way/1090907346",
        "highway": "primary",
        "oneway": "yes",
        "ref": "N 4"
      },
      "geometry": {
        "type": "LineString",
        "coordinates": [
          [
            47.1148145,
            -18.3149234
          ],
          [
            47.1153645,
            -18.3155643
          ]
        ]
      },
      "id": "way/1090907346"
    },
    {
      "type": "Feature",
      "properties": {
        "@id": "way/1090907347",
        "highway": "primary",
        "oneway": "yes",
        "ref": "N 4"
      },
      "geometry": {
        "type": "LineString",
        "coordinates": [
          [
            47.1145629,
            -18.3145828
          ],
          [
            47.1148145,
            -18.3149234
          ]
        ]
      },
      "id": "way/1090907347"
    },
    {
      "type": "Feature",
      "properties": {
        "@id": "way/1090907360",
        "highway": "primary",
        "oneway": "yes",
        "ref": "N 4",
        "source": "Bing"
      },
      "geometry": {
        "type": "LineString",
        "coordinates": [
          [
            47.1228033,
            -18.3187644
          ],
          [
            47.1226905,
            -18.3185755
          ],
          [
            47.1226094,
            -18.3183659
          ],
          [
            47.1225736,
            -18.3181069
          ],
          [
            47.1225848,
            -18.317666
          ],
          [
            47.1225694,
            -18.3171789
          ],
          [
            47.1225493,
            -18.3170105
          ],
          [
            47.1225275,
            -18.3169344
          ],
          [
            47.1223132,
            -18.3165851
          ],
          [
            47.1222719,
            -18.3164669
          ]
        ]
      },
      "id": "way/1090907360"
    },
    {
      "type": "Feature",
      "properties": {
        "@id": "way/1090907416",
        "highway": "primary",
        "oneway": "yes",
        "ref": "N 4"
      },
      "geometry": {
        "type": "LineString",
        "coordinates": [
          [
            47.11668,
            -18.3156654
          ],
          [
            47.1164902,
            -18.3155068
          ],
          [
            47.1163002,
            -18.3152653
          ],
          [
            47.1158553,
            -18.3146926
          ],
          [
            47.11568,
            -18.3145072
          ]
        ]
      },
      "id": "way/1090907416"
    },
    {
      "type": "Feature",
      "properties": {
        "@id": "way/1187607714",
        "highway": "primary",
        "name": "Rue du Colonel Barré",
        "ref": "N 4",
        "surface": "paved"
      },
      "geometry": {
        "type": "LineString",
        "coordinates": [
          [
            46.3136463,
            -15.7256563
          ],
          [
            46.3136227,
            -15.725477
          ],
          [
            46.3135678,
            -15.7250602
          ],
          [
            46.3134765,
            -15.7243672
          ],
          [
            46.3134686,
            -15.7243072
          ],
          [
            46.3133593,
            -15.7234777
          ]
        ]
      },
      "id": "way/1187607714"
    },
    {
      "type": "Feature",
      "properties": {
        "@id": "way/1187607716",
        "highway": "primary",
        "name": "Route d'Antananarivo",
        "ref": "N 4"
      },
      "geometry": {
        "type": "LineString",
        "coordinates": [
          [
            46.3885701,
            -15.7069097
          ],
          [
            46.3880641,
            -15.7068662
          ],
          [
            46.3880074,
            -15.7068613
          ],
          [
            46.3877206,
            -15.7068269
          ]
        ]
      },
      "id": "way/1187607716"
    },
    {
      "type": "Feature",
      "properties": {
        "@id": "way/1187808388",
        "highway": "primary",
        "name": "Avenue du Général Charles de Gaulle",
        "name:en": "General Charles DeGaulle Avenue",
        "oneway": "yes",
        "ref": "N 4",
        "surface": "paved"
      },
      "geometry": {
        "type": "LineString",
        "coordinates": [
          [
            46.317311,
            -15.7181523
          ],
          [
            46.3181101,
            -15.7180273
          ],
          [
            46.3181784,
            -15.7180166
          ],
          [
            46.3182216,
            -15.7180098
          ],
          [
            46.318427,
            -15.7179777
          ],
          [
            46.3186171,
            -15.7179479
          ],
          [
            46.3188819,
            -15.7179065
          ]
        ]
      },
      "id": "way/1187808388"
    },
    {
      "type": "Feature",
      "properties": {
        "@id": "way/1187808389",
        "highway": "primary",
        "name": "Avenue du Général Charles de Gaulle",
        "name:en": "General Charles DeGaulle Avenue",
        "oneway": "yes",
        "ref": "N 4",
        "surface": "paved"
      },
      "geometry": {
        "type": "LineString",
        "coordinates": [
          [
            46.3197351,
            -15.7176868
          ],
          [
            46.31944,
            -15.7177284
          ],
          [
            46.3194023,
            -15.7177338
          ],
          [
            46.3191918,
            -15.7177635
          ],
          [
            46.3189993,
            -15.7177913
          ],
          [
            46.318869,
            -15.717809
          ]
        ]
      },
      "id": "way/1187808389"
    },
    {
      "type": "Feature",
      "properties": {
        "@id": "way/1187808390",
        "highway": "primary",
        "name": "Avenue du Général Charles de Gaulle",
        "name:en": "General Charles DeGaulle Avenue",
        "oneway": "yes",
        "ref": "N 4",
        "surface": "paved"
      },
      "geometry": {
        "type": "LineString",
        "coordinates": [
          [
            46.318869,
            -15.717809
          ],
          [
            46.3187794,
            -15.7178228
          ],
          [
            46.3185667,
            -15.7178556
          ],
          [
            46.318358,
            -15.7178878
          ],
          [
            46.3182064,
            -15.7179112
          ],
          [
            46.3181524,
            -15.7179195
          ],
          [
            46.3180969,
            -15.7179281
          ],
          [
            46.3179221,
            -15.717955
          ],
          [
            46.3177098,
            -15.7179878
          ],
          [
            46.3173057,
            -15.7180501
          ]
        ]
      },
      "id": "way/1187808390"
    },
    {
      "type": "Feature",
      "properties": {
        "@id": "way/1188069265",
        "highway": "primary",
        "ref": "N 4"
      },
      "geometry": {
        "type": "LineString",
        "coordinates": [
          [
            46.4652187,
            -15.7285984
          ],
          [
            46.4651545,
            -15.7285691
          ],
          [
            46.4639972,
            -15.7280412
          ],
          [
            46.4634047,
            -15.7277529
          ],
          [
            46.4630156,
            -15.7275636
          ],
          [
            46.462422,
            -15.7272934
          ],
          [
            46.4623915,
            -15.7272805
          ],
          [
            46.4613261,
            -15.7267856
          ],
          [
            46.4608376,
            -15.7265567
          ],
          [
            46.4603512,
            -15.7263611
          ],
          [
            46.4600759,
            -15.7263075
          ],
          [
            46.4598219,
            -15.7263083
          ],
          [
            46.459534,
            -15.7263256
          ],
          [
            46.459248,
            -15.7263826
          ],
          [
            46.459011,
            -15.7264431
          ],
          [
            46.4588034,
            -15.726523
          ],
          [
            46.4585564,
            -15.726647
          ],
          [
            46.4583334,
            -15.7267973
          ],
          [
            46.4560224,
            -15.7283242
          ],
          [
            46.4556586,
            -15.7285645
          ],
          [
            46.455582,
            -15.7286151
          ],
          [
            46.4547225,
            -15.729183
          ],
          [
            46.4491428,
            -15.7322779
          ],
          [
            46.448647,
            -15.7325543
          ],
          [
            46.44751,
            -15.7331638
          ],
          [
            46.4474511,
            -15.7331964
          ],
          [
            46.4438538,
            -15.7351861
          ],
          [
            46.4438073,
            -15.7352117
          ],
          [
            46.443772,
            -15.7352312
          ],
          [
            46.442802,
            -15.7357667
          ],
          [
            46.4399807,
            -15.7373373
          ],
          [
            46.4394845,
            -15.7375755
          ],
          [
            46.4389717,
            -15.7377945
          ],
          [
            46.4382963,
            -15.7379783
          ],
          [
            46.4378204,
            -15.7380372
          ],
          [
            46.4374121,
            -15.7380541
          ],
          [
            46.4366193,
            -15.7380043
          ],
          [
            46.4362595,
            -15.7379537
          ],
          [
            46.436192,
            -15.7379442
          ],
          [
            46.4361305,
            -15.7379356
          ],
          [
            46.4360593,
            -15.7379037
          ],
          [
            46.4357851,
            -15.7377808
          ],
          [
            46.4351386,
            -15.7374711
          ],
          [
            46.4348336,
            -15.737307
          ],
          [
            46.4345389,
            -15.7371176
          ],
          [
            46.4344478,
            -15.737042
          ],
          [
            46.4334335,
            -15.736153
          ],
          [
            46.4326556,
            -15.7354818
          ],
          [
            46.4323444,
            -15.7352775
          ],
          [
            46.4321426,
            -15.7351738
          ],
          [
            46.4319344,
            -15.7350937
          ],
          [
            46.4316097,
            -15.7349763
          ],
          [
            46.4313231,
            -15.7349388
          ],
          [
            46.4310626,
            -15.7349177
          ],
          [
            46.4307935,
            -15.7349242
          ],
          [
            46.4302417,
            -15.7349857
          ],
          [
            46.4295588,
            -15.7350732
          ],
          [
            46.4292022,
            -15.7351023
          ],
          [
            46.4288035,
            -15.735092
          ],
          [
            46.4285379,
            -15.7350365
          ],
          [
            46.4283183,
            -15.7349489
          ],
          [
            46.4281496,
            -15.7348559
          ],
          [
            46.4279085,
            -15.7347151
          ],
          [
            46.4278443,
            -15.7346716
          ],
          [
            46.4274068,
            -15.7343749
          ],
          [
            46.4261317,
            -15.7335099
          ],
          [
            46.4250043,
            -15.7327715
          ],
          [
            46.4249099,
            -15.732719
          ],
          [
            46.4239225,
            -15.7320307
          ],
          [
            46.4238493,
            -15.7319809
          ],
          [
            46.4237311,
            -15.7319044
          ],
          [
            46.4231314,
            -15.731492
          ],
          [
            46.4230933,
            -15.7314673
          ],
          [
            46.4218267,
            -15.7306136
          ],
          [
            46.4217606,
            -15.7305699
          ],
          [
            46.4217069,
            -15.7305339
          ],
          [
            46.4214334,
            -15.7303534
          ],
          [
            46.4210587,
            -15.7300913
          ],
          [
            46.4208912,
            -15.7299851
          ],
          [
            46.4208678,
            -15.7299703
          ],
          [
            46.4199449,
            -15.7293396
          ],
          [
            46.4198837,
            -15.7293027
          ],
          [
            46.4198588,
            -15.7292866
          ],
          [
            46.4172739,
            -15.7275072
          ],
          [
            46.4167661,
            -15.7271969
          ],
          [
            46.4164896,
            -15.7270057
          ],
          [
            46.4164099,
            -15.7269583
          ],
          [
            46.4163463,
            -15.726914
          ],
          [
            46.414629,
            -15.7257169
          ],
          [
            46.4141988,
            -15.7254174
          ],
          [
            46.4140543,
            -15.7253168
          ],
          [
            46.4139258,
            -15.7252219
          ],
          [
            46.4137624,
            -15.7250721
          ],
          [
            46.4137141,
            -15.7250305
          ],
          [
            46.4136285,
            -15.7249567
          ],
          [
            46.4123145,
            -15.7236838
          ],
          [
            46.4122547,
            -15.7236289
          ],
          [
            46.4117948,
            -15.7232067
          ],
          [
            46.4116768,
            -15.7230997
          ],
          [
            46.4109806,
            -15.7224684
          ],
          [
            46.4109141,
            -15.7224047
          ],
          [
            46.40837,
            -15.7199674
          ],
          [
            46.408329,
            -15.7199281
          ],
          [
            46.4082881,
            -15.7198814
          ],
          [
            46.408041,
            -15.7196423
          ],
          [
            46.407935,
            -15.7194716
          ],
          [
            46.4077899,
            -15.7192243
          ],
          [
            46.4077066,
            -15.7189993
          ],
          [
            46.4076311,
            -15.7186706
          ],
          [
            46.4075609,
            -15.7179644
          ],
          [
            46.4074662,
            -15.7170109
          ],
          [
            46.4074008,
            -15.7166597
          ],
          [
            46.407307,
            -15.7163791
          ],
          [
            46.4071845,
            -15.7161054
          ],
          [
            46.4070393,
            -15.7158684
          ],
          [
            46.4069467,
            -15.7157519
          ],
          [
            46.4068749,
            -15.7156616
          ],
          [
            46.4061821,
            -15.7149836
          ],
          [
            46.4061627,
            -15.7149646
          ],
          [
            46.4057934,
            -15.7146031
          ],
          [
            46.4047969,
            -15.7136279
          ],
          [
            46.4045948,
            -15.7133831
          ],
          [
            46.4044328,
            -15.7131033
          ],
          [
            46.4042358,
            -15.7127473
          ],
          [
            46.4040931,
            -15.7123877
          ],
          [
            46.4039639,
            -15.7119165
          ],
          [
            46.40396,
            -15.7115094
          ],
          [
            46.4039705,
            -15.710949
          ],
          [
            46.4039242,
            -15.7101851
          ],
          [
            46.4038574,
            -15.7099503
          ],
          [
            46.4037694,
            -15.7097236
          ],
          [
            46.4036647,
            -15.7094969
          ],
          [
            46.4035376,
            -15.7092969
          ],
          [
            46.403365,
            -15.7091007
          ],
          [
            46.4031699,
            -15.7089312
          ],
          [
            46.4028777,
            -15.7086708
          ],
          [
            46.4026455,
            -15.7085487
          ],
          [
            46.4023413,
            -15.708429
          ],
          [
            46.4021224,
            -15.7083676
          ],
          [
            46.4020743,
            -15.7083541
          ],
          [
            46.401997,
            -15.7083324
          ],
          [
            46.4007305,
            -15.7080158
          ],
          [
            46.4001474,
            -15.7077665
          ],
          [
            46.3997959,
            -15.7076162
          ],
          [
            46.3995106,
            -15.7075741
          ],
          [
            46.3992755,
            -15.7075821
          ],
          [
            46.3990516,
            -15.7076198
          ],
          [
            46.3986282,
            -15.7077088
          ],
          [
            46.3978481,
            -15.7078728
          ],
          [
            46.3974384,
            -15.707914
          ],
          [
            46.3972686,
            -15.7078999
          ],
          [
            46.3969604,
            -15.7078743
          ],
          [
            46.3968624,
            -15.7078661
          ],
          [
            46.3956548,
            -15.7076916
          ],
          [
            46.3955546,
            -15.7076795
          ],
          [
            46.3938471,
            -15.7074733
          ],
          [
            46.3932214,
            -15.7073978
          ],
          [
            46.3909809,
            -15.707154
          ],
          [
            46.3909422,
            -15.7071498
          ],
          [
            46.3909091,
            -15.7071463
          ],
          [
            46.390522,
            -15.7071048
          ],
          [
            46.3903049,
            -15.7070816
          ],
          [
            46.3895987,
            -15.7070334
          ],
          [
            46.3894003,
            -15.7070035
          ],
          [
            46.3887432,
            -15.7069293
          ],
          [
            46.3885701,
            -15.7069097
          ]
        ]
      },
      "id": "way/1188069265"
    },
    {
      "type": "Feature",
      "properties": {
        "@id": "way/1188220939",
        "highway": "primary",
        "name": "Avenue du Général Charles de Gaulle",
        "name:en": "General Charles DeGaulle Avenue",
        "oneway": "yes",
        "ref": "N 4",
        "surface": "paved"
      },
      "geometry": {
        "type": "LineString",
        "coordinates": [
          [
            46.3197461,
            -15.7177635
          ],
          [
            46.319863,
            -15.7177459
          ]
        ]
      },
      "id": "way/1188220939"
    },
    {
      "type": "Feature",
      "properties": {
        "@id": "way/1188220940",
        "highway": "primary",
        "name": "Avenue du Général Charles de Gaulle",
        "name:en": "General Charles DeGaulle Avenue",
        "oneway": "yes",
        "ref": "N 4",
        "surface": "paved"
      },
      "geometry": {
        "type": "LineString",
        "coordinates": [
          [
            46.3188819,
            -15.7179065
          ],
          [
            46.3189363,
            -15.7178975
          ],
          [
            46.3190142,
            -15.7178858
          ],
          [
            46.3196159,
            -15.717785
          ],
          [
            46.3197461,
            -15.7177635
          ]
        ]
      },
      "id": "way/1188220940"
    },
    {
      "type": "Feature",
      "properties": {
        "@id": "way/1188221002",
        "bus": "yes",
        "highway": "primary",
        "name": "Miaramila",
        "public_transport": "stop_position",
        "ref": "N 4",
        "surface": "asphalt"
      },
      "geometry": {
        "type": "LineString",
        "coordinates": [
          [
            46.353364,
            -15.7138802
          ],
          [
            46.3532003,
            -15.7138462
          ],
          [
            46.3531643,
            -15.7138428
          ],
          [
            46.3528747,
            -15.7138058
          ],
          [
            46.352707,
            -15.7137893
          ],
          [
            46.3525675,
            -15.7137828
          ],
          [
            46.3521822,
            -15.7137829
          ],
          [
            46.3518145,
            -15.7138099
          ],
          [
            46.3516878,
            -15.7138166
          ],
          [
            46.3514758,
            -15.713838
          ],
          [
            46.3512703,
            -15.7139047
          ],
          [
            46.351095,
            -15.7139548
          ],
          [
            46.3508651,
            -15.7140169
          ],
          [
            46.3507074,
            -15.7140726
          ],
          [
            46.3505183,
            -15.7141378
          ],
          [
            46.3502892,
            -15.7142326
          ],
          [
            46.3496787,
            -15.7145708
          ],
          [
            46.3486307,
            -15.7152758
          ],
          [
            46.3485931,
            -15.7153016
          ],
          [
            46.3485152,
            -15.7153608
          ],
          [
            46.3484651,
            -15.7153946
          ],
          [
            46.3481506,
            -15.7155958
          ],
          [
            46.3475974,
            -15.7160072
          ],
          [
            46.3474401,
            -15.7161128
          ],
          [
            46.3469967,
            -15.7164103
          ],
          [
            46.3467355,
            -15.7165289
          ],
          [
            46.3464716,
            -15.7166218
          ],
          [
            46.3461536,
            -15.7166411
          ],
          [
            46.3461266,
            -15.716645
          ],
          [
            46.3452625,
            -15.7166897
          ],
          [
            46.3449132,
            -15.7167036
          ],
          [
            46.3448314,
            -15.7167082
          ],
          [
            46.3446105,
            -15.7167132
          ],
          [
            46.344294,
            -15.7167148
          ],
          [
            46.3440427,
            -15.7167104
          ],
          [
            46.3437853,
            -15.7166861
          ],
          [
            46.343476,
            -15.7166193
          ],
          [
            46.3433638,
            -15.7165834
          ],
          [
            46.343253,
            -15.7165479
          ],
          [
            46.3430364,
            -15.7164593
          ],
          [
            46.3428067,
            -15.716359
          ],
          [
            46.3427465,
            -15.7163275
          ],
          [
            46.3425925,
            -15.716247
          ],
          [
            46.3423105,
            -15.7160413
          ],
          [
            46.3420313,
            -15.715814
          ],
          [
            46.3417867,
            -15.7156161
          ],
          [
            46.3411523,
            -15.7151027
          ],
          [
            46.3410874,
            -15.7150538
          ],
          [
            46.3409531,
            -15.7149548
          ],
          [
            46.3408127,
            -15.7148279
          ],
          [
            46.3403923,
            -15.7145467
          ],
          [
            46.3400369,
            -15.7143895
          ],
          [
            46.3395056,
            -15.7142681
          ],
          [
            46.3392347,
            -15.714263
          ],
          [
            46.3388039,
            -15.7142986
          ]
        ]
      },
      "id": "way/1188221002"
    },
    {
      "type": "Feature",
      "properties": {
        "@id": "way/1188229400",
        "bus": "yes",
        "highway": "primary",
        "name": "Miaramila",
        "public_transport": "stop_position",
        "ref": "N 4",
        "surface": "asphalt"
      },
      "geometry": {
        "type": "LineString",
        "coordinates": [
          [
            46.3388039,
            -15.7142986
          ],
          [
            46.3385987,
            -15.7143523
          ],
          [
            46.3385403,
            -15.7143728
          ],
          [
            46.3383729,
            -15.7144441
          ],
          [
            46.3382499,
            -15.7145081
          ],
          [
            46.3381547,
            -15.7145548
          ],
          [
            46.3377999,
            -15.7147422
          ],
          [
            46.3375687,
            -15.7148492
          ],
          [
            46.3373309,
            -15.7149945
          ],
          [
            46.3363442,
            -15.7154743
          ],
          [
            46.3362436,
            -15.7155308
          ],
          [
            46.3361885,
            -15.7155638
          ],
          [
            46.3360061,
            -15.7156779
          ],
          [
            46.3357063,
            -15.7159489
          ],
          [
            46.3355265,
            -15.7160729
          ],
          [
            46.335431,
            -15.7161347
          ],
          [
            46.3353799,
            -15.7161703
          ],
          [
            46.3352189,
            -15.716249
          ],
          [
            46.3350648,
            -15.7163005
          ],
          [
            46.3349278,
            -15.7163277
          ],
          [
            46.3347986,
            -15.7163509
          ],
          [
            46.3346653,
            -15.7163589
          ],
          [
            46.3344358,
            -15.7163715
          ],
          [
            46.3342882,
            -15.716389
          ],
          [
            46.3341421,
            -15.7164228
          ],
          [
            46.3340395,
            -15.7164575
          ],
          [
            46.3339346,
            -15.7165031
          ],
          [
            46.3338213,
            -15.7165705
          ],
          [
            46.3337234,
            -15.7166583
          ],
          [
            46.3337075,
            -15.7166761
          ]
        ]
      },
      "id": "way/1188229400"
    },
    {
      "type": "Feature",
      "properties": {
        "@id": "way/1188254588",
        "bus": "yes",
        "highway": "primary",
        "name": "Miaramila",
        "public_transport": "stop_position",
        "ref": "N 4",
        "surface": "asphalt"
      },
      "geometry": {
        "type": "LineString",
        "coordinates": [
          [
            46.3802237,
            -15.7061585
          ],
          [
            46.3801427,
            -15.7061704
          ],
          [
            46.3799647,
            -15.706214
          ],
          [
            46.3796512,
            -15.7062966
          ],
          [
            46.3794426,
            -15.7063495
          ],
          [
            46.3792681,
            -15.7064134
          ],
          [
            46.3787712,
            -15.7066508
          ],
          [
            46.3783847,
            -15.7069127
          ],
          [
            46.3783482,
            -15.7069374
          ],
          [
            46.3779758,
            -15.707243
          ],
          [
            46.3778292,
            -15.7074052
          ],
          [
            46.3776595,
            -15.7075882
          ],
          [
            46.3775396,
            -15.7077183
          ],
          [
            46.377494,
            -15.7077719
          ],
          [
            46.37746,
            -15.7078123
          ]
        ]
      },
      "id": "way/1188254588"
    },
    {
      "type": "Feature",
      "properties": {
        "@id": "way/1188304757",
        "bus": "yes",
        "highway": "primary",
        "name": "Miaramila",
        "public_transport": "stop_position",
        "ref": "N 4",
        "surface": "asphalt"
      },
      "geometry": {
        "type": "LineString",
        "coordinates": [
          [
            46.3829951,
            -15.7063305
          ],
          [
            46.3824829,
            -15.7062662
          ],
          [
            46.3824507,
            -15.7062634
          ],
          [
            46.3816634,
            -15.7061967
          ],
          [
            46.3810298,
            -15.7061365
          ],
          [
            46.3805255,
            -15.7061414
          ],
          [
            46.3802237,
            -15.7061585
          ]
        ]
      },
      "id": "way/1188304757"
    },
    {
      "type": "Feature",
      "properties": {
        "@id": "way/1188395573",
        "bus": "yes",
        "highway": "primary",
        "name": "Miaramila",
        "public_transport": "stop_position",
        "ref": "N 4",
        "surface": "asphalt"
      },
      "geometry": {
        "type": "LineString",
        "coordinates": [
          [
            46.37746,
            -15.7078123
          ],
          [
            46.377376,
            -15.7079036
          ],
          [
            46.3773264,
            -15.7079506
          ],
          [
            46.3773022,
            -15.7079806
          ],
          [
            46.3770514,
            -15.7083058
          ],
          [
            46.3767207,
            -15.7086557
          ],
          [
            46.3761112,
            -15.7093758
          ],
          [
            46.3755028,
            -15.7100946
          ],
          [
            46.3754412,
            -15.7101674
          ],
          [
            46.3752158,
            -15.7104222
          ],
          [
            46.3747463,
            -15.7109241
          ],
          [
            46.3747207,
            -15.7109514
          ],
          [
            46.3745129,
            -15.7111858
          ],
          [
            46.3743628,
            -15.7113577
          ],
          [
            46.3741499,
            -15.7116259
          ],
          [
            46.3741225,
            -15.7116559
          ],
          [
            46.3736564,
            -15.7121826
          ],
          [
            46.3733253,
            -15.7125676
          ],
          [
            46.3732863,
            -15.7126067
          ],
          [
            46.3729084,
            -15.7130273
          ],
          [
            46.3725428,
            -15.713377
          ],
          [
            46.3722238,
            -15.7135998
          ],
          [
            46.3722066,
            -15.713611
          ],
          [
            46.3721254,
            -15.7136639
          ],
          [
            46.3719552,
            -15.7137589
          ],
          [
            46.3717694,
            -15.713869
          ],
          [
            46.3713565,
            -15.7140593
          ],
          [
            46.3710025,
            -15.7142267
          ],
          [
            46.3706235,
            -15.7143713
          ],
          [
            46.3704428,
            -15.71443
          ],
          [
            46.370362,
            -15.7144451
          ],
          [
            46.369897,
            -15.7145794
          ],
          [
            46.3697765,
            -15.7146124
          ],
          [
            46.3697401,
            -15.7146229
          ],
          [
            46.3694068,
            -15.7147195
          ],
          [
            46.3687127,
            -15.7149339
          ],
          [
            46.3683874,
            -15.7150304
          ],
          [
            46.3682819,
            -15.7150617
          ],
          [
            46.3681793,
            -15.7150919
          ]
        ]
      },
      "id": "way/1188395573"
    },
    {
      "type": "Feature",
      "properties": {
        "@id": "way/1188399451",
        "highway": "primary",
        "name": "Route d'Antananarivo",
        "ref": "N 4"
      },
      "geometry": {
        "type": "LineString",
        "coordinates": [
          [
            46.3855679,
            -15.7066094
          ],
          [
            46.385476,
            -15.7065992
          ],
          [
            46.3854314,
            -15.7065943
          ],
          [
            46.3845206,
            -15.7064828
          ],
          [
            46.3831321,
            -15.7063485
          ]
        ]
      },
      "id": "way/1188399451"
    },
    {
      "type": "Feature",
      "properties": {
        "@id": "way/1191342475",
        "highway": "primary",
        "lane_markings": "no",
        "oneway": "yes",
        "ref": "N 4",
        "surface": "asphalt"
      },
      "geometry": {
        "type": "LineString",
        "coordinates": [
          [
            47.5209001,
            -18.9008911
          ],
          [
            47.5211243,
            -18.901208
          ],
          [
            47.5223956,
            -18.9029527
          ]
        ]
      },
      "id": "way/1191342475"
    },
    {
      "type": "Feature",
      "properties": {
        "@id": "way/1191344931",
        "highway": "primary",
        "maxspeed": "60",
        "oneway": "yes",
        "ref": "N 4"
      },
      "geometry": {
        "type": "LineString",
        "coordinates": [
          [
            47.4618289,
            -18.8403307
          ],
          [
            47.4617675,
            -18.840297
          ],
          [
            47.461677,
            -18.84028
          ]
        ]
      },
      "id": "way/1191344931"
    },
    {
      "type": "Feature",
      "properties": {
        "@id": "way/1215375918",
        "highway": "primary",
        "lanes": "2",
        "maxspeed": "80",
        "ref": "N 4",
        "smoothness": "intermediate",
        "surface": "asphalt"
      },
      "geometry": {
        "type": "LineString",
        "coordinates": [
          [
            46.8577197,
            -16.9267298
          ],
          [
            46.857877,
            -16.9264809
          ],
          [
            46.858003,
            -16.926232
          ],
          [
            46.8582444,
            -16.9255982
          ],
          [
            46.8584429,
            -16.9248925
          ],
          [
            46.8586011,
            -16.9245333
          ],
          [
            46.8590652,
            -16.9238467
          ],
          [
            46.8591122,
            -16.9237665
          ],
          [
            46.8597381,
            -16.9229721
          ],
          [
            46.8600344,
            -16.9227623
          ],
          [
            46.8600808,
            -16.9227295
          ],
          [
            46.860467,
            -16.922597
          ],
          [
            46.8610324,
            -16.9224704
          ],
          [
            46.8615495,
            -16.9223528
          ],
          [
            46.8622319,
            -16.9222536
          ]
        ]
      },
      "id": "way/1215375918"
    },
    {
      "type": "Feature",
      "properties": {
        "@id": "way/1215375919",
        "highway": "primary",
        "lanes": "2",
        "maxspeed": "50",
        "ref": "N 4",
        "smoothness": "intermediate",
        "surface": "asphalt"
      },
      "geometry": {
        "type": "LineString",
        "coordinates": [
          [
            46.8564828,
            -16.9281716
          ],
          [
            46.8565922,
            -16.927869
          ],
          [
            46.8567048,
            -16.9276818
          ],
          [
            46.8571233,
            -16.9273096
          ],
          [
            46.8573512,
            -16.9270967
          ],
          [
            46.8575471,
            -16.9269222
          ],
          [
            46.8577197,
            -16.9267298
          ]
        ]
      },
      "id": "way/1215375919"
    },
    {
      "type": "Feature",
      "properties": {
        "@id": "way/1216415362",
        "highway": "primary",
        "lanes": "2",
        "maxspeed": "50",
        "ref": "N 4",
        "smoothness": "intermediate",
        "surface": "asphalt"
      },
      "geometry": {
        "type": "LineString",
        "coordinates": [
          [
            46.8162362,
            -16.9787144
          ],
          [
            46.8162252,
            -16.9784559
          ],
          [
            46.8162196,
            -16.9779609
          ],
          [
            46.8162418,
            -16.977573
          ],
          [
            46.816282,
            -16.9770767
          ],
          [
            46.8163268,
            -16.9768501
          ],
          [
            46.8164122,
            -16.9765729
          ]
        ]
      },
      "id": "way/1216415362"
    },
    {
      "type": "Feature",
      "properties": {
        "@id": "way/1216575156",
        "highway": "primary",
        "lanes": "2",
        "maxspeed": "80",
        "ref": "N 4",
        "smoothness": "intermediate",
        "surface": "asphalt"
      },
      "geometry": {
        "type": "LineString",
        "coordinates": [
          [
            46.8508421,
            -16.9519126
          ],
          [
            46.8514075,
            -16.951562
          ],
          [
            46.8519707,
            -16.9512054
          ],
          [
            46.8524803,
            -16.9508898
          ],
          [
            46.8527781,
            -16.9506796
          ],
          [
            46.8529792,
            -16.9505293
          ]
        ]
      },
      "id": "way/1216575156"
    },
    {
      "type": "Feature",
      "properties": {
        "@id": "way/1347108755",
        "highway": "primary",
        "ref": "N 4"
      },
      "geometry": {
        "type": "LineString",
        "coordinates": [
          [
            46.9313094,
            -16.3821787
          ],
          [
            46.929673,
            -16.3813215
          ],
          [
            46.9295805,
            -16.3812746
          ],
          [
            46.9295298,
            -16.3812488
          ],
          [
            46.9283422,
            -16.3806497
          ],
          [
            46.9279965,
            -16.3804908
          ],
          [
            46.9278251,
            -16.3804593
          ],
          [
            46.9276479,
            -16.3804548
          ],
          [
            46.927499,
            -16.3804623
          ],
          [
            46.9273997,
            -16.3804838
          ],
          [
            46.9270818,
            -16.380595
          ],
          [
            46.9267391,
            -16.380695
          ],
          [
            46.9265354,
            -16.380721
          ],
          [
            46.9263746,
            -16.3807033
          ],
          [
            46.9261991,
            -16.3806716
          ],
          [
            46.9259897,
            -16.3806191
          ],
          [
            46.9257253,
            -16.3805456
          ],
          [
            46.925295,
            -16.3804186
          ],
          [
            46.9250873,
            -16.3803314
          ],
          [
            46.924893,
            -16.3802377
          ],
          [
            46.9245842,
            -16.3799884
          ],
          [
            46.9244595,
            -16.3798619
          ],
          [
            46.9242948,
            -16.3796601
          ],
          [
            46.9241504,
            -16.3794047
          ],
          [
            46.9235628,
            -16.3781421
          ],
          [
            46.9235232,
            -16.3780564
          ],
          [
            46.9232673,
            -16.3775028
          ],
          [
            46.922958,
            -16.3768336
          ],
          [
            46.9229496,
            -16.3768156
          ],
          [
            46.9227947,
            -16.3764805
          ],
          [
            46.9226669,
            -16.3762039
          ],
          [
            46.9222851,
            -16.3749893
          ],
          [
            46.922114,
            -16.3733994
          ],
          [
            46.922068,
            -16.3730696
          ],
          [
            46.9219852,
            -16.3728149
          ],
          [
            46.9218577,
            -16.3725774
          ],
          [
            46.9217186,
            -16.3724057
          ],
          [
            46.9215549,
            -16.372249
          ],
          [
            46.9208108,
            -16.3716952
          ],
          [
            46.9200264,
            -16.3711457
          ],
          [
            46.9197191,
            -16.3709875
          ],
          [
            46.9194474,
            -16.3708828
          ],
          [
            46.9190959,
            -16.37081
          ],
          [
            46.9187622,
            -16.37081
          ],
          [
            46.9185147,
            -16.3708469
          ],
          [
            46.9182472,
            -16.3709096
          ],
          [
            46.9180873,
            -16.3709407
          ],
          [
            46.917869,
            -16.3709578
          ]
        ]
      },
      "id": "way/1347108755"
    },
    {
      "type": "Feature",
      "properties": {
        "@id": "way/1347108756",
        "bridge": "yes",
        "highway": "primary",
        "layer": "1",
        "ref": "N 4"
      },
      "geometry": {
        "type": "LineString",
        "coordinates": [
          [
            46.9314469,
            -16.3822544
          ],
          [
            46.9313094,
            -16.3821787
          ]
        ]
      },
      "id": "way/1347108756"
    },
    {
      "type": "Feature",
      "properties": {
        "@id": "way/1347137041",
        "highway": "primary",
        "ref": "N 4"
      },
      "geometry": {
        "type": "LineString",
        "coordinates": [
          [
            46.9394387,
            -16.3797087
          ],
          [
            46.9384652,
            -16.3798705
          ],
          [
            46.937902,
            -16.3801431
          ],
          [
            46.9375403,
            -16.3805967
          ],
          [
            46.9366305,
            -16.3817377
          ],
          [
            46.9359631,
            -16.3822836
          ],
          [
            46.9354886,
            -16.3824984
          ],
          [
            46.9351972,
            -16.3825764
          ],
          [
            46.9350328,
            -16.3826024
          ],
          [
            46.9348773,
            -16.3826256
          ],
          [
            46.9348021,
            -16.3826312
          ],
          [
            46.9347475,
            -16.3826353
          ],
          [
            46.9345613,
            -16.3826479
          ],
          [
            46.9342137,
            -16.382629
          ],
          [
            46.933268,
            -16.3825475
          ],
          [
            46.932822,
            -16.3825154
          ],
          [
            46.9323342,
            -16.3824802
          ],
          [
            46.9319734,
            -16.3824255
          ],
          [
            46.9317961,
            -16.3823823
          ],
          [
            46.9317272,
            -16.3823607
          ],
          [
            46.9316344,
            -16.3823316
          ],
          [
            46.9314469,
            -16.3822544
          ]
        ]
      },
      "id": "way/1347137041"
    },
    {
      "type": "Feature",
      "properties": {
        "@id": "way/1347141783",
        "highway": "primary",
        "ref": "N 4"
      },
      "geometry": {
        "type": "LineString",
        "coordinates": [
          [
            46.9398887,
            -16.3796255
          ],
          [
            46.9394387,
            -16.3797087
          ]
        ]
      },
      "id": "way/1347141783"
    },
    {
      "type": "Feature",
      "properties": {
        "@id": "way/1347141784",
        "bridge": "yes",
        "highway": "primary",
        "layer": "1",
        "ref": "N 4"
      },
      "geometry": {
        "type": "LineString",
        "coordinates": [
          [
            46.9400304,
            -16.3795976
          ],
          [
            46.9398887,
            -16.3796255
          ]
        ]
      },
      "id": "way/1347141784"
    },
    {
      "type": "Feature",
      "properties": {
        "@id": "way/1460696136",
        "highway": "primary",
        "ref": "N 4",
        "smoothness": "excellent"
      },
      "geometry": {
        "type": "LineString",
        "coordinates": [
          [
            47.1099623,
            -17.9339872
          ],
          [
            47.1097938,
            -17.9331957
          ],
          [
            47.1097633,
            -17.9330522
          ],
          [
            47.1095024,
            -17.9320168
          ],
          [
            47.1094018,
            -17.9316175
          ],
          [
            47.1093324,
            -17.9313417
          ],
          [
            47.1092,
            -17.9308162
          ],
          [
            47.1091836,
            -17.9307687
          ],
          [
            47.1090805,
            -17.9304701
          ],
          [
            47.1089484,
            -17.9301787
          ],
          [
            47.1088538,
            -17.9300557
          ],
          [
            47.1085302,
            -17.9296348
          ],
          [
            47.1084301,
            -17.9295046
          ],
          [
            47.1079364,
            -17.9289174
          ],
          [
            47.1077334,
            -17.9287384
          ],
          [
            47.1075349,
            -17.9285914
          ],
          [
            47.1071629,
            -17.9283994
          ],
          [
            47.1070233,
            -17.9281965
          ],
          [
            47.1069561,
            -17.9280989
          ],
          [
            47.1069079,
            -17.9278232
          ],
          [
            47.1068606,
            -17.9273006
          ],
          [
            47.1067329,
            -17.9268009
          ],
          [
            47.1064212,
            -17.9262865
          ],
          [
            47.1059974,
            -17.926016
          ],
          [
            47.1057694,
            -17.9259139
          ],
          [
            47.105638,
            -17.9257838
          ],
          [
            47.1054663,
            -17.9255464
          ],
          [
            47.1052088,
            -17.9249033
          ],
          [
            47.1050103,
            -17.9243751
          ],
          [
            47.1049245,
            -17.9239923
          ],
          [
            47.1048816,
            -17.9232292
          ],
          [
            47.1047978,
            -17.9225153
          ],
          [
            47.1045168,
            -17.9216776
          ],
          [
            47.1041848,
            -17.9209512
          ],
          [
            47.1040293,
            -17.9206102
          ],
          [
            47.1039864,
            -17.9204469
          ],
          [
            47.1040035,
            -17.9202427
          ],
          [
            47.1041409,
            -17.919818
          ],
          [
            47.104282,
            -17.9193648
          ],
          [
            47.1050114,
            -17.9182161
          ],
          [
            47.1051853,
            -17.9176651
          ],
          [
            47.1051908,
            -17.9172892
          ],
          [
            47.1050979,
            -17.9168301
          ],
          [
            47.1046777,
            -17.9159506
          ],
          [
            47.104201,
            -17.9151058
          ],
          [
            47.1039177,
            -17.9143708
          ],
          [
            47.1037632,
            -17.9137633
          ],
          [
            47.103686,
            -17.9130232
          ],
          [
            47.1036688,
            -17.9117165
          ],
          [
            47.1036581,
            -17.9106506
          ],
          [
            47.103611,
            -17.91017
          ],
          [
            47.1034199,
            -17.9097074
          ],
          [
            47.1031452,
            -17.9091847
          ],
          [
            47.102528,
            -17.9082826
          ],
          [
            47.1022354,
            -17.9079024
          ],
          [
            47.1020895,
            -17.9077636
          ],
          [
            47.1018749,
            -17.9076329
          ],
          [
            47.1015917,
            -17.9075594
          ],
          [
            47.1013085,
            -17.9075349
          ],
          [
            47.1010681,
            -17.9075267
          ],
          [
            47.1003557,
            -17.9076248
          ],
          [
            47.1002372,
            -17.9076591
          ],
          [
            47.0999609,
            -17.9077391
          ],
          [
            47.0995318,
            -17.9079514
          ],
          [
            47.0991635,
            -17.908233
          ],
          [
            47.0983815,
            -17.9092668
          ],
          [
            47.0982186,
            -17.9094379
          ],
          [
            47.0978924,
            -17.9096176
          ],
          [
            47.0975319,
            -17.9097156
          ],
          [
            47.09718,
            -17.9097646
          ],
          [
            47.0965792,
            -17.9096747
          ],
          [
            47.0960814,
            -17.9095522
          ],
          [
            47.095678,
            -17.9094052
          ],
          [
            47.0953947,
            -17.9091929
          ],
          [
            47.0952059,
            -17.9090132
          ],
          [
            47.0947651,
            -17.9084657
          ],
          [
            47.0945793,
            -17.9079678
          ],
          [
            47.0944474,
            -17.9070724
          ],
          [
            47.0943356,
            -17.906635
          ],
          [
            47.0936619,
            -17.9054687
          ],
          [
            47.0931663,
            -17.904564
          ],
          [
            47.0931116,
            -17.9042598
          ],
          [
            47.0930601,
            -17.9035247
          ]
        ]
      },
      "id": "way/1460696136"
    },
    {
      "type": "Feature",
      "properties": {
        "@id": "way/1460696137",
        "highway": "primary",
        "ref": "N 4"
      },
      "geometry": {
        "type": "LineString",
        "coordinates": [
          [
            47.1184026,
            -17.9388827
          ],
          [
            47.1183448,
            -17.93885
          ],
          [
            47.1182257,
            -17.9388536
          ],
          [
            47.1180197,
            -17.9388372
          ],
          [
            47.1178051,
            -17.9388944
          ],
          [
            47.1175562,
            -17.9389842
          ],
          [
            47.117099,
            -17.939143
          ],
          [
            47.1166207,
            -17.9392129
          ],
          [
            47.1163792,
            -17.9393152
          ],
          [
            47.1162644,
            -17.9393726
          ],
          [
            47.1161743,
            -17.9396293
          ],
          [
            47.1160744,
            -17.9404368
          ],
          [
            47.1159484,
            -17.9406715
          ],
          [
            47.1156694,
            -17.9408451
          ],
          [
            47.1152698,
            -17.9408987
          ],
          [
            47.1149828,
            -17.9409522
          ],
          [
            47.1146529,
            -17.9411334
          ],
          [
            47.1143712,
            -17.9413758
          ],
          [
            47.1141754,
            -17.9415672
          ],
          [
            47.1139957,
            -17.9416591
          ],
          [
            47.1137624,
            -17.9417663
          ],
          [
            47.1134486,
            -17.9418122
          ],
          [
            47.113181,
            -17.9417871
          ],
          [
            47.1130623,
            -17.9417458
          ],
          [
            47.1129289,
            -17.941683
          ],
          [
            47.1113028,
            -17.9408323
          ],
          [
            47.1103855,
            -17.9403526
          ],
          [
            47.1096051,
            -17.9399947
          ],
          [
            47.1092187,
            -17.9397912
          ],
          [
            47.1089961,
            -17.9396126
          ],
          [
            47.1085508,
            -17.9391813
          ],
          [
            47.1083953,
            -17.9390409
          ],
          [
            47.108229,
            -17.9387781
          ],
          [
            47.1080788,
            -17.9384209
          ],
          [
            47.108068,
            -17.938084
          ],
          [
            47.1081163,
            -17.9378416
          ],
          [
            47.1082182,
            -17.9375099
          ],
          [
            47.1086394,
            -17.9369612
          ],
          [
            47.1091362,
            -17.936363
          ],
          [
            47.1094109,
            -17.9360118
          ],
          [
            47.1096512,
            -17.935628
          ],
          [
            47.1098266,
            -17.9351268
          ],
          [
            47.1099365,
            -17.9347405
          ],
          [
            47.1099714,
            -17.9342894
          ],
          [
            47.1099623,
            -17.9339872
          ]
        ]
      },
      "id": "way/1460696137"
    }
  ]
}