{
  "type": "FeatureCollection",
  "generator": "overpass-turbo",
  "copyright": "The data included in this document is from www.openstreetmap.org. The data is made available under ODbL.",
  "timestamp": "2026-09-30T10:09:00Z",
  "features": [
    {
      "type": "Feature",
      "properties": {
        "@id": "way/30442515",
        "highway": "secondary",
        "ref": "N 43",
        "smoothness": "good",
        "surface": "asphalt"
      },
      "geometry": {
        "type": "LineString",
        "coordinates": [
          [
            46.9720671,
            -19.4350387
          ],
          [
            46.9714616,
            -19.4342519
          ],
          [
            46.971056,
            -19.4337247
          ],
          [
            46.9709509,
            -19.43359
          ],
          [
            46.9707866,
            -19.4333682
          ],
          [
            46.9707088,
            -19.4332809
          ],
          [
            46.9706592,
            -19.4332429
          ],
          [
            46.9705854,
            -19.4332101
          ],
          [
            46.9704607,
            -19.4331898
          ],
          [
            46.9703456,
            -19.4331956
          ],
          [
            46.9702432,
            -19.4331973
          ],
          [
            46.9700616,
            -19.4332052
          ],
          [
            46.9699189,
            -19.4332101
          ],
          [
            46.9698411,
            -19.4331835
          ],
          [
            46.969743,
            -19.4331366
          ],
          [
            46.9695368,
            -19.4329813
          ],
          [
            46.969467,
            -19.4329154
          ],
          [
            46.9693474,
            -19.4328432
          ],
          [
            46.9692671,
            -19.4328256
          ],
          [
            46.9691733,
            -19.4328104
          ],
          [
            46.9690805,
            -19.4328053
          ],
          [
            46.9688903,
            -19.4328066
          ],
          [
            46.9681165,
            -19.4328865
          ],
          [
            46.9679394,
            -19.4329559
          ],
          [
            46.9678201,
            -19.4330191
          ],
          [
            46.9676524,
            -19.4330925
          ],
          [
            46.9675493,
            -19.4331313
          ],
          [
            46.9674915,
            -19.4331456
          ],
          [
            46.9672434,
            -19.4331886
          ],
          [
            46.9670449,
            -19.4332354
          ],
          [
            46.9669229,
            -19.4332809
          ],
          [
            46.966798,
            -19.4333643
          ],
          [
            46.9665472,
            -19.4335514
          ],
          [
            46.9662362,
            -19.4337817
          ],
          [
            46.9661437,
            -19.4338209
          ],
          [
            46.9660324,
            -19.4338412
          ],
          [
            46.9658419,
            -19.4338614
          ],
          [
            46.9657226,
            -19.4338816
          ],
          [
            46.9656339,
            -19.4339195
          ],
          [
            46.9655684,
            -19.4339752
          ],
          [
            46.965485,
            -19.4340776
          ],
          [
            46.9652867,
            -19.4344242
          ],
          [
            46.965217,
            -19.4344937
          ],
          [
            46.9651551,
            -19.4345353
          ],
          [
            46.9650748,
            -19.4345759
          ],
          [
            46.964985,
            -19.4345835
          ],
          [
            46.9649164,
            -19.4345581
          ],
          [
            46.9648844,
            -19.4345178
          ],
          [
            46.9648534,
            -19.4344481
          ],
          [
            46.9648334,
            -19.4343711
          ],
          [
            46.9648198,
            -19.4342496
          ],
          [
            46.9648064,
            -19.433965
          ],
          [
            46.9648145,
            -19.4338094
          ],
          [
            46.9648482,
            -19.4337084
          ],
          [
            46.9648842,
            -19.4336324
          ],
          [
            46.9649968,
            -19.4334452
          ],
          [
            46.9651739,
            -19.433253
          ],
          [
            46.9653563,
            -19.433086
          ],
          [
            46.9654691,
            -19.4329913
          ],
          [
            46.9655387,
            -19.4329292
          ],
          [
            46.9655883,
            -19.4328293
          ],
          [
            46.9656084,
            -19.4327016
          ],
          [
            46.9655923,
            -19.4324891
          ],
          [
            46.9655548,
            -19.4323538
          ],
          [
            46.9655214,
            -19.4322628
          ],
          [
            46.9654611,
            -19.4321529
          ],
          [
            46.9653298,
            -19.4319607
          ],
          [
            46.9652597,
            -19.431901
          ],
          [
            46.9651526,
            -19.4318391
          ],
          [
            46.9650118,
            -19.4317696
          ],
          [
            46.9648026,
            -19.4317114
          ],
          [
            46.9647302,
            -19.4317
          ],
          [
            46.9646562,
            -19.4317049
          ],
          [
            46.964396,
            -19.4317556
          ],
          [
            46.9641683,
            -19.431819
          ],
          [
            46.9640301,
            -19.4318429
          ],
          [
            46.963884,
            -19.4318545
          ],
          [
            46.9636667,
            -19.4318745
          ],
          [
            46.9633929,
            -19.4318669
          ],
          [
            46.9630894,
            -19.4318364
          ],
          [
            46.9624758,
            -19.431733
          ],
          [
            46.962331,
            -19.4316824
          ],
          [
            46.9621964,
            -19.4315985
          ],
          [
            46.9618481,
            -19.4313206
          ],
          [
            46.9615719,
            -19.4311233
          ],
          [
            46.9613975,
            -19.4310375
          ],
          [
            46.9612715,
            -19.4309867
          ],
          [
            46.9611937,
            -19.4309538
          ],
          [
            46.9611506,
            -19.4309158
          ],
          [
            46.9611306,
            -19.4308805
          ],
          [
            46.961113,
            -19.4307944
          ],
          [
            46.9611023,
            -19.4306527
          ],
          [
            46.9611237,
            -19.4304099
          ],
          [
            46.9611213,
            -19.4302785
          ],
          [
            46.961113,
            -19.4301822
          ],
          [
            46.961014,
            -19.4300231
          ],
          [
            46.9607995,
            -19.429841
          ],
          [
            46.9601583,
            -19.4293868
          ],
          [
            46.960098,
            -19.4293375
          ],
          [
            46.9600669,
            -19.4292919
          ],
          [
            46.9600484,
            -19.4292566
          ],
          [
            46.9600401,
            -19.4291958
          ],
          [
            46.9600497,
            -19.4291516
          ],
          [
            46.960083,
            -19.4291047
          ],
          [
            46.9601382,
            -19.4290643
          ],
          [
            46.9602332,
            -19.4290339
          ],
          [
            46.9603139,
            -19.4290074
          ],
          [
            46.9603995,
            -19.428958
          ],
          [
            46.9606181,
            -19.4288037
          ],
          [
            46.9607738,
            -19.4286886
          ],
          [
            46.9608931,
            -19.4285533
          ],
          [
            46.9609335,
            -19.4284813
          ],
          [
            46.9609735,
            -19.4283813
          ],
          [
            46.9609912,
            -19.4283207
          ],
          [
            46.9610004,
            -19.4282346
          ],
          [
            46.9609992,
            -19.4281702
          ],
          [
            46.9609509,
            -19.4280475
          ],
          [
            46.960853,
            -19.4279299
          ],
          [
            46.9607404,
            -19.4278174
          ],
          [
            46.9606785,
            -19.4277362
          ],
          [
            46.9606197,
            -19.4276415
          ],
          [
            46.9605712,
            -19.4275162
          ],
          [
            46.960562,
            -19.4274189
          ],
          [
            46.9605766,
            -19.4272632
          ],
          [
            46.9605821,
            -19.4271369
          ],
          [
            46.9605658,
            -19.4270609
          ],
          [
            46.9605339,
            -19.4269977
          ],
          [
            46.9604585,
            -19.4269091
          ],
          [
            46.9603674,
            -19.4267877
          ],
          [
            46.9602654,
            -19.4266524
          ],
          [
            46.9601919,
            -19.4265222
          ],
          [
            46.9601463,
            -19.4264349
          ],
          [
            46.9600938,
            -19.4263121
          ],
          [
            46.9600631,
            -19.4261921
          ],
          [
            46.9600509,
            -19.4261047
          ],
          [
            46.9600455,
            -19.4258669
          ],
          [
            46.960083,
            -19.4256089
          ],
          [
            46.960142,
            -19.4253357
          ],
          [
            46.960244,
            -19.4251132
          ],
          [
            46.9603137,
            -19.4249007
          ],
          [
            46.9603206,
            -19.4247654
          ],
          [
            46.9603083,
            -19.4245971
          ],
          [
            46.9602493,
            -19.4244099
          ],
          [
            46.9600723,
            -19.4240862
          ],
          [
            46.9599087,
            -19.4238004
          ],
          [
            46.959689,
            -19.423492
          ],
          [
            46.9595412,
            -19.4232767
          ],
          [
            46.9593135,
            -19.4228899
          ],
          [
            46.9592504,
            -19.4228189
          ],
          [
            46.9591872,
            -19.4227708
          ],
          [
            46.9590474,
            -19.4227199
          ],
          [
            46.9589151,
            -19.4226684
          ],
          [
            46.9587849,
            -19.4226342
          ],
          [
            46.9587371,
            -19.4226298
          ],
          [
            46.9586737,
            -19.4226254
          ],
          [
            46.9585732,
            -19.4226256
          ],
          [
            46.9583251,
            -19.4226697
          ],
          [
            46.958262,
            -19.4226811
          ],
          [
            46.9582084,
            -19.4226825
          ],
          [
            46.9579939,
            -19.4226572
          ],
          [
            46.957908,
            -19.4226571
          ],
          [
            46.9577897,
            -19.4226746
          ],
          [
            46.9574465,
            -19.4227885
          ],
          [
            46.9573311,
            -19.4228011
          ],
          [
            46.9572763,
            -19.4227772
          ],
          [
            46.9572292,
            -19.4227303
          ],
          [
            46.9571905,
            -19.4226798
          ],
          [
            46.9571594,
            -19.4226089
          ],
          [
            46.9570572,
            -19.4222697
          ],
          [
            46.9570322,
            -19.4221916
          ],
          [
            46.9570068,
            -19.4221537
          ],
          [
            46.9568928,
            -19.4220588
          ],
          [
            46.9565253,
            -19.4218096
          ],
          [
            46.9563791,
            -19.4217198
          ],
          [
            46.9562826,
            -19.4216707
          ],
          [
            46.9560881,
            -19.4215731
          ],
          [
            46.9558771,
            -19.4214906
          ],
          [
            46.9557662,
            -19.4214429
          ],
          [
            46.9557033,
            -19.4213874
          ],
          [
            46.9556764,
            -19.4213455
          ],
          [
            46.9556625,
            -19.4212983
          ],
          [
            46.9556469,
            -19.4212051
          ],
          [
            46.9556496,
            -19.4211142
          ],
          [
            46.9556683,
            -19.4209268
          ],
          [
            46.9556616,
            -19.4208473
          ],
          [
            46.9556415,
            -19.4207624
          ],
          [
            46.9556061,
            -19.4206938
          ],
          [
            46.9555584,
            -19.4206309
          ],
          [
            46.9554962,
            -19.4205778
          ],
          [
            46.9554586,
            -19.4205496
          ],
          [
            46.9552271,
            -19.4203956
          ],
          [
            46.955089,
            -19.4203007
          ],
          [
            46.9549911,
            -19.4202122
          ],
          [
            46.9549464,
            -19.4201499
          ],
          [
            46.9549119,
            -19.4200781
          ],
          [
            46.9548959,
            -19.4200238
          ],
          [
            46.9548771,
            -19.4199276
          ],
          [
            46.9548543,
            -19.4198302
          ],
          [
            46.9548114,
            -19.4196266
          ],
          [
            46.954789,
            -19.4195243
          ],
          [
            46.954772,
            -19.4194163
          ],
          [
            46.9547725,
            -19.41938
          ],
          [
            46.9548073,
            -19.4192522
          ],
          [
            46.954869,
            -19.4191181
          ],
          [
            46.9548999,
            -19.4190233
          ],
          [
            46.9549066,
            -19.4189284
          ],
          [
            46.9548972,
            -19.4188437
          ],
          [
            46.9548476,
            -19.4186527
          ],
          [
            46.9548342,
            -19.4185465
          ],
          [
            46.9548382,
            -19.4184503
          ],
          [
            46.9548651,
            -19.4183809
          ],
          [
            46.9549106,
            -19.4182884
          ],
          [
            46.9550094,
            -19.4181527
          ],
          [
            46.9552548,
            -19.4177973
          ],
          [
            46.9552995,
            -19.4176674
          ],
          [
            46.9553263,
            -19.417508
          ],
          [
            46.9553304,
            -19.4173778
          ],
          [
            46.9553062,
            -19.4172222
          ],
          [
            46.9552892,
            -19.4170911
          ],
          [
            46.9552468,
            -19.4169777
          ],
          [
            46.9552298,
            -19.416925
          ],
          [
            46.9551842,
            -19.4168314
          ],
          [
            46.9551185,
            -19.4167529
          ],
          [
            46.9550273,
            -19.416681
          ],
          [
            46.9549535,
            -19.4166315
          ],
          [
            46.9548543,
            -19.4165784
          ],
          [
            46.954802,
            -19.4165608
          ],
          [
            46.9547215,
            -19.4165544
          ],
          [
            46.9545566,
            -19.4165721
          ],
          [
            46.9544501,
            -19.4165932
          ],
          [
            46.9543245,
            -19.4166075
          ],
          [
            46.9541926,
            -19.4165932
          ],
          [
            46.9541207,
            -19.4165759
          ],
          [
            46.9540094,
            -19.4165139
          ],
          [
            46.9539808,
            -19.4164845
          ],
          [
            46.9539423,
            -19.4164443
          ],
          [
            46.9538981,
            -19.4163874
          ],
          [
            46.9538493,
            -19.4163099
          ],
          [
            46.9537653,
            -19.4160927
          ],
          [
            46.9537117,
            -19.4159561
          ],
          [
            46.9536325,
            -19.4158296
          ],
          [
            46.9534649,
            -19.4156601
          ],
          [
            46.953388,
            -19.415551
          ],
          [
            46.9533321,
            -19.4154577
          ],
          [
            46.9532771,
            -19.4152427
          ],
          [
            46.9532678,
            -19.4150302
          ],
          [
            46.95327,
            -19.4148832
          ],
          [
            46.9532463,
            -19.414757
          ],
          [
            46.9531859,
            -19.4145306
          ],
          [
            46.9530532,
            -19.4141425
          ],
          [
            46.952911,
            -19.4138425
          ],
          [
            46.9528708,
            -19.4138046
          ],
          [
            46.952797,
            -19.4137628
          ],
          [
            46.9527434,
            -19.4137527
          ],
          [
            46.9526992,
            -19.4137478
          ],
          [
            46.9523022,
            -19.4137276
          ],
          [
            46.9522297,
            -19.4137198
          ],
          [
            46.9521841,
            -19.4136971
          ],
          [
            46.9521332,
            -19.4136588
          ],
          [
            46.9520809,
            -19.4135959
          ],
          [
            46.9520487,
            -19.4135567
          ],
          [
            46.9520152,
            -19.4134868
          ],
          [
            46.9519897,
            -19.4133303
          ],
          [
            46.9519723,
            -19.4130921
          ],
          [
            46.9519629,
            -19.4129862
          ],
          [
            46.9519535,
            -19.4129432
          ],
          [
            46.9519401,
            -19.41291
          ],
          [
            46.9516934,
            -19.4125457
          ],
          [
            46.9516665,
            -19.41246
          ],
          [
            46.9516585,
            -19.4123919
          ],
          [
            46.9516678,
            -19.4123159
          ],
          [
            46.951696,
            -19.4122336
          ],
          [
            46.9517443,
            -19.4121059
          ],
          [
            46.9517523,
            -19.412049
          ],
          [
            46.9517443,
            -19.4119871
          ],
          [
            46.9517121,
            -19.4115784
          ],
          [
            46.9516584,
            -19.4111332
          ],
          [
            46.9516303,
            -19.4106905
          ],
          [
            46.9516182,
            -19.4103148
          ],
          [
            46.9516075,
            -19.4101377
          ],
          [
            46.9515887,
            -19.4100593
          ],
          [
            46.9515243,
            -19.4099252
          ],
          [
            46.95146,
            -19.4098515
          ],
          [
            46.9514063,
            -19.4098063
          ],
          [
            46.9512373,
            -19.4097306
          ],
          [
            46.95113,
            -19.4096874
          ],
          [
            46.9510429,
            -19.409652
          ],
          [
            46.9508752,
            -19.4095483
          ],
          [
            46.9507827,
            -19.4094699
          ],
          [
            46.950725,
            -19.4094028
          ],
          [
            46.9506929,
            -19.4093461
          ],
          [
            46.9506633,
            -19.4092865
          ],
          [
            46.9506295,
            -19.4092094
          ],
          [
            46.9505956,
            -19.4091065
          ],
          [
            46.9505643,
            -19.4089886
          ],
          [
            46.9505622,
            -19.4089179
          ],
          [
            46.9506222,
            -19.4087366
          ],
          [
            46.9508051,
            -19.4082413
          ],
          [
            46.9508229,
            -19.4081645
          ],
          [
            46.9508236,
            -19.4081056
          ],
          [
            46.9508249,
            -19.4079719
          ],
          [
            46.9507549,
            -19.4067526
          ],
          [
            46.9507685,
            -19.4061075
          ],
          [
            46.9508105,
            -19.4055111
          ],
          [
            46.9508249,
            -19.4053348
          ],
          [
            46.9508192,
            -19.405303
          ],
          [
            46.9507807,
            -19.4051768
          ]
        ]
      },
      "id": "way/30442515"
    },
    {
      "type": "Feature",
      "properties": {
        "@id": "way/30443285",
        "bridge": "yes",
        "highway": "secondary",
        "layer": "1",
        "ref": "N 43",
        "smoothness": "good",
        "surface": "asphalt"
      },
      "geometry": {
        "type": "LineString",
        "coordinates": [
          [
            46.7321357,
            -19.0409076
          ],
          [
            46.7320777,
            -19.0403482
          ]
        ]
      },
      "id": "way/30443285"
    },
    {
      "type": "Feature",
      "properties": {
        "@id": "way/30443287",
        "highway": "secondary",
        "ref": "N 43",
        "smoothness": "good",
        "surface": "asphalt"
      },
      "geometry": {
        "type": "LineString",
        "coordinates": [
          [
            46.7320777,
            -19.0403482
          ],
          [
            46.7320139,
            -19.0401502
          ],
          [
            46.7319974,
            -19.0400354
          ],
          [
            46.731934,
            -19.039816
          ],
          [
            46.731755,
            -19.0392435
          ],
          [
            46.7317598,
            -19.0389071
          ],
          [
            46.7317605,
            -19.0388546
          ],
          [
            46.7318487,
            -19.0386815
          ],
          [
            46.7319681,
            -19.0384977
          ],
          [
            46.7321585,
            -19.0382923
          ],
          [
            46.7323503,
            -19.0381161
          ],
          [
            46.7324733,
            -19.0377912
          ],
          [
            46.7325327,
            -19.0376343
          ],
          [
            46.7327124,
            -19.0363514
          ],
          [
            46.7329837,
            -19.0347352
          ],
          [
            46.7330584,
            -19.0343686
          ],
          [
            46.733108,
            -19.0341708
          ],
          [
            46.7331643,
            -19.0338691
          ],
          [
            46.7331777,
            -19.0337321
          ],
          [
            46.733155,
            -19.0335737
          ],
          [
            46.7330423,
            -19.0332871
          ],
          [
            46.7327915,
            -19.0326964
          ],
          [
            46.732762,
            -19.0325518
          ],
          [
            46.7327701,
            -19.0324327
          ],
          [
            46.7328465,
            -19.0322754
          ],
          [
            46.7334871,
            -19.0315595
          ],
          [
            46.7343771,
            -19.030133
          ],
          [
            46.7354391,
            -19.0287701
          ],
          [
            46.7356619,
            -19.0284551
          ],
          [
            46.7357657,
            -19.0281402
          ],
          [
            46.7358586,
            -19.0278437
          ],
          [
            46.7365372,
            -19.025679
          ],
          [
            46.7367471,
            -19.0250672
          ],
          [
            46.7369346,
            -19.0246304
          ],
          [
            46.7372949,
            -19.0236796
          ],
          [
            46.7372987,
            -19.0235395
          ],
          [
            46.7372278,
            -19.0234158
          ],
          [
            46.7371385,
            -19.0233392
          ],
          [
            46.7370107,
            -19.0232815
          ],
          [
            46.7367629,
            -19.023222
          ],
          [
            46.7353229,
            -19.0230067
          ],
          [
            46.7317637,
            -19.0224823
          ],
          [
            46.7311278,
            -19.0223891
          ],
          [
            46.7304861,
            -19.0223521
          ],
          [
            46.730175,
            -19.0224536
          ],
          [
            46.7294025,
            -19.0227578
          ],
          [
            46.7290807,
            -19.0227376
          ],
          [
            46.7288554,
            -19.0226057
          ],
          [
            46.7285134,
            -19.0222507
          ],
          [
            46.7284477,
            -19.0221467
          ],
          [
            46.7282867,
            -19.0217435
          ],
          [
            46.7280373,
            -19.0210969
          ],
          [
            46.7278683,
            -19.0208408
          ],
          [
            46.7276859,
            -19.0206785
          ],
          [
            46.726656,
            -19.019947
          ],
          [
            46.7262161,
            -19.0195856
          ],
          [
            46.7259277,
            -19.0194132
          ],
          [
            46.7256099,
            -19.0192623
          ],
          [
            46.7253296,
            -19.0191913
          ],
          [
            46.7251432,
            -19.0191381
          ],
          [
            46.7249849,
            -19.0190785
          ],
          [
            46.7248481,
            -19.018991
          ],
          [
            46.7244569,
            -19.0186775
          ],
          [
            46.7242339,
            -19.018494
          ],
          [
            46.7241186,
            -19.0183482
          ],
          [
            46.7240717,
            -19.0182379
          ],
          [
            46.7240395,
            -19.0181301
          ],
          [
            46.7240301,
            -19.0179209
          ],
          [
            46.7240086,
            -19.0174784
          ],
          [
            46.7240019,
            -19.0174251
          ],
          [
            46.723967,
            -19.0172565
          ],
          [
            46.7234507,
            -19.0163005
          ],
          [
            46.7230202,
            -19.0153483
          ],
          [
            46.7228955,
            -19.0150896
          ],
          [
            46.7227516,
            -19.0148506
          ],
          [
            46.7224426,
            -19.0144979
          ],
          [
            46.722201,
            -19.0143035
          ],
          [
            46.7220855,
            -19.01423
          ],
          [
            46.7219419,
            -19.0142034
          ],
          [
            46.7217985,
            -19.0141919
          ],
          [
            46.7212151,
            -19.0142934
          ],
          [
            46.7210528,
            -19.0142769
          ],
          [
            46.7208181,
            -19.01423
          ],
          [
            46.7205491,
            -19.0141285
          ],
          [
            46.7202643,
            -19.0140055
          ],
          [
            46.7201784,
            -19.0139447
          ],
          [
            46.7201004,
            -19.0138664
          ],
          [
            46.7200457,
            -19.0137545
          ],
          [
            46.7199773,
            -19.0134946
          ],
          [
            46.7198163,
            -19.0130495
          ],
          [
            46.7197654,
            -19.0128403
          ],
          [
            46.7197332,
            -19.0126641
          ],
          [
            46.7196715,
            -19.0125132
          ],
          [
            46.7195132,
            -19.0122152
          ],
          [
            46.7194422,
            -19.0121024
          ],
          [
            46.7193711,
            -19.0119895
          ],
          [
            46.7192262,
            -19.0118095
          ],
          [
            46.7190734,
            -19.0116383
          ],
          [
            46.7187314,
            -19.0114595
          ],
          [
            46.7186442,
            -19.0114088
          ],
          [
            46.7185834,
            -19.0113293
          ],
          [
            46.7185412,
            -19.0112154
          ],
          [
            46.718522,
            -19.0109885
          ],
          [
            46.7185906,
            -19.0106823
          ],
          [
            46.7186201,
            -19.0104591
          ],
          [
            46.7185461,
            -19.0100995
          ],
          [
            46.7184278,
            -19.0098954
          ],
          [
            46.7182553,
            -19.0097364
          ],
          [
            46.7181413,
            -19.009569
          ],
          [
            46.7180595,
            -19.0093826
          ],
          [
            46.7179388,
            -19.0089984
          ],
          [
            46.7178529,
            -19.0086903
          ],
          [
            46.7176932,
            -19.0079188
          ],
          [
            46.7176737,
            -19.007763
          ],
          [
            46.717739,
            -19.0069925
          ],
          [
            46.7177728,
            -19.0066657
          ],
          [
            46.7178704,
            -19.0063813
          ],
          [
            46.718085,
            -19.0058728
          ],
          [
            46.7181373,
            -19.0056763
          ],
          [
            46.7181104,
            -19.0054683
          ],
          [
            46.7180809,
            -19.0052312
          ],
          [
            46.7180756,
            -19.0050372
          ],
          [
            46.7181064,
            -19.0048863
          ],
          [
            46.7182137,
            -19.0045985
          ],
          [
            46.7189647,
            -19.0028486
          ],
          [
            46.7194019,
            -19.0020275
          ],
          [
            46.7216927,
            -18.999896
          ],
          [
            46.7239438,
            -18.9975018
          ],
          [
            46.7242835,
            -18.9969713
          ],
          [
            46.7243895,
            -18.996691
          ],
          [
            46.7244539,
            -18.9964323
          ],
          [
            46.7244994,
            -18.9961946
          ],
          [
            46.7245309,
            -18.9951764
          ],
          [
            46.724439,
            -18.9938083
          ],
          [
            46.7243164,
            -18.9932083
          ],
          [
            46.7244553,
            -18.9926412
          ],
          [
            46.7244023,
            -18.9923696
          ],
          [
            46.724242,
            -18.9916314
          ],
          [
            46.7243063,
            -18.9914741
          ],
          [
            46.724596,
            -18.9910785
          ],
          [
            46.7247087,
            -18.9908824
          ],
          [
            46.7249607,
            -18.9902526
          ],
          [
            46.7251244,
            -18.9898433
          ],
          [
            46.7252317,
            -18.9895314
          ],
          [
            46.7252398,
            -18.9894578
          ],
          [
            46.7250328,
            -18.9881496
          ],
          [
            46.7245483,
            -18.9869671
          ],
          [
            46.7242558,
            -18.9865556
          ],
          [
            46.7235128,
            -18.9857662
          ],
          [
            46.7233184,
            -18.985468
          ],
          [
            46.723185,
            -18.9845202
          ],
          [
            46.7230478,
            -18.9841489
          ],
          [
            46.7227243,
            -18.983736
          ],
          [
            46.7222264,
            -18.9832633
          ],
          [
            46.7201996,
            -18.9809666
          ],
          [
            46.7188821,
            -18.980172
          ],
          [
            46.7174911,
            -18.9793263
          ],
          [
            46.7165343,
            -18.9780756
          ],
          [
            46.7163421,
            -18.9769529
          ],
          [
            46.7161315,
            -18.9757229
          ],
          [
            46.7161247,
            -18.9754055
          ],
          [
            46.7163362,
            -18.9745548
          ]
        ]
      },
      "id": "way/30443287"
    },
    {
      "type": "Feature",
      "properties": {
        "@id": "way/169764705",
        "highway": "secondary",
        "ref": "N 43",
        "smoothness": "good",
        "source": "Bing",
        "surface": "asphalt"
      },
      "geometry": {
        "type": "LineString",
        "coordinates": [
          [
            47.1565419,
            -19.6383084
          ],
          [
            47.1567332,
            -19.6382637
          ],
          [
            47.1568877,
            -19.638207
          ],
          [
            47.1569781,
            -19.6381467
          ],
          [
            47.1572298,
            -19.6379223
          ]
        ]
      },
      "id": "way/169764705"
    },
    {
      "type": "Feature",
      "properties": {
        "@id": "way/169883120",
        "highway": "secondary",
        "ref": "N 43",
        "smoothness": "good",
        "surface": "asphalt"
      },
      "geometry": {
        "type": "LineString",
        "coordinates": [
          [
            46.7730259,
            -19.260426
          ],
          [
            46.7730983,
            -19.2603449
          ],
          [
            46.7731957,
            -19.2602563
          ],
          [
            46.7732887,
            -19.2602006
          ],
          [
            46.7733882,
            -19.2601914
          ],
          [
            46.7735006,
            -19.2602259
          ],
          [
            46.7736087,
            -19.2603196
          ],
          [
            46.7737045,
            -19.2604336
          ],
          [
            46.7738099,
            -19.26055
          ],
          [
            46.7739164,
            -19.2606817
          ],
          [
            46.7740585,
            -19.2608286
          ],
          [
            46.7741739,
            -19.2609957
          ],
          [
            46.7742873,
            -19.2611577
          ],
          [
            46.774426,
            -19.2613654
          ],
          [
            46.7745467,
            -19.2615452
          ],
          [
            46.7746647,
            -19.2617021
          ],
          [
            46.7747406,
            -19.2618262
          ],
          [
            46.7748793,
            -19.2620819
          ],
          [
            46.7749768,
            -19.2621943
          ],
          [
            46.7751218,
            -19.2622755
          ],
          [
            46.7752476,
            -19.2623073
          ],
          [
            46.7753253,
            -19.2623174
          ],
          [
            46.775438,
            -19.2623554
          ],
          [
            46.775548,
            -19.2624035
          ],
          [
            46.7757269,
            -19.2625048
          ],
          [
            46.775987,
            -19.2626922
          ],
          [
            46.77603,
            -19.2627251
          ],
          [
            46.7760782,
            -19.2627479
          ],
          [
            46.7761265,
            -19.2627403
          ],
          [
            46.7761595,
            -19.2627175
          ],
          [
            46.7761767,
            -19.2626696
          ],
          [
            46.7761721,
            -19.2625934
          ],
          [
            46.77613,
            -19.262482
          ],
          [
            46.7760442,
            -19.2623352
          ],
          [
            46.7758663,
            -19.2620668
          ],
          [
            46.7757081,
            -19.2618161
          ],
          [
            46.7755855,
            -19.2616121
          ],
          [
            46.7754774,
            -19.261454
          ],
          [
            46.7754157,
            -19.2612894
          ],
          [
            46.7753675,
            -19.2611653
          ],
          [
            46.7753012,
            -19.2610413
          ],
          [
            46.7752548,
            -19.2608919
          ],
          [
            46.7752092,
            -19.2607551
          ],
          [
            46.7752065,
            -19.2606032
          ],
          [
            46.7752172,
            -19.2604133
          ],
          [
            46.7752307,
            -19.2602538
          ],
          [
            46.7752816,
            -19.2599626
          ],
          [
            46.7753084,
            -19.2597904
          ],
          [
            46.7753379,
            -19.2596284
          ],
          [
            46.7753272,
            -19.2594638
          ],
          [
            46.7752932,
            -19.2592941
          ],
          [
            46.7753111,
            -19.2591802
          ],
          [
            46.7753379,
            -19.2590764
          ],
          [
            46.775405,
            -19.25897
          ],
          [
            46.7755069,
            -19.2588561
          ],
          [
            46.7755981,
            -19.2587396
          ],
          [
            46.775633,
            -19.2586231
          ],
          [
            46.7756571,
            -19.2584965
          ],
          [
            46.7756464,
            -19.2583497
          ],
          [
            46.775633,
            -19.2582129
          ],
          [
            46.7755981,
            -19.258104
          ],
          [
            46.7755319,
            -19.2580103
          ],
          [
            46.7754238,
            -19.2579369
          ],
          [
            46.7753004,
            -19.2579116
          ],
          [
            46.7751716,
            -19.2579065
          ],
          [
            46.7750188,
            -19.2579091
          ],
          [
            46.7748391,
            -19.2578989
          ],
          [
            46.7746567,
            -19.257866
          ],
          [
            46.7745011,
            -19.2578204
          ],
          [
            46.7742785,
            -19.2577597
          ],
          [
            46.7740773,
            -19.2577318
          ],
          [
            46.773903,
            -19.2577217
          ],
          [
            46.7738118,
            -19.2577065
          ],
          [
            46.773738,
            -19.2576816
          ],
          [
            46.7736329,
            -19.257628
          ],
          [
            46.7735444,
            -19.2575647
          ],
          [
            46.7734765,
            -19.2574811
          ],
          [
            46.7734363,
            -19.2574077
          ],
          [
            46.7734014,
            -19.2573115
          ],
          [
            46.7733933,
            -19.2572153
          ],
          [
            46.7733941,
            -19.2571013
          ],
          [
            46.7734129,
            -19.2569874
          ],
          [
            46.7734257,
            -19.2568768
          ],
          [
            46.773421,
            -19.2567569
          ],
          [
            46.7733842,
            -19.2567046
          ],
          [
            46.7733145,
            -19.256664
          ],
          [
            46.7732566,
            -19.2566557
          ],
          [
            46.7731573,
            -19.2566633
          ],
          [
            46.7730554,
            -19.2566658
          ],
          [
            46.7729684,
            -19.2566617
          ],
          [
            46.772873,
            -19.2566481
          ],
          [
            46.7727791,
            -19.2566202
          ],
          [
            46.7727129,
            -19.2565696
          ],
          [
            46.7726477,
            -19.256524
          ],
          [
            46.7725914,
            -19.2564632
          ],
          [
            46.7725484,
            -19.2563797
          ],
          [
            46.7725243,
            -19.2562936
          ],
          [
            46.7725163,
            -19.2561872
          ],
          [
            46.7725109,
            -19.2560961
          ],
          [
            46.7725136,
            -19.2560049
          ],
          [
            46.7725055,
            -19.255734
          ],
          [
            46.7725002,
            -19.2555415
          ],
          [
            46.7725117,
            -19.2554174
          ],
          [
            46.7725277,
            -19.2553331
          ],
          [
            46.7725441,
            -19.2552859
          ],
          [
            46.7725625,
            -19.2552113
          ],
          [
            46.7725683,
            -19.2551708
          ],
          [
            46.7725726,
            -19.2551039
          ],
          [
            46.7725754,
            -19.2550148
          ],
          [
            46.7725694,
            -19.2549336
          ],
          [
            46.7725523,
            -19.2548466
          ],
          [
            46.772533,
            -19.2547832
          ],
          [
            46.7724115,
            -19.2545723
          ],
          [
            46.7723508,
            -19.2545135
          ],
          [
            46.772222,
            -19.2543868
          ],
          [
            46.7721281,
            -19.2542349
          ],
          [
            46.7720772,
            -19.2541083
          ],
          [
            46.7720101,
            -19.253964
          ],
          [
            46.7719423,
            -19.2538222
          ],
          [
            46.7719032,
            -19.2537529
          ],
          [
            46.7718725,
            -19.253655
          ],
          [
            46.7718564,
            -19.2535462
          ],
          [
            46.7718296,
            -19.2534322
          ],
          [
            46.7718189,
            -19.2533436
          ],
          [
            46.7718484,
            -19.2532195
          ],
          [
            46.7718876,
            -19.2530824
          ],
          [
            46.7719369,
            -19.2529714
          ],
          [
            46.7719771,
            -19.2528599
          ],
          [
            46.7720093,
            -19.2527536
          ],
          [
            46.7720254,
            -19.2526244
          ],
          [
            46.7720048,
            -19.2525232
          ],
          [
            46.771953,
            -19.2524219
          ],
          [
            46.7718913,
            -19.2523282
          ],
          [
            46.7717867,
            -19.2522573
          ],
          [
            46.7716775,
            -19.2522117
          ],
          [
            46.7715614,
            -19.2521484
          ],
          [
            46.7714549,
            -19.2520496
          ],
          [
            46.771353,
            -19.2519053
          ],
          [
            46.7712878,
            -19.2517863
          ],
          [
            46.7712717,
            -19.2517078
          ],
          [
            46.7712181,
            -19.2515761
          ],
          [
            46.7711662,
            -19.251484
          ],
          [
            46.7711033,
            -19.251405
          ],
          [
            46.7710411,
            -19.2513396
          ],
          [
            46.770983,
            -19.2512704
          ],
          [
            46.7709069,
            -19.2511608
          ],
          [
            46.7707648,
            -19.250976
          ],
          [
            46.7706905,
            -19.2508316
          ],
          [
            46.7705778,
            -19.25051
          ],
          [
            46.7704456,
            -19.250153
          ],
          [
            46.7703893,
            -19.2499707
          ],
          [
            46.7703571,
            -19.2498263
          ],
          [
            46.7703525,
            -19.2497504
          ],
          [
            46.7703686,
            -19.2496972
          ],
          [
            46.7704197,
            -19.2496375
          ],
          [
            46.7704947,
            -19.2495959
          ],
          [
            46.7705912,
            -19.2495731
          ],
          [
            46.7706789,
            -19.2495604
          ],
          [
            46.7707416,
            -19.2495713
          ],
          [
            46.7708265,
            -19.2496111
          ],
          [
            46.7709659,
            -19.2496643
          ],
          [
            46.771041,
            -19.2497023
          ],
          [
            46.7711733,
            -19.2497681
          ],
          [
            46.7712905,
            -19.2498314
          ],
          [
            46.771422,
            -19.2498737
          ],
          [
            46.7715461,
            -19.249882
          ],
          [
            46.7716588,
            -19.2498593
          ],
          [
            46.771758,
            -19.2498162
          ],
          [
            46.7718564,
            -19.2497326
          ],
          [
            46.7719262,
            -19.2496465
          ],
          [
            46.7719718,
            -19.2495579
          ],
          [
            46.7719905,
            -19.2494034
          ],
          [
            46.7719932,
            -19.249287
          ],
          [
            46.7719664,
            -19.2491629
          ],
          [
            46.7719181,
            -19.2490515
          ],
          [
            46.7718377,
            -19.2489299
          ],
          [
            46.7717813,
            -19.2488565
          ],
          [
            46.771674,
            -19.2487603
          ],
          [
            46.7715426,
            -19.2486969
          ],
          [
            46.7714407,
            -19.2486716
          ],
          [
            46.7712905,
            -19.2486336
          ],
          [
            46.7711545,
            -19.2485931
          ],
          [
            46.7710437,
            -19.2485425
          ],
          [
            46.7709319,
            -19.248469
          ],
          [
            46.7708533,
            -19.2484083
          ],
          [
            46.7707836,
            -19.2483196
          ],
          [
            46.7707433,
            -19.2482259
          ],
          [
            46.7707272,
            -19.2481145
          ],
          [
            46.7707245,
            -19.2480208
          ],
          [
            46.7707111,
            -19.2479322
          ],
          [
            46.7707111,
            -19.2478765
          ],
          [
            46.7707142,
            -19.247849
          ],
          [
            46.7707185,
            -19.247819
          ],
          [
            46.7707265,
            -19.24779
          ],
          [
            46.770744,
            -19.2477328
          ],
          [
            46.7707567,
            -19.247651
          ],
          [
            46.7707675,
            -19.2476131
          ],
          [
            46.7707924,
            -19.2474966
          ],
          [
            46.7708273,
            -19.2473447
          ],
          [
            46.7708863,
            -19.2471978
          ],
          [
            46.7709614,
            -19.2470383
          ],
          [
            46.7710464,
            -19.2469066
          ],
          [
            46.7711384,
            -19.2467623
          ],
          [
            46.7712368,
            -19.2466686
          ],
          [
            46.7713441,
            -19.2465521
          ],
          [
            46.771463,
            -19.246423
          ],
          [
            46.771556,
            -19.2463065
          ],
          [
            46.7716239,
            -19.2462026
          ],
          [
            46.7717116,
            -19.2461216
          ],
          [
            46.7717972,
            -19.2460331
          ],
          [
            46.771902,
            -19.2459114
          ],
          [
            46.7719852,
            -19.2457848
          ],
          [
            46.7720817,
            -19.2456709
          ],
          [
            46.7721649,
            -19.245562
          ],
          [
            46.7722381,
            -19.2454885
          ],
          [
            46.772332,
            -19.2454202
          ],
          [
            46.7724385,
            -19.2453493
          ],
          [
            46.7725305,
            -19.2452986
          ],
          [
            46.7726217,
            -19.2452404
          ],
          [
            46.7727174,
            -19.2451669
          ],
          [
            46.7728167,
            -19.2451112
          ],
          [
            46.7729489,
            -19.2450479
          ],
          [
            46.7730723,
            -19.2449998
          ],
          [
            46.7731474,
            -19.244977
          ],
          [
            46.7731994,
            -19.2449755
          ],
          [
            46.7732673,
            -19.2450023
          ],
          [
            46.7733486,
            -19.245058
          ],
          [
            46.7734309,
            -19.2451543
          ],
          [
            46.7735221,
            -19.2452632
          ],
          [
            46.7736079,
            -19.2453543
          ],
          [
            46.7736911,
            -19.2454126
          ],
          [
            46.7738145,
            -19.245443
          ],
          [
            46.7739172,
            -19.2454733
          ],
          [
            46.7740245,
            -19.2454733
          ],
          [
            46.7741452,
            -19.2454531
          ],
          [
            46.7742758,
            -19.2454379
          ],
          [
            46.774349,
            -19.2453999
          ],
          [
            46.7744644,
            -19.2453214
          ],
          [
            46.774544,
            -19.2452505
          ],
          [
            46.7746306,
            -19.2451365
          ],
          [
            46.7746816,
            -19.2450201
          ],
          [
            46.7747559,
            -19.2448934
          ],
          [
            46.774856,
            -19.2448073
          ],
          [
            46.7749927,
            -19.2447415
          ],
          [
            46.7750939,
            -19.2446959
          ],
          [
            46.7752119,
            -19.2445946
          ],
          [
            46.7752824,
            -19.2445136
          ],
          [
            46.7753165,
            -19.2444148
          ],
          [
            46.7753192,
            -19.2443211
          ],
          [
            46.7752947,
            -19.2442083
          ],
          [
            46.7752449,
            -19.2440603
          ],
          [
            46.7751985,
            -19.2439312
          ],
          [
            46.7751663,
            -19.2437716
          ],
          [
            46.775118,
            -19.2436197
          ],
          [
            46.7750805,
            -19.2434855
          ],
          [
            46.7750617,
            -19.2433614
          ],
          [
            46.7750939,
            -19.2432778
          ],
          [
            46.7751609,
            -19.2431993
          ],
          [
            46.7752583,
            -19.243136
          ],
          [
            46.7753835,
            -19.2430727
          ],
          [
            46.7754533,
            -19.2430043
          ],
          [
            46.7754882,
            -19.2429182
          ],
          [
            46.7754863,
            -19.2428195
          ],
          [
            46.7754612,
            -19.2427453
          ],
          [
            46.7753996,
            -19.2426928
          ],
          [
            46.7753299,
            -19.2426675
          ],
          [
            46.7752421,
            -19.2426204
          ],
          [
            46.7751716,
            -19.2425358
          ],
          [
            46.7751582,
            -19.2424472
          ],
          [
            46.775159,
            -19.2423408
          ],
          [
            46.7751958,
            -19.2422395
          ],
          [
            46.7752789,
            -19.242156
          ],
          [
            46.7753736,
            -19.2421104
          ],
          [
            46.7754828,
            -19.2420927
          ],
          [
            46.7756097,
            -19.2420876
          ],
          [
            46.7757035,
            -19.2420572
          ],
          [
            46.7758234,
            -19.2419863
          ],
          [
            46.7759495,
            -19.2419129
          ],
          [
            46.7760428,
            -19.2418848
          ],
          [
            46.7762051,
            -19.2418774
          ],
          [
            46.7762821,
            -19.2418572
          ],
          [
            46.7763921,
            -19.2418217
          ],
          [
            46.7764733,
            -19.2417787
          ],
          [
            46.7765503,
            -19.2417052
          ],
          [
            46.7765967,
            -19.241614
          ],
          [
            46.7766093,
            -19.2415305
          ],
          [
            46.7766013,
            -19.2414545
          ],
          [
            46.7765932,
            -19.2413785
          ],
          [
            46.7766021,
            -19.2413051
          ],
          [
            46.7766423,
            -19.2412089
          ],
          [
            46.7766791,
            -19.2411
          ],
          [
            46.7767112,
            -19.2410063
          ],
          [
            46.7767622,
            -19.240905
          ],
          [
            46.7768534,
            -19.2407986
          ],
          [
            46.7769293,
            -19.2407125
          ],
          [
            46.7770232,
            -19.2406011
          ],
          [
            46.777092,
            -19.2404922
          ],
          [
            46.7771761,
            -19.2403833
          ],
          [
            46.7772396,
            -19.240277
          ],
          [
            46.7773335,
            -19.2401579
          ],
          [
            46.7773818,
            -19.2400693
          ],
          [
            46.7774488,
            -19.2399629
          ],
          [
            46.7774979,
            -19.2398616
          ],
          [
            46.7775186,
            -19.2397679
          ],
          [
            46.7775516,
            -19.2396236
          ],
          [
            46.7775722,
            -19.2394995
          ],
          [
            46.7775776,
            -19.2394109
          ],
          [
            46.777591,
            -19.239307
          ],
          [
            46.7775916,
            -19.2392356
          ],
          [
            46.7776259,
            -19.2391374
          ],
          [
            46.7776956,
            -19.2390386
          ],
          [
            46.7777707,
            -19.23895
          ],
          [
            46.77787,
            -19.2388436
          ],
          [
            46.777962,
            -19.2387398
          ],
          [
            46.7780416,
            -19.238679
          ],
          [
            46.7781891,
            -19.2386714
          ],
          [
            46.7782723,
            -19.2387119
          ],
          [
            46.7783911,
            -19.2388006
          ],
          [
            46.7784903,
            -19.238912
          ],
          [
            46.778552,
            -19.2390234
          ],
          [
            46.7786137,
            -19.2391323
          ],
          [
            46.7787309,
            -19.239302
          ],
          [
            46.7788042,
            -19.2393602
          ],
          [
            46.77889,
            -19.2393779
          ],
          [
            46.7789962,
            -19.2393529
          ],
          [
            46.7790885,
            -19.2393045
          ],
          [
            46.7792119,
            -19.2392336
          ],
          [
            46.7793245,
            -19.2391728
          ],
          [
            46.7793854,
            -19.2391526
          ],
          [
            46.7795276,
            -19.239112
          ],
          [
            46.779633,
            -19.2390487
          ],
          [
            46.7797,
            -19.2389981
          ],
          [
            46.7797502,
            -19.2389196
          ],
          [
            46.7797939,
            -19.2388259
          ],
          [
            46.7798583,
            -19.2387145
          ],
          [
            46.7799138,
            -19.2386132
          ],
          [
            46.7799299,
            -19.2385245
          ],
          [
            46.7799092,
            -19.2384405
          ],
          [
            46.7798602,
            -19.2383523
          ],
          [
            46.7797931,
            -19.2382612
          ],
          [
            46.779751,
            -19.2381953
          ],
          [
            46.7797387,
            -19.2381396
          ],
          [
            46.7797634,
            -19.2380862
          ],
          [
            46.7798449,
            -19.2380307
          ],
          [
            46.7799188,
            -19.2379937
          ],
          [
            46.7799698,
            -19.237938
          ],
          [
            46.7799865,
            -19.2378688
          ],
          [
            46.7799782,
            -19.2377851
          ],
          [
            46.7799728,
            -19.2376939
          ],
          [
            46.7799736,
            -19.2375875
          ],
          [
            46.7799977,
            -19.237433
          ],
          [
            46.7800211,
            -19.2372786
          ],
          [
            46.7800391,
            -19.2371941
          ],
          [
            46.7800828,
            -19.2370557
          ],
          [
            46.7801311,
            -19.2369747
          ],
          [
            46.7802043,
            -19.2369012
          ],
          [
            46.7802544,
            -19.2368481
          ],
          [
            46.7802759,
            -19.2367695
          ],
          [
            46.7802598,
            -19.236691
          ],
          [
            46.7801909,
            -19.2366151
          ],
          [
            46.7801158,
            -19.2365644
          ],
          [
            46.7799889,
            -19.236496
          ],
          [
            46.7798824,
            -19.2364302
          ],
          [
            46.7798234,
            -19.2363821
          ],
          [
            46.779777,
            -19.236301
          ],
          [
            46.7797448,
            -19.2362301
          ],
          [
            46.7797268,
            -19.2361605
          ],
          [
            46.7797268,
            -19.2360883
          ],
          [
            46.7797724,
            -19.2359794
          ],
          [
            46.7798494,
            -19.2358401
          ],
          [
            46.7799192,
            -19.2357034
          ],
          [
            46.7799755,
            -19.2356071
          ],
          [
            46.7800327,
            -19.2355535
          ],
          [
            46.7801391,
            -19.2354957
          ],
          [
            46.7802606,
            -19.23544
          ],
          [
            46.7803456,
            -19.2353894
          ],
          [
            46.7804502,
            -19.235321
          ],
          [
            46.7805066,
            -19.2352577
          ],
          [
            46.78052,
            -19.2351868
          ],
          [
            46.7805173,
            -19.235131
          ],
          [
            46.7805146,
            -19.2350525
          ],
          [
            46.7805012,
            -19.234969
          ],
          [
            46.7805047,
            -19.2348955
          ],
          [
            46.7805361,
            -19.2348145
          ],
          [
            46.7805951,
            -19.2346828
          ],
          [
            46.7806085,
            -19.2345815
          ],
          [
            46.7805978,
            -19.2344751
          ],
          [
            46.7805999,
            -19.234371
          ],
          [
            46.7805936,
            -19.2341664
          ],
          [
            46.780588,
            -19.2340904
          ],
          [
            46.780576,
            -19.2340069
          ],
          [
            46.7805729,
            -19.233885
          ],
          [
            46.7805843,
            -19.2337559
          ],
          [
            46.7806549,
            -19.233624
          ],
          [
            46.7808278,
            -19.233448
          ],
          [
            46.7809441,
            -19.2332434
          ],
          [
            46.780968,
            -19.2331155
          ],
          [
            46.7809521,
            -19.2330019
          ],
          [
            46.7809122,
            -19.2328989
          ],
          [
            46.7807784,
            -19.232762
          ],
          [
            46.7806047,
            -19.2326235
          ],
          [
            46.7805394,
            -19.2324776
          ],
          [
            46.7805466,
            -19.2320992
          ],
          [
            46.7804916,
            -19.2319902
          ],
          [
            46.7804199,
            -19.2319029
          ],
          [
            46.7802782,
            -19.2318131
          ],
          [
            46.7801155,
            -19.2317359
          ],
          [
            46.7800064,
            -19.2316268
          ],
          [
            46.7799355,
            -19.2314711
          ],
          [
            46.779859,
            -19.2311853
          ],
          [
            46.7796988,
            -19.2309824
          ],
          [
            46.7794495,
            -19.2307941
          ],
          [
            46.7792185,
            -19.2306782
          ],
          [
            46.7788405,
            -19.230557
          ],
          [
            46.7784864,
            -19.2304557
          ],
          [
            46.7782826,
            -19.230324
          ],
          [
            46.7780567,
            -19.2301513
          ],
          [
            46.7778716,
            -19.2300704
          ],
          [
            46.7775964,
            -19.2300238
          ],
          [
            46.7773653,
            -19.2299967
          ],
          [
            46.7771561,
            -19.2298884
          ],
          [
            46.7769109,
            -19.2296123
          ],
          [
            46.7767285,
            -19.2293692
          ],
          [
            46.7764925,
            -19.2291058
          ],
          [
            46.7762548,
            -19.2288652
          ],
          [
            46.7760617,
            -19.228612
          ],
          [
            46.7758488,
            -19.2283562
          ],
          [
            46.7757958,
            -19.2282011
          ],
          [
            46.7758134,
            -19.2280867
          ],
          [
            46.7758548,
            -19.2280175
          ],
          [
            46.775952,
            -19.227934
          ],
          [
            46.7761034,
            -19.2278062
          ],
          [
            46.7761905,
            -19.22768
          ],
          [
            46.7762227,
            -19.2275382
          ],
          [
            46.7763101,
            -19.2273026
          ],
          [
            46.7764694,
            -19.2271532
          ],
          [
            46.7766531,
            -19.2270945
          ],
          [
            46.7769216,
            -19.227019
          ],
          [
            46.7771899,
            -19.2269582
          ],
          [
            46.7774912,
            -19.2268703
          ],
          [
            46.7777783,
            -19.2267581
          ],
          [
            46.7780573,
            -19.2266973
          ],
          [
            46.7782752,
            -19.2266402
          ],
          [
            46.7784178,
            -19.2266311
          ],
          [
            46.7785492,
            -19.2266642
          ],
          [
            46.7786401,
            -19.2267733
          ],
          [
            46.7787761,
            -19.2270316
          ],
          [
            46.7788942,
            -19.2271532
          ],
          [
            46.7790193,
            -19.2272164
          ],
          [
            46.7791707,
            -19.2272495
          ],
          [
            46.7793204,
            -19.2272314
          ],
          [
            46.779518,
            -19.2271329
          ],
          [
            46.7796487,
            -19.2270719
          ],
          [
            46.7798391,
            -19.2270426
          ],
          [
            46.7800518,
            -19.2270494
          ],
          [
            46.7803466,
            -19.2271321
          ],
          [
            46.7804103,
            -19.2271374
          ],
          [
            46.7805115,
            -19.2271148
          ],
          [
            46.7806644,
            -19.2270114
          ],
          [
            46.7808087,
            -19.2267876
          ],
          [
            46.7809505,
            -19.2264145
          ],
          [
            46.7810796,
            -19.2261091
          ],
          [
            46.7811074,
            -19.2259496
          ],
          [
            46.7810931,
            -19.22583
          ],
          [
            46.7810493,
            -19.225754
          ],
          [
            46.7808806,
            -19.2255298
          ],
          [
            46.7807752,
            -19.2254531
          ],
          [
            46.7805681,
            -19.2252876
          ],
          [
            46.7802908,
            -19.2250107
          ],
          [
            46.7800652,
            -19.2247801
          ],
          [
            46.7799043,
            -19.2245674
          ],
          [
            46.779518,
            -19.2242991
          ],
          [
            46.7793396,
            -19.2241185
          ],
          [
            46.7793034,
            -19.2239393
          ],
          [
            46.7793507,
            -19.2237484
          ],
          [
            46.7795593,
            -19.223486
          ],
          [
            46.7797739,
            -19.2233644
          ],
          [
            46.7800115,
            -19.2233011
          ],
          [
            46.7803103,
            -19.2233239
          ],
          [
            46.7805601,
            -19.2233347
          ],
          [
            46.7808253,
            -19.2233543
          ],
          [
            46.78107,
            -19.2233678
          ],
          [
            46.7813903,
            -19.2234069
          ],
          [
            46.7816436,
            -19.2235363
          ],
          [
            46.7818938,
            -19.2236792
          ],
          [
            46.7820125,
            -19.2236905
          ],
          [
            46.782093,
            -19.2236582
          ],
          [
            46.782124,
            -19.2235709
          ],
          [
            46.7821121,
            -19.2234633
          ],
          [
            46.7820608,
            -19.2233416
          ],
          [
            46.782034,
            -19.2232309
          ],
          [
            46.7820377,
            -19.2230807
          ],
          [
            46.782128,
            -19.222878
          ],
          [
            46.7822826,
            -19.2227449
          ],
          [
            46.7824899,
            -19.2225919
          ],
          [
            46.782617,
            -19.2225236
          ],
          [
            46.7829925,
            -19.2223716
          ],
          [
            46.7835397,
            -19.2221487
          ],
          [
            46.7839168,
            -19.2219841
          ],
          [
            46.7840504,
            -19.2219175
          ],
          [
            46.7842371,
            -19.2218245
          ],
          [
            46.7844177,
            -19.2216736
          ],
          [
            46.7845356,
            -19.2215187
          ],
          [
            46.7846233,
            -19.2213383
          ],
          [
            46.7846567,
            -19.2210944
          ],
          [
            46.7845928,
            -19.2207785
          ],
          [
            46.7845804,
            -19.2205987
          ],
          [
            46.7846142,
            -19.2204442
          ],
          [
            46.7846631,
            -19.220148
          ],
          [
            46.7846657,
            -19.2199701
          ],
          [
            46.7845697,
            -19.2195856
          ],
          [
            46.7845928,
            -19.2193197
          ],
          [
            46.7847332,
            -19.2189895
          ],
          [
            46.784913,
            -19.2187042
          ],
          [
            46.7851399,
            -19.2184991
          ],
          [
            46.7853531,
            -19.2183605
          ],
          [
            46.7854949,
            -19.2182883
          ],
          [
            46.7856367,
            -19.2182688
          ],
          [
            46.7858964,
            -19.2183124
          ],
          [
            46.7861035,
            -19.2183365
          ],
          [
            46.78629,
            -19.2183034
          ],
          [
            46.786572,
            -19.2181649
          ],
          [
            46.7868206,
            -19.2180085
          ],
          [
            46.7871058,
            -19.2178053
          ],
          [
            46.7872556,
            -19.2176669
          ],
          [
            46.7873408,
            -19.2175684
          ],
          [
            46.7873934,
            -19.2174239
          ],
          [
            46.7873974,
            -19.21719
          ],
          [
            46.7873671,
            -19.2167461
          ],
          [
            46.7873544,
            -19.2163579
          ],
          [
            46.7873926,
            -19.21606
          ],
          [
            46.787493,
            -19.215726
          ],
          [
            46.7876571,
            -19.2153287
          ],
          [
            46.7876826,
            -19.2151121
          ],
          [
            46.7876619,
            -19.2148096
          ],
          [
            46.7876316,
            -19.2143944
          ],
          [
            46.7876476,
            -19.2138406
          ],
          [
            46.7876938,
            -19.2132538
          ],
          [
            46.7876922,
            -19.2130236
          ],
          [
            46.7875968,
            -19.2126737
          ],
          [
            46.7872642,
            -19.2114883
          ],
          [
            46.787144,
            -19.2111609
          ],
          [
            46.7871233,
            -19.2109231
          ],
          [
            46.7872106,
            -19.2107184
          ],
          [
            46.7873257,
            -19.2106606
          ],
          [
            46.7874587,
            -19.2106703
          ],
          [
            46.7875968,
            -19.2107488
          ],
          [
            46.7877578,
            -19.2109615
          ],
          [
            46.7880077,
            -19.2110886
          ],
          [
            46.7882711,
            -19.2111059
          ],
          [
            46.7885179,
            -19.2110856
          ],
          [
            46.7887432,
            -19.2109843
          ],
          [
            46.7889594,
            -19.2107589
          ],
          [
            46.7890436,
            -19.2105284
          ],
          [
            46.789174,
            -19.2103077
          ],
          [
            46.7893676,
            -19.2101437
          ],
          [
            46.7895509,
            -19.2100497
          ],
          [
            46.7897429,
            -19.2099391
          ],
          [
            46.7899405,
            -19.2098653
          ],
          [
            46.7900663,
            -19.2098631
          ],
          [
            46.7902089,
            -19.2099075
          ],
          [
            46.7903954,
            -19.2100226
          ],
          [
            46.7905635,
            -19.2101061
          ],
          [
            46.7907539,
            -19.210164
          ],
          [
            46.7908853,
            -19.2102475
          ],
          [
            46.7909411,
            -19.2103807
          ],
          [
            46.7909641,
            -19.2105284
          ],
          [
            46.7909442,
            -19.210769
          ],
          [
            46.7909515,
            -19.2110119
          ],
          [
            46.7910033,
            -19.2110977
          ],
          [
            46.7910885,
            -19.2111127
          ],
          [
            46.7911594,
            -19.2110924
          ],
          [
            46.79122,
            -19.2110254
          ],
          [
            46.7912494,
            -19.2108975
          ],
          [
            46.7912662,
            -19.2105816
          ],
          [
            46.7912853,
            -19.2102084
          ],
          [
            46.7912646,
            -19.2100083
          ],
          [
            46.7911801,
            -19.2098668
          ],
          [
            46.790973,
            -19.2097104
          ],
          [
            46.7906009,
            -19.2094519
          ],
          [
            46.7903739,
            -19.2092725
          ],
          [
            46.790087,
            -19.2090844
          ],
          [
            46.7896903,
            -19.2088151
          ],
          [
            46.7894942,
            -19.2086034
          ],
          [
            46.789292,
            -19.2082564
          ],
          [
            46.7891074,
            -19.2077929
          ],
          [
            46.7889701,
            -19.2074054
          ],
          [
            46.7888872,
            -19.2071689
          ],
          [
            46.7887968,
            -19.2070229
          ],
          [
            46.7887056,
            -19.2069176
          ],
          [
            46.7883609,
            -19.2067958
          ],
          [
            46.7881102,
            -19.2067088
          ],
          [
            46.7874681,
            -19.2065239
          ],
          [
            46.7866883,
            -19.2062631
          ],
          [
            46.7859215,
            -19.2058679
          ],
          [
            46.7849085,
            -19.2053257
          ],
          [
            46.7841174,
            -19.2048592
          ],
          [
            46.7837628,
            -19.2046109
          ],
          [
            46.7830068,
            -19.2040888
          ],
          [
            46.7828411,
            -19.2040135
          ],
          [
            46.7826116,
            -19.2039812
          ],
          [
            46.7823208,
            -19.2039917
          ],
          [
            46.7821886,
            -19.2039767
          ],
          [
            46.7819776,
            -19.2039213
          ],
          [
            46.781281,
            -19.2035893
          ],
          [
            46.781118,
            -19.2035123
          ],
          [
            46.7807977,
            -19.2033377
          ],
          [
            46.7806894,
            -19.2032797
          ],
          [
            46.7798281,
            -19.2028185
          ],
          [
            46.7797387,
            -19.2027466
          ],
          [
            46.7796842,
            -19.2026739
          ],
          [
            46.7796827,
            -19.2025902
          ],
          [
            46.7797084,
            -19.2024471
          ],
          [
            46.7796917,
            -19.2023373
          ],
          [
            46.7796088,
            -19.2021988
          ],
          [
            46.7794766,
            -19.2020002
          ],
          [
            46.7794463,
            -19.2018828
          ],
          [
            46.7794479,
            -19.2017068
          ],
          [
            46.7795324,
            -19.2011094
          ],
          [
            46.7795977,
            -19.2007843
          ],
          [
            46.779773,
            -19.2003916
          ],
          [
            46.7799134,
            -19.2000522
          ],
          [
            46.7799563,
            -19.1998293
          ],
          [
            46.7800152,
            -19.1995956
          ],
          [
            46.7801155,
            -19.1993729
          ],
          [
            46.7802701,
            -19.1991968
          ],
          [
            46.7804927,
            -19.1989073
          ],
          [
            46.7806231,
            -19.1986413
          ],
          [
            46.7807717,
            -19.1982385
          ],
          [
            46.7808269,
            -19.1979726
          ],
          [
            46.780827,
            -19.1978818
          ],
          [
            46.7807848,
            -19.1978169
          ],
          [
            46.7806445,
            -19.1977395
          ],
          [
            46.7802674,
            -19.1976002
          ],
          [
            46.7799364,
            -19.1974862
          ],
          [
            46.7796471,
            -19.1973866
          ],
          [
            46.7793332,
            -19.1973053
          ],
          [
            46.7790432,
            -19.1972963
          ],
          [
            46.7785142,
            -19.1973218
          ],
          [
            46.7782497,
            -19.1973625
          ],
          [
            46.7780856,
            -19.1974437
          ],
          [
            46.7778912,
            -19.1976394
          ],
          [
            46.7775422,
            -19.1980336
          ],
          [
            46.7773,
            -19.1982729
          ],
          [
            46.777053,
            -19.1984324
          ],
          [
            46.7767694,
            -19.1985648
          ],
          [
            46.7765607,
            -19.1986054
          ],
          [
            46.7762119,
            -19.1985729
          ],
          [
            46.7745116,
            -19.1982383
          ],
          [
            46.7742486,
            -19.198148
          ],
          [
            46.7740479,
            -19.1980216
          ],
          [
            46.7738344,
            -19.1977387
          ],
          [
            46.7736201,
            -19.1974881
          ],
          [
            46.7734408,
            -19.1973866
          ],
          [
            46.7732695,
            -19.197355
          ],
          [
            46.7730775,
            -19.1973512
          ],
          [
            46.7726935,
            -19.1974332
          ],
          [
            46.770246,
            -19.1980554
          ],
          [
            46.7700309,
            -19.1980878
          ],
          [
            46.7698748,
            -19.1980773
          ],
          [
            46.7697441,
            -19.1980246
          ],
          [
            46.7696676,
            -19.1979238
          ],
          [
            46.769623,
            -19.197826
          ],
          [
            46.7695561,
            -19.1975641
          ],
          [
            46.7694849,
            -19.1972456
          ],
          [
            46.7693562,
            -19.1969517
          ],
          [
            46.7691749,
            -19.1966346
          ],
          [
            46.7689287,
            -19.1962906
          ],
          [
            46.7687447,
            -19.1960905
          ],
          [
            46.7685969,
            -19.1959231
          ],
          [
            46.768506,
            -19.1957862
          ],
          [
            46.7684442,
            -19.1956447
          ],
          [
            46.7684029,
            -19.1954496
          ],
          [
            46.7684056,
            -19.1945981
          ],
          [
            46.7683929,
            -19.19393
          ],
          [
            46.7683563,
            -19.1937103
          ],
          [
            46.7682017,
            -19.1929489
          ],
          [
            46.7681762,
            -19.1927134
          ],
          [
            46.7681061,
            -19.1924252
          ],
          [
            46.7679627,
            -19.1921182
          ],
          [
            46.7676734,
            -19.1916398
          ],
          [
            46.7674588,
            -19.1912244
          ],
          [
            46.7672457,
            -19.1909248
          ],
          [
            46.7670495,
            -19.1906798
          ],
          [
            46.7667852,
            -19.1904154
          ],
          [
            46.7666593,
            -19.1902898
          ],
          [
            46.7660732,
            -19.189626
          ],
          [
            46.7658586,
            -19.1894436
          ],
          [
            46.765532,
            -19.1892585
          ],
          [
            46.765281,
            -19.1890904
          ],
          [
            46.7651376,
            -19.1889648
          ],
          [
            46.7650307,
            -19.1888213
          ],
          [
            46.7648303,
            -19.1884903
          ],
          [
            46.7647233,
            -19.1883394
          ],
          [
            46.764599,
            -19.1881643
          ],
          [
            46.7640685,
            -19.1876171
          ],
          [
            46.7638007,
            -19.1873703
          ],
          [
            46.7636198,
            -19.1871333
          ],
          [
            46.763439,
            -19.1868024
          ],
          [
            46.7633185,
            -19.1865816
          ],
          [
            46.7632636,
            -19.1864809
          ],
          [
            46.7630574,
            -19.1861248
          ],
          [
            46.7628463,
            -19.1858248
          ],
          [
            46.7626673,
            -19.1856472
          ],
          [
            46.7624959,
            -19.185581
          ],
          [
            46.7623812,
            -19.1855799
          ],
          [
            46.7622424,
            -19.1856167
          ],
          [
            46.7617644,
            -19.1858068
          ],
          [
            46.7614887,
            -19.1858579
          ],
          [
            46.7611796,
            -19.1858692
          ],
          [
            46.7609804,
            -19.1858572
          ],
          [
            46.7608163,
            -19.185812
          ],
          [
            46.7606346,
            -19.1857029
          ],
          [
            46.7605239,
            -19.1856059
          ],
          [
            46.7604259,
            -19.1854618
          ],
          [
            46.7603558,
            -19.1852755
          ],
          [
            46.7602749,
            -19.1848764
          ],
          [
            46.7602423,
            -19.1847379
          ],
          [
            46.7601534,
            -19.1845351
          ],
          [
            46.7597121,
            -19.1838353
          ],
          [
            46.7594213,
            -19.1832371
          ],
          [
            46.7592691,
            -19.1829858
          ],
          [
            46.7591201,
            -19.1828052
          ],
          [
            46.7589297,
            -19.1826577
          ],
          [
            46.7587397,
            -19.1825434
          ],
          [
            46.7582171,
            -19.1823053
          ],
          [
            46.7580836,
            -19.1822296
          ],
          [
            46.7579229,
            -19.1821713
          ],
          [
            46.7578168,
            -19.1821528
          ],
          [
            46.7577498,
            -19.1821588
          ],
          [
            46.7576741,
            -19.1821746
          ],
          [
            46.7575865,
            -19.1822183
          ],
          [
            46.7574446,
            -19.1823026
          ],
          [
            46.7572253,
            -19.1824805
          ],
          [
            46.7568909,
            -19.1827776
          ],
          [
            46.7565239,
            -19.1830868
          ],
          [
            46.7564516,
            -19.1831404
          ],
          [
            46.7563372,
            -19.183204
          ],
          [
            46.7561564,
            -19.18328
          ],
          [
            46.7558186,
            -19.1833997
          ],
          [
            46.7554971,
            -19.183534
          ],
          [
            46.755213,
            -19.1836995
          ],
          [
            46.7550098,
            -19.1838571
          ],
          [
            46.7548943,
            -19.1839443
          ]
        ]
      },
      "id": "way/169883120"
    },
    {
      "type": "Feature",
      "properties": {
        "@id": "way/169883149",
        "bridge": "yes",
        "highway": "secondary",
        "layer": "1",
        "ref": "N 43",
        "smoothness": "good",
        "surface": "asphalt"
      },
      "geometry": {
        "type": "LineString",
        "coordinates": [
          [
            46.7726638,
            -19.2610818
          ],
          [
            46.7730259,
            -19.260426
          ]
        ]
      },
      "id": "way/169883149"
    },
    {
      "type": "Feature",
      "properties": {
        "@id": "way/169883452",
        "highway": "secondary",
        "ref": "N 43",
        "smoothness": "good",
        "surface": "asphalt"
      },
      "geometry": {
        "type": "LineString",
        "coordinates": [
          [
            46.7301133,
            -19.1309058
          ],
          [
            46.7301536,
            -19.1306219
          ],
          [
            46.730167,
            -19.1303533
          ],
          [
            46.7301697,
            -19.1302532
          ],
          [
            46.7301643,
            -19.1299643
          ],
          [
            46.730179,
            -19.1296696
          ],
          [
            46.7301548,
            -19.1295421
          ],
          [
            46.7301214,
            -19.1293663
          ],
          [
            46.7299819,
            -19.1290723
          ],
          [
            46.7297995,
            -19.128753
          ],
          [
            46.729605,
            -19.1284431
          ],
          [
            46.7294133,
            -19.1282462
          ],
          [
            46.7293328,
            -19.1281246
          ],
          [
            46.7292617,
            -19.1277538
          ],
          [
            46.729192,
            -19.127617
          ],
          [
            46.7289197,
            -19.1273238
          ],
          [
            46.7288339,
            -19.1271211
          ],
          [
            46.728795,
            -19.1266844
          ],
          [
            46.7287736,
            -19.1264209
          ],
          [
            46.7286783,
            -19.1260821
          ],
          [
            46.7286663,
            -19.1257367
          ],
          [
            46.7286086,
            -19.1254587
          ],
          [
            46.7285438,
            -19.1252818
          ],
          [
            46.728512,
            -19.1251951
          ],
          [
            46.7283618,
            -19.1248454
          ],
          [
            46.7282814,
            -19.124516
          ],
          [
            46.7281955,
            -19.1240801
          ],
          [
            46.7281352,
            -19.1237043
          ],
          [
            46.7280829,
            -19.1233806
          ],
          [
            46.7280246,
            -19.1232583
          ],
          [
            46.7279689,
            -19.1231417
          ],
          [
            46.7278294,
            -19.1228021
          ],
          [
            46.7278039,
            -19.1226812
          ],
          [
            46.7277932,
            -19.122443
          ],
          [
            46.7277811,
            -19.1221685
          ],
          [
            46.7277471,
            -19.1220307
          ],
          [
            46.727706,
            -19.1218644
          ],
          [
            46.7276148,
            -19.1215654
          ],
          [
            46.7274754,
            -19.1213981
          ],
          [
            46.7273158,
            -19.1212063
          ],
          [
            46.7271642,
            -19.1208964
          ],
          [
            46.7269403,
            -19.1206437
          ],
          [
            46.7266828,
            -19.1204359
          ],
          [
            46.7266325,
            -19.120419
          ],
          [
            46.7265165,
            -19.1203801
          ],
          [
            46.7263073,
            -19.1204105
          ],
          [
            46.7260551,
            -19.1204257
          ],
          [
            46.7258929,
            -19.1203236
          ],
          [
            46.7257547,
            -19.1201115
          ],
          [
            46.7256367,
            -19.1197719
          ],
          [
            46.7255026,
            -19.1195438
          ],
          [
            46.7252988,
            -19.119331
          ],
          [
            46.7251097,
            -19.1191832
          ],
          [
            46.7250024,
            -19.1190464
          ],
          [
            46.7249112,
            -19.1188791
          ],
          [
            46.7247878,
            -19.1186206
          ],
          [
            46.7246644,
            -19.118352
          ],
          [
            46.724588,
            -19.1181399
          ],
          [
            46.7245907,
            -19.1179675
          ],
          [
            46.7246711,
            -19.1178066
          ],
          [
            46.7247489,
            -19.1175177
          ],
          [
            46.7247878,
            -19.1173213
          ],
          [
            46.7247798,
            -19.1171439
          ],
          [
            46.7247556,
            -19.1170045
          ],
          [
            46.7246805,
            -19.1167245
          ],
          [
            46.7246671,
            -19.1165547
          ],
          [
            46.7246765,
            -19.1164102
          ],
          [
            46.7247529,
            -19.1162467
          ],
          [
            46.7248441,
            -19.1160668
          ],
          [
            46.7249005,
            -19.1159958
          ],
          [
            46.7249668,
            -19.1159111
          ],
          [
            46.7250024,
            -19.1157665
          ],
          [
            46.7250104,
            -19.1156018
          ],
          [
            46.7249742,
            -19.1154307
          ],
          [
            46.7248213,
            -19.114901
          ],
          [
            46.7246269,
            -19.1144289
          ],
          [
            46.7243654,
            -19.1140039
          ],
          [
            46.7241548,
            -19.113628
          ],
          [
            46.7239295,
            -19.1133847
          ],
          [
            46.7237954,
            -19.1132175
          ],
          [
            46.7237374,
            -19.1130608
          ],
          [
            46.7236519,
            -19.1127722
          ],
          [
            46.7235446,
            -19.1124934
          ],
          [
            46.7233609,
            -19.1122443
          ],
          [
            46.7231101,
            -19.1119308
          ],
          [
            46.7228083,
            -19.1116157
          ],
          [
            46.7225254,
            -19.1113124
          ],
          [
            46.7221807,
            -19.1109568
          ],
          [
            46.7219138,
            -19.110694
          ],
          [
            46.7217086,
            -19.110455
          ],
          [
            46.7215544,
            -19.1103594
          ],
          [
            46.72134,
            -19.1102764
          ],
          [
            46.721081,
            -19.1101762
          ],
          [
            46.7209596,
            -19.1101354
          ],
          [
            46.7204064,
            -19.1099159
          ],
          [
            46.7199129,
            -19.109812
          ],
          [
            46.7195266,
            -19.1096752
          ],
          [
            46.7193335,
            -19.1094648
          ],
          [
            46.7192933,
            -19.1093051
          ],
          [
            46.7192718,
            -19.1091341
          ],
          [
            46.7192571,
            -19.1088832
          ],
          [
            46.7192539,
            -19.1086895
          ],
          [
            46.719233,
            -19.1085618
          ],
          [
            46.719186,
            -19.1084067
          ],
          [
            46.7190371,
            -19.1082095
          ],
          [
            46.7187904,
            -19.1080727
          ],
          [
            46.7184583,
            -19.1079766
          ],
          [
            46.7181104,
            -19.1079315
          ],
          [
            46.7178784,
            -19.1079459
          ],
          [
            46.7175244,
            -19.1079459
          ],
          [
            46.7173366,
            -19.1079003
          ],
          [
            46.7171556,
            -19.1077287
          ],
          [
            46.7170537,
            -19.1074195
          ],
          [
            46.7169228,
            -19.107141
          ],
          [
            46.7168914,
            -19.1070741
          ],
          [
            46.7167358,
            -19.106775
          ],
          [
            46.7165869,
            -19.1063956
          ],
          [
            46.7164904,
            -19.1059445
          ],
          [
            46.7164086,
            -19.1055686
          ],
          [
            46.7162852,
            -19.1050719
          ],
          [
            46.7161457,
            -19.1046816
          ],
          [
            46.7159902,
            -19.1044028
          ],
          [
            46.7157595,
            -19.1040986
          ],
          [
            46.7155825,
            -19.1038705
          ],
          [
            46.7153625,
            -19.1035714
          ],
          [
            46.7152097,
            -19.1034185
          ],
          [
            46.7150795,
            -19.1032883
          ],
          [
            46.7149293,
            -19.1031718
          ],
          [
            46.714747,
            -19.1031413
          ],
          [
            46.7145203,
            -19.1032065
          ],
          [
            46.7143768,
            -19.1033694
          ],
          [
            46.7142159,
            -19.1035367
          ],
          [
            46.714012,
            -19.1036026
          ],
          [
            46.7139342,
            -19.1036003
          ],
          [
            46.7138189,
            -19.1035519
          ],
          [
            46.7135346,
            -19.1034379
          ],
          [
            46.7132744,
            -19.1033036
          ],
          [
            46.7130545,
            -19.1031464
          ],
          [
            46.712864,
            -19.1028727
          ],
          [
            46.7126853,
            -19.1025792
          ],
          [
            46.712632,
            -19.1024917
          ],
          [
            46.7124319,
            -19.1020331
          ],
          [
            46.7124175,
            -19.1020001
          ],
          [
            46.712333,
            -19.1017017
          ],
          [
            46.7122887,
            -19.1012448
          ],
          [
            46.7122565,
            -19.1007531
          ],
          [
            46.7122257,
            -19.10047
          ],
          [
            46.7121699,
            -19.1000951
          ],
          [
            46.71216,
            -19.1000282
          ],
          [
            46.712117,
            -19.0997422
          ],
          [
            46.7120755,
            -19.0994663
          ],
          [
            46.7119682,
            -19.0988326
          ],
          [
            46.711877,
            -19.0982801
          ],
          [
            46.7118542,
            -19.0977623
          ],
          [
            46.7118435,
            -19.0973111
          ],
          [
            46.7118126,
            -19.0967999
          ],
          [
            46.7117912,
            -19.0963842
          ],
          [
            46.7117936,
            -19.0961854
          ],
          [
            46.7117937,
            -19.0960379
          ],
          [
            46.7118783,
            -19.095446
          ],
          [
            46.7119239,
            -19.0950148
          ],
          [
            46.7119521,
            -19.094686
          ],
          [
            46.7119615,
            -19.0943659
          ],
          [
            46.7119776,
            -19.0941783
          ],
          [
            46.7120527,
            -19.0940263
          ],
          [
            46.7122418,
            -19.0937685
          ],
          [
            46.7125261,
            -19.0934441
          ],
          [
            46.7128895,
            -19.0931391
          ],
          [
            46.7132959,
            -19.0928738
          ],
          [
            46.7139664,
            -19.0925062
          ],
          [
            46.714291,
            -19.0923237
          ],
          [
            46.7145377,
            -19.0921666
          ],
          [
            46.7147416,
            -19.0919841
          ],
          [
            46.715278,
            -19.0915177
          ],
          [
            46.7155302,
            -19.0914366
          ],
          [
            46.7158896,
            -19.0913859
          ],
          [
            46.7165655,
            -19.0912795
          ],
          [
            46.7169732,
            -19.091244
          ],
          [
            46.717397,
            -19.0911578
          ],
          [
            46.717692,
            -19.0909854
          ],
          [
            46.7178905,
            -19.0907522
          ],
          [
            46.71803,
            -19.0904785
          ],
          [
            46.7181225,
            -19.090315
          ],
          [
            46.7182392,
            -19.0901946
          ],
          [
            46.7185181,
            -19.0901135
          ],
          [
            46.718899,
            -19.090078
          ],
          [
            46.7190975,
            -19.090078
          ],
          [
            46.7193148,
            -19.0901034
          ],
          [
            46.7195159,
            -19.090149
          ],
          [
            46.7200041,
            -19.0902757
          ],
          [
            46.7205459,
            -19.090372
          ],
          [
            46.7206478,
            -19.0903974
          ],
          [
            46.7213505,
            -19.0905241
          ],
          [
            46.7217529,
            -19.0905697
          ],
          [
            46.722241,
            -19.0906154
          ],
          [
            46.7224878,
            -19.0907573
          ],
          [
            46.7228365,
            -19.0909499
          ],
          [
            46.723153,
            -19.0910716
          ],
          [
            46.7232764,
            -19.0911071
          ],
          [
            46.7236143,
            -19.091097
          ],
          [
            46.7238665,
            -19.0910336
          ],
          [
            46.7243439,
            -19.0907979
          ],
          [
            46.724655,
            -19.0906356
          ],
          [
            46.724993,
            -19.090443
          ],
          [
            46.7257601,
            -19.0899056
          ],
          [
            46.7260444,
            -19.0897079
          ],
          [
            46.7262162,
            -19.0896411
          ],
          [
            46.726318,
            -19.0896015
          ],
          [
            46.7270529,
            -19.089419
          ],
          [
            46.727643,
            -19.0892162
          ],
          [
            46.7284551,
            -19.0889407
          ],
          [
            46.7293167,
            -19.0886484
          ],
          [
            46.7299765,
            -19.0885724
          ],
          [
            46.7306243,
            -19.0885902
          ],
          [
            46.7308282,
            -19.0886345
          ],
          [
            46.7314491,
            -19.0888411
          ],
          [
            46.7322618,
            -19.0892061
          ],
          [
            46.7327432,
            -19.0894284
          ],
          [
            46.7335761,
            -19.0898296
          ],
          [
            46.7342855,
            -19.0901794
          ],
          [
            46.7346637,
            -19.0903061
          ],
          [
            46.7350204,
            -19.0903847
          ],
          [
            46.7353798,
            -19.090424
          ],
          [
            46.7357486,
            -19.0904215
          ],
          [
            46.7361858,
            -19.0904557
          ],
          [
            46.736843,
            -19.0905203
          ],
          [
            46.7371045,
            -19.0905165
          ],
          [
            46.7374331,
            -19.0904544
          ],
          [
            46.7377549,
            -19.0903784
          ],
          [
            46.7381613,
            -19.0903986
          ],
          [
            46.7384738,
            -19.090296
          ],
          [
            46.7388707,
            -19.0901236
          ],
          [
            46.739143,
            -19.0900793
          ],
          [
            46.7393321,
            -19.0900742
          ],
          [
            46.7397264,
            -19.0900615
          ],
          [
            46.7401408,
            -19.0900539
          ],
          [
            46.7403439,
            -19.0900574
          ],
          [
            46.7404371,
            -19.090059
          ],
          [
            46.7407215,
            -19.0899906
          ],
          [
            46.7409521,
            -19.0898879
          ],
          [
            46.7411292,
            -19.0897662
          ],
          [
            46.7412345,
            -19.0896953
          ],
          [
            46.7412822,
            -19.0896269
          ],
          [
            46.7413317,
            -19.0895559
          ],
          [
            46.7413692,
            -19.0894621
          ],
          [
            46.7413853,
            -19.0894012
          ],
          [
            46.7414148,
            -19.0891997
          ],
          [
            46.7414423,
            -19.0890717
          ],
          [
            46.741498,
            -19.0889317
          ],
          [
            46.7415878,
            -19.0887511
          ],
          [
            46.741785,
            -19.0884469
          ],
          [
            46.741986,
            -19.0881408
          ],
          [
            46.7420371,
            -19.0880629
          ],
          [
            46.7421994,
            -19.0877689
          ],
          [
            46.7423871,
            -19.0872733
          ],
          [
            46.742481,
            -19.0870896
          ],
          [
            46.7425789,
            -19.0869058
          ],
          [
            46.7426071,
            -19.0866916
          ],
          [
            46.7425561,
            -19.0864762
          ],
          [
            46.7424086,
            -19.0860503
          ],
          [
            46.7422906,
            -19.0855003
          ],
          [
            46.7421859,
            -19.084821
          ],
          [
            46.7421645,
            -19.0844331
          ],
          [
            46.7420572,
            -19.0840605
          ],
          [
            46.7418265,
            -19.0834572
          ],
          [
            46.7418064,
            -19.083333
          ],
          [
            46.7418024,
            -19.0831911
          ],
          [
            46.7418721,
            -19.0828641
          ],
          [
            46.7419499,
            -19.0823014
          ],
          [
            46.7419121,
            -19.0821238
          ],
          [
            46.7417941,
            -19.0818602
          ],
          [
            46.7415473,
            -19.0817081
          ],
          [
            46.741204,
            -19.0814242
          ],
          [
            46.7410967,
            -19.0811606
          ],
          [
            46.7410109,
            -19.0805928
          ],
          [
            46.7409548,
            -19.0799211
          ],
          [
            46.7409146,
            -19.0795181
          ],
          [
            46.7409065,
            -19.0791759
          ],
          [
            46.7409173,
            -19.0789985
          ],
          [
            46.7409629,
            -19.0787006
          ],
          [
            46.7409696,
            -19.0785967
          ],
          [
            46.7409736,
            -19.0784978
          ],
          [
            46.7409629,
            -19.0783546
          ],
          [
            46.7408891,
            -19.0781277
          ],
          [
            46.7407483,
            -19.0777513
          ],
          [
            46.7406893,
            -19.0775168
          ],
          [
            46.7406732,
            -19.0772177
          ],
          [
            46.740641,
            -19.0769781
          ],
          [
            46.7406021,
            -19.0767982
          ],
          [
            46.7405297,
            -19.0765751
          ],
          [
            46.7404872,
            -19.0764863
          ],
          [
            46.7404058,
            -19.0762895
          ],
          [
            46.7403446,
            -19.0760428
          ],
          [
            46.7402497,
            -19.0754087
          ],
          [
            46.7401726,
            -19.0751163
          ],
          [
            46.7400238,
            -19.0746104
          ],
          [
            46.74002,
            -19.0744584
          ],
          [
            46.7400139,
            -19.0742137
          ],
          [
            46.7400249,
            -19.0738121
          ],
          [
            46.740042,
            -19.0733639
          ],
          [
            46.7400551,
            -19.0730185
          ],
          [
            46.7400664,
            -19.0724976
          ],
          [
            46.7401083,
            -19.0715148
          ],
          [
            46.7401098,
            -19.0714837
          ],
          [
            46.7400861,
            -19.0712551
          ],
          [
            46.739974,
            -19.070996
          ],
          [
            46.7398828,
            -19.0707648
          ],
          [
            46.7398018,
            -19.0704238
          ],
          [
            46.7397736,
            -19.0703017
          ],
          [
            46.7397486,
            -19.0700327
          ],
          [
            46.7398146,
            -19.0695064
          ],
          [
            46.7398196,
            -19.0694565
          ],
          [
            46.7398266,
            -19.0693875
          ],
          [
            46.7398177,
            -19.069083
          ],
          [
            46.7397839,
            -19.0687628
          ],
          [
            46.7397063,
            -19.0684555
          ],
          [
            46.7394103,
            -19.067695
          ],
          [
            46.7393587,
            -19.0675132
          ],
          [
            46.7393351,
            -19.0674298
          ],
          [
            46.7392484,
            -19.0670278
          ],
          [
            46.7392333,
            -19.0669313
          ],
          [
            46.739101,
            -19.065933
          ],
          [
            46.7390236,
            -19.0656432
          ],
          [
            46.7389596,
            -19.0654038
          ],
          [
            46.7388475,
            -19.065001
          ],
          [
            46.7388171,
            -19.0647437
          ],
          [
            46.7387848,
            -19.0644711
          ],
          [
            46.7387127,
            -19.0640216
          ],
          [
            46.738654,
            -19.0638299
          ],
          [
            46.7385134,
            -19.0632727
          ],
          [
            46.7384671,
            -19.0630827
          ],
          [
            46.738357,
            -19.0626815
          ],
          [
            46.7383147,
            -19.0625276
          ],
          [
            46.7382517,
            -19.0622981
          ],
          [
            46.7382027,
            -19.0621196
          ],
          [
            46.7380697,
            -19.0616196
          ],
          [
            46.7380554,
            -19.0615658
          ],
          [
            46.7379564,
            -19.061069
          ],
          [
            46.7379408,
            -19.0609771
          ],
          [
            46.7379249,
            -19.0606496
          ],
          [
            46.7380273,
            -19.0598013
          ],
          [
            46.7381374,
            -19.0592235
          ],
          [
            46.7381798,
            -19.059041
          ],
          [
            46.7383855,
            -19.0584569
          ],
          [
            46.7384479,
            -19.0582559
          ],
          [
            46.7385431,
            -19.0579736
          ],
          [
            46.7391021,
            -19.0564033
          ],
          [
            46.7394489,
            -19.0553925
          ],
          [
            46.7395139,
            -19.0550575
          ],
          [
            46.7396919,
            -19.0531134
          ],
          [
            46.7397933,
            -19.0527847
          ],
          [
            46.7399645,
            -19.0525695
          ],
          [
            46.7408385,
            -19.0520372
          ],
          [
            46.741178,
            -19.0517788
          ],
          [
            46.7413723,
            -19.0516013
          ],
          [
            46.7415339,
            -19.0513678
          ],
          [
            46.741651,
            -19.0511125
          ],
          [
            46.7416643,
            -19.0510836
          ],
          [
            46.741749,
            -19.050632
          ],
          [
            46.741749,
            -19.0505509
          ],
          [
            46.741749,
            -19.0504
          ],
          [
            46.741668,
            -19.0497933
          ],
          [
            46.7415825,
            -19.0494392
          ],
          [
            46.7415308,
            -19.0492612
          ],
          [
            46.7413331,
            -19.0486165
          ],
          [
            46.7412262,
            -19.048268
          ],
          [
            46.7411803,
            -19.0481183
          ],
          [
            46.7411244,
            -19.0480052
          ],
          [
            46.7409096,
            -19.047571
          ],
          [
            46.7406715,
            -19.0471931
          ],
          [
            46.7401302,
            -19.046412
          ],
          [
            46.7399615,
            -19.046192
          ],
          [
            46.7397,
            -19.045851
          ],
          [
            46.7393539,
            -19.0455914
          ],
          [
            46.7389692,
            -19.0453028
          ],
          [
            46.738499,
            -19.04495
          ],
          [
            46.738251,
            -19.044849
          ],
          [
            46.7381247,
            -19.0448086
          ],
          [
            46.737885,
            -19.044817
          ],
          [
            46.7377505,
            -19.0447651
          ],
          [
            46.7376464,
            -19.0447033
          ],
          [
            46.7374795,
            -19.0444666
          ],
          [
            46.7373201,
            -19.0442632
          ],
          [
            46.737099,
            -19.04405
          ],
          [
            46.7367538,
            -19.0438603
          ],
          [
            46.736526,
            -19.0436773
          ],
          [
            46.7346811,
            -19.0425962
          ],
          [
            46.7336082,
            -19.0420118
          ],
          [
            46.7329967,
            -19.0416683
          ],
          [
            46.7328902,
            -19.041662
          ],
          [
            46.7327727,
            -19.0417
          ],
          [
            46.732695,
            -19.0417557
          ],
          [
            46.7325689,
            -19.0418457
          ],
          [
            46.7323802,
            -19.0418849
          ],
          [
            46.7322792,
            -19.0418483
          ],
          [
            46.7322081,
            -19.0417874
          ],
          [
            46.7321183,
            -19.0416581
          ],
          [
            46.7320365,
            -19.0414604
          ],
          [
            46.7320713,
            -19.0412499
          ],
          [
            46.7321384,
            -19.0409862
          ],
          [
            46.7321357,
            -19.0409076
          ]
        ]
      },
      "id": "way/169883452"
    },
    {
      "type": "Feature",
      "properties": {
        "@id": "way/170001006",
        "bridge": "yes",
        "highway": "secondary",
        "layer": "1",
        "ref": "N 43",
        "smoothness": "good",
        "source": "Bing",
        "surface": "asphalt"
      },
      "geometry": {
        "type": "LineString",
        "coordinates": [
          [
            47.1299706,
            -19.617211
          ],
          [
            47.1301014,
            -19.6173439
          ]
        ]
      },
      "id": "way/170001006"
    },
    {
      "type": "Feature",
      "properties": {
        "@id": "way/170001025",
        "highway": "secondary",
        "ref": "N 43",
        "smoothness": "good",
        "source": "Bing",
        "surface": "asphalt"
      },
      "geometry": {
        "type": "LineString",
        "coordinates": [
          [
            47.1336379,
            -19.6191046
          ],
          [
            47.1338048,
            -19.6191743
          ],
          [
            47.1340969,
            -19.6192565
          ],
          [
            47.1348043,
            -19.6193922
          ],
          [
            47.1357014,
            -19.619553
          ],
          [
            47.1363766,
            -19.6196584
          ],
          [
            47.1367389,
            -19.6197692
          ],
          [
            47.1372434,
            -19.6199854
          ],
          [
            47.1386791,
            -19.6206053
          ],
          [
            47.1390774,
            -19.6207911
          ],
          [
            47.1391988,
            -19.6208875
          ],
          [
            47.1392974,
            -19.6211251
          ],
          [
            47.1404022,
            -19.6239532
          ],
          [
            47.1408957,
            -19.625368
          ],
          [
            47.1411456,
            -19.6256599
          ],
          [
            47.1414321,
            -19.6259945
          ],
          [
            47.1415707,
            -19.626157
          ],
          [
            47.1416692,
            -19.6262724
          ],
          [
            47.1418314,
            -19.6264625
          ],
          [
            47.1420122,
            -19.6266745
          ],
          [
            47.1433146,
            -19.6282011
          ],
          [
            47.1433633,
            -19.6282582
          ],
          [
            47.1437748,
            -19.6287239
          ],
          [
            47.1440081,
            -19.6289878
          ],
          [
            47.1442577,
            -19.6292496
          ],
          [
            47.1444893,
            -19.6294926
          ],
          [
            47.1446319,
            -19.6297277
          ],
          [
            47.1448759,
            -19.6301299
          ],
          [
            47.1450307,
            -19.6303852
          ],
          [
            47.1456861,
            -19.6314656
          ],
          [
            47.1462005,
            -19.6323226
          ],
          [
            47.1467107,
            -19.6330885
          ],
          [
            47.1470726,
            -19.6333707
          ],
          [
            47.1476631,
            -19.6337515
          ],
          [
            47.1482557,
            -19.6341596
          ],
          [
            47.1483274,
            -19.6342675
          ],
          [
            47.1485898,
            -19.6350671
          ],
          [
            47.1486775,
            -19.6352105
          ],
          [
            47.1487937,
            -19.635317
          ],
          [
            47.148955,
            -19.6353941
          ],
          [
            47.1491263,
            -19.6354295
          ],
          [
            47.1492976,
            -19.6354216
          ],
          [
            47.1494447,
            -19.6353757
          ],
          [
            47.1495633,
            -19.6352803
          ],
          [
            47.1498891,
            -19.6347402
          ],
          [
            47.1500129,
            -19.6345958
          ],
          [
            47.1514552,
            -19.6333505
          ],
          [
            47.1517621,
            -19.6331738
          ],
          [
            47.1519396,
            -19.633118
          ],
          [
            47.1521034,
            -19.6331067
          ],
          [
            47.152308,
            -19.6331353
          ],
          [
            47.1524834,
            -19.6331878
          ],
          [
            47.1526826,
            -19.6332869
          ],
          [
            47.1528282,
            -19.6334232
          ],
          [
            47.1529738,
            -19.6336517
          ],
          [
            47.1531896,
            -19.6341746
          ],
          [
            47.1532185,
            -19.6342447
          ],
          [
            47.1535489,
            -19.6351164
          ],
          [
            47.1537727,
            -19.6358446
          ],
          [
            47.1538323,
            -19.6360131
          ],
          [
            47.1539087,
            -19.6361494
          ],
          [
            47.1540403,
            -19.6362813
          ],
          [
            47.1545635,
            -19.6367169
          ],
          [
            47.1547425,
            -19.6368588
          ],
          [
            47.1556446,
            -19.6378274
          ],
          [
            47.1557614,
            -19.6379409
          ],
          [
            47.1561338,
            -19.6381163
          ],
          [
            47.1565419,
            -19.6383084
          ]
        ]
      },
      "id": "way/170001025"
    },
    {
      "type": "Feature",
      "properties": {
        "@id": "way/170001026",
        "highway": "secondary",
        "ref": "N 43",
        "smoothness": "good",
        "source": "Bing",
        "surface": "asphalt"
      },
      "geometry": {
        "type": "LineString",
        "coordinates": [
          [
            47.1301014,
            -19.6173439
          ],
          [
            47.1302065,
            -19.6174405
          ],
          [
            47.1303168,
            -19.6175178
          ],
          [
            47.1304581,
            -19.6175842
          ],
          [
            47.1320011,
            -19.6183364
          ],
          [
            47.1324013,
            -19.6185294
          ],
          [
            47.1336379,
            -19.6191046
          ]
        ]
      },
      "id": "way/170001026"
    },
    {
      "type": "Feature",
      "properties": {
        "@id": "way/170001033",
        "highway": "secondary",
        "ref": "N 43",
        "smoothness": "good",
        "source": "Bing",
        "surface": "asphalt"
      },
      "geometry": {
        "type": "LineString",
        "coordinates": [
          [
            46.9773031,
            -19.4421234
          ],
          [
            46.97756,
            -19.4422723
          ],
          [
            46.9777317,
            -19.4424948
          ],
          [
            46.9779328,
            -19.4428136
          ],
          [
            46.978201,
            -19.4432511
          ],
          [
            46.9783566,
            -19.4434965
          ],
          [
            46.9784054,
            -19.4435512
          ],
          [
            46.9793656,
            -19.4448968
          ],
          [
            46.9794059,
            -19.4449486
          ],
          [
            46.9794595,
            -19.4449726
          ],
          [
            46.9795226,
            -19.4449853
          ],
          [
            46.9796178,
            -19.4449916
          ],
          [
            46.9797385,
            -19.4449753
          ],
          [
            46.9798538,
            -19.444922
          ],
          [
            46.9802964,
            -19.4446514
          ],
          [
            46.9808216,
            -19.4443261
          ],
          [
            46.9809504,
            -19.4442148
          ],
          [
            46.9810058,
            -19.4441418
          ],
          [
            46.9810898,
            -19.4440327
          ],
          [
            46.9812016,
            -19.4439192
          ],
          [
            46.9813151,
            -19.4438405
          ],
          [
            46.9814014,
            -19.443813
          ],
          [
            46.9814886,
            -19.4438142
          ],
          [
            46.9815919,
            -19.4438193
          ],
          [
            46.9817206,
            -19.4438572
          ],
          [
            46.9817904,
            -19.4438977
          ],
          [
            46.9819003,
            -19.4439799
          ],
          [
            46.9820157,
            -19.4441013
          ],
          [
            46.9820541,
            -19.444211
          ],
          [
            46.9820908,
            -19.4443644
          ],
          [
            46.9821432,
            -19.4445631
          ],
          [
            46.9821712,
            -19.4446476
          ],
          [
            46.9822155,
            -19.4447096
          ],
          [
            46.9822799,
            -19.4447564
          ],
          [
            46.9823491,
            -19.44478
          ],
          [
            46.9824381,
            -19.4447867
          ],
          [
            46.9827313,
            -19.4446903
          ],
          [
            46.982874,
            -19.4446653
          ],
          [
            46.9830067,
            -19.4446679
          ],
          [
            46.9831296,
            -19.4446902
          ],
          [
            46.9832146,
            -19.4447488
          ],
          [
            46.9833112,
            -19.4448196
          ],
          [
            46.9833724,
            -19.444885
          ],
          [
            46.983401,
            -19.4449448
          ],
          [
            46.9834238,
            -19.4450801
          ],
          [
            46.9833863,
            -19.4452068
          ],
          [
            46.9832892,
            -19.4453883
          ],
          [
            46.9830403,
            -19.4457202
          ],
          [
            46.9828386,
            -19.4459954
          ],
          [
            46.9828042,
            -19.4461019
          ],
          [
            46.9828096,
            -19.4461879
          ],
          [
            46.9828346,
            -19.4462306
          ],
          [
            46.9828686,
            -19.4462752
          ],
          [
            46.9829598,
            -19.4463435
          ],
          [
            46.9830376,
            -19.4463586
          ],
          [
            46.9831095,
            -19.4463545
          ],
          [
            46.9831838,
            -19.4463333
          ],
          [
            46.9833447,
            -19.4462663
          ],
          [
            46.9834609,
            -19.4461825
          ],
          [
            46.9835789,
            -19.4460662
          ],
          [
            46.9836679,
            -19.4459363
          ],
          [
            46.9837452,
            -19.4458221
          ],
          [
            46.9838007,
            -19.4457251
          ],
          [
            46.9839115,
            -19.4455704
          ],
          [
            46.9841261,
            -19.4453681
          ],
          [
            46.984266,
            -19.4451939
          ],
          [
            46.9843514,
            -19.4450646
          ],
          [
            46.9844471,
            -19.4449043
          ],
          [
            46.9845109,
            -19.4447876
          ],
          [
            46.984549,
            -19.4447222
          ],
          [
            46.9845982,
            -19.4446802
          ],
          [
            46.9846509,
            -19.4446552
          ],
          [
            46.9847569,
            -19.4446388
          ],
          [
            46.9848602,
            -19.4446438
          ],
          [
            46.9850895,
            -19.4447083
          ],
          [
            46.9857024,
            -19.4448765
          ],
          [
            46.9861579,
            -19.4450899
          ],
          [
            46.9873003,
            -19.4462771
          ],
          [
            46.9885843,
            -19.4475777
          ],
          [
            46.9886327,
            -19.4476245
          ],
          [
            46.9889144,
            -19.4479534
          ],
          [
            46.9921652,
            -19.4490383
          ],
          [
            46.9933158,
            -19.4493671
          ],
          [
            46.9935004,
            -19.4494299
          ],
          [
            46.9936323,
            -19.4494834
          ],
          [
            46.993812,
            -19.4495998
          ],
          [
            46.9939108,
            -19.4496879
          ],
          [
            46.9940507,
            -19.4498729
          ],
          [
            46.9942197,
            -19.4501182
          ],
          [
            46.9943507,
            -19.4503658
          ],
          [
            46.9943994,
            -19.4505457
          ],
          [
            46.9943936,
            -19.4506591
          ],
          [
            46.9943399,
            -19.4509829
          ],
          [
            46.994252,
            -19.4514361
          ],
          [
            46.99426,
            -19.4515396
          ],
          [
            46.9943078,
            -19.4516506
          ],
          [
            46.9947047,
            -19.4521361
          ],
          [
            46.9948339,
            -19.4522275
          ],
          [
            46.99496,
            -19.4522655
          ],
          [
            46.9952251,
            -19.4523258
          ],
          [
            46.9955067,
            -19.452379
          ],
          [
            46.9955903,
            -19.4523818
          ],
          [
            46.9957352,
            -19.4523793
          ],
          [
            46.9958957,
            -19.4523486
          ],
          [
            46.9966145,
            -19.4521615
          ],
          [
            46.996749,
            -19.4521289
          ],
          [
            46.9968805,
            -19.4521314
          ],
          [
            46.9969685,
            -19.4521463
          ],
          [
            46.9970763,
            -19.4521997
          ],
          [
            46.9971272,
            -19.4522503
          ],
          [
            46.9971973,
            -19.4523196
          ]
        ]
      },
      "id": "way/170001033"
    },
    {
      "type": "Feature",
      "properties": {
        "@id": "way/215297740",
        "highway": "secondary",
        "note": "portion dégradée au Pk 18?",
        "ref": "N 43",
        "smoothness": "good",
        "source": "Bing",
        "surface": "asphalt"
      },
      "geometry": {
        "type": "LineString",
        "coordinates": [
          [
            47.059979,
            -19.5699699
          ],
          [
            47.0591099,
            -19.574893
          ],
          [
            47.0587237,
            -19.5772988
          ],
          [
            47.0585306,
            -19.578249
          ],
          [
            47.0585091,
            -19.5785927
          ],
          [
            47.0585306,
            -19.5791285
          ],
          [
            47.0583482,
            -19.5793509
          ],
          [
            47.0578311,
            -19.5798543
          ],
          [
            47.0574555,
            -19.5802359
          ],
          [
            47.0571551,
            -19.5805214
          ],
          [
            47.0569427,
            -19.5807964
          ],
          [
            47.0568319,
            -19.5810229
          ]
        ]
      },
      "id": "way/215297740"
    },
    {
      "type": "Feature",
      "properties": {
        "@id": "way/215297741",
        "highway": "secondary",
        "ref": "N 43",
        "smoothness": "good",
        "surface": "asphalt"
      },
      "geometry": {
        "type": "LineString",
        "coordinates": [
          [
            46.9418764,
            -19.3865561
          ],
          [
            46.9415758,
            -19.3861941
          ],
          [
            46.9407224,
            -19.3851312
          ],
          [
            46.9398847,
            -19.3840649
          ],
          [
            46.9398352,
            -19.3840196
          ],
          [
            46.9397789,
            -19.3839728
          ],
          [
            46.9397186,
            -19.3839286
          ],
          [
            46.9396663,
            -19.3838988
          ],
          [
            46.9396071,
            -19.3838714
          ],
          [
            46.939345,
            -19.3837915
          ],
          [
            46.9389097,
            -19.3836589
          ],
          [
            46.9382096,
            -19.3834412
          ],
          [
            46.9378155,
            -19.3832872
          ],
          [
            46.937483,
            -19.3831278
          ],
          [
            46.9372551,
            -19.3830259
          ],
          [
            46.9370855,
            -19.3829501
          ],
          [
            46.9367614,
            -19.3827938
          ],
          [
            46.9366112,
            -19.3827103
          ],
          [
            46.9364932,
            -19.3826116
          ],
          [
            46.9363229,
            -19.382437
          ],
          [
            46.9360399,
            -19.3821713
          ],
          [
            46.9359729,
            -19.3821157
          ],
          [
            46.9358294,
            -19.3819968
          ],
          [
            46.9356148,
            -19.3818665
          ],
          [
            46.9354711,
            -19.3817764
          ],
          [
            46.935309,
            -19.3816995
          ],
          [
            46.9348276,
            -19.3814629
          ],
          [
            46.9346197,
            -19.3813604
          ],
          [
            46.9344722,
            -19.3812744
          ],
          [
            46.9343166,
            -19.3811504
          ],
          [
            46.9342549,
            -19.3810859
          ],
          [
            46.9341622,
            -19.3809781
          ],
          [
            46.9340697,
            -19.3808491
          ],
          [
            46.9339545,
            -19.3806684
          ],
          [
            46.9338094,
            -19.3804126
          ],
          [
            46.9334838,
            -19.3798688
          ],
          [
            46.9332558,
            -19.3794704
          ],
          [
            46.9331336,
            -19.3793161
          ],
          [
            46.9330466,
            -19.3792021
          ],
          [
            46.9329552,
            -19.3791045
          ],
          [
            46.9328856,
            -19.3790364
          ],
          [
            46.9326952,
            -19.3788858
          ],
          [
            46.9324592,
            -19.3787037
          ],
          [
            46.9324029,
            -19.3786547
          ],
          [
            46.9323276,
            -19.3785934
          ],
          [
            46.9319876,
            -19.3783192
          ],
          [
            46.9319066,
            -19.3782482
          ],
          [
            46.931826,
            -19.3781635
          ],
          [
            46.9317229,
            -19.3780458
          ],
          [
            46.9316196,
            -19.3779269
          ],
          [
            46.9315459,
            -19.3778105
          ],
          [
            46.9314976,
            -19.3777219
          ],
          [
            46.9313809,
            -19.3774765
          ],
          [
            46.9312683,
            -19.3771982
          ],
          [
            46.931197,
            -19.3770241
          ],
          [
            46.9311659,
            -19.3769341
          ],
          [
            46.9310161,
            -19.3766149
          ],
          [
            46.9309813,
            -19.3765416
          ],
          [
            46.9308619,
            -19.3763606
          ],
          [
            46.9307305,
            -19.3761797
          ],
          [
            46.9306974,
            -19.3761458
          ],
          [
            46.9303845,
            -19.3757432
          ],
          [
            46.9301243,
            -19.3754232
          ],
          [
            46.9298749,
            -19.3750892
          ],
          [
            46.9297198,
            -19.3748558
          ],
          [
            46.9296214,
            -19.374702
          ],
          [
            46.929575,
            -19.3746217
          ],
          [
            46.929557,
            -19.3745793
          ],
          [
            46.9295436,
            -19.3745262
          ],
          [
            46.9295154,
            -19.3743744
          ],
          [
            46.9294797,
            -19.3742092
          ],
          [
            46.9294658,
            -19.3741061
          ],
          [
            46.9293336,
            -19.3732907
          ],
          [
            46.9292673,
            -19.3729637
          ],
          [
            46.9291619,
            -19.3725215
          ],
          [
            46.929052,
            -19.3719573
          ],
          [
            46.9290332,
            -19.3716916
          ],
          [
            46.9290528,
            -19.3714126
          ],
          [
            46.9290761,
            -19.3712057
          ],
          [
            46.9292907,
            -19.3703353
          ],
          [
            46.9293183,
            -19.3701525
          ],
          [
            46.9293237,
            -19.3700158
          ],
          [
            46.9293049,
            -19.3698817
          ],
          [
            46.9292754,
            -19.3697577
          ],
          [
            46.9291566,
            -19.3692396
          ],
          [
            46.9291091,
            -19.369077
          ],
          [
            46.9290472,
            -19.3689047
          ]
        ]
      },
      "id": "way/215297741"
    },
    {
      "type": "Feature",
      "properties": {
        "@id": "way/215297744",
        "highway": "secondary",
        "ref": "N 43",
        "smoothness": "good",
        "source": "Bing",
        "surface": "asphalt"
      },
      "geometry": {
        "type": "LineString",
        "coordinates": [
          [
            47.056138,
            -19.5831415
          ],
          [
            47.0559986,
            -19.5834245
          ],
          [
            47.0552532,
            -19.5845417
          ],
          [
            47.0552987,
            -19.5847495
          ],
          [
            47.0553551,
            -19.5850067
          ],
          [
            47.056417,
            -19.586174
          ],
          [
            47.0566213,
            -19.5863828
          ],
          [
            47.0571787,
            -19.5869523
          ],
          [
            47.0573826,
            -19.5869927
          ],
          [
            47.0582302,
            -19.5871342
          ],
          [
            47.0584126,
            -19.587205
          ],
          [
            47.0584984,
            -19.5875385
          ],
          [
            47.058625,
            -19.587961
          ],
          [
            47.0589061,
            -19.5880945
          ],
          [
            47.0594103,
            -19.588428
          ],
          [
            47.0595691,
            -19.588709
          ],
          [
            47.0594854,
            -19.5889031
          ],
          [
            47.0590885,
            -19.5890345
          ],
          [
            47.058552,
            -19.5892771
          ],
          [
            47.0582624,
            -19.5897218
          ],
          [
            47.0583482,
            -19.5899846
          ],
          [
            47.0589705,
            -19.5903081
          ],
          [
            47.0592258,
            -19.5905588
          ],
          [
            47.0596893,
            -19.5908135
          ],
          [
            47.0598717,
            -19.5909651
          ],
          [
            47.0601184,
            -19.5912279
          ],
          [
            47.0604832,
            -19.5914301
          ],
          [
            47.0604918,
            -19.5915999
          ],
          [
            47.0603845,
            -19.5917414
          ],
          [
            47.0601292,
            -19.5920365
          ],
          [
            47.0600412,
            -19.5923276
          ],
          [
            47.0601485,
            -19.5926106
          ],
          [
            47.0604832,
            -19.5928249
          ],
          [
            47.0605369,
            -19.5929664
          ],
          [
            47.0605583,
            -19.593957
          ],
          [
            47.0604081,
            -19.5942097
          ],
          [
            47.0598073,
            -19.594806
          ],
          [
            47.0596142,
            -19.5950688
          ],
          [
            47.0593781,
            -19.5957157
          ],
          [
            47.0593331,
            -19.5959259
          ],
          [
            47.0594211,
            -19.5960795
          ],
          [
            47.0597537,
            -19.5962311
          ],
          [
            47.0598502,
            -19.596312
          ],
          [
            47.0598588,
            -19.5964919
          ],
          [
            47.0599468,
            -19.5967365
          ],
          [
            47.0601506,
            -19.5968679
          ],
          [
            47.0602686,
            -19.5968982
          ],
          [
            47.0604725,
            -19.5969286
          ],
          [
            47.0606656,
            -19.5970296
          ],
          [
            47.0606527,
            -19.5972197
          ],
          [
            47.0604489,
            -19.5973409
          ],
          [
            47.0599897,
            -19.5975249
          ],
          [
            47.0597215,
            -19.5976361
          ],
          [
            47.0596571,
            -19.5978483
          ],
          [
            47.0597537,
            -19.5981414
          ],
          [
            47.0600219,
            -19.5984244
          ],
          [
            47.0601506,
            -19.5984649
          ],
          [
            47.0603223,
            -19.5984649
          ],
          [
            47.0604918,
            -19.5984123
          ],
          [
            47.0606549,
            -19.5985053
          ],
          [
            47.0606334,
            -19.5986569
          ],
          [
            47.0605583,
            -19.5990107
          ],
          [
            47.060451,
            -19.5992229
          ],
          [
            47.059979,
            -19.5994352
          ],
          [
            47.0596464,
            -19.599607
          ],
          [
            47.059464,
            -19.59989
          ],
          [
            47.0595176,
            -19.6004661
          ],
          [
            47.0597,
            -19.6007693
          ],
          [
            47.0600863,
            -19.6009108
          ],
          [
            47.0603759,
            -19.6009007
          ],
          [
            47.0605454,
            -19.6007572
          ],
          [
            47.0608587,
            -19.6005773
          ],
          [
            47.0610604,
            -19.600646
          ],
          [
            47.061084,
            -19.6008906
          ],
          [
            47.060878,
            -19.6012322
          ],
          [
            47.0604939,
            -19.6016284
          ],
          [
            47.0603116,
            -19.6019013
          ],
          [
            47.0602584,
            -19.6021291
          ],
          [
            47.0603544,
            -19.6023763
          ],
          [
            47.0607675,
            -19.6027099
          ],
          [
            47.061157,
            -19.6029908
          ],
          [
            47.062629,
            -19.6040036
          ],
          [
            47.063026,
            -19.6041248
          ],
          [
            47.0634444,
            -19.6041248
          ],
          [
            47.0643456,
            -19.6038722
          ],
          [
            47.0648928,
            -19.6036397
          ],
          [
            47.0651588,
            -19.6037792
          ],
          [
            47.0659978,
            -19.6037307
          ],
          [
            47.0662339,
            -19.6038823
          ],
          [
            47.0664034,
            -19.6045069
          ],
          [
            47.066545,
            -19.6048222
          ],
          [
            47.0673577,
            -19.605656
          ],
          [
            47.0675347,
            -19.6057496
          ],
          [
            47.0678137,
            -19.605838
          ],
          [
            47.0679559,
            -19.605886
          ],
          [
            47.0680985,
            -19.6060103
          ],
          [
            47.0683421,
            -19.6062119
          ],
          [
            47.0685862,
            -19.6063459
          ],
          [
            47.0688276,
            -19.6064444
          ],
          [
            47.0690448,
            -19.6064899
          ],
          [
            47.0693936,
            -19.6066112
          ],
          [
            47.0695276,
            -19.6067425
          ],
          [
            47.0696188,
            -19.6069725
          ],
          [
            47.0695759,
            -19.6075309
          ],
          [
            47.069533,
            -19.6079831
          ],
          [
            47.069592,
            -19.6081878
          ],
          [
            47.0696891,
            -19.608446
          ],
          [
            47.0697771,
            -19.6088851
          ],
          [
            47.0698312,
            -19.6090726
          ],
          [
            47.0698205,
            -19.6092468
          ],
          [
            47.0696756,
            -19.6093554
          ],
          [
            47.0695201,
            -19.6094188
          ],
          [
            47.0693538,
            -19.6094944
          ],
          [
            47.0692352,
            -19.6096583
          ],
          [
            47.0691897,
            -19.6102066
          ],
          [
            47.0692272,
            -19.6107346
          ],
          [
            47.0695169,
            -19.6111692
          ],
          [
            47.069989,
            -19.611624
          ],
          [
            47.0701928,
            -19.6118463
          ],
          [
            47.0706735,
            -19.6121576
          ],
          [
            47.071167,
            -19.6124507
          ],
          [
            47.0712764,
            -19.6126043
          ],
          [
            47.0711691,
            -19.612766
          ],
          [
            47.0709009,
            -19.6129075
          ],
          [
            47.0702465,
            -19.6133017
          ],
          [
            47.0698602,
            -19.6136857
          ],
          [
            47.0699031,
            -19.6140091
          ],
          [
            47.0702357,
            -19.614666
          ],
          [
            47.0706756,
            -19.6151814
          ],
          [
            47.0709524,
            -19.6156241
          ],
          [
            47.0711691,
            -19.6156969
          ],
          [
            47.0714852,
            -19.6156134
          ],
          [
            47.0729287,
            -19.615232
          ],
          [
            47.0731969,
            -19.61504
          ],
          [
            47.0735595,
            -19.6149167
          ],
          [
            47.073787,
            -19.6147772
          ],
          [
            47.0738819,
            -19.6146795
          ],
          [
            47.0742483,
            -19.6143022
          ],
          [
            47.0744307,
            -19.614282
          ],
          [
            47.0747526,
            -19.6144841
          ],
          [
            47.0749671,
            -19.614474
          ],
          [
            47.0754607,
            -19.6143325
          ],
          [
            47.0761473,
            -19.6142719
          ],
          [
            47.0766843,
            -19.614189
          ],
          [
            47.0769873,
            -19.6141964
          ],
          [
            47.077939,
            -19.6144538
          ],
          [
            47.078336,
            -19.6144235
          ],
          [
            47.0785935,
            -19.614282
          ],
          [
            47.0790978,
            -19.6138297
          ],
          [
            47.0793453,
            -19.6137019
          ],
          [
            47.0797629,
            -19.6135316
          ],
          [
            47.0801384,
            -19.6134355
          ],
          [
            47.0806374,
            -19.6134381
          ],
          [
            47.0811568,
            -19.6133766
          ],
          [
            47.0817402,
            -19.6132717
          ],
          [
            47.082067,
            -19.6132764
          ],
          [
            47.0823517,
            -19.6134006
          ],
          [
            47.0827241,
            -19.613524
          ],
          [
            47.0830406,
            -19.6135442
          ],
          [
            47.0834568,
            -19.6134233
          ],
          [
            47.0839208,
            -19.6132313
          ],
          [
            47.0841166,
            -19.6130039
          ],
          [
            47.0842642,
            -19.6126274
          ],
          [
            47.0844412,
            -19.612256
          ],
          [
            47.0846584,
            -19.6120286
          ],
          [
            47.0849884,
            -19.6119478
          ],
          [
            47.0852646,
            -19.6120412
          ],
          [
            47.0854712,
            -19.6122181
          ],
          [
            47.0859539,
            -19.6125617
          ],
          [
            47.086131,
            -19.612726
          ],
          [
            47.0862651,
            -19.6129382
          ],
          [
            47.0865172,
            -19.6134385
          ],
          [
            47.0866111,
            -19.6135673
          ],
          [
            47.0867854,
            -19.6136532
          ],
          [
            47.0869383,
            -19.6136835
          ],
          [
            47.0871261,
            -19.6136431
          ],
          [
            47.087692,
            -19.6134309
          ],
          [
            47.0890358,
            -19.6128826
          ],
          [
            47.0899934,
            -19.6123748
          ],
          [
            47.0909294,
            -19.6119326
          ],
          [
            47.091244,
            -19.6117989
          ],
          [
            47.0917448,
            -19.6115966
          ],
          [
            47.0924446,
            -19.6113467
          ],
          [
            47.0930149,
            -19.611162
          ],
          [
            47.0936586,
            -19.6109839
          ],
          [
            47.0938526,
            -19.610938
          ]
        ]
      },
      "id": "way/215297744"
    },
    {
      "type": "Feature",
      "properties": {
        "@id": "way/215297746",
        "highway": "secondary",
        "ref": "N 43",
        "smoothness": "good",
        "surface": "asphalt"
      },
      "geometry": {
        "type": "LineString",
        "coordinates": [
          [
            46.9507807,
            -19.4051768
          ],
          [
            46.9505586,
            -19.4048016
          ],
          [
            46.9502505,
            -19.4034855
          ],
          [
            46.9501918,
            -19.4032349
          ],
          [
            46.9502659,
            -19.4018777
          ],
          [
            46.9503682,
            -19.4004562
          ]
        ]
      },
      "id": "way/215297746"
    },
    {
      "type": "Feature",
      "properties": {
        "@id": "way/215297748",
        "highway": "secondary",
        "note": "portion dégradée au Pk 27?",
        "ref": "N 43",
        "smoothness": "good",
        "source": "Bing",
        "surface": "asphalt"
      },
      "geometry": {
        "type": "LineString",
        "coordinates": [
          [
            47.0204513,
            -19.4980228
          ],
          [
            47.0205121,
            -19.4981319
          ],
          [
            47.0205684,
            -19.4982862
          ],
          [
            47.0206073,
            -19.4984151
          ],
          [
            47.0207007,
            -19.4989179
          ],
          [
            47.0208616,
            -19.4994236
          ],
          [
            47.0211835,
            -19.4999292
          ],
          [
            47.0217516,
            -19.5010918
          ],
          [
            47.0227789,
            -19.5031938
          ],
          [
            47.0238057,
            -19.5050081
          ],
          [
            47.0242498,
            -19.5057929
          ]
        ]
      },
      "id": "way/215297748"
    },
    {
      "type": "Feature",
      "properties": {
        "@id": "way/215297750",
        "highway": "secondary",
        "ref": "N 43",
        "smoothness": "good",
        "source": "Bing",
        "surface": "asphalt"
      },
      "geometry": {
        "type": "LineString",
        "coordinates": [
          [
            47.0242498,
            -19.5057929
          ],
          [
            47.0249171,
            -19.5063309
          ],
          [
            47.0258613,
            -19.5068568
          ],
          [
            47.0265694,
            -19.5074333
          ],
          [
            47.0266552,
            -19.5076861
          ],
          [
            47.0270093,
            -19.5079794
          ],
          [
            47.0273204,
            -19.5083839
          ],
          [
            47.0275564,
            -19.5090412
          ],
          [
            47.027492,
            -19.5096176
          ],
          [
            47.0274062,
            -19.5103458
          ],
          [
            47.0274599,
            -19.5112054
          ],
          [
            47.0277259,
            -19.5136203
          ],
          [
            47.0278246,
            -19.5138245
          ],
          [
            47.0290906,
            -19.5149875
          ],
          [
            47.0291765,
            -19.5151594
          ],
          [
            47.0293374,
            -19.5162111
          ],
          [
            47.0293481,
            -19.5163729
          ],
          [
            47.0298202,
            -19.5169594
          ],
          [
            47.0301828,
            -19.5171697
          ],
          [
            47.0304403,
            -19.5173518
          ],
          [
            47.0306442,
            -19.5177259
          ],
          [
            47.0307944,
            -19.5181203
          ],
          [
            47.0309038,
            -19.5184864
          ],
          [
            47.0310111,
            -19.5188302
          ],
          [
            47.0310331,
            -19.5188658
          ],
          [
            47.0311914,
            -19.5191214
          ],
          [
            47.0320096,
            -19.5201091
          ],
          [
            47.0324144,
            -19.5205978
          ],
          [
            47.0325024,
            -19.5208425
          ],
          [
            47.0336933,
            -19.5237244
          ],
          [
            47.0339864,
            -19.5243904
          ],
          [
            47.0344259,
            -19.525389
          ],
          [
            47.0344765,
            -19.5255041
          ],
          [
            47.0347962,
            -19.5257549
          ],
          [
            47.0350305,
            -19.5259335
          ],
          [
            47.0355816,
            -19.5263535
          ],
          [
            47.0358503,
            -19.5265531
          ],
          [
            47.0361787,
            -19.526797
          ],
          [
            47.0373382,
            -19.5276582
          ],
          [
            47.0379097,
            -19.5280826
          ],
          [
            47.0381243,
            -19.528295
          ],
          [
            47.0381994,
            -19.528477
          ],
          [
            47.0386532,
            -19.5296655
          ],
          [
            47.0387122,
            -19.5297817
          ],
          [
            47.0389509,
            -19.5302241
          ],
          [
            47.0392755,
            -19.5307727
          ],
          [
            47.0394793,
            -19.5311594
          ],
          [
            47.0396979,
            -19.5315184
          ],
          [
            47.0399031,
            -19.5318546
          ],
          [
            47.0401257,
            -19.5322414
          ],
          [
            47.0402437,
            -19.532479
          ],
          [
            47.0406407,
            -19.533116
          ],
          [
            47.0411208,
            -19.5339932
          ],
          [
            47.0413569,
            -19.5344381
          ],
          [
            47.0415447,
            -19.5347845
          ],
          [
            47.041652,
            -19.5350272
          ],
          [
            47.0419867,
            -19.535464
          ],
          [
            47.0423729,
            -19.5358685
          ],
          [
            47.0426304,
            -19.5360201
          ],
          [
            47.042845,
            -19.5360707
          ],
          [
            47.0432527,
            -19.5360505
          ],
          [
            47.0434351,
            -19.5360606
          ],
          [
            47.0436282,
            -19.5361111
          ],
          [
            47.0437784,
            -19.5362527
          ],
          [
            47.0447977,
            -19.5374458
          ],
          [
            47.0453877,
            -19.5381536
          ],
          [
            47.045568,
            -19.5383841
          ],
          [
            47.0457812,
            -19.5387201
          ],
          [
            47.0460869,
            -19.5392206
          ],
          [
            47.0468957,
            -19.5405946
          ],
          [
            47.0470293,
            -19.5408936
          ],
          [
            47.0470507,
            -19.541106
          ],
          [
            47.0470451,
            -19.5417808
          ],
          [
            47.0470458,
            -19.5418166
          ],
          [
            47.0470443,
            -19.5418741
          ],
          [
            47.04704,
            -19.5424002
          ],
          [
            47.0470164,
            -19.5458762
          ],
          [
            47.0471988,
            -19.5465941
          ],
          [
            47.0475764,
            -19.5479408
          ],
          [
            47.0476086,
            -19.5481935
          ],
          [
            47.047585,
            -19.5484645
          ],
          [
            47.0473297,
            -19.5492551
          ],
          [
            47.0472653,
            -19.5495382
          ],
          [
            47.0472445,
            -19.5496704
          ],
          [
            47.0472224,
            -19.5498112
          ],
          [
            47.0473067,
            -19.550815
          ]
        ]
      },
      "id": "way/215297750"
    },
    {
      "type": "Feature",
      "properties": {
        "@id": "way/309424434",
        "highway": "secondary",
        "ref": "N 43",
        "smoothness": "good",
        "source": "Bing",
        "surface": "asphalt"
      },
      "geometry": {
        "type": "LineString",
        "coordinates": [
          [
            46.9973046,
            -19.4523955
          ],
          [
            46.9985503,
            -19.4531769
          ],
          [
            46.9985756,
            -19.4531633
          ],
          [
            46.9986695,
            -19.4532114
          ],
          [
            46.9988139,
            -19.4532388
          ],
          [
            46.9990606,
            -19.4532186
          ],
          [
            47.0016785,
            -19.4527735
          ],
          [
            47.0019118,
            -19.4527735
          ],
          [
            47.0020111,
            -19.4527735
          ],
          [
            47.0020826,
            -19.4527852
          ],
          [
            47.0021617,
            -19.4528156
          ],
          [
            47.0022503,
            -19.4528649
          ],
          [
            47.00229,
            -19.4528949
          ],
          [
            47.0023401,
            -19.4529648
          ],
          [
            47.0024783,
            -19.4532772
          ],
          [
            47.0027599,
            -19.4539652
          ],
          [
            47.0032878,
            -19.4553026
          ],
          [
            47.0035882,
            -19.4559298
          ],
          [
            47.0036852,
            -19.4560566
          ],
          [
            47.0037813,
            -19.4561422
          ],
          [
            47.0041354,
            -19.4563749
          ],
          [
            47.0047362,
            -19.4566885
          ],
          [
            47.0051868,
            -19.4569211
          ],
          [
            47.0053562,
            -19.4570176
          ],
          [
            47.0055488,
            -19.4571917
          ],
          [
            47.0061073,
            -19.4579382
          ],
          [
            47.0061846,
            -19.4580238
          ],
          [
            47.0063031,
            -19.4581607
          ],
          [
            47.0064126,
            -19.4582565
          ],
          [
            47.0064801,
            -19.4583125
          ],
          [
            47.0066196,
            -19.4583833
          ],
          [
            47.0068073,
            -19.4584516
          ],
          [
            47.0074399,
            -19.4585802
          ],
          [
            47.0078883,
            -19.4586893
          ],
          [
            47.0082128,
            -19.4587601
          ],
          [
            47.0083684,
            -19.4588208
          ],
          [
            47.0084269,
            -19.4588634
          ],
          [
            47.0086308,
            -19.459086
          ],
          [
            47.0091794,
            -19.4597485
          ],
          [
            47.0096317,
            -19.4603028
          ],
          [
            47.0101172,
            -19.4609148
          ],
          [
            47.0110908,
            -19.4621413
          ],
          [
            47.0111257,
            -19.4622046
          ],
          [
            47.011174,
            -19.4623512
          ],
          [
            47.0112824,
            -19.462652
          ],
          [
            47.0115522,
            -19.4637093
          ],
          [
            47.0118614,
            -19.4649386
          ],
          [
            47.0127184,
            -19.4680283
          ],
          [
            47.0130247,
            -19.4690098
          ],
          [
            47.0130811,
            -19.4691693
          ],
          [
            47.0131481,
            -19.4693183
          ],
          [
            47.0144565,
            -19.4720289
          ],
          [
            47.0148775,
            -19.4728701
          ],
          [
            47.0150256,
            -19.4731824
          ],
          [
            47.0150627,
            -19.4732655
          ],
          [
            47.0150895,
            -19.4733616
          ],
          [
            47.0150869,
            -19.4734501
          ],
          [
            47.0150739,
            -19.4735212
          ],
          [
            47.0150202,
            -19.4737893
          ],
          [
            47.0149586,
            -19.4739663
          ],
          [
            47.0149339,
            -19.4741202
          ],
          [
            47.0149286,
            -19.47432
          ],
          [
            47.0150501,
            -19.4760862
          ],
          [
            47.0150573,
            -19.4761912
          ],
          [
            47.0151274,
            -19.4772296
          ],
          [
            47.0152944,
            -19.4796643
          ],
          [
            47.0153408,
            -19.4801509
          ],
          [
            47.0153789,
            -19.4809563
          ],
          [
            47.0154007,
            -19.481279
          ],
          [
            47.0154412,
            -19.4817965
          ],
          [
            47.0155737,
            -19.4834922
          ],
          [
            47.0156848,
            -19.4849139
          ],
          [
            47.0157976,
            -19.4863564
          ],
          [
            47.0158309,
            -19.4870802
          ],
          [
            47.0158357,
            -19.4876364
          ],
          [
            47.0157766,
            -19.487922
          ],
          [
            47.0157096,
            -19.4880637
          ],
          [
            47.015546,
            -19.4882557
          ],
          [
            47.0154114,
            -19.4883793
          ],
          [
            47.0151624,
            -19.4885136
          ],
          [
            47.0149071,
            -19.4886625
          ],
          [
            47.0147739,
            -19.488721
          ],
          [
            47.0146604,
            -19.4888546
          ],
          [
            47.0145589,
            -19.4890396
          ],
          [
            47.0145101,
            -19.4892162
          ],
          [
            47.0144838,
            -19.4894037
          ],
          [
            47.0145021,
            -19.4894969
          ],
          [
            47.0145428,
            -19.4895756
          ],
          [
            47.0146501,
            -19.4896793
          ],
          [
            47.0147569,
            -19.4897346
          ],
          [
            47.0148754,
            -19.489745
          ],
          [
            47.0150707,
            -19.489727
          ],
          [
            47.0155862,
            -19.4896591
          ],
          [
            47.0157977,
            -19.4896537
          ],
          [
            47.0160127,
            -19.4896793
          ],
          [
            47.0163962,
            -19.4897602
          ],
          [
            47.0165808,
            -19.489775
          ],
          [
            47.0167422,
            -19.4897728
          ],
          [
            47.0170314,
            -19.4897143
          ],
          [
            47.0171821,
            -19.4897096
          ],
          [
            47.0173645,
            -19.4897754
          ],
          [
            47.0175093,
            -19.4898816
          ],
          [
            47.0176752,
            -19.4900987
          ],
          [
            47.0177293,
            -19.4901648
          ],
          [
            47.0178071,
            -19.4903013
          ],
          [
            47.0178683,
            -19.4904931
          ],
          [
            47.0179224,
            -19.490673
          ],
          [
            47.0179756,
            -19.4909685
          ],
          [
            47.0180136,
            -19.4914214
          ],
          [
            47.017997,
            -19.4916057
          ],
          [
            47.0179251,
            -19.491831
          ],
          [
            47.0178017,
            -19.4920637
          ],
          [
            47.0175227,
            -19.4924429
          ],
          [
            47.0174476,
            -19.4925491
          ],
          [
            47.0174021,
            -19.4926783
          ],
          [
            47.0175357,
            -19.4930317
          ],
          [
            47.0183673,
            -19.4951116
          ],
          [
            47.0184076,
            -19.4952124
          ],
          [
            47.0186895,
            -19.495773
          ],
          [
            47.019293,
            -19.4965795
          ],
          [
            47.0202373,
            -19.4977542
          ],
          [
            47.0203283,
            -19.497869
          ],
          [
            47.0204513,
            -19.4980228
          ]
        ]
      },
      "id": "way/309424434"
    },
    {
      "type": "Feature",
      "properties": {
        "@id": "way/309424437",
        "bridge": "yes",
        "highway": "secondary",
        "layer": "1",
        "ref": "N 43",
        "smoothness": "good",
        "source": "Bing",
        "surface": "asphalt"
      },
      "geometry": {
        "type": "LineString",
        "coordinates": [
          [
            46.9971973,
            -19.4523196
          ],
          [
            46.9973046,
            -19.4523955
          ]
        ]
      },
      "id": "way/309424437"
    },
    {
      "type": "Feature",
      "properties": {
        "@id": "way/310083861",
        "highway": "secondary",
        "ref": "N 43",
        "smoothness": "good",
        "surface": "asphalt"
      },
      "geometry": {
        "type": "LineString",
        "coordinates": [
          [
            46.8196167,
            -19.2808966
          ],
          [
            46.8200272,
            -19.2810553
          ],
          [
            46.8205029,
            -19.2810975
          ],
          [
            46.821068,
            -19.2812126
          ],
          [
            46.8214705,
            -19.2813584
          ],
          [
            46.8216697,
            -19.2814621
          ],
          [
            46.8218851,
            -19.2815426
          ],
          [
            46.8221209,
            -19.2816424
          ],
          [
            46.822186,
            -19.2816846
          ],
          [
            46.8226047,
            -19.2817268
          ],
          [
            46.8231576,
            -19.2818496
          ],
          [
            46.8240644,
            -19.2818269
          ],
          [
            46.8245378,
            -19.2818739
          ],
          [
            46.8253666,
            -19.2820359
          ],
          [
            46.8269411,
            -19.2820229
          ],
          [
            46.8275043,
            -19.2820967
          ],
          [
            46.8280971,
            -19.2822258
          ],
          [
            46.8288486,
            -19.2823987
          ],
          [
            46.8290922,
            -19.2824106
          ],
          [
            46.8293332,
            -19.2823786
          ],
          [
            46.8302171,
            -19.2822721
          ],
          [
            46.8305889,
            -19.2822789
          ],
          [
            46.8310138,
            -19.2822993
          ],
          [
            46.8316261,
            -19.2823963
          ],
          [
            46.8319568,
            -19.282446
          ],
          [
            46.8322208,
            -19.2825228
          ],
          [
            46.83235,
            -19.2825644
          ]
        ]
      },
      "id": "way/310083861"
    },
    {
      "type": "Feature",
      "properties": {
        "@id": "way/337790497",
        "highway": "secondary",
        "ref": "N 43",
        "smoothness": "good",
        "surface": "asphalt"
      },
      "geometry": {
        "type": "LineString",
        "coordinates": [
          [
            46.83235,
            -19.2825644
          ],
          [
            46.8329792,
            -19.2827626
          ],
          [
            46.8341795,
            -19.2832345
          ],
          [
            46.8349389,
            -19.2835187
          ],
          [
            46.8353337,
            -19.2835828
          ],
          [
            46.8357227,
            -19.2835625
          ],
          [
            46.8361223,
            -19.2834967
          ],
          [
            46.836512,
            -19.2834586
          ],
          [
            46.8372131,
            -19.2834789
          ],
          [
            46.8379167,
            -19.2835093
          ],
          [
            46.8391255,
            -19.2835675
          ],
          [
            46.8397847,
            -19.2836099
          ],
          [
            46.8410898,
            -19.2836536
          ],
          [
            46.841602,
            -19.2836208
          ],
          [
            46.8423166,
            -19.2833654
          ],
          [
            46.8428495,
            -19.2832398
          ],
          [
            46.8429995,
            -19.2832258
          ],
          [
            46.8437491,
            -19.2831653
          ],
          [
            46.8447363,
            -19.283024
          ],
          [
            46.8460499,
            -19.2827657
          ],
          [
            46.8464434,
            -19.2827295
          ],
          [
            46.8469531,
            -19.2826992
          ],
          [
            46.8471811,
            -19.2826107
          ],
          [
            46.8475002,
            -19.2824004
          ],
          [
            46.8476451,
            -19.2823599
          ],
          [
            46.847824,
            -19.2823661
          ],
          [
            46.848235,
            -19.2825955
          ],
          [
            46.8484578,
            -19.2827371
          ],
          [
            46.8485892,
            -19.282765
          ],
          [
            46.8487636,
            -19.2827498
          ],
          [
            46.8489524,
            -19.2826953
          ],
          [
            46.8490961,
            -19.282565
          ],
          [
            46.8492374,
            -19.2823327
          ],
          [
            46.8494931,
            -19.2817422
          ],
          [
            46.8496135,
            -19.281534
          ],
          [
            46.8504211,
            -19.2811733
          ],
          [
            46.8512239,
            -19.2807255
          ],
          [
            46.8515155,
            -19.2805548
          ],
          [
            46.8516811,
            -19.2805365
          ],
          [
            46.8521614,
            -19.2806485
          ],
          [
            46.8525019,
            -19.2807696
          ],
          [
            46.8529231,
            -19.2808924
          ],
          [
            46.8531988,
            -19.2809728
          ],
          [
            46.8535527,
            -19.2810541
          ],
          [
            46.8537723,
            -19.281109
          ],
          [
            46.8544455,
            -19.2814112
          ],
          [
            46.8548079,
            -19.281746
          ],
          [
            46.8548738,
            -19.281835
          ],
          [
            46.8551522,
            -19.2824073
          ],
          [
            46.8553139,
            -19.2832239
          ],
          [
            46.8553621,
            -19.2840761
          ],
          [
            46.8553528,
            -19.2846048
          ],
          [
            46.8552567,
            -19.2854119
          ],
          [
            46.8552649,
            -19.2857154
          ],
          [
            46.855351,
            -19.2860411
          ],
          [
            46.8555454,
            -19.2864641
          ],
          [
            46.8557654,
            -19.2870179
          ],
          [
            46.8560832,
            -19.2876985
          ],
          [
            46.8564743,
            -19.2881946
          ],
          [
            46.8567554,
            -19.2886329
          ],
          [
            46.856841,
            -19.2890251
          ],
          [
            46.8570365,
            -19.2895558
          ],
          [
            46.857281,
            -19.2900172
          ],
          [
            46.8577943,
            -19.2909978
          ],
          [
            46.8581488,
            -19.2916092
          ],
          [
            46.8587354,
            -19.2920245
          ],
          [
            46.8597254,
            -19.2923936
          ],
          [
            46.8601654,
            -19.2925897
          ],
          [
            46.8606787,
            -19.2931896
          ],
          [
            46.8612165,
            -19.2938702
          ],
          [
            46.8615709,
            -19.29462
          ],
          [
            46.8618276,
            -19.295416
          ],
          [
            46.8623287,
            -19.2961658
          ],
          [
            46.8628909,
            -19.2967656
          ],
          [
            46.8632576,
            -19.297204
          ],
          [
            46.8635387,
            -19.2974924
          ],
          [
            46.8639909,
            -19.2984959
          ],
          [
            46.8640643,
            -19.2994534
          ],
          [
            46.8640031,
            -19.3000993
          ],
          [
            46.8643576,
            -19.3008607
          ],
          [
            46.8650054,
            -19.3015297
          ],
          [
            46.865592,
            -19.3019565
          ],
          [
            46.8667287,
            -19.3026601
          ],
          [
            46.8671198,
            -19.3031792
          ],
          [
            46.8675353,
            -19.3036406
          ],
          [
            46.8679631,
            -19.3047134
          ],
          [
            46.8679631,
            -19.3049325
          ],
          [
            46.867682,
            -19.3054401
          ],
          [
            46.8675231,
            -19.3059476
          ],
          [
            46.8676942,
            -19.307078
          ],
          [
            46.8679977,
            -19.3073243
          ],
          [
            46.868342,
            -19.3074817
          ],
          [
            46.8687453,
            -19.3076317
          ],
          [
            46.8690003,
            -19.3078048
          ],
          [
            46.8692827,
            -19.3080949
          ],
          [
            46.8695848,
            -19.3082437
          ],
          [
            46.8703577,
            -19.3085607
          ],
          [
            46.8705934,
            -19.3086061
          ],
          [
            46.8706925,
            -19.3085919
          ],
          [
            46.871095,
            -19.3084478
          ],
          [
            46.8713101,
            -19.3083881
          ],
          [
            46.8714364,
            -19.3083896
          ],
          [
            46.8716833,
            -19.3084344
          ],
          [
            46.872238,
            -19.3085481
          ],
          [
            46.8725625,
            -19.308632
          ],
          [
            46.8729833,
            -19.3087178
          ],
          [
            46.8732696,
            -19.3088129
          ],
          [
            46.8734241,
            -19.3089316
          ],
          [
            46.8737986,
            -19.3093444
          ],
          [
            46.8744042,
            -19.3100078
          ],
          [
            46.8746774,
            -19.3104181
          ],
          [
            46.8749419,
            -19.3108152
          ],
          [
            46.8752353,
            -19.3112997
          ],
          [
            46.875311,
            -19.3114418
          ],
          [
            46.8753584,
            -19.3117057
          ],
          [
            46.8755078,
            -19.3120597
          ],
          [
            46.8755891,
            -19.3121175
          ],
          [
            46.8756956,
            -19.3121559
          ],
          [
            46.8760664,
            -19.3121763
          ],
          [
            46.8763597,
            -19.3122455
          ],
          [
            46.8772739,
            -19.3128061
          ],
          [
            46.8780023,
            -19.3130114
          ],
          [
            46.8788897,
            -19.3131682
          ],
          [
            46.8794185,
            -19.3133405
          ],
          [
            46.8798797,
            -19.3135027
          ],
          [
            46.8804055,
            -19.3137253
          ],
          [
            46.8808255,
            -19.3139906
          ],
          [
            46.8811811,
            -19.3144317
          ],
          [
            46.8815785,
            -19.3150022
          ],
          [
            46.8817118,
            -19.3151784
          ],
          [
            46.8819258,
            -19.3156003
          ],
          [
            46.8819324,
            -19.3162353
          ],
          [
            46.8819352,
            -19.3163402
          ],
          [
            46.8819473,
            -19.3164347
          ],
          [
            46.8819745,
            -19.3165137
          ],
          [
            46.8820109,
            -19.3165738
          ],
          [
            46.8820648,
            -19.3166285
          ],
          [
            46.8821421,
            -19.3166697
          ],
          [
            46.8822234,
            -19.3166834
          ],
          [
            46.882452,
            -19.3166843
          ],
          [
            46.8825201,
            -19.316693
          ],
          [
            46.88263,
            -19.3167352
          ],
          [
            46.8826546,
            -19.316747
          ],
          [
            46.8827459,
            -19.3168224
          ],
          [
            46.8831308,
            -19.3172398
          ],
          [
            46.8835463,
            -19.3176089
          ],
          [
            46.8842552,
            -19.3182894
          ],
          [
            46.8846992,
            -19.3187085
          ],
          [
            46.8848907,
            -19.3188892
          ],
          [
            46.8854407,
            -19.3193851
          ],
          [
            46.8861374,
            -19.3197311
          ],
          [
            46.8862353,
            -19.3198596
          ],
          [
            46.8862568,
            -19.3200216
          ],
          [
            46.8862809,
            -19.3202191
          ],
          [
            46.8862782,
            -19.3203798
          ],
          [
            46.8864298,
            -19.3206759
          ],
          [
            46.886698,
            -19.3207949
          ],
          [
            46.8881735,
            -19.3211239
          ],
          [
            46.8886185,
            -19.3211152
          ],
          [
            46.8894129,
            -19.3210921
          ],
          [
            46.889981,
            -19.3211973
          ],
          [
            46.8900362,
            -19.3212075
          ],
          [
            46.8909162,
            -19.3216111
          ],
          [
            46.8918451,
            -19.3221648
          ],
          [
            46.891901,
            -19.3222135
          ],
          [
            46.892269,
            -19.3224832
          ],
          [
            46.8924807,
            -19.3227184
          ],
          [
            46.8932384,
            -19.3234335
          ],
          [
            46.8937683,
            -19.3236804
          ],
          [
            46.8941184,
            -19.3237218
          ],
          [
            46.8948139,
            -19.3238445
          ],
          [
            46.8949483,
            -19.3238822
          ],
          [
            46.8963795,
            -19.32431
          ],
          [
            46.8984004,
            -19.3254072
          ],
          [
            46.8990562,
            -19.3257632
          ],
          [
            46.8998628,
            -19.3259478
          ],
          [
            46.900755,
            -19.3261669
          ],
          [
            46.9014884,
            -19.3263053
          ],
          [
            46.9019161,
            -19.3264206
          ],
          [
            46.9023317,
            -19.326709
          ],
          [
            46.9026495,
            -19.3271934
          ],
          [
            46.9028328,
            -19.3278162
          ],
          [
            46.902955,
            -19.3281276
          ],
          [
            46.9034317,
            -19.3287388
          ],
          [
            46.9037495,
            -19.3292001
          ],
          [
            46.9040183,
            -19.3292809
          ],
          [
            46.9043606,
            -19.329327
          ],
          [
            46.9045408,
            -19.329259
          ],
          [
            46.9047272,
            -19.3291886
          ],
          [
            46.9051183,
            -19.3288888
          ],
          [
            46.9056317,
            -19.3285312
          ],
          [
            46.9063528,
            -19.3280122
          ],
          [
            46.9067116,
            -19.3277945
          ],
          [
            46.9068661,
            -19.3277008
          ],
          [
            46.9074161,
            -19.3273894
          ],
          [
            46.9078683,
            -19.3273318
          ],
          [
            46.9086261,
            -19.327424
          ],
          [
            46.9092127,
            -19.3275163
          ],
          [
            46.9104533,
            -19.3276397
          ],
          [
            46.9132705,
            -19.32792
          ],
          [
            46.9136127,
            -19.3279546
          ],
          [
            46.9141138,
            -19.3280122
          ],
          [
            46.9146394,
            -19.3281852
          ],
          [
            46.9149275,
            -19.3282873
          ],
          [
            46.9150944,
            -19.3283522
          ],
          [
            46.9154143,
            -19.3284596
          ],
          [
            46.9156267,
            -19.32846
          ],
          [
            46.9158293,
            -19.328494
          ],
          [
            46.9159924,
            -19.3285478
          ],
          [
            46.916143,
            -19.3286633
          ],
          [
            46.9164694,
            -19.329057
          ],
          [
            46.9169426,
            -19.3295347
          ],
          [
            46.9171196,
            -19.329722
          ],
          [
            46.9171786,
            -19.3298714
          ],
          [
            46.9172323,
            -19.3300612
          ],
          [
            46.9172269,
            -19.3302763
          ],
          [
            46.9171518,
            -19.3305395
          ],
          [
            46.9169131,
            -19.3309015
          ],
          [
            46.9167813,
            -19.3311262
          ],
          [
            46.9167122,
            -19.3313947
          ],
          [
            46.916765,
            -19.3317131
          ],
          [
            46.9168951,
            -19.332139
          ],
          [
            46.9168626,
            -19.3324075
          ],
          [
            46.9168992,
            -19.3325533
          ],
          [
            46.9168992,
            -19.3326645
          ],
          [
            46.9168464,
            -19.3329944
          ],
          [
            46.9168384,
            -19.3330926
          ],
          [
            46.9168356,
            -19.3331954
          ],
          [
            46.9168507,
            -19.333524
          ],
          [
            46.9168616,
            -19.3336978
          ],
          [
            46.9168829,
            -19.3338384
          ],
          [
            46.9169265,
            -19.3340673
          ],
          [
            46.9169833,
            -19.3343091
          ],
          [
            46.9169992,
            -19.3344087
          ],
          [
            46.9170037,
            -19.3345432
          ],
          [
            46.9170825,
            -19.3351823
          ],
          [
            46.9168462,
            -19.3359403
          ],
          [
            46.916799,
            -19.3360592
          ],
          [
            46.9167732,
            -19.3362705
          ],
          [
            46.916822,
            -19.336493
          ],
          [
            46.916822,
            -19.3367807
          ],
          [
            46.9169765,
            -19.337383
          ],
          [
            46.9169683,
            -19.3374789
          ],
          [
            46.9169887,
            -19.3375633
          ],
          [
            46.9171065,
            -19.337874
          ],
          [
            46.9171391,
            -19.3380658
          ],
          [
            46.9171472,
            -19.338296
          ],
          [
            46.9172163,
            -19.3384418
          ],
          [
            46.9172814,
            -19.339044
          ],
          [
            46.9173496,
            -19.3393805
          ],
          [
            46.9173255,
            -19.3397853
          ],
          [
            46.9171455,
            -19.3402505
          ],
          [
            46.9170667,
            -19.340414
          ],
          [
            46.916925,
            -19.3409194
          ],
          [
            46.9168935,
            -19.3412017
          ],
          [
            46.9169277,
            -19.3415643
          ],
          [
            46.9169927,
            -19.3419556
          ],
          [
            46.9170171,
            -19.3425924
          ],
          [
            46.9171594,
            -19.3432023
          ],
          [
            46.9174277,
            -19.3440961
          ],
          [
            46.9175067,
            -19.3442725
          ],
          [
            46.9176147,
            -19.3445794
          ],
          [
            46.9177367,
            -19.3448518
          ]
        ]
      },
      "id": "way/337790497"
    },
    {
      "type": "Feature",
      "properties": {
        "@id": "way/337791627",
        "highway": "secondary",
        "ref": "N 43",
        "smoothness": "good",
        "surface": "asphalt"
      },
      "geometry": {
        "type": "LineString",
        "coordinates": [
          [
            46.9209713,
            -19.3585578
          ],
          [
            46.920805,
            -19.3582567
          ],
          [
            46.9205951,
            -19.3576835
          ],
          [
            46.9205951,
            -19.3572823
          ],
          [
            46.9210204,
            -19.3568216
          ],
          [
            46.9214614,
            -19.3564649
          ],
          [
            46.9216504,
            -19.3558556
          ],
          [
            46.9219655,
            -19.3552611
          ],
          [
            46.9222647,
            -19.3546072
          ],
          [
            46.9223927,
            -19.3541511
          ],
          [
            46.9224065,
            -19.354102
          ],
          [
            46.9223435,
            -19.3534332
          ],
          [
            46.9224065,
            -19.3525415
          ],
          [
            46.9223908,
            -19.3518876
          ],
          [
            46.9223277,
            -19.351204
          ],
          [
            46.9218394,
            -19.3504757
          ],
          [
            46.9216189,
            -19.3498367
          ],
          [
            46.9210676,
            -19.3491679
          ],
          [
            46.9205006,
            -19.3483802
          ],
          [
            46.9198705,
            -19.3478452
          ],
          [
            46.9193665,
            -19.3472656
          ],
          [
            46.9188407,
            -19.3467159
          ],
          [
            46.9187836,
            -19.3466562
          ],
          [
            46.9187328,
            -19.3465836
          ],
          [
            46.9186983,
            -19.3465341
          ],
          [
            46.9182954,
            -19.3459577
          ],
          [
            46.9181063,
            -19.3455267
          ],
          [
            46.9179057,
            -19.3451604
          ],
          [
            46.9178117,
            -19.3449888
          ],
          [
            46.9177367,
            -19.3448518
          ]
        ]
      },
      "id": "way/337791627"
    },
    {
      "type": "Feature",
      "properties": {
        "@id": "way/337829848",
        "highway": "secondary",
        "ref": "N 43",
        "smoothness": "good",
        "surface": "asphalt"
      },
      "geometry": {
        "type": "LineString",
        "coordinates": [
          [
            46.8196167,
            -19.2808966
          ],
          [
            46.8194442,
            -19.2807042
          ],
          [
            46.8192725,
            -19.2805523
          ],
          [
            46.8190707,
            -19.2804207
          ],
          [
            46.8189109,
            -19.2803332
          ],
          [
            46.8187638,
            -19.2802852
          ],
          [
            46.8184459,
            -19.2802132
          ],
          [
            46.8180228,
            -19.2801395
          ],
          [
            46.8175596,
            -19.2800435
          ],
          [
            46.8174071,
            -19.2799972
          ],
          [
            46.8172164,
            -19.279915
          ],
          [
            46.8170657,
            -19.2797881
          ],
          [
            46.8169015,
            -19.2795953
          ],
          [
            46.8166609,
            -19.2792661
          ],
          [
            46.816398,
            -19.2789572
          ],
          [
            46.8162502,
            -19.2788538
          ],
          [
            46.8161013,
            -19.2787835
          ],
          [
            46.8158178,
            -19.2786838
          ],
          [
            46.8155228,
            -19.2785876
          ],
          [
            46.8151151,
            -19.2784813
          ],
          [
            46.8147718,
            -19.2784357
          ],
          [
            46.8144338,
            -19.2784256
          ],
          [
            46.8142407,
            -19.2784205
          ],
          [
            46.8140288,
            -19.2784306
          ],
          [
            46.8137928,
            -19.2784484
          ],
          [
            46.813538,
            -19.2784686
          ],
          [
            46.8132832,
            -19.2784965
          ],
          [
            46.8128084,
            -19.278542
          ],
          [
            46.812508,
            -19.2785522
          ],
          [
            46.8123176,
            -19.2785319
          ],
          [
            46.8120762,
            -19.278499
          ],
          [
            46.8119099,
            -19.2784661
          ],
          [
            46.8117436,
            -19.2784408
          ],
          [
            46.8114968,
            -19.2783775
          ],
          [
            46.8112723,
            -19.2782888
          ],
          [
            46.8110677,
            -19.2781724
          ],
          [
            46.81087,
            -19.2780357
          ],
          [
            46.8107117,
            -19.2778964
          ],
          [
            46.8105956,
            -19.2777572
          ],
          [
            46.8104615,
            -19.2775723
          ],
          [
            46.8103408,
            -19.2773926
          ],
          [
            46.8102343,
            -19.2772685
          ],
          [
            46.8101109,
            -19.2771622
          ],
          [
            46.8099492,
            -19.2770204
          ],
          [
            46.8097595,
            -19.276871
          ],
          [
            46.8096201,
            -19.2767546
          ],
          [
            46.8094449,
            -19.2765875
          ],
          [
            46.8092303,
            -19.2763621
          ],
          [
            46.8090488,
            -19.2761672
          ],
          [
            46.8089246,
            -19.2760229
          ],
          [
            46.8088334,
            -19.2759115
          ],
          [
            46.808761,
            -19.275752
          ],
          [
            46.8087261,
            -19.2755722
          ],
          [
            46.8086832,
            -19.2754026
          ],
          [
            46.8086322,
            -19.2752051
          ],
          [
            46.8085759,
            -19.2750734
          ],
          [
            46.8084981,
            -19.2749342
          ],
          [
            46.8084149,
            -19.2747747
          ],
          [
            46.8084015,
            -19.2746582
          ],
          [
            46.8084162,
            -19.2745825
          ],
          [
            46.8084498,
            -19.2745096
          ],
          [
            46.8085751,
            -19.2743605
          ],
          [
            46.808635,
            -19.2742645
          ],
          [
            46.8086541,
            -19.2741745
          ],
          [
            46.808651,
            -19.2740531
          ],
          [
            46.8086215,
            -19.2738885
          ],
          [
            46.8085786,
            -19.2737391
          ],
          [
            46.8085249,
            -19.2735872
          ],
          [
            46.8084345,
            -19.273453
          ],
          [
            46.8083238,
            -19.2733112
          ],
          [
            46.8082092,
            -19.2731695
          ],
          [
            46.8080483,
            -19.2729897
          ],
          [
            46.8079383,
            -19.2728352
          ],
          [
            46.8078329,
            -19.272658
          ],
          [
            46.8077363,
            -19.2724934
          ],
          [
            46.8076057,
            -19.2723061
          ],
          [
            46.8074145,
            -19.2719744
          ],
          [
            46.8073187,
            -19.2718174
          ],
          [
            46.8071436,
            -19.2715009
          ],
          [
            46.8070551,
            -19.2713541
          ],
          [
            46.8069714,
            -19.271278
          ],
          [
            46.8068806,
            -19.2712095
          ],
          [
            46.8067208,
            -19.2711443
          ],
          [
            46.8065464,
            -19.2710792
          ],
          [
            46.8063255,
            -19.2710173
          ],
          [
            46.8061458,
            -19.2709794
          ],
          [
            46.8059902,
            -19.2709439
          ],
          [
            46.8057419,
            -19.2708889
          ],
          [
            46.805553,
            -19.2708083
          ],
          [
            46.8053641,
            -19.2707157
          ],
          [
            46.8051897,
            -19.2706128
          ],
          [
            46.8050245,
            -19.2704826
          ],
          [
            46.8048846,
            -19.2703523
          ],
          [
            46.8047358,
            -19.2702223
          ],
          [
            46.8045849,
            -19.2700983
          ],
          [
            46.8044568,
            -19.2700071
          ],
          [
            46.8042905,
            -19.269916
          ],
          [
            46.8041153,
            -19.26984
          ],
          [
            46.8040295,
            -19.2698197
          ],
          [
            46.8038113,
            -19.2697865
          ],
          [
            46.8035923,
            -19.2697564
          ],
          [
            46.8034026,
            -19.2697419
          ],
          [
            46.8032137,
            -19.2697385
          ],
          [
            46.8030165,
            -19.2697742
          ],
          [
            46.8027888,
            -19.2698499
          ],
          [
            46.8025036,
            -19.2699545
          ],
          [
            46.8020986,
            -19.2701002
          ],
          [
            46.8019461,
            -19.2701637
          ],
          [
            46.801828,
            -19.270258
          ],
          [
            46.8017371,
            -19.2703742
          ],
          [
            46.8016271,
            -19.2706097
          ],
          [
            46.8015828,
            -19.2707277
          ],
          [
            46.8015247,
            -19.2707997
          ],
          [
            46.8014303,
            -19.2708443
          ],
          [
            46.8011542,
            -19.270918
          ],
          [
            46.8009435,
            -19.2710226
          ],
          [
            46.8005419,
            -19.2712692
          ],
          [
            46.800441,
            -19.2713187
          ],
          [
            46.8003114,
            -19.2713288
          ],
          [
            46.8002068,
            -19.2712605
          ],
          [
            46.8001585,
            -19.2711718
          ],
          [
            46.8001263,
            -19.2710275
          ],
          [
            46.8000625,
            -19.2708148
          ],
          [
            46.7999737,
            -19.2706711
          ],
          [
            46.7998883,
            -19.2706077
          ],
          [
            46.7997219,
            -19.2705464
          ],
          [
            46.7995771,
            -19.270516
          ],
          [
            46.7994215,
            -19.2705059
          ],
          [
            46.7992633,
            -19.2704882
          ],
          [
            46.7991104,
            -19.2704755
          ],
          [
            46.7990402,
            -19.2704654
          ],
          [
            46.7989167,
            -19.2704483
          ],
          [
            46.7987714,
            -19.2704243
          ],
          [
            46.7985026,
            -19.2703917
          ],
          [
            46.7984084,
            -19.2703565
          ],
          [
            46.798303,
            -19.2702805
          ],
          [
            46.7982046,
            -19.2702274
          ],
          [
            46.7981045,
            -19.2701793
          ],
          [
            46.7980348,
            -19.2701615
          ],
          [
            46.7979559,
            -19.2701722
          ],
          [
            46.7978229,
            -19.2702122
          ],
          [
            46.7976896,
            -19.2702907
          ],
          [
            46.7975491,
            -19.2704191
          ],
          [
            46.7973948,
            -19.2705288
          ],
          [
            46.7972821,
            -19.2706008
          ],
          [
            46.797066,
            -19.2706677
          ],
          [
            46.7967688,
            -19.2707287
          ],
          [
            46.7965381,
            -19.2708021
          ],
          [
            46.7963584,
            -19.2708654
          ],
          [
            46.7961527,
            -19.2709439
          ],
          [
            46.7960263,
            -19.271008
          ],
          [
            46.7959273,
            -19.2711015
          ],
          [
            46.7958655,
            -19.2711906
          ],
          [
            46.7958129,
            -19.2713535
          ],
          [
            46.795802,
            -19.2715009
          ],
          [
            46.7958183,
            -19.2716466
          ],
          [
            46.7958891,
            -19.2718386
          ],
          [
            46.7959615,
            -19.2720301
          ],
          [
            46.7960293,
            -19.2721871
          ],
          [
            46.7960744,
            -19.2723032
          ],
          [
            46.7960889,
            -19.272401
          ],
          [
            46.7960399,
            -19.272557
          ],
          [
            46.7959745,
            -19.2726581
          ],
          [
            46.7958619,
            -19.2727284
          ],
          [
            46.7957584,
            -19.2727747
          ],
          [
            46.7955822,
            -19.2728176
          ],
          [
            46.7954714,
            -19.2728947
          ],
          [
            46.7953509,
            -19.2730396
          ],
          [
            46.7952642,
            -19.2731965
          ],
          [
            46.7952244,
            -19.2732822
          ],
          [
            46.7951518,
            -19.2733524
          ],
          [
            46.7950464,
            -19.2733919
          ],
          [
            46.7949102,
            -19.2733936
          ],
          [
            46.7947976,
            -19.2733679
          ],
          [
            46.7946447,
            -19.273275
          ],
          [
            46.7945248,
            -19.2731915
          ],
          [
            46.7944326,
            -19.2730884
          ],
          [
            46.7942564,
            -19.272869
          ],
          [
            46.7941268,
            -19.2727593
          ],
          [
            46.7940249,
            -19.2727213
          ],
          [
            46.7939422,
            -19.2727164
          ],
          [
            46.7938314,
            -19.272725
          ],
          [
            46.79351,
            -19.2727816
          ],
          [
            46.7932475,
            -19.272833
          ],
          [
            46.7930668,
            -19.2728407
          ],
          [
            46.7929413,
            -19.272815
          ],
          [
            46.7928152,
            -19.2727795
          ],
          [
            46.7926865,
            -19.2727137
          ],
          [
            46.7925074,
            -19.2726238
          ],
          [
            46.7922205,
            -19.2724301
          ],
          [
            46.7919208,
            -19.2722964
          ],
          [
            46.7916284,
            -19.2721935
          ],
          [
            46.7914686,
            -19.2721164
          ],
          [
            46.7912579,
            -19.2719998
          ],
          [
            46.7910914,
            -19.2718579
          ],
          [
            46.7910101,
            -19.2717895
          ],
          [
            46.7909129,
            -19.2716963
          ],
          [
            46.7907874,
            -19.2715414
          ],
          [
            46.7906882,
            -19.2714148
          ],
          [
            46.7906139,
            -19.2713161
          ],
          [
            46.7905614,
            -19.2712275
          ],
          [
            46.7904933,
            -19.2710908
          ],
          [
            46.7904022,
            -19.2709668
          ],
          [
            46.7903299,
            -19.2709026
          ],
          [
            46.7902278,
            -19.2708503
          ],
          [
            46.7901355,
            -19.2708374
          ],
          [
            46.7899997,
            -19.2707945
          ],
          [
            46.7899246,
            -19.2707667
          ],
          [
            46.7897977,
            -19.2707089
          ],
          [
            46.789618,
            -19.2706325
          ],
          [
            46.7894781,
            -19.2706111
          ],
          [
            46.7892586,
            -19.270597
          ],
          [
            46.789044,
            -19.2706163
          ],
          [
            46.7888951,
            -19.27063
          ],
          [
            46.7886953,
            -19.2706386
          ],
          [
            46.7885137,
            -19.2705803
          ],
          [
            46.7883829,
            -19.2705254
          ],
          [
            46.7882425,
            -19.2704347
          ],
          [
            46.7881183,
            -19.2703486
          ],
          [
            46.788003,
            -19.270298
          ],
          [
            46.7879362,
            -19.2702734
          ],
          [
            46.7878817,
            -19.2702743
          ],
          [
            46.7878179,
            -19.2702954
          ],
          [
            46.7877781,
            -19.2703377
          ],
          [
            46.7877545,
            -19.2704097
          ],
          [
            46.7877455,
            -19.2705306
          ],
          [
            46.7877696,
            -19.2706853
          ],
          [
            46.7878047,
            -19.2708225
          ],
          [
            46.7878665,
            -19.2710857
          ],
          [
            46.7878746,
            -19.2712984
          ],
          [
            46.7878671,
            -19.27147
          ],
          [
            46.787809,
            -19.2717752
          ],
          [
            46.7877455,
            -19.2720118
          ],
          [
            46.7876619,
            -19.2722912
          ],
          [
            46.7875929,
            -19.2725398
          ],
          [
            46.7875257,
            -19.272677
          ],
          [
            46.7874276,
            -19.2728244
          ],
          [
            46.7873205,
            -19.2729873
          ],
          [
            46.7871152,
            -19.2732667
          ],
          [
            46.7869152,
            -19.2735391
          ],
          [
            46.786772,
            -19.2737622
          ],
          [
            46.7867121,
            -19.2738496
          ],
          [
            46.7866612,
            -19.2739508
          ],
          [
            46.7866104,
            -19.2740673
          ],
          [
            46.7865758,
            -19.2741908
          ],
          [
            46.7865281,
            -19.2745392
          ],
          [
            46.7865262,
            -19.2748734
          ],
          [
            46.7865304,
            -19.2750531
          ],
          [
            46.786525,
            -19.2753
          ],
          [
            46.7865067,
            -19.2755292
          ],
          [
            46.7864619,
            -19.2756735
          ],
          [
            46.7864197,
            -19.2757868
          ],
          [
            46.7862979,
            -19.2759893
          ],
          [
            46.7862093,
            -19.276121
          ],
          [
            46.7860746,
            -19.2763029
          ],
          [
            46.785962,
            -19.2763989
          ],
          [
            46.7858875,
            -19.27644
          ],
          [
            46.7857822,
            -19.2764537
          ],
          [
            46.7856859,
            -19.2764349
          ],
          [
            46.7855871,
            -19.2763767
          ],
          [
            46.7855273,
            -19.2762982
          ],
          [
            46.785497,
            -19.2762069
          ],
          [
            46.7854978,
            -19.2761083
          ],
          [
            46.785546,
            -19.2759868
          ],
          [
            46.7856265,
            -19.2758653
          ],
          [
            46.7857104,
            -19.2757286
          ],
          [
            46.7857686,
            -19.2756197
          ],
          [
            46.7858158,
            -19.2754997
          ],
          [
            46.785823,
            -19.2753728
          ],
          [
            46.7857905,
            -19.2752405
          ],
          [
            46.7857379,
            -19.2751196
          ],
          [
            46.7856805,
            -19.2750228
          ],
          [
            46.7855974,
            -19.2748734
          ],
          [
            46.7855223,
            -19.2747038
          ],
          [
            46.7854955,
            -19.2745952
          ],
          [
            46.7854898,
            -19.2744874
          ],
          [
            46.785497,
            -19.2743485
          ],
          [
            46.7855025,
            -19.2742388
          ],
          [
            46.7855243,
            -19.2741119
          ],
          [
            46.7855552,
            -19.2739593
          ],
          [
            46.7855869,
            -19.2738359
          ],
          [
            46.7856224,
            -19.273757
          ],
          [
            46.785745,
            -19.2735325
          ],
          [
            46.7857804,
            -19.2734467
          ],
          [
            46.7858088,
            -19.2733611
          ],
          [
            46.7858022,
            -19.2732753
          ],
          [
            46.7857595,
            -19.2732196
          ],
          [
            46.7857023,
            -19.2731793
          ],
          [
            46.7856369,
            -19.2731664
          ],
          [
            46.7855697,
            -19.2731819
          ],
          [
            46.7855188,
            -19.2732204
          ],
          [
            46.7854644,
            -19.2732924
          ],
          [
            46.7853917,
            -19.2734124
          ],
          [
            46.7853032,
            -19.2735771
          ],
          [
            46.785179,
            -19.2737796
          ],
          [
            46.7850314,
            -19.2739518
          ],
          [
            46.7849177,
            -19.2740399
          ],
          [
            46.7847706,
            -19.2741376
          ],
          [
            46.784509,
            -19.2742816
          ],
          [
            46.7844201,
            -19.2743485
          ],
          [
            46.7843583,
            -19.2744205
          ],
          [
            46.7842838,
            -19.2745456
          ],
          [
            46.7842166,
            -19.2746999
          ],
          [
            46.7841658,
            -19.2749965
          ],
          [
            46.7841277,
            -19.2751097
          ],
          [
            46.7840623,
            -19.2751988
          ],
          [
            46.7840123,
            -19.2752417
          ],
          [
            46.7839297,
            -19.2752631
          ],
          [
            46.7838525,
            -19.275234
          ],
          [
            46.7838026,
            -19.2751817
          ],
          [
            46.7837826,
            -19.2751088
          ],
          [
            46.7838026,
            -19.2749974
          ],
          [
            46.7838461,
            -19.2748217
          ],
          [
            46.7838861,
            -19.2747068
          ],
          [
            46.7838934,
            -19.2745748
          ],
          [
            46.7839133,
            -19.2743708
          ],
          [
            46.7839424,
            -19.2741771
          ],
          [
            46.7839733,
            -19.2740751
          ],
          [
            46.7840345,
            -19.2739619
          ],
          [
            46.7840908,
            -19.2738607
          ],
          [
            46.7841277,
            -19.2737485
          ],
          [
            46.7841331,
            -19.2736747
          ],
          [
            46.784122,
            -19.273572
          ],
          [
            46.7840693,
            -19.2733517
          ],
          [
            46.7840042,
            -19.27321
          ],
          [
            46.7838996,
            -19.2729897
          ],
          [
            46.7838218,
            -19.2728023
          ],
          [
            46.7837547,
            -19.27262
          ],
          [
            46.7837444,
            -19.2725021
          ],
          [
            46.7837281,
            -19.2723118
          ],
          [
            46.7837263,
            -19.2721164
          ],
          [
            46.7837317,
            -19.2717992
          ],
          [
            46.7837225,
            -19.2713573
          ],
          [
            46.7837596,
            -19.2711695
          ],
          [
            46.7838007,
            -19.2709866
          ],
          [
            46.7838674,
            -19.2707844
          ],
          [
            46.7839264,
            -19.2706578
          ],
          [
            46.7839923,
            -19.2705511
          ],
          [
            46.7840387,
            -19.2704534
          ],
          [
            46.7840941,
            -19.2703077
          ],
          [
            46.7841436,
            -19.2700755
          ],
          [
            46.784157,
            -19.2699666
          ],
          [
            46.7841705,
            -19.2698248
          ],
          [
            46.7841471,
            -19.2697007
          ],
          [
            46.7840828,
            -19.2695387
          ],
          [
            46.7840264,
            -19.2693817
          ],
          [
            46.7839218,
            -19.2691766
          ],
          [
            46.7838485,
            -19.2690728
          ],
          [
            46.783726,
            -19.2689487
          ],
          [
            46.7835919,
            -19.2688399
          ],
          [
            46.7834489,
            -19.2687133
          ],
          [
            46.7833417,
            -19.2686272
          ],
          [
            46.7832003,
            -19.2685386
          ],
          [
            46.7830018,
            -19.2684525
          ],
          [
            46.7827846,
            -19.2683512
          ],
          [
            46.7826443,
            -19.2682525
          ],
          [
            46.7825397,
            -19.2681537
          ],
          [
            46.7823278,
            -19.2679658
          ],
          [
            46.782165,
            -19.2678397
          ],
          [
            46.7819826,
            -19.2677283
          ],
          [
            46.7818502,
            -19.2676229
          ],
          [
            46.7816613,
            -19.2674823
          ],
          [
            46.7815106,
            -19.2673812
          ],
          [
            46.7813544,
            -19.2672937
          ],
          [
            46.78122,
            -19.2672491
          ],
          [
            46.7810055,
            -19.2671966
          ],
          [
            46.7807748,
            -19.2671738
          ],
          [
            46.7805924,
            -19.2671688
          ],
          [
            46.7801767,
            -19.267184
          ],
          [
            46.7798368,
            -19.2671916
          ],
          [
            46.7795337,
            -19.2672143
          ],
          [
            46.7792736,
            -19.2672422
          ],
          [
            46.7790796,
            -19.2672751
          ],
          [
            46.7789383,
            -19.2672776
          ],
          [
            46.7788141,
            -19.2672295
          ],
          [
            46.7787046,
            -19.2671857
          ],
          [
            46.7785378,
            -19.2671004
          ],
          [
            46.7783796,
            -19.2670472
          ],
          [
            46.7782803,
            -19.2670118
          ],
          [
            46.7781489,
            -19.2669814
          ],
          [
            46.7780228,
            -19.266951
          ],
          [
            46.7779075,
            -19.266951
          ],
          [
            46.7778244,
            -19.2669611
          ],
          [
            46.7776742,
            -19.2670067
          ],
          [
            46.7774435,
            -19.2670903
          ],
          [
            46.7772565,
            -19.2671586
          ],
          [
            46.777135,
            -19.2671713
          ],
          [
            46.7770232,
            -19.2671536
          ],
          [
            46.7769097,
            -19.2671207
          ],
          [
            46.7767764,
            -19.2670599
          ],
          [
            46.7766791,
            -19.2670093
          ],
          [
            46.776553,
            -19.2669485
          ],
          [
            46.7764269,
            -19.2668979
          ],
          [
            46.7763124,
            -19.2668776
          ],
          [
            46.7761909,
            -19.2668928
          ],
          [
            46.7759994,
            -19.2669637
          ],
          [
            46.7759168,
            -19.2669825
          ],
          [
            46.7758468,
            -19.2669817
          ],
          [
            46.7757815,
            -19.2669723
          ],
          [
            46.7756445,
            -19.2669308
          ],
          [
            46.7754211,
            -19.2668447
          ],
          [
            46.7751663,
            -19.2667637
          ],
          [
            46.7749866,
            -19.2667206
          ],
          [
            46.7748847,
            -19.2667105
          ],
          [
            46.7746682,
            -19.266713
          ],
          [
            46.7744951,
            -19.2667454
          ],
          [
            46.7742838,
            -19.2667713
          ],
          [
            46.7741033,
            -19.2667742
          ],
          [
            46.7739762,
            -19.2667477
          ],
          [
            46.7738582,
            -19.2667029
          ],
          [
            46.7736991,
            -19.2665889
          ],
          [
            46.7735819,
            -19.2664902
          ],
          [
            46.7734604,
            -19.2664041
          ],
          [
            46.7733137,
            -19.2662724
          ],
          [
            46.7731841,
            -19.2661458
          ],
          [
            46.773075,
            -19.2660218
          ],
          [
            46.7730025,
            -19.2659053
          ],
          [
            46.7729462,
            -19.2657585
          ],
          [
            46.7728864,
            -19.2656141
          ],
          [
            46.7728396,
            -19.2655455
          ],
          [
            46.7727705,
            -19.2654747
          ],
          [
            46.7726823,
            -19.2654242
          ],
          [
            46.7725887,
            -19.2654116
          ],
          [
            46.7723516,
            -19.2654147
          ],
          [
            46.7720477,
            -19.2654495
          ],
          [
            46.7718412,
            -19.2654749
          ],
          [
            46.7716767,
            -19.2654774
          ],
          [
            46.7715273,
            -19.2654445
          ],
          [
            46.7713924,
            -19.2653761
          ],
          [
            46.771269,
            -19.2653002
          ],
          [
            46.771143,
            -19.2652065
          ],
          [
            46.7709828,
            -19.2650875
          ],
          [
            46.7707736,
            -19.2649533
          ],
          [
            46.7707033,
            -19.264885
          ],
          [
            46.7706199,
            -19.2648039
          ],
          [
            46.7705743,
            -19.264652
          ],
          [
            46.7705743,
            -19.2644849
          ],
          [
            46.7705931,
            -19.2643304
          ],
          [
            46.7706119,
            -19.264143
          ],
          [
            46.7706334,
            -19.2639683
          ],
          [
            46.7706414,
            -19.2638088
          ],
          [
            46.7706441,
            -19.2636949
          ],
          [
            46.7706422,
            -19.2635379
          ],
          [
            46.7705985,
            -19.2633986
          ],
          [
            46.7705502,
            -19.2632872
          ],
          [
            46.7704831,
            -19.2631277
          ],
          [
            46.7704402,
            -19.262996
          ],
          [
            46.7704402,
            -19.2627681
          ],
          [
            46.7704751,
            -19.2625478
          ],
          [
            46.7705341,
            -19.2624162
          ],
          [
            46.7706529,
            -19.262287
          ],
          [
            46.7707755,
            -19.2622187
          ],
          [
            46.7709686,
            -19.262163
          ],
          [
            46.7711706,
            -19.2621554
          ],
          [
            46.7713146,
            -19.2621604
          ],
          [
            46.7714442,
            -19.262201
          ],
          [
            46.7716266,
            -19.2622719
          ],
          [
            46.7717384,
            -19.2622794
          ],
          [
            46.7718249,
            -19.2622498
          ],
          [
            46.7719212,
            -19.2621846
          ],
          [
            46.772063,
            -19.2620516
          ],
          [
            46.7722212,
            -19.2618439
          ],
          [
            46.7723339,
            -19.2616642
          ],
          [
            46.7724286,
            -19.2615072
          ],
          [
            46.772521,
            -19.2613395
          ],
          [
            46.7725833,
            -19.2612362
          ],
          [
            46.7726638,
            -19.2610818
          ]
        ]
      },
      "id": "way/337829848"
    },
    {
      "type": "Feature",
      "properties": {
        "@id": "way/549695653",
        "bridge": "yes",
        "highway": "secondary",
        "layer": "1",
        "ref": "N 43",
        "smoothness": "good",
        "surface": "asphalt"
      },
      "geometry": {
        "type": "LineString",
        "coordinates": [
          [
            46.7548943,
            -19.1839443
          ],
          [
            46.7547818,
            -19.1840422
          ]
        ]
      },
      "id": "way/549695653"
    },
    {
      "type": "Feature",
      "properties": {
        "@id": "way/549695654",
        "highway": "secondary",
        "ref": "N 43",
        "smoothness": "good",
        "surface": "asphalt"
      },
      "geometry": {
        "type": "LineString",
        "coordinates": [
          [
            46.7547818,
            -19.1840422
          ],
          [
            46.7545967,
            -19.1841669
          ],
          [
            46.7543888,
            -19.1842587
          ],
          [
            46.7541427,
            -19.1842961
          ],
          [
            46.7538252,
            -19.18429
          ],
          [
            46.7536255,
            -19.1842103
          ],
          [
            46.7534753,
            -19.1841089
          ],
          [
            46.7533251,
            -19.1839747
          ],
          [
            46.7532256,
            -19.1838656
          ],
          [
            46.7531131,
            -19.1836023
          ],
          [
            46.753034,
            -19.1833578
          ],
          [
            46.752861,
            -19.1830044
          ],
          [
            46.7526142,
            -19.1827511
          ],
          [
            46.7521649,
            -19.1825573
          ],
          [
            46.7516111,
            -19.182361
          ],
          [
            46.7509781,
            -19.1821634
          ],
          [
            46.750282,
            -19.1819392
          ],
          [
            46.7496262,
            -19.1817226
          ],
          [
            46.7491877,
            -19.1815541
          ],
          [
            46.749094,
            -19.1814579
          ],
          [
            46.7489838,
            -19.1814021
          ],
          [
            46.7487304,
            -19.1812463
          ],
          [
            46.7484367,
            -19.1810525
          ],
          [
            46.7481148,
            -19.1808296
          ],
          [
            46.7478667,
            -19.1806181
          ],
          [
            46.7478355,
            -19.1805886
          ],
          [
            46.7476146,
            -19.1803799
          ],
          [
            46.7474536,
            -19.1802735
          ],
          [
            46.7471425,
            -19.1801519
          ],
          [
            46.7467294,
            -19.1799847
          ],
          [
            46.7463124,
            -19.1797757
          ],
          [
            46.7458188,
            -19.1795275
          ],
          [
            46.7456887,
            -19.1794831
          ],
          [
            46.7454326,
            -19.1794717
          ],
          [
            46.7450718,
            -19.1793818
          ],
          [
            46.7447674,
            -19.1792387
          ],
          [
            46.744408,
            -19.1790765
          ],
          [
            46.7441599,
            -19.178941
          ],
          [
            46.7438984,
            -19.178808
          ],
          [
            46.7436838,
            -19.1786357
          ],
          [
            46.7433338,
            -19.178333
          ],
          [
            46.7429904,
            -19.1781202
          ],
          [
            46.7427544,
            -19.1779175
          ],
          [
            46.7425197,
            -19.1776287
          ],
          [
            46.7423453,
            -19.177331
          ],
          [
            46.7421509,
            -19.1770688
          ],
          [
            46.7420265,
            -19.1769353
          ],
          [
            46.7418987,
            -19.1768561
          ],
          [
            46.7418076,
            -19.1768116
          ],
          [
            46.7416038,
            -19.1767319
          ],
          [
            46.7411964,
            -19.1766022
          ],
          [
            46.7410136,
            -19.1765546
          ],
          [
            46.740858,
            -19.1765304
          ],
          [
            46.7406744,
            -19.176547
          ],
          [
            46.7405013,
            -19.1765862
          ],
          [
            46.7401031,
            -19.1767168
          ],
          [
            46.7399434,
            -19.1767472
          ],
          [
            46.7398147,
            -19.1767471
          ],
          [
            46.7397424,
            -19.1767193
          ],
          [
            46.7393417,
            -19.1765129
          ],
          [
            46.7392944,
            -19.1764697
          ],
          [
            46.7392516,
            -19.1763722
          ],
          [
            46.7392152,
            -19.1762898
          ],
          [
            46.739179,
            -19.1759466
          ],
          [
            46.7391669,
            -19.175393
          ],
          [
            46.7391078,
            -19.1747707
          ],
          [
            46.7390919,
            -19.1743948
          ],
          [
            46.7390047,
            -19.1742036
          ],
          [
            46.7389287,
            -19.1740317
          ],
          [
            46.7388896,
            -19.1739567
          ],
          [
            46.7388625,
            -19.1739046
          ],
          [
            46.738593,
            -19.1734575
          ],
          [
            46.7384167,
            -19.1732367
          ],
          [
            46.738212,
            -19.1729627
          ],
          [
            46.7380202,
            -19.172559
          ],
          [
            46.7380163,
            -19.1723504
          ],
          [
            46.7380384,
            -19.1722324
          ],
          [
            46.7380592,
            -19.1721673
          ],
          [
            46.7382107,
            -19.1719368
          ],
          [
            46.7383945,
            -19.1716562
          ],
          [
            46.7385199,
            -19.1713822
          ],
          [
            46.7385519,
            -19.1713116
          ],
          [
            46.7385843,
            -19.1712489
          ],
          [
            46.7386415,
            -19.1711394
          ],
          [
            46.7386191,
            -19.1710181
          ]
        ]
      },
      "id": "way/549695654"
    },
    {
      "type": "Feature",
      "properties": {
        "@id": "way/685379923",
        "highway": "secondary",
        "layer": "1",
        "ref": "N 43",
        "smoothness": "good",
        "surface": "asphalt"
      },
      "geometry": {
        "type": "LineString",
        "coordinates": [
          [
            46.7295139,
            -19.1381759
          ],
          [
            46.7295434,
            -19.1380682
          ]
        ]
      },
      "id": "way/685379923"
    },
    {
      "type": "Feature",
      "properties": {
        "@id": "way/685379924",
        "highway": "secondary",
        "ref": "N 43",
        "smoothness": "good",
        "surface": "asphalt"
      },
      "geometry": {
        "type": "LineString",
        "coordinates": [
          [
            46.7386191,
            -19.1710181
          ],
          [
            46.7385596,
            -19.1709494
          ],
          [
            46.7384628,
            -19.1708755
          ],
          [
            46.7382591,
            -19.1706784
          ],
          [
            46.7381809,
            -19.1705768
          ],
          [
            46.7381456,
            -19.1704319
          ],
          [
            46.7381499,
            -19.1702902
          ],
          [
            46.738175,
            -19.1699262
          ],
          [
            46.7382272,
            -19.169809
          ],
          [
            46.7382438,
            -19.1697717
          ],
          [
            46.7382686,
            -19.169716
          ],
          [
            46.7382697,
            -19.1695028
          ],
          [
            46.7381625,
            -19.1693494
          ],
          [
            46.7380128,
            -19.1692435
          ],
          [
            46.7377738,
            -19.1691267
          ],
          [
            46.7376536,
            -19.169068
          ],
          [
            46.7376239,
            -19.1690535
          ],
          [
            46.7373953,
            -19.1689073
          ],
          [
            46.737297,
            -19.1688201
          ],
          [
            46.7372123,
            -19.1686421
          ],
          [
            46.7371201,
            -19.1683704
          ],
          [
            46.7370817,
            -19.1682576
          ],
          [
            46.7370419,
            -19.1681027
          ],
          [
            46.7370194,
            -19.1679034
          ],
          [
            46.7370084,
            -19.1678053
          ],
          [
            46.7370192,
            -19.1675313
          ],
          [
            46.7370353,
            -19.1671667
          ],
          [
            46.7370298,
            -19.1670548
          ],
          [
            46.7369775,
            -19.1669026
          ],
          [
            46.7361362,
            -19.1658088
          ],
          [
            46.7360989,
            -19.1657597
          ],
          [
            46.7358836,
            -19.1655327
          ],
          [
            46.73531,
            -19.1647765
          ],
          [
            46.7350793,
            -19.1644939
          ],
          [
            46.735027,
            -19.1643711
          ],
          [
            46.7350189,
            -19.16419
          ],
          [
            46.7350551,
            -19.1640139
          ],
          [
            46.7352067,
            -19.1636718
          ],
          [
            46.7354481,
            -19.1631524
          ],
          [
            46.7355876,
            -19.1630004
          ],
          [
            46.7356592,
            -19.1629536
          ],
          [
            46.7356954,
            -19.16293
          ],
          [
            46.7359797,
            -19.1628134
          ],
          [
            46.7361782,
            -19.1627171
          ],
          [
            46.7362474,
            -19.1625798
          ],
          [
            46.7363386,
            -19.1623417
          ],
          [
            46.7363762,
            -19.1620832
          ],
          [
            46.7363762,
            -19.1619211
          ],
          [
            46.7363493,
            -19.1617184
          ],
          [
            46.736344,
            -19.1615106
          ],
          [
            46.7363762,
            -19.1613384
          ],
          [
            46.7364888,
            -19.1611053
          ],
          [
            46.7365376,
            -19.1609132
          ],
          [
            46.73658,
            -19.1606442
          ],
          [
            46.7366449,
            -19.1603913
          ],
          [
            46.736757,
            -19.1602084
          ],
          [
            46.7368697,
            -19.1600513
          ],
          [
            46.7370092,
            -19.1598486
          ],
          [
            46.7370682,
            -19.1596966
          ],
          [
            46.7371545,
            -19.1594133
          ],
          [
            46.7372559,
            -19.1592051
          ],
          [
            46.73739,
            -19.1590226
          ],
          [
            46.7375241,
            -19.1588655
          ],
          [
            46.7375831,
            -19.1587186
          ],
          [
            46.737589,
            -19.1584657
          ],
          [
            46.7375139,
            -19.1582478
          ],
          [
            46.7373852,
            -19.1580046
          ],
          [
            46.7372291,
            -19.1578014
          ],
          [
            46.7370789,
            -19.1577001
          ],
          [
            46.7368595,
            -19.1576448
          ],
          [
            46.7365537,
            -19.1576499
          ],
          [
            46.7363171,
            -19.1576088
          ],
          [
            46.7361991,
            -19.1575278
          ],
          [
            46.7360763,
            -19.1573155
          ],
          [
            46.7359207,
            -19.1570824
          ],
          [
            46.7356841,
            -19.1568335
          ],
          [
            46.7355661,
            -19.1566461
          ],
          [
            46.7355237,
            -19.1564945
          ],
          [
            46.7354427,
            -19.1562356
          ],
          [
            46.7353628,
            -19.1560891
          ],
          [
            46.735116,
            -19.15578
          ],
          [
            46.7347888,
            -19.1552733
          ],
          [
            46.7346225,
            -19.1550351
          ],
          [
            46.7342846,
            -19.1546905
          ],
          [
            46.7340807,
            -19.1543764
          ],
          [
            46.734011,
            -19.1542245
          ],
          [
            46.7339246,
            -19.1540363
          ],
          [
            46.7338281,
            -19.1537576
          ],
          [
            46.7338063,
            -19.1535902
          ],
          [
            46.7338779,
            -19.1532072
          ],
          [
            46.7338978,
            -19.1528101
          ],
          [
            46.7339193,
            -19.1525111
          ],
          [
            46.7340395,
            -19.1521106
          ],
          [
            46.734083,
            -19.1518372
          ],
          [
            46.73407,
            -19.1516653
          ],
          [
            46.7338818,
            -19.1510264
          ],
          [
            46.7338161,
            -19.1508381
          ],
          [
            46.7337437,
            -19.150621
          ],
          [
            46.7337061,
            -19.1505576
          ],
          [
            46.7336029,
            -19.1504816
          ],
          [
            46.7334862,
            -19.1504195
          ],
          [
            46.733399,
            -19.1503638
          ],
          [
            46.7332341,
            -19.1502536
          ],
          [
            46.7330034,
            -19.1499799
          ],
          [
            46.732876,
            -19.1498026
          ],
          [
            46.7325394,
            -19.1493203
          ],
          [
            46.7323141,
            -19.1489656
          ],
          [
            46.7320298,
            -19.1486674
          ],
          [
            46.731952,
            -19.1485496
          ],
          [
            46.7319359,
            -19.1484178
          ],
          [
            46.7319936,
            -19.1483139
          ],
          [
            46.732133,
            -19.1481797
          ],
          [
            46.7328814,
            -19.1476767
          ],
          [
            46.7330155,
            -19.1475222
          ],
          [
            46.7330852,
            -19.1474183
          ],
          [
            46.7331147,
            -19.1470357
          ],
          [
            46.7331026,
            -19.1468068
          ],
          [
            46.7329846,
            -19.1466776
          ],
          [
            46.7328036,
            -19.1465542
          ],
          [
            46.7325514,
            -19.146387
          ],
          [
            46.7322336,
            -19.1461354
          ],
          [
            46.7318903,
            -19.1456641
          ],
          [
            46.7315966,
            -19.1451428
          ],
          [
            46.7313646,
            -19.1447975
          ],
          [
            46.7311835,
            -19.1446259
          ],
          [
            46.7306525,
            -19.1441597
          ],
          [
            46.730234,
            -19.1437948
          ],
          [
            46.7300449,
            -19.1435762
          ],
          [
            46.7291062,
            -19.1421876
          ],
          [
            46.7289077,
            -19.1418632
          ],
          [
            46.728736,
            -19.1416048
          ],
          [
            46.7286032,
            -19.1413674
          ],
          [
            46.7285268,
            -19.1410321
          ],
          [
            46.7285161,
            -19.140723
          ],
          [
            46.7285281,
            -19.1404551
          ],
          [
            46.7286019,
            -19.1401655
          ],
          [
            46.7286944,
            -19.1399737
          ],
          [
            46.7288433,
            -19.1396841
          ],
          [
            46.7290217,
            -19.1394061
          ],
          [
            46.7291611,
            -19.1390792
          ],
          [
            46.7293207,
            -19.1387143
          ],
          [
            46.7293972,
            -19.1384863
          ],
          [
            46.7294314,
            -19.1384058
          ],
          [
            46.7294508,
            -19.1383532
          ],
          [
            46.7295139,
            -19.1381759
          ]
        ]
      },
      "id": "way/685379924"
    },
    {
      "type": "Feature",
      "properties": {
        "@id": "way/694795457",
        "bridge": "yes",
        "highway": "secondary",
        "layer": "1",
        "ref": "N 43",
        "smoothness": "good",
        "surface": "asphalt"
      },
      "geometry": {
        "type": "LineString",
        "coordinates": [
          [
            46.7300932,
            -19.1310287
          ],
          [
            46.7301133,
            -19.1309058
          ]
        ]
      },
      "id": "way/694795457"
    },
    {
      "type": "Feature",
      "properties": {
        "@id": "way/694795458",
        "highway": "secondary",
        "ref": "N 43",
        "smoothness": "good",
        "surface": "asphalt"
      },
      "geometry": {
        "type": "LineString",
        "coordinates": [
          [
            46.7295434,
            -19.1380682
          ],
          [
            46.7295729,
            -19.1378444
          ],
          [
            46.7295896,
            -19.1376754
          ],
          [
            46.7295889,
            -19.137547
          ],
          [
            46.7295662,
            -19.1373612
          ],
          [
            46.7295521,
            -19.1371774
          ],
          [
            46.7295581,
            -19.1369379
          ],
          [
            46.7295735,
            -19.1367005
          ],
          [
            46.729589,
            -19.136585
          ],
          [
            46.7296514,
            -19.1364577
          ],
          [
            46.7296976,
            -19.1363925
          ],
          [
            46.7299008,
            -19.1361132
          ],
          [
            46.7299826,
            -19.1359452
          ],
          [
            46.7300013,
            -19.1357837
          ],
          [
            46.7300208,
            -19.1355923
          ],
          [
            46.7300067,
            -19.1354056
          ],
          [
            46.7299805,
            -19.1352122
          ],
          [
            46.729949,
            -19.1350336
          ],
          [
            46.7299175,
            -19.1348676
          ],
          [
            46.7298881,
            -19.1346028
          ],
          [
            46.7298867,
            -19.1345162
          ],
          [
            46.7299028,
            -19.1344534
          ],
          [
            46.7299337,
            -19.134388
          ],
          [
            46.7300188,
            -19.1342094
          ],
          [
            46.7300556,
            -19.1340276
          ],
          [
            46.7300496,
            -19.1338953
          ],
          [
            46.7299765,
            -19.1337604
          ],
          [
            46.7298625,
            -19.1335721
          ],
          [
            46.7297231,
            -19.1333542
          ],
          [
            46.7296547,
            -19.1331319
          ],
          [
            46.7296064,
            -19.1328887
          ],
          [
            46.7295876,
            -19.1326479
          ],
          [
            46.729601,
            -19.1324553
          ],
          [
            46.7296493,
            -19.1322906
          ],
          [
            46.7297378,
            -19.1320727
          ],
          [
            46.729892,
            -19.1316774
          ],
          [
            46.729939,
            -19.131557
          ],
          [
            46.7300315,
            -19.1313074
          ],
          [
            46.7300932,
            -19.1310287
          ]
        ]
      },
      "id": "way/694795458"
    },
    {
      "type": "Feature",
      "properties": {
        "@id": "way/731000537",
        "highway": "secondary",
        "ref": "N 43",
        "smoothness": "good",
        "source": "Bing",
        "surface": "asphalt"
      },
      "geometry": {
        "type": "LineString",
        "coordinates": [
          [
            47.0473112,
            -19.5508688
          ],
          [
            47.0473726,
            -19.5516007
          ],
          [
            47.0474014,
            -19.5520033
          ],
          [
            47.0474276,
            -19.5523678
          ],
          [
            47.0475876,
            -19.5547251
          ],
          [
            47.0476091,
            -19.5548995
          ],
          [
            47.0476547,
            -19.5550638
          ],
          [
            47.0477566,
            -19.5552053
          ],
          [
            47.0478934,
            -19.5553014
          ],
          [
            47.0480973,
            -19.5553924
          ],
          [
            47.0492318,
            -19.5557184
          ],
          [
            47.0505912,
            -19.55613
          ],
          [
            47.0512608,
            -19.5563278
          ],
          [
            47.0520289,
            -19.5565547
          ],
          [
            47.0534,
            -19.5569671
          ],
          [
            47.0535236,
            -19.5570055
          ],
          [
            47.0543746,
            -19.5572697
          ],
          [
            47.0558162,
            -19.5577173
          ],
          [
            47.0561787,
            -19.557844
          ],
          [
            47.0562968,
            -19.5578958
          ],
          [
            47.0564188,
            -19.5579843
          ],
          [
            47.0565207,
            -19.5580892
          ],
          [
            47.0566079,
            -19.5582143
          ],
          [
            47.056675,
            -19.558352
          ],
          [
            47.0567742,
            -19.5585997
          ],
          [
            47.0570693,
            -19.559252
          ],
          [
            47.0578498,
            -19.5607581
          ],
          [
            47.0580764,
            -19.5610981
          ],
          [
            47.0582695,
            -19.5613135
          ],
          [
            47.0583413,
            -19.5613995
          ],
          [
            47.0584305,
            -19.561469
          ],
          [
            47.0585284,
            -19.5615195
          ],
          [
            47.0586222,
            -19.5615524
          ],
          [
            47.058751,
            -19.5615821
          ],
          [
            47.0594854,
            -19.5615691
          ],
          [
            47.0596495,
            -19.5615846
          ],
          [
            47.0597756,
            -19.5616326
          ],
          [
            47.0598561,
            -19.5617034
          ],
          [
            47.0598936,
            -19.5618196
          ],
          [
            47.0599017,
            -19.5619511
          ],
          [
            47.0598856,
            -19.5622164
          ],
          [
            47.0598346,
            -19.5624667
          ],
          [
            47.0596924,
            -19.5628811
          ],
          [
            47.0596629,
            -19.5630429
          ],
          [
            47.0596562,
            -19.5632122
          ],
          [
            47.0596643,
            -19.5634751
          ],
          [
            47.0599897,
            -19.5650872
          ],
          [
            47.0603759,
            -19.5669069
          ],
          [
            47.0604059,
            -19.5670955
          ],
          [
            47.0604274,
            -19.5672749
          ],
          [
            47.0604287,
            -19.567419
          ],
          [
            47.0604274,
            -19.5675593
          ],
          [
            47.0603281,
            -19.5681911
          ],
          [
            47.059979,
            -19.5699699
          ]
        ]
      },
      "id": "way/731000537"
    },
    {
      "type": "Feature",
      "properties": {
        "@id": "way/731000538",
        "bridge": "yes",
        "highway": "secondary",
        "ref": "N 43",
        "smoothness": "good",
        "source": "Bing",
        "surface": "asphalt"
      },
      "geometry": {
        "type": "LineString",
        "coordinates": [
          [
            47.0473067,
            -19.550815
          ],
          [
            47.0473112,
            -19.5508688
          ]
        ]
      },
      "id": "way/731000538"
    },
    {
      "type": "Feature",
      "properties": {
        "@id": "way/1008897108",
        "highway": "secondary",
        "ref": "N 43",
        "smoothness": "good",
        "surface": "asphalt"
      },
      "geometry": {
        "type": "LineString",
        "coordinates": [
          [
            46.9446804,
            -19.3911325
          ],
          [
            46.9446669,
            -19.391114
          ],
          [
            46.9443935,
            -19.3907376
          ],
          [
            46.9429974,
            -19.388456
          ],
          [
            46.9421257,
            -19.386961
          ],
          [
            46.9420266,
            -19.3868116
          ]
        ]
      },
      "id": "way/1008897108"
    },
    {
      "type": "Feature",
      "properties": {
        "@id": "way/1008897109",
        "bridge": "yes",
        "highway": "secondary",
        "layer": "1",
        "ref": "N 43",
        "smoothness": "good",
        "surface": "asphalt"
      },
      "geometry": {
        "type": "LineString",
        "coordinates": [
          [
            46.9447838,
            -19.3913102
          ],
          [
            46.9446804,
            -19.3911325
          ]
        ]
      },
      "id": "way/1008897109"
    },
    {
      "type": "Feature",
      "properties": {
        "@id": "way/1008897110",
        "bridge": "yes",
        "highway": "secondary",
        "layer": "1",
        "ref": "N 43",
        "smoothness": "good",
        "surface": "asphalt"
      },
      "geometry": {
        "type": "LineString",
        "coordinates": [
          [
            46.9420266,
            -19.3868116
          ],
          [
            46.9418764,
            -19.3865561
          ]
        ]
      },
      "id": "way/1008897110"
    },
    {
      "type": "Feature",
      "properties": {
        "@id": "way/1008897111",
        "highway": "secondary",
        "ref": "N 43",
        "smoothness": "good",
        "surface": "asphalt"
      },
      "geometry": {
        "type": "LineString",
        "coordinates": [
          [
            46.9503682,
            -19.4004562
          ],
          [
            46.9495093,
            -19.3990967
          ],
          [
            46.9491485,
            -19.3984555
          ],
          [
            46.9481687,
            -19.3968332
          ],
          [
            46.9469134,
            -19.3948418
          ],
          [
            46.9456268,
            -19.3927601
          ],
          [
            46.9447838,
            -19.3913102
          ]
        ]
      },
      "id": "way/1008897111"
    },
    {
      "type": "Feature",
      "properties": {
        "@id": "way/1019064960",
        "bridge": "yes",
        "highway": "secondary",
        "layer": "1",
        "ref": "N 43",
        "smoothness": "good",
        "surface": "asphalt"
      },
      "geometry": {
        "type": "LineString",
        "coordinates": [
          [
            46.921925,
            -19.3589809
          ],
          [
            46.9209713,
            -19.3585578
          ]
        ]
      },
      "id": "way/1019064960"
    },
    {
      "type": "Feature",
      "properties": {
        "@id": "way/1019064961",
        "highway": "secondary",
        "ref": "N 43",
        "smoothness": "good",
        "surface": "asphalt"
      },
      "geometry": {
        "type": "LineString",
        "coordinates": [
          [
            46.9290472,
            -19.3689047
          ],
          [
            46.9289949,
            -19.3687765
          ],
          [
            46.9289439,
            -19.3686979
          ],
          [
            46.9287738,
            -19.3685178
          ],
          [
            46.9284251,
            -19.3682724
          ],
          [
            46.9279668,
            -19.3678928
          ],
          [
            46.9274312,
            -19.367224
          ],
          [
            46.9269745,
            -19.3664216
          ],
          [
            46.9269011,
            -19.3663365
          ],
          [
            46.9262184,
            -19.3655448
          ],
          [
            46.9254623,
            -19.3646829
          ],
          [
            46.9248322,
            -19.3640439
          ],
          [
            46.9243439,
            -19.363509
          ],
          [
            46.9234934,
            -19.3625727
          ],
          [
            46.9228791,
            -19.3618891
          ],
          [
            46.9227215,
            -19.361265
          ],
          [
            46.9227845,
            -19.360626
          ],
          [
            46.9229106,
            -19.3600315
          ],
          [
            46.9228633,
            -19.3596749
          ],
          [
            46.9226428,
            -19.3593182
          ],
          [
            46.9222332,
            -19.359125
          ],
          [
            46.921925,
            -19.3589809
          ]
        ]
      },
      "id": "way/1019064961"
    },
    {
      "type": "Feature",
      "properties": {
        "@id": "way/1021917079",
        "highway": "secondary",
        "ref": "N 43",
        "smoothness": "good",
        "source": "Bing",
        "surface": "asphalt"
      },
      "geometry": {
        "type": "LineString",
        "coordinates": [
          [
            46.9754966,
            -19.4402682
          ],
          [
            46.9760553,
            -19.441129
          ],
          [
            46.9762671,
            -19.4414149
          ],
          [
            46.9767344,
            -19.441787
          ],
          [
            46.9773031,
            -19.4421234
          ]
        ]
      },
      "id": "way/1021917079"
    },
    {
      "type": "Feature",
      "properties": {
        "@id": "way/1021917080",
        "highway": "secondary",
        "ref": "N 43",
        "smoothness": "good",
        "source": "Bing",
        "surface": "asphalt"
      },
      "geometry": {
        "type": "LineString",
        "coordinates": [
          [
            46.9720671,
            -19.4350387
          ],
          [
            46.9727272,
            -19.4359771
          ],
          [
            46.9736016,
            -19.4371964
          ],
          [
            46.974134,
            -19.4379311
          ],
          [
            46.9741836,
            -19.4380057
          ],
          [
            46.9742453,
            -19.4381436
          ],
          [
            46.9742737,
            -19.4382722
          ],
          [
            46.9742748,
            -19.4384496
          ],
          [
            46.9742909,
            -19.4386925
          ],
          [
            46.9743127,
            -19.4387841
          ],
          [
            46.9743472,
            -19.4388594
          ],
          [
            46.974429,
            -19.4389644
          ],
          [
            46.9745605,
            -19.4391199
          ],
          [
            46.9745967,
            -19.4391579
          ],
          [
            46.9751519,
            -19.4397813
          ],
          [
            46.9754966,
            -19.4402682
          ]
        ]
      },
      "id": "way/1021917080"
    },
    {
      "type": "Feature",
      "properties": {
        "@id": "way/1316157215",
        "highway": "secondary",
        "ref": "N 43",
        "smoothness": "good",
        "source": "Bing",
        "surface": "asphalt"
      },
      "geometry": {
        "type": "LineString",
        "coordinates": [
          [
            47.1292448,
            -19.616579
          ],
          [
            47.1297603,
            -19.6170298
          ],
          [
            47.1299706,
            -19.617211
          ]
        ]
      },
      "id": "way/1316157215"
    },
    {
      "type": "Feature",
      "properties": {
        "@id": "way/1316157216",
        "highway": "secondary",
        "ref": "N 43",
        "smoothness": "good",
        "source": "Bing",
        "surface": "asphalt"
      },
      "geometry": {
        "type": "LineString",
        "coordinates": [
          [
            47.0938526,
            -19.610938
          ],
          [
            47.094367,
            -19.6108226
          ],
          [
            47.0948938,
            -19.6107501
          ],
          [
            47.0954807,
            -19.6107245
          ],
          [
            47.0968396,
            -19.6108587
          ],
          [
            47.0970932,
            -19.6108335
          ],
          [
            47.0973625,
            -19.6107716
          ],
          [
            47.0982279,
            -19.610422
          ],
          [
            47.0985148,
            -19.6104057
          ],
          [
            47.0986676,
            -19.610476
          ],
          [
            47.0987941,
            -19.6105994
          ],
          [
            47.0992738,
            -19.6112959
          ],
          [
            47.0998366,
            -19.6122506
          ],
          [
            47.0999546,
            -19.6126397
          ],
          [
            47.1002657,
            -19.6132815
          ],
          [
            47.1004481,
            -19.6134432
          ],
          [
            47.1005126,
            -19.6134702
          ],
          [
            47.1006413,
            -19.613524
          ],
          [
            47.1017249,
            -19.6136453
          ],
          [
            47.1023021,
            -19.6138858
          ],
          [
            47.1029372,
            -19.6140697
          ],
          [
            47.103538,
            -19.6142416
          ],
          [
            47.1066453,
            -19.6160244
          ],
          [
            47.1068318,
            -19.6161314
          ],
          [
            47.1071033,
            -19.6162745
          ],
          [
            47.1080044,
            -19.6167836
          ],
          [
            47.1087527,
            -19.6172637
          ],
          [
            47.10893,
            -19.6173733
          ],
          [
            47.1095413,
            -19.617817
          ],
          [
            47.1098685,
            -19.617961
          ],
          [
            47.1102816,
            -19.618062
          ],
          [
            47.1111506,
            -19.6180974
          ],
          [
            47.1118426,
            -19.6181151
          ],
          [
            47.1125534,
            -19.6180671
          ],
          [
            47.1138865,
            -19.6179281
          ],
          [
            47.1149728,
            -19.6178498
          ],
          [
            47.1160376,
            -19.617817
          ],
          [
            47.1174458,
            -19.6177917
          ],
          [
            47.118001,
            -19.6177917
          ],
          [
            47.1190149,
            -19.6176932
          ],
          [
            47.1198356,
            -19.6176401
          ],
          [
            47.1202943,
            -19.6175542
          ],
          [
            47.1206,
            -19.6174835
          ],
          [
            47.1207932,
            -19.6174734
          ],
          [
            47.1209675,
            -19.6174961
          ],
          [
            47.1213216,
            -19.617582
          ],
          [
            47.1215066,
            -19.6176098
          ],
          [
            47.1216088,
            -19.6176222
          ],
          [
            47.1218419,
            -19.6175441
          ],
          [
            47.1220162,
            -19.617443
          ],
          [
            47.1221665,
            -19.617299
          ],
          [
            47.1224025,
            -19.6169504
          ],
          [
            47.1233493,
            -19.6156012
          ],
          [
            47.1234807,
            -19.6154496
          ],
          [
            47.1236524,
            -19.6153309
          ],
          [
            47.1239179,
            -19.6151793
          ],
          [
            47.1245724,
            -19.6148205
          ],
          [
            47.1253476,
            -19.6144011
          ],
          [
            47.1255219,
            -19.614343
          ],
          [
            47.1257284,
            -19.6143177
          ],
          [
            47.1259376,
            -19.6143177
          ],
          [
            47.1261013,
            -19.6143556
          ],
          [
            47.1262568,
            -19.6144213
          ],
          [
            47.1269552,
            -19.6148085
          ],
          [
            47.127185,
            -19.6149264
          ],
          [
            47.1274303,
            -19.6150075
          ],
          [
            47.1278447,
            -19.6150277
          ],
          [
            47.1282819,
            -19.6150491
          ],
          [
            47.1285783,
            -19.6151237
          ],
          [
            47.1287915,
            -19.6152386
          ],
          [
            47.1289457,
            -19.61537
          ],
          [
            47.129062,
            -19.615518
          ],
          [
            47.1291,
            -19.6158804
          ],
          [
            47.1291536,
            -19.6162012
          ],
          [
            47.1291965,
            -19.6163781
          ],
          [
            47.1292448,
            -19.616579
          ]
        ]
      },
      "id": "way/1316157216"
    },
    {
      "type": "Feature",
      "properties": {
        "@id": "way/1316157221",
        "highway": "secondary",
        "note": "portion dégradée au Pk 18?",
        "ref": "N 43",
        "smoothness": "good",
        "source": "Bing",
        "surface": "asphalt"
      },
      "geometry": {
        "type": "LineString",
        "coordinates": [
          [
            47.0567952,
            -19.5810971
          ],
          [
            47.0565377,
            -19.5816455
          ],
          [
            47.056138,
            -19.5831415
          ]
        ]
      },
      "id": "way/1316157221"
    },
    {
      "type": "Feature",
      "properties": {
        "@id": "way/1316157222",
        "bridge": "yes",
        "highway": "secondary",
        "note": "portion dégradée au Pk 18?",
        "ref": "N 43",
        "smoothness": "good",
        "source": "Bing",
        "surface": "asphalt"
      },
      "geometry": {
        "type": "LineString",
        "coordinates": [
          [
            47.0568319,
            -19.5810229
          ],
          [
            47.0567952,
            -19.5810971
          ]
        ]
      },
      "id": "way/1316157222"
    },
    {
      "type": "Feature",
      "properties": {
        "@id": "way/1316157225",
        "highway": "secondary",
        "ref": "N 43",
        "smoothness": "good",
        "source": "Bing",
        "surface": "asphalt"
      },
      "geometry": {
        "type": "LineString",
        "coordinates": [
          [
            47.1565419,
            -19.6383084
          ],
          [
            47.1573034,
            -19.6386871
          ]
        ]
      },
      "id": "way/1316157225"
    }
  ]
}