{
  "type": "FeatureCollection",
  "generator": "overpass-turbo",
  "copyright": "The data included in this document is from www.openstreetmap.org. The data is made available under ODbL.",
  "timestamp": "2026-09-29T12:05:31Z",
  "features": [
    {
      "type": "Feature",
      "properties": {
        "@id": "way/52158087",
        "highway": "secondary",
        "ref": "N 44",
        "surface": "asphalt"
      },
      "geometry": {
        "type": "LineString",
        "coordinates": [
          [
            48.2304796,
            -18.9470396
          ],
          [
            48.2309137,
            -18.9449683
          ],
          [
            48.2309273,
            -18.9449034
          ],
          [
            48.2310158,
            -18.9447536
          ]
        ]
      },
      "id": "way/52158087"
    },
    {
      "type": "Feature",
      "properties": {
        "@id": "way/52158088",
        "highway": "secondary",
        "ref": "N 44",
        "surface": "asphalt"
      },
      "geometry": {
        "type": "LineString",
        "coordinates": [
          [
            48.2311775,
            -18.9447099
          ],
          [
            48.2313995,
            -18.9447
          ],
          [
            48.2319847,
            -18.9448689
          ],
          [
            48.2321339,
            -18.9448909
          ],
          [
            48.2322889,
            -18.9448691
          ],
          [
            48.2324179,
            -18.9447804
          ],
          [
            48.232608,
            -18.944622
          ]
        ]
      },
      "id": "way/52158088"
    },
    {
      "type": "Feature",
      "properties": {
        "@id": "way/130793351",
        "highway": "secondary",
        "ref": "N 44",
        "smoothness": "intermediate",
        "source": "GPS",
        "surface": "asphalt"
      },
      "geometry": {
        "type": "LineString",
        "coordinates": [
          [
            48.2675487,
            -18.2678324
          ],
          [
            48.2675486,
            -18.2676366
          ],
          [
            48.2674904,
            -18.2667675
          ],
          [
            48.267376,
            -18.2653008
          ],
          [
            48.2673257,
            -18.2646231
          ],
          [
            48.2673032,
            -18.2644762
          ],
          [
            48.2672639,
            -18.264253
          ],
          [
            48.2671321,
            -18.2639831
          ],
          [
            48.2666689,
            -18.2633023
          ],
          [
            48.2665268,
            -18.2630728
          ],
          [
            48.2662703,
            -18.2626155
          ],
          [
            48.2661599,
            -18.2623533
          ],
          [
            48.2657609,
            -18.2614886
          ],
          [
            48.2656578,
            -18.2611857
          ],
          [
            48.2655825,
            -18.2609332
          ],
          [
            48.2655285,
            -18.260674
          ],
          [
            48.2650943,
            -18.2589914
          ],
          [
            48.2636611,
            -18.2534368
          ],
          [
            48.2635666,
            -18.252971
          ],
          [
            48.2633629,
            -18.2520027
          ],
          [
            48.2633629,
            -18.2518158
          ],
          [
            48.2633133,
            -18.2512875
          ],
          [
            48.2633095,
            -18.2509499
          ],
          [
            48.2633286,
            -18.250885
          ],
          [
            48.2633247,
            -18.2507935
          ],
          [
            48.26334,
            -18.2507134
          ],
          [
            48.2632752,
            -18.2499943
          ],
          [
            48.2632256,
            -18.2487869
          ],
          [
            48.2631722,
            -18.2485027
          ],
          [
            48.2631264,
            -18.2480564
          ],
          [
            48.2630882,
            -18.2478848
          ],
          [
            48.2629318,
            -18.2473774
          ],
          [
            48.2628517,
            -18.2470245
          ],
          [
            48.2628365,
            -18.2468624
          ],
          [
            48.2628555,
            -18.2464142
          ],
          [
            48.2628975,
            -18.2459126
          ],
          [
            48.2631035,
            -18.2439404
          ],
          [
            48.2631683,
            -18.2430096
          ],
          [
            48.2632179,
            -18.2427635
          ],
          [
            48.2631989,
            -18.2424393
          ],
          [
            48.2633019,
            -18.2418747
          ],
          [
            48.26334,
            -18.2414875
          ],
          [
            48.2634239,
            -18.2402973
          ],
          [
            48.2634316,
            -18.2397194
          ],
          [
            48.2638016,
            -18.2351494
          ],
          [
            48.2638664,
            -18.23493
          ],
          [
            48.2638855,
            -18.2347775
          ],
          [
            48.2638969,
            -18.2344437
          ],
          [
            48.2640152,
            -18.2329903
          ],
          [
            48.2640343,
            -18.2325192
          ],
          [
            48.264164,
            -18.231226
          ],
          [
            48.2642136,
            -18.2309742
          ],
          [
            48.2642784,
            -18.230835
          ],
          [
            48.2644882,
            -18.230566
          ],
          [
            48.264698,
            -18.230381
          ],
          [
            48.2656099,
            -18.2292459
          ],
          [
            48.2673599,
            -18.2269077
          ],
          [
            48.2675067,
            -18.2266887
          ],
          [
            48.2676322,
            -18.2265075
          ],
          [
            48.2677147,
            -18.2263262
          ],
          [
            48.2678047,
            -18.2260351
          ],
          [
            48.2681433,
            -18.2248852
          ],
          [
            48.2685716,
            -18.2233171
          ],
          [
            48.2690262,
            -18.2217129
          ],
          [
            48.2693929,
            -18.2202391
          ],
          [
            48.2695462,
            -18.2196939
          ],
          [
            48.2695682,
            -18.2196158
          ],
          [
            48.2697841,
            -18.218892
          ],
          [
            48.2697992,
            -18.2188415
          ],
          [
            48.2699339,
            -18.2183787
          ],
          [
            48.2700274,
            -18.2181123
          ],
          [
            48.2700614,
            -18.2180154
          ],
          [
            48.2702185,
            -18.2176349
          ],
          [
            48.2704797,
            -18.2168262
          ],
          [
            48.2706544,
            -18.2160588
          ]
        ]
      },
      "id": "way/130793351"
    },
    {
      "type": "Feature",
      "properties": {
        "@id": "way/130793360",
        "highway": "secondary",
        "ref": "N 44",
        "source": "GPS",
        "surface": "asphalt"
      },
      "geometry": {
        "type": "LineString",
        "coordinates": [
          [
            48.2329188,
            -18.8484671
          ],
          [
            48.2328309,
            -18.8480912
          ],
          [
            48.2327004,
            -18.8477421
          ],
          [
            48.2326781,
            -18.8476896
          ],
          [
            48.2324688,
            -18.8472448
          ],
          [
            48.2323963,
            -18.8470363
          ],
          [
            48.2323589,
            -18.8469257
          ],
          [
            48.2323532,
            -18.8466892
          ],
          [
            48.2324118,
            -18.8464299
          ],
          [
            48.2325581,
            -18.8458456
          ],
          [
            48.2325836,
            -18.8457226
          ],
          [
            48.2326278,
            -18.8455099
          ],
          [
            48.2326346,
            -18.845165
          ],
          [
            48.2326364,
            -18.8450454
          ],
          [
            48.2326385,
            -18.8449032
          ],
          [
            48.2325855,
            -18.8440594
          ],
          [
            48.232542,
            -18.8433192
          ],
          [
            48.2325402,
            -18.8425942
          ],
          [
            48.232577,
            -18.842327
          ],
          [
            48.232612,
            -18.8421802
          ],
          [
            48.2328384,
            -18.8413287
          ],
          [
            48.2329345,
            -18.84029
          ],
          [
            48.2330934,
            -18.8388608
          ],
          [
            48.2331751,
            -18.8379884
          ],
          [
            48.2332362,
            -18.8372749
          ],
          [
            48.2334444,
            -18.8359552
          ],
          [
            48.233641,
            -18.8350658
          ],
          [
            48.2340988,
            -18.8332517
          ],
          [
            48.2354594,
            -18.8266608
          ],
          [
            48.2359603,
            -18.8242524
          ],
          [
            48.2363414,
            -18.8223584
          ],
          [
            48.2369256,
            -18.8196817
          ],
          [
            48.2374367,
            -18.8174538
          ],
          [
            48.2376538,
            -18.8165073
          ],
          [
            48.2381453,
            -18.8143463
          ],
          [
            48.238449,
            -18.8130588
          ],
          [
            48.2384988,
            -18.8126558
          ],
          [
            48.2384986,
            -18.8123571
          ],
          [
            48.2383948,
            -18.8116176
          ],
          [
            48.2383599,
            -18.811245
          ],
          [
            48.2383723,
            -18.8109932
          ],
          [
            48.2384456,
            -18.8106313
          ],
          [
            48.2387505,
            -18.8093408
          ],
          [
            48.2391024,
            -18.80756
          ],
          [
            48.2392094,
            -18.8071112
          ],
          [
            48.23929,
            -18.8068823
          ],
          [
            48.2395182,
            -18.806385
          ],
          [
            48.2405723,
            -18.8042643
          ],
          [
            48.2407469,
            -18.8038974
          ],
          [
            48.2409248,
            -18.803594
          ],
          [
            48.2424908,
            -18.8014299
          ],
          [
            48.2426628,
            -18.8011036
          ],
          [
            48.2427323,
            -18.8008945
          ],
          [
            48.2427839,
            -18.8006151
          ],
          [
            48.2428003,
            -18.8003399
          ],
          [
            48.2427747,
            -18.8001653
          ],
          [
            48.2427211,
            -18.8000371
          ],
          [
            48.242665,
            -18.7999218
          ],
          [
            48.2425894,
            -18.7997584
          ],
          [
            48.2425907,
            -18.7995818
          ],
          [
            48.2426365,
            -18.7993415
          ],
          [
            48.2429222,
            -18.7980046
          ],
          [
            48.2429332,
            -18.7976156
          ],
          [
            48.2428683,
            -18.7971863
          ],
          [
            48.2426131,
            -18.7957654
          ],
          [
            48.242467,
            -18.7951918
          ],
          [
            48.2422299,
            -18.794432
          ],
          [
            48.2421722,
            -18.7941309
          ],
          [
            48.2421532,
            -18.7939414
          ],
          [
            48.2421612,
            -18.7937006
          ],
          [
            48.2422195,
            -18.7934311
          ],
          [
            48.2423335,
            -18.7931138
          ],
          [
            48.2435099,
            -18.7903364
          ],
          [
            48.2437374,
            -18.7897949
          ],
          [
            48.2437703,
            -18.7895462
          ],
          [
            48.2436709,
            -18.7890375
          ],
          [
            48.2436556,
            -18.7887729
          ],
          [
            48.2436767,
            -18.7886286
          ],
          [
            48.2437488,
            -18.7884423
          ]
        ]
      },
      "id": "way/130793360"
    },
    {
      "type": "Feature",
      "properties": {
        "@id": "way/130793368",
        "highway": "secondary",
        "ref": "N 44",
        "smoothness": "intermediate",
        "source": "GPS",
        "surface": "asphalt"
      },
      "geometry": {
        "type": "LineString",
        "coordinates": [
          [
            48.2627085,
            -18.4460088
          ],
          [
            48.2623825,
            -18.4455662
          ],
          [
            48.2623177,
            -18.4454594
          ],
          [
            48.2621422,
            -18.4452477
          ],
          [
            48.262043,
            -18.4451542
          ],
          [
            48.2614937,
            -18.4448166
          ],
          [
            48.2612724,
            -18.4446259
          ],
          [
            48.2611501,
            -18.4445095
          ],
          [
            48.2610887,
            -18.4443913
          ],
          [
            48.261071,
            -18.4442556
          ],
          [
            48.2610736,
            -18.4442395
          ],
          [
            48.2610893,
            -18.4441387
          ],
          [
            48.2612063,
            -18.4438594
          ],
          [
            48.2612975,
            -18.4437142
          ],
          [
            48.2613602,
            -18.4436485
          ],
          [
            48.2614562,
            -18.4435679
          ],
          [
            48.2616123,
            -18.4434355
          ],
          [
            48.262112,
            -18.4431548
          ],
          [
            48.2622261,
            -18.4430904
          ],
          [
            48.2623879,
            -18.4429912
          ],
          [
            48.262736,
            -18.4428143
          ],
          [
            48.2628543,
            -18.4427685
          ],
          [
            48.2629725,
            -18.4427418
          ],
          [
            48.2631518,
            -18.4427342
          ],
          [
            48.2634662,
            -18.4427502
          ],
          [
            48.2636706,
            -18.4427666
          ],
          [
            48.2637628,
            -18.4427138
          ],
          [
            48.2640025,
            -18.4425129
          ],
          [
            48.2642123,
            -18.4423413
          ],
          [
            48.2643153,
            -18.4422097
          ],
          [
            48.2643802,
            -18.4420552
          ],
          [
            48.2644043,
            -18.4418392
          ],
          [
            48.2644157,
            -18.4416676
          ],
          [
            48.2644043,
            -18.441555
          ],
          [
            48.26437,
            -18.4414463
          ],
          [
            48.2643166,
            -18.4413414
          ],
          [
            48.2642136,
            -18.4411984
          ],
          [
            48.2640305,
            -18.441021
          ],
          [
            48.2635689,
            -18.4406967
          ],
          [
            48.2634773,
            -18.4406166
          ],
          [
            48.2634049,
            -18.4405232
          ],
          [
            48.2633629,
            -18.4404144
          ],
          [
            48.2633514,
            -18.4402981
          ],
          [
            48.2634163,
            -18.4398346
          ],
          [
            48.2634468,
            -18.4395114
          ],
          [
            48.2634583,
            -18.4393902
          ],
          [
            48.2634639,
            -18.4386476
          ],
          [
            48.2634659,
            -18.4383793
          ],
          [
            48.2634392,
            -18.4380703
          ],
          [
            48.26334,
            -18.4375458
          ],
          [
            48.263195,
            -18.4369392
          ],
          [
            48.2631226,
            -18.436758
          ],
          [
            48.2630005,
            -18.4366093
          ],
          [
            48.2628899,
            -18.4365253
          ],
          [
            48.262764,
            -18.436451
          ],
          [
            48.2625046,
            -18.4363346
          ],
          [
            48.2622681,
            -18.4362392
          ],
          [
            48.2617569,
            -18.4361038
          ],
          [
            48.2612686,
            -18.4359474
          ],
          [
            48.2611466,
            -18.4358959
          ],
          [
            48.2610435,
            -18.4358158
          ],
          [
            48.2609634,
            -18.4357243
          ],
          [
            48.26091,
            -18.4356308
          ],
          [
            48.260891,
            -18.4355373
          ],
          [
            48.2608948,
            -18.4354897
          ],
          [
            48.2609329,
            -18.4353962
          ],
          [
            48.2616119,
            -18.4346523
          ],
          [
            48.261898,
            -18.4342976
          ],
          [
            48.2619972,
            -18.4341354
          ],
          [
            48.2620697,
            -18.4339485
          ],
          [
            48.2622452,
            -18.4331341
          ],
          [
            48.2623634,
            -18.4326668
          ],
          [
            48.262497,
            -18.4319363
          ],
          [
            48.2626801,
            -18.4311886
          ],
          [
            48.2628136,
            -18.4304867
          ],
          [
            48.2629242,
            -18.4297428
          ],
          [
            48.2629967,
            -18.4291115
          ],
          [
            48.2631531,
            -18.4280834
          ],
          [
            48.2632713,
            -18.4275875
          ],
          [
            48.2633781,
            -18.4269524
          ],
          [
            48.263649,
            -18.4256172
          ],
          [
            48.2637405,
            -18.4249687
          ],
          [
            48.2639084,
            -18.4240856
          ],
          [
            48.2640419,
            -18.4234715
          ],
          [
            48.2641869,
            -18.4228935
          ],
          [
            48.264267,
            -18.4224815
          ],
          [
            48.26437,
            -18.4221325
          ],
          [
            48.2647591,
            -18.4210491
          ],
          [
            48.2650375,
            -18.4203358
          ],
          [
            48.2651901,
            -18.4198475
          ],
          [
            48.2653046,
            -18.4193554
          ],
          [
            48.2653885,
            -18.4189129
          ],
          [
            48.2654381,
            -18.4185505
          ],
          [
            48.2655563,
            -18.417202
          ],
          [
            48.2656898,
            -18.416443
          ],
          [
            48.2673701,
            -18.4078251
          ],
          [
            48.2676406,
            -18.4057473
          ],
          [
            48.2678476,
            -18.4046323
          ],
          [
            48.2682834,
            -18.4022842
          ],
          [
            48.2683703,
            -18.401816
          ],
          [
            48.2687077,
            -18.4005476
          ],
          [
            48.2689837,
            -18.3992696
          ],
          [
            48.269076,
            -18.3987738
          ]
        ]
      },
      "id": "way/130793368"
    },
    {
      "type": "Feature",
      "properties": {
        "@id": "way/130793376",
        "bridge": "yes",
        "highway": "secondary",
        "layer": "1",
        "ref": "N 44",
        "source": "GPS",
        "surface": "asphalt"
      },
      "geometry": {
        "type": "LineString",
        "coordinates": [
          [
            48.2739038,
            -18.652839
          ],
          [
            48.2738195,
            -18.6526659
          ]
        ]
      },
      "id": "way/130793376"
    },
    {
      "type": "Feature",
      "properties": {
        "@id": "way/130793383",
        "highway": "secondary",
        "ref": "N 44",
        "smoothness": "intermediate",
        "source": "GPS",
        "surface": "asphalt"
      },
      "geometry": {
        "type": "LineString",
        "coordinates": [
          [
            48.2630827,
            -18.5069275
          ],
          [
            48.2635923,
            -18.5064361
          ],
          [
            48.2638087,
            -18.5061843
          ],
          [
            48.2640629,
            -18.5058486
          ],
          [
            48.2642122,
            -18.5056775
          ],
          [
            48.2643797,
            -18.5055606
          ],
          [
            48.2646748,
            -18.505429
          ],
          [
            48.2651199,
            -18.5052967
          ],
          [
            48.2657841,
            -18.5050367
          ],
          [
            48.266842,
            -18.5044015
          ],
          [
            48.2673045,
            -18.5040773
          ],
          [
            48.2674578,
            -18.5039006
          ],
          [
            48.2676062,
            -18.5035954
          ],
          [
            48.267785,
            -18.5030118
          ],
          [
            48.2679077,
            -18.5025934
          ],
          [
            48.2679418,
            -18.5022278
          ],
          [
            48.2679054,
            -18.5016518
          ],
          [
            48.2678437,
            -18.5012315
          ],
          [
            48.2677683,
            -18.5010045
          ],
          [
            48.2676826,
            -18.5007947
          ],
          [
            48.2675686,
            -18.5004965
          ],
          [
            48.267429,
            -18.500218
          ],
          [
            48.2673039,
            -18.5000387
          ],
          [
            48.2670192,
            -18.4996592
          ],
          [
            48.2668293,
            -18.4994875
          ],
          [
            48.2660179,
            -18.4988174
          ],
          [
            48.265419,
            -18.4983559
          ],
          [
            48.2647514,
            -18.4979172
          ],
          [
            48.2646751,
            -18.4978542
          ],
          [
            48.2645569,
            -18.4976997
          ],
          [
            48.264492,
            -18.49753
          ],
          [
            48.2644768,
            -18.4973564
          ],
          [
            48.2644844,
            -18.4972706
          ],
          [
            48.264534,
            -18.4970074
          ],
          [
            48.2646713,
            -18.4964523
          ],
          [
            48.2647018,
            -18.4962292
          ],
          [
            48.2647209,
            -18.4956474
          ],
          [
            48.2647629,
            -18.4952908
          ],
          [
            48.264843,
            -18.4950161
          ],
          [
            48.2650909,
            -18.4943924
          ],
          [
            48.2651291,
            -18.4942417
          ],
          [
            48.2651482,
            -18.4940872
          ],
          [
            48.2651596,
            -18.4938431
          ],
          [
            48.2651367,
            -18.4934158
          ],
          [
            48.2649002,
            -18.4925575
          ],
          [
            48.2648201,
            -18.4921265
          ],
          [
            48.2648125,
            -18.491993
          ],
          [
            48.2648315,
            -18.4917564
          ],
          [
            48.2648354,
            -18.4914265
          ],
          [
            48.2649117,
            -18.4908218
          ],
          [
            48.2649536,
            -18.4903221
          ],
          [
            48.2650604,
            -18.4895573
          ],
          [
            48.2651482,
            -18.4887257
          ],
          [
            48.2651825,
            -18.4880467
          ],
          [
            48.2652435,
            -18.4873161
          ],
          [
            48.2652931,
            -18.4870758
          ],
          [
            48.2653008,
            -18.4868431
          ],
          [
            48.265255,
            -18.4865799
          ],
          [
            48.2651978,
            -18.4863892
          ],
          [
            48.2650299,
            -18.4860477
          ],
          [
            48.2646294,
            -18.4854984
          ],
          [
            48.264431,
            -18.4852676
          ],
          [
            48.2642136,
            -18.4850597
          ],
          [
            48.2640381,
            -18.4848461
          ],
          [
            48.2638931,
            -18.4846973
          ]
        ]
      },
      "id": "way/130793383"
    },
    {
      "type": "Feature",
      "properties": {
        "@id": "way/130793393",
        "highway": "secondary",
        "ref": "N 44",
        "source": "GPS",
        "surface": "asphalt"
      },
      "geometry": {
        "type": "LineString",
        "coordinates": [
          [
            48.3839367,
            -17.8705889
          ],
          [
            48.384449,
            -17.8707295
          ],
          [
            48.3846741,
            -17.8707924
          ],
          [
            48.3849869,
            -17.8708572
          ],
          [
            48.3851509,
            -17.8708725
          ],
          [
            48.3853188,
            -17.8708687
          ],
          [
            48.3856506,
            -17.8708172
          ],
          [
            48.3859024,
            -17.8707561
          ],
          [
            48.387001,
            -17.8704472
          ],
          [
            48.3881531,
            -17.8701019
          ],
          [
            48.3891449,
            -17.8697701
          ],
          [
            48.389492,
            -17.8696308
          ],
          [
            48.3901596,
            -17.8693295
          ],
          [
            48.3925538,
            -17.868043
          ],
          [
            48.3932062,
            -17.867727
          ]
        ]
      },
      "id": "way/130793393"
    },
    {
      "type": "Feature",
      "properties": {
        "@id": "way/130793396",
        "highway": "secondary",
        "ref": "N 44",
        "source": "GPS",
        "surface": "asphalt"
      },
      "geometry": {
        "type": "LineString",
        "coordinates": [
          [
            48.3977071,
            -17.8652036
          ],
          [
            48.3983518,
            -17.8647998
          ],
          [
            48.3986544,
            -17.8646045
          ],
          [
            48.3988247,
            -17.8644948
          ],
          [
            48.3990725,
            -17.8643465
          ],
          [
            48.3993412,
            -17.8641782
          ],
          [
            48.3995779,
            -17.8640445
          ],
          [
            48.3997742,
            -17.8639524
          ],
          [
            48.3998157,
            -17.8639329
          ],
          [
            48.4000862,
            -17.8638267
          ],
          [
            48.4003157,
            -17.8637542
          ],
          [
            48.4005971,
            -17.8636718
          ],
          [
            48.403094,
            -17.8630059
          ],
          [
            48.4033021,
            -17.8629511
          ],
          [
            48.4034725,
            -17.8629238
          ],
          [
            48.403634,
            -17.8629167
          ],
          [
            48.403746,
            -17.8629136
          ],
          [
            48.4038552,
            -17.8629244
          ],
          [
            48.4039821,
            -17.8629429
          ],
          [
            48.4041111,
            -17.8629785
          ],
          [
            48.4043444,
            -17.8630415
          ],
          [
            48.4048731,
            -17.8632005
          ],
          [
            48.4050791,
            -17.8632806
          ],
          [
            48.4052622,
            -17.8633874
          ],
          [
            48.4055519,
            -17.8636315
          ],
          [
            48.4056206,
            -17.8636601
          ],
          [
            48.4057579,
            -17.8636868
          ],
          [
            48.4058876,
            -17.8636715
          ],
          [
            48.406002,
            -17.8636143
          ],
          [
            48.4060898,
            -17.8635285
          ],
          [
            48.4063072,
            -17.8632099
          ],
          [
            48.4065374,
            -17.8630404
          ],
          [
            48.4068425,
            -17.8628806
          ],
          [
            48.4075089,
            -17.8625584
          ],
          [
            48.4076424,
            -17.8624706
          ],
          [
            48.4077682,
            -17.8623657
          ],
          [
            48.4079132,
            -17.8621807
          ],
          [
            48.4079895,
            -17.8620453
          ],
          [
            48.4082222,
            -17.8614273
          ],
          [
            48.4083214,
            -17.8612308
          ],
          [
            48.4084091,
            -17.8611126
          ],
          [
            48.4085083,
            -17.8610115
          ],
          [
            48.40868,
            -17.8608875
          ],
          [
            48.4087982,
            -17.8608208
          ],
          [
            48.409771,
            -17.8603516
          ],
          [
            48.4099503,
            -17.8602791
          ],
          [
            48.4101448,
            -17.8602276
          ],
          [
            48.4103355,
            -17.8602276
          ],
          [
            48.4115486,
            -17.8604908
          ],
          [
            48.4119453,
            -17.8605213
          ],
          [
            48.4120865,
            -17.8605137
          ],
          [
            48.412299,
            -17.8604801
          ],
          [
            48.4124948,
            -17.8603935
          ],
          [
            48.4126657,
            -17.8602758
          ],
          [
            48.4128729,
            -17.8600635
          ],
          [
            48.4131615,
            -17.8596933
          ],
          [
            48.413374,
            -17.859424
          ],
          [
            48.4137287,
            -17.8588866
          ],
          [
            48.4141571,
            -17.8582911
          ],
          [
            48.4144859,
            -17.8576701
          ],
          [
            48.415082,
            -17.8565412
          ],
          [
            48.4153109,
            -17.8561655
          ],
          [
            48.4155055,
            -17.8559366
          ],
          [
            48.4157771,
            -17.8556715
          ],
          [
            48.4162712,
            -17.85532
          ],
          [
            48.4164162,
            -17.8551559
          ],
          [
            48.4165374,
            -17.8549486
          ],
          [
            48.4169224,
            -17.8543062
          ],
          [
            48.4173247,
            -17.8536983
          ],
          [
            48.4175967,
            -17.8533344
          ],
          [
            48.4177744,
            -17.8530673
          ],
          [
            48.418203,
            -17.8525034
          ],
          [
            48.4185279,
            -17.8518597
          ],
          [
            48.4188429,
            -17.8509975
          ],
          [
            48.4190789,
            -17.8504307
          ],
          [
            48.4192466,
            -17.8499571
          ],
          [
            48.4193141,
            -17.8497994
          ],
          [
            48.4194743,
            -17.8495533
          ],
          [
            48.4195735,
            -17.8494503
          ],
          [
            48.4196842,
            -17.8493626
          ],
          [
            48.4198749,
            -17.8492653
          ],
          [
            48.4201457,
            -17.8491738
          ],
          [
            48.4211243,
            -17.8490135
          ],
          [
            48.4212654,
            -17.8489849
          ],
          [
            48.4214027,
            -17.8489334
          ],
          [
            48.4215053,
            -17.8488792
          ],
          [
            48.4215362,
            -17.8488629
          ],
          [
            48.4216583,
            -17.8487732
          ],
          [
            48.4217278,
            -17.8486972
          ],
          [
            48.4217613,
            -17.8486607
          ],
          [
            48.4218376,
            -17.8485367
          ],
          [
            48.4219595,
            -17.8482255
          ],
          [
            48.4220632,
            -17.8479385
          ],
          [
            48.4221433,
            -17.8477167
          ],
          [
            48.4222794,
            -17.8473403
          ],
          [
            48.4223472,
            -17.8471402
          ],
          [
            48.4223718,
            -17.8470677
          ],
          [
            48.4226838,
            -17.8463125
          ],
          [
            48.4228953,
            -17.8458293
          ],
          [
            48.423007,
            -17.8455739
          ],
          [
            48.4231619,
            -17.84522
          ],
          [
            48.4232559,
            -17.8449135
          ],
          [
            48.423275,
            -17.8447628
          ],
          [
            48.423275,
            -17.8446121
          ],
          [
            48.4232453,
            -17.8444503
          ],
          [
            48.423233,
            -17.8443832
          ],
          [
            48.4232182,
            -17.8443465
          ],
          [
            48.423172,
            -17.8442326
          ],
          [
            48.4230499,
            -17.8440208
          ],
          [
            48.4229469,
            -17.843893
          ],
          [
            48.4228499,
            -17.8437966
          ],
          [
            48.4226532,
            -17.8436012
          ],
          [
            48.4216576,
            -17.8427315
          ],
          [
            48.421511,
            -17.8425824
          ],
          [
            48.4213996,
            -17.8424533
          ],
          [
            48.4213815,
            -17.8424323
          ],
          [
            48.4212595,
            -17.8421672
          ],
          [
            48.4211837,
            -17.8420024
          ],
          [
            48.421157,
            -17.841785
          ],
          [
            48.4211321,
            -17.8412723
          ],
          [
            48.4211442,
            -17.8410706
          ],
          [
            48.4211482,
            -17.8409457
          ],
          [
            48.4211775,
            -17.840833
          ],
          [
            48.4212246,
            -17.8407403
          ],
          [
            48.4212385,
            -17.8407128
          ],
          [
            48.4213262,
            -17.8406136
          ],
          [
            48.4214292,
            -17.840543
          ],
          [
            48.4214695,
            -17.8405274
          ],
          [
            48.4215475,
            -17.8404973
          ],
          [
            48.4218145,
            -17.8404706
          ]
        ]
      },
      "id": "way/130793396"
    },
    {
      "type": "Feature",
      "properties": {
        "@id": "way/130793407",
        "highway": "secondary",
        "ref": "N 44",
        "source": "GPS",
        "surface": "asphalt"
      },
      "geometry": {
        "type": "LineString",
        "coordinates": [
          [
            48.2668613,
            -18.7239177
          ],
          [
            48.267293,
            -18.7223797
          ],
          [
            48.2678148,
            -18.7204799
          ],
          [
            48.2678835,
            -18.7202371
          ],
          [
            48.2679491,
            -18.7200521
          ],
          [
            48.2684003,
            -18.7185244
          ],
          [
            48.268546,
            -18.7180267
          ],
          [
            48.2688415,
            -18.7170918
          ],
          [
            48.2691589,
            -18.7160041
          ],
          [
            48.2697222,
            -18.7140699
          ],
          [
            48.2701037,
            -18.7128875
          ],
          [
            48.2702223,
            -18.7125081
          ],
          [
            48.2703942,
            -18.711857
          ],
          [
            48.2704462,
            -18.7115588
          ],
          [
            48.2705217,
            -18.7109573
          ],
          [
            48.2705847,
            -18.7103608
          ],
          [
            48.270704,
            -18.7097474
          ],
          [
            48.2708132,
            -18.7092541
          ],
          [
            48.2710358,
            -18.7085703
          ],
          [
            48.2711186,
            -18.7082496
          ],
          [
            48.2711378,
            -18.7080181
          ],
          [
            48.2711466,
            -18.7077822
          ],
          [
            48.271116,
            -18.7073143
          ],
          [
            48.2711333,
            -18.7068254
          ],
          [
            48.2712942,
            -18.7045155
          ],
          [
            48.2713831,
            -18.7035205
          ],
          [
            48.2714083,
            -18.7031848
          ],
          [
            48.2714328,
            -18.7029312
          ],
          [
            48.2714439,
            -18.7027067
          ],
          [
            48.2714606,
            -18.7024765
          ],
          [
            48.2714769,
            -18.7022959
          ],
          [
            48.2714908,
            -18.7021071
          ],
          [
            48.2715099,
            -18.7018603
          ],
          [
            48.2715578,
            -18.7011878
          ],
          [
            48.2715872,
            -18.7004483
          ],
          [
            48.2715425,
            -18.698684
          ],
          [
            48.2715163,
            -18.6981456
          ],
          [
            48.2715024,
            -18.6978728
          ],
          [
            48.2714826,
            -18.6975232
          ],
          [
            48.2714281,
            -18.6961104
          ],
          [
            48.2714008,
            -18.6957315
          ],
          [
            48.271394,
            -18.6956374
          ],
          [
            48.2713891,
            -18.6954932
          ],
          [
            48.2713808,
            -18.6952472
          ],
          [
            48.2713166,
            -18.694011
          ],
          [
            48.2712926,
            -18.6935801
          ],
          [
            48.2711945,
            -18.6917591
          ],
          [
            48.2711601,
            -18.6911106
          ],
          [
            48.2711067,
            -18.6905174
          ],
          [
            48.2710953,
            -18.6900425
          ],
          [
            48.2710419,
            -18.6896439
          ],
          [
            48.2710457,
            -18.6891041
          ],
          [
            48.2710075,
            -18.6887016
          ],
          [
            48.2710075,
            -18.6883526
          ],
          [
            48.2710161,
            -18.6879909
          ],
          [
            48.2710155,
            -18.6878992
          ],
          [
            48.271109,
            -18.687329
          ],
          [
            48.2717724,
            -18.6830965
          ],
          [
            48.2718922,
            -18.68238
          ],
          [
            48.2720077,
            -18.6816604
          ],
          [
            48.2721954,
            -18.6805878
          ],
          [
            48.2724779,
            -18.6787815
          ],
          [
            48.2726915,
            -18.6774413
          ],
          [
            48.2729168,
            -18.6759879
          ],
          [
            48.2730628,
            -18.6750889
          ],
          [
            48.2734858,
            -18.6725877
          ],
          [
            48.2737932,
            -18.6706512
          ],
          [
            48.2739234,
            -18.6697629
          ],
          [
            48.274116,
            -18.6685245
          ],
          [
            48.2741701,
            -18.6682412
          ],
          [
            48.2742487,
            -18.6679396
          ],
          [
            48.2743631,
            -18.6676515
          ],
          [
            48.274582,
            -18.6671517
          ],
          [
            48.2746543,
            -18.6668586
          ],
          [
            48.2746667,
            -18.6665851
          ],
          [
            48.2746757,
            -18.666422
          ]
        ]
      },
      "id": "way/130793407"
    },
    {
      "type": "Feature",
      "properties": {
        "@id": "way/130793417",
        "bridge": "yes",
        "highway": "secondary",
        "layer": "1",
        "ref": "N 44",
        "smoothness": "intermediate",
        "source": "GPS",
        "surface": "asphalt"
      },
      "geometry": {
        "type": "LineString",
        "coordinates": [
          [
            48.269034,
            -18.3923678
          ],
          [
            48.2690322,
            -18.3921536
          ]
        ]
      },
      "id": "way/130793417"
    },
    {
      "type": "Feature",
      "properties": {
        "@id": "way/130793420",
        "bridge": "yes",
        "highway": "secondary",
        "layer": "1",
        "ref": "N 44",
        "source": "GPS",
        "surface": "asphalt"
      },
      "geometry": {
        "type": "LineString",
        "coordinates": [
          [
            48.3975082,
            -17.8653269
          ],
          [
            48.3977071,
            -17.8652036
          ]
        ]
      },
      "id": "way/130793420"
    },
    {
      "type": "Feature",
      "properties": {
        "@id": "way/130793421",
        "bridge": "yes",
        "highway": "secondary",
        "layer": "1",
        "ref": "N 44",
        "source": "GPS",
        "surface": "asphalt"
      },
      "geometry": {
        "type": "LineString",
        "coordinates": [
          [
            48.2725014,
            -17.8702684
          ],
          [
            48.2727169,
            -17.8700794
          ]
        ]
      },
      "id": "way/130793421"
    },
    {
      "type": "Feature",
      "properties": {
        "@id": "way/130793422",
        "bridge": "yes",
        "highway": "secondary",
        "layer": "1",
        "ref": "N 44",
        "source": "GPS",
        "surface": "asphalt"
      },
      "geometry": {
        "type": "LineString",
        "coordinates": [
          [
            48.3658264,
            -17.8526067
          ],
          [
            48.3661074,
            -17.8526729
          ]
        ]
      },
      "id": "way/130793422"
    },
    {
      "type": "Feature",
      "properties": {
        "@id": "way/130793424",
        "bridge": "yes",
        "highway": "secondary",
        "layer": "1",
        "ref": "N 44",
        "source": "GPS",
        "surface": "asphalt"
      },
      "geometry": {
        "type": "LineString",
        "coordinates": [
          [
            48.2332282,
            -18.895417
          ],
          [
            48.2333179,
            -18.895336
          ]
        ]
      },
      "id": "way/130793424"
    },
    {
      "type": "Feature",
      "properties": {
        "@id": "way/130793426",
        "bridge": "yes",
        "highway": "secondary",
        "layer": "1",
        "ref": "N 44",
        "source": "GPS",
        "surface": "asphalt"
      },
      "geometry": {
        "type": "LineString",
        "coordinates": [
          [
            48.3932062,
            -17.867727
          ],
          [
            48.3935807,
            -17.8675387
          ]
        ]
      },
      "id": "way/130793426"
    },
    {
      "type": "Feature",
      "properties": {
        "@id": "way/130793428",
        "bridge": "yes",
        "highway": "secondary",
        "layer": "1",
        "ref": "N 44",
        "source": "GPS",
        "surface": "asphalt"
      },
      "geometry": {
        "type": "LineString",
        "coordinates": [
          [
            48.3837384,
            -17.8705136
          ],
          [
            48.3839367,
            -17.8705889
          ]
        ]
      },
      "id": "way/130793428"
    },
    {
      "type": "Feature",
      "properties": {
        "@id": "way/130793430",
        "bridge": "yes",
        "highway": "secondary",
        "layer": "1",
        "ref": "N 44",
        "source": "GPS",
        "surface": "asphalt"
      },
      "geometry": {
        "type": "LineString",
        "coordinates": [
          [
            48.2715289,
            -18.583861
          ],
          [
            48.2714727,
            -18.5837922
          ]
        ]
      },
      "id": "way/130793430"
    },
    {
      "type": "Feature",
      "properties": {
        "@id": "way/130793432",
        "bridge": "yes",
        "highway": "secondary",
        "layer": "1",
        "ref": "N 44",
        "smoothness": "bad",
        "source": "GPS",
        "surface": "asphalt"
      },
      "geometry": {
        "type": "LineString",
        "coordinates": [
          [
            48.257767,
            -18.0184104
          ],
          [
            48.2578107,
            -18.0182212
          ]
        ]
      },
      "id": "way/130793432"
    },
    {
      "type": "Feature",
      "properties": {
        "@id": "way/130793434",
        "bridge": "yes",
        "highway": "secondary",
        "layer": "1",
        "maxspeed:forward": "80",
        "ref": "N 44",
        "smoothness": "intermediate",
        "source": "GPS",
        "surface": "asphalt"
      },
      "geometry": {
        "type": "LineString",
        "coordinates": [
          [
            48.2631751,
            -18.4468503
          ],
          [
            48.2630952,
            -18.4466841
          ]
        ]
      },
      "id": "way/130793434"
    },
    {
      "type": "Feature",
      "properties": {
        "@id": "way/130793438",
        "bridge": "yes",
        "highway": "secondary",
        "layer": "1",
        "ref": "N 44",
        "source": "GPS",
        "surface": "asphalt"
      },
      "geometry": {
        "type": "LineString",
        "coordinates": [
          [
            48.327115,
            -17.8444528
          ],
          [
            48.3275894,
            -17.8441248
          ]
        ]
      },
      "id": "way/130793438"
    },
    {
      "type": "Feature",
      "properties": {
        "@id": "way/130793439",
        "bridge": "yes",
        "highway": "secondary",
        "layer": "1",
        "ref": "N 44",
        "source": "GPS",
        "surface": "asphalt"
      },
      "geometry": {
        "type": "LineString",
        "coordinates": [
          [
            48.323719,
            -17.8468385
          ],
          [
            48.3240778,
            -17.8465851
          ]
        ]
      },
      "id": "way/130793439"
    },
    {
      "type": "Feature",
      "properties": {
        "@id": "way/130793440",
        "bridge": "yes",
        "highway": "secondary",
        "layer": "1",
        "maxspeed:forward": "50",
        "ref": "N 44",
        "smoothness": "intermediate",
        "source": "GPS",
        "surface": "asphalt"
      },
      "geometry": {
        "type": "LineString",
        "coordinates": [
          [
            48.2627872,
            -18.5146463
          ],
          [
            48.2627305,
            -18.5142543
          ]
        ]
      },
      "id": "way/130793440"
    },
    {
      "type": "Feature",
      "properties": {
        "@id": "way/130793441",
        "bridge": "yes",
        "highway": "secondary",
        "layer": "1",
        "maxspeed:forward": "50",
        "ref": "N 44",
        "smoothness": "intermediate",
        "source": "GPS",
        "surface": "asphalt"
      },
      "geometry": {
        "type": "LineString",
        "coordinates": [
          [
            48.2611123,
            -18.4801659
          ],
          [
            48.2610592,
            -18.4799595
          ]
        ]
      },
      "id": "way/130793441"
    },
    {
      "type": "Feature",
      "properties": {
        "@id": "way/130793443",
        "bridge": "yes",
        "highway": "secondary",
        "layer": "1",
        "ref": "N 44",
        "smoothness": "intermediate",
        "source": "GPS",
        "surface": "asphalt"
      },
      "geometry": {
        "type": "LineString",
        "coordinates": [
          [
            48.2613441,
            -17.9123598
          ],
          [
            48.2615453,
            -17.9121558
          ]
        ]
      },
      "id": "way/130793443"
    },
    {
      "type": "Feature",
      "properties": {
        "@id": "way/130793446",
        "bridge": "yes",
        "highway": "secondary",
        "layer": "1",
        "ref": "N 44",
        "source": "GPS",
        "surface": "asphalt"
      },
      "geometry": {
        "type": "LineString",
        "coordinates": [
          [
            48.3200011,
            -17.8494564
          ],
          [
            48.3205161,
            -17.8490975
          ]
        ]
      },
      "id": "way/130793446"
    },
    {
      "type": "Feature",
      "properties": {
        "@id": "way/130793447",
        "bridge": "yes",
        "highway": "secondary",
        "layer": "1",
        "ref": "N 44",
        "source": "GPS",
        "surface": "asphalt"
      },
      "geometry": {
        "type": "LineString",
        "coordinates": [
          [
            48.268333,
            -17.8739227
          ],
          [
            48.2684861,
            -17.8737909
          ]
        ]
      },
      "id": "way/130793447"
    },
    {
      "type": "Feature",
      "properties": {
        "@id": "way/130793449",
        "bridge": "yes",
        "highway": "secondary",
        "layer": "1",
        "ref": "N 44",
        "smoothness": "intermediate",
        "source": "GPS",
        "surface": "asphalt"
      },
      "geometry": {
        "type": "LineString",
        "coordinates": [
          [
            48.269076,
            -18.3987738
          ],
          [
            48.269094,
            -18.3985605
          ]
        ]
      },
      "id": "way/130793449"
    },
    {
      "type": "Feature",
      "properties": {
        "@id": "way/130793451",
        "bridge": "yes",
        "highway": "secondary",
        "layer": "1",
        "ref": "N 44",
        "smoothness": "bad",
        "source": "GPS",
        "surface": "asphalt"
      },
      "geometry": {
        "type": "LineString",
        "coordinates": [
          [
            48.2574708,
            -18.1926673
          ],
          [
            48.2574703,
            -18.19248
          ]
        ]
      },
      "id": "way/130793451"
    },
    {
      "type": "Feature",
      "properties": {
        "@id": "way/130793452",
        "bridge": "yes",
        "highway": "secondary",
        "layer": "1",
        "ref": "N 44",
        "smoothness": "intermediate",
        "source": "GPS",
        "surface": "asphalt"
      },
      "geometry": {
        "type": "LineString",
        "coordinates": [
          [
            48.2675368,
            -18.2680264
          ],
          [
            48.2675487,
            -18.2678324
          ]
        ]
      },
      "id": "way/130793452"
    },
    {
      "type": "Feature",
      "properties": {
        "@id": "way/130793455",
        "bridge": "yes",
        "highway": "secondary",
        "layer": "1",
        "ref": "N 44",
        "smoothness": "bad",
        "source": "GPS",
        "surface": "asphalt"
      },
      "geometry": {
        "type": "LineString",
        "coordinates": [
          [
            48.2628063,
            -18.0022391
          ],
          [
            48.2627343,
            -18.0018942
          ]
        ]
      },
      "id": "way/130793455"
    },
    {
      "type": "Feature",
      "properties": {
        "@id": "way/130793456",
        "highway": "secondary",
        "ref": "N 44",
        "source": "GPS",
        "surface": "asphalt"
      },
      "geometry": {
        "type": "LineString",
        "coordinates": [
          [
            48.2746496,
            -18.6661344
          ],
          [
            48.2746266,
            -18.6657712
          ],
          [
            48.2745584,
            -18.6654855
          ],
          [
            48.2744769,
            -18.6652155
          ],
          [
            48.2736969,
            -18.6634274
          ],
          [
            48.2736168,
            -18.6631889
          ],
          [
            48.2735825,
            -18.6630325
          ],
          [
            48.2735786,
            -18.6628742
          ],
          [
            48.2736092,
            -18.662447
          ],
          [
            48.2739182,
            -18.6598225
          ],
          [
            48.2740097,
            -18.658823
          ],
          [
            48.2740593,
            -18.6584911
          ],
          [
            48.2740936,
            -18.6580238
          ],
          [
            48.2742424,
            -18.6566448
          ],
          [
            48.2743364,
            -18.6559537
          ],
          [
            48.2743932,
            -18.655538
          ],
          [
            48.2744161,
            -18.6552428
          ],
          [
            48.2744686,
            -18.6547431
          ],
          [
            48.2744796,
            -18.6543961
          ],
          [
            48.2744217,
            -18.6540871
          ],
          [
            48.274353,
            -18.6538525
          ],
          [
            48.2741266,
            -18.6532782
          ],
          [
            48.2739038,
            -18.652839
          ]
        ]
      },
      "id": "way/130793456"
    },
    {
      "type": "Feature",
      "properties": {
        "@id": "way/130793457",
        "highway": "secondary",
        "ref": "N 44",
        "smoothness": "intermediate",
        "source": "GPS",
        "surface": "asphalt"
      },
      "geometry": {
        "type": "LineString",
        "coordinates": [
          [
            48.2683868,
            -18.2902641
          ],
          [
            48.2670784,
            -18.2899075
          ],
          [
            48.2666779,
            -18.2897759
          ],
          [
            48.2664871,
            -18.2896843
          ],
          [
            48.2662315,
            -18.2895107
          ],
          [
            48.2654228,
            -18.2887058
          ],
          [
            48.2652214,
            -18.2884993
          ],
          [
            48.2651138,
            -18.288208
          ],
          [
            48.2648673,
            -18.2865454
          ],
          [
            48.2647286,
            -18.2856102
          ],
          [
            48.2647251,
            -18.285206
          ],
          [
            48.2647209,
            -18.2847239
          ],
          [
            48.2649231,
            -18.2820931
          ],
          [
            48.2650648,
            -18.2812195
          ],
          [
            48.2652524,
            -18.280275
          ],
          [
            48.2653274,
            -18.2797706
          ],
          [
            48.26548,
            -18.2780399
          ],
          [
            48.2657089,
            -18.2754326
          ],
          [
            48.2660103,
            -18.2730274
          ],
          [
            48.2660904,
            -18.2726402
          ],
          [
            48.2663498,
            -18.2717819
          ],
          [
            48.2669525,
            -18.2699604
          ],
          [
            48.2673683,
            -18.2686119
          ],
          [
            48.2675368,
            -18.2680264
          ]
        ]
      },
      "id": "way/130793457"
    },
    {
      "type": "Feature",
      "properties": {
        "@id": "way/130793461",
        "highway": "secondary",
        "ref": "N 44",
        "smoothness": "bad",
        "source": "GPS",
        "surface": "asphalt"
      },
      "geometry": {
        "type": "LineString",
        "coordinates": [
          [
            48.2627343,
            -18.0018942
          ],
          [
            48.262699,
            -18.0017445
          ],
          [
            48.2626572,
            -18.0015564
          ],
          [
            48.2626915,
            -18.0013981
          ],
          [
            48.2628098,
            -18.0012016
          ],
          [
            48.2629128,
            -18.0011387
          ],
          [
            48.2631989,
            -18.0010109
          ],
          [
            48.2633667,
            -18.0009174
          ],
          [
            48.263504,
            -18.0007839
          ],
          [
            48.2635613,
            -18.0006714
          ],
          [
            48.2635689,
            -18.0006104
          ],
          [
            48.2635536,
            -18.0004787
          ],
          [
            48.2635155,
            -18.000351
          ],
          [
            48.2634277,
            -18.0001659
          ],
          [
            48.2633514,
            -18.0000629
          ],
          [
            48.2632065,
            -17.9999294
          ],
          [
            48.2630882,
            -17.9998722
          ],
          [
            48.2630234,
            -17.9998608
          ],
          [
            48.2625732,
            -17.9998741
          ],
          [
            48.2623749,
            -17.9998341
          ],
          [
            48.2622604,
            -17.9997673
          ],
          [
            48.2622109,
            -17.9997196
          ],
          [
            48.2621384,
            -17.9996109
          ],
          [
            48.2621079,
            -17.9994774
          ],
          [
            48.2621346,
            -17.9993343
          ],
          [
            48.2621651,
            -17.9992657
          ],
          [
            48.2622032,
            -17.9992008
          ],
          [
            48.2623138,
            -17.999094
          ],
          [
            48.2623787,
            -17.9990559
          ],
          [
            48.2625198,
            -17.9990158
          ],
          [
            48.2629509,
            -17.9990025
          ],
          [
            48.2631607,
            -17.9989338
          ],
          [
            48.2633514,
            -17.9988041
          ],
          [
            48.2635155,
            -17.9986534
          ],
          [
            48.2636375,
            -17.9984818
          ],
          [
            48.2636681,
            -17.9983521
          ],
          [
            48.2636681,
            -17.9982834
          ],
          [
            48.2636337,
            -17.9981575
          ],
          [
            48.2635651,
            -17.9980431
          ],
          [
            48.2634735,
            -17.9979401
          ],
          [
            48.2633667,
            -17.9978561
          ],
          [
            48.2630844,
            -17.9976826
          ],
          [
            48.26297,
            -17.9975414
          ],
          [
            48.2629471,
            -17.9974842
          ],
          [
            48.2629318,
            -17.997364
          ],
          [
            48.2629356,
            -17.9972992
          ],
          [
            48.262989,
            -17.9971848
          ],
          [
            48.2630768,
            -17.9970932
          ],
          [
            48.2632942,
            -17.9969807
          ],
          [
            48.2634163,
            -17.996954
          ],
          [
            48.2636032,
            -17.9969692
          ],
          [
            48.2637215,
            -17.9970093
          ],
          [
            48.264122,
            -17.9972611
          ],
          [
            48.264328,
            -17.9973526
          ],
          [
            48.2649498,
            -17.9974766
          ],
          [
            48.2651329,
            -17.9975281
          ],
          [
            48.2652397,
            -17.9976044
          ],
          [
            48.2653809,
            -17.9978142
          ],
          [
            48.265461,
            -17.9978981
          ],
          [
            48.2655678,
            -17.9979439
          ],
          [
            48.2656899,
            -17.9979458
          ],
          [
            48.2661324,
            -17.9978638
          ],
          [
            48.2664604,
            -17.9978542
          ],
          [
            48.266655,
            -17.9978199
          ],
          [
            48.2667732,
            -17.9977875
          ],
          [
            48.2672539,
            -17.9975987
          ],
          [
            48.2674637,
            -17.9974518
          ],
          [
            48.2676277,
            -17.9972572
          ],
          [
            48.2677383,
            -17.9970417
          ],
          [
            48.2677536,
            -17.9969845
          ],
          [
            48.2677498,
            -17.9968586
          ],
          [
            48.2676926,
            -17.9967499
          ],
          [
            48.2675552,
            -17.9965973
          ],
          [
            48.2669792,
            -17.9961224
          ],
          [
            48.2666969,
            -17.9959087
          ],
          [
            48.2665749,
            -17.9957371
          ],
          [
            48.2661858,
            -17.9949627
          ],
          [
            48.2660065,
            -17.9944019
          ],
          [
            48.2656708,
            -17.9932022
          ],
          [
            48.26548,
            -17.99263
          ],
          [
            48.2654228,
            -17.9925194
          ],
          [
            48.2652435,
            -17.9922752
          ],
          [
            48.2648163,
            -17.9917736
          ],
          [
            48.264534,
            -17.9915314
          ],
          [
            48.2642136,
            -17.9912224
          ],
          [
            48.2640915,
            -17.9911537
          ],
          [
            48.2639351,
            -17.9910126
          ],
          [
            48.2635307,
            -17.9904919
          ],
          [
            48.2634392,
            -17.9903259
          ],
          [
            48.2634239,
            -17.9902592
          ],
          [
            48.2634239,
            -17.990036
          ],
          [
            48.2635536,
            -17.9891796
          ],
          [
            48.2635613,
            -17.9890556
          ],
          [
            48.263546,
            -17.9888783
          ],
          [
            48.2635078,
            -17.9887066
          ],
          [
            48.2630692,
            -17.9875641
          ],
          [
            48.2630386,
            -17.9873867
          ],
          [
            48.2630425,
            -17.9872952
          ],
          [
            48.2630997,
            -17.9870091
          ],
          [
            48.2632141,
            -17.9858589
          ],
          [
            48.2632752,
            -17.9854851
          ],
          [
            48.2632828,
            -17.9853382
          ],
          [
            48.2632713,
            -17.9852486
          ],
          [
            48.2632408,
            -17.9851112
          ],
          [
            48.2629929,
            -17.9843826
          ],
          [
            48.2625504,
            -17.9831581
          ],
          [
            48.2623825,
            -17.9826412
          ],
          [
            48.2622833,
            -17.9822769
          ],
          [
            48.2621231,
            -17.9815636
          ],
          [
            48.2620812,
            -17.9812908
          ],
          [
            48.2620888,
            -17.98102
          ],
          [
            48.2621536,
            -17.9805489
          ],
          [
            48.2621384,
            -17.980423
          ],
          [
            48.262085,
            -17.9802551
          ],
          [
            48.2619782,
            -17.9800987
          ],
          [
            48.2617035,
            -17.9797878
          ],
          [
            48.2615089,
            -17.9795113
          ],
          [
            48.2610435,
            -17.9786243
          ],
          [
            48.2609024,
            -17.9784031
          ],
          [
            48.2607002,
            -17.9780235
          ],
          [
            48.2606316,
            -17.9779377
          ],
          [
            48.2602959,
            -17.9776993
          ],
          [
            48.260128,
            -17.9776115
          ],
          [
            48.2598763,
            -17.9775105
          ],
          [
            48.2595329,
            -17.977417
          ],
          [
            48.2591515,
            -17.9774036
          ],
          [
            48.2588463,
            -17.9773579
          ],
          [
            48.2586021,
            -17.9772835
          ],
          [
            48.2584572,
            -17.9772167
          ],
          [
            48.2583389,
            -17.9771175
          ],
          [
            48.2582703,
            -17.9770355
          ],
          [
            48.258091,
            -17.9767342
          ],
          [
            48.2579041,
            -17.9765053
          ],
          [
            48.2576904,
            -17.9763508
          ],
          [
            48.257412,
            -17.9761944
          ],
          [
            48.257225,
            -17.9760647
          ],
          [
            48.2570534,
            -17.9759159
          ],
          [
            48.2567024,
            -17.9755707
          ],
          [
            48.256527,
            -17.9754314
          ],
          [
            48.2564049,
            -17.9752693
          ],
          [
            48.2563667,
            -17.9751682
          ],
          [
            48.2563133,
            -17.9748306
          ],
          [
            48.2562561,
            -17.9746075
          ],
          [
            48.2561684,
            -17.9744148
          ],
          [
            48.2560043,
            -17.9741707
          ],
          [
            48.255928,
            -17.9740257
          ],
          [
            48.2558975,
            -17.9738941
          ],
          [
            48.2558899,
            -17.9734383
          ],
          [
            48.2558746,
            -17.9733372
          ],
          [
            48.255825,
            -17.9731865
          ],
          [
            48.2556419,
            -17.9728642
          ],
          [
            48.2555962,
            -17.9726563
          ],
          [
            48.2556,
            -17.9725494
          ],
          [
            48.2556725,
            -17.972292
          ],
          [
            48.255703,
            -17.9720955
          ],
          [
            48.2556381,
            -17.9717388
          ],
          [
            48.2555885,
            -17.9713249
          ],
          [
            48.2555656,
            -17.9711018
          ],
          [
            48.2555656,
            -17.9708138
          ],
          [
            48.2557194,
            -17.9700431
          ],
          [
            48.2557335,
            -17.9699726
          ],
          [
            48.2558518,
            -17.9692383
          ],
          [
            48.2559586,
            -17.9689446
          ],
          [
            48.256115,
            -17.9686203
          ],
          [
            48.256134,
            -17.9685326
          ],
          [
            48.2561302,
            -17.9684429
          ],
          [
            48.2560158,
            -17.968277
          ],
          [
            48.2556496,
            -17.9680271
          ],
          [
            48.2554016,
            -17.9677175
          ],
          [
            48.2551327,
            -17.9674076
          ],
          [
            48.2546539,
            -17.966856
          ],
          [
            48.2546043,
            -17.9667568
          ],
          [
            48.2545623,
            -17.9666464
          ],
          [
            48.2545711,
            -17.9665454
          ],
          [
            48.2546055,
            -17.9664006
          ],
          [
            48.2550049,
            -17.9658413
          ],
          [
            48.2555186,
            -17.9650632
          ],
          [
            48.2556534,
            -17.964859
          ],
          [
            48.2559815,
            -17.9644241
          ],
          [
            48.2561073,
            -17.9642334
          ],
          [
            48.256176,
            -17.9640961
          ],
          [
            48.256218,
            -17.9639549
          ],
          [
            48.2562294,
            -17.96381
          ],
          [
            48.2562065,
            -17.9636669
          ],
          [
            48.2559204,
            -17.9628696
          ],
          [
            48.2558823,
            -17.9627285
          ],
          [
            48.2558632,
            -17.9625797
          ],
          [
            48.2558823,
            -17.9621124
          ],
          [
            48.2559319,
            -17.9617691
          ],
          [
            48.2559853,
            -17.9611492
          ],
          [
            48.2559967,
            -17.9607811
          ],
          [
            48.2559395,
            -17.9606476
          ],
          [
            48.2558746,
            -17.9605541
          ],
          [
            48.2555067,
            -17.9600537
          ],
          [
            48.2539513,
            -17.9584457
          ],
          [
            48.2524156,
            -17.9568073
          ],
          [
            48.2519808,
            -17.9563724
          ],
          [
            48.2510102,
            -17.955343
          ],
          [
            48.2506897,
            -17.9550226
          ],
          [
            48.2505867,
            -17.9549368
          ],
          [
            48.2499123,
            -17.9545708
          ],
          [
            48.2495079,
            -17.9541702
          ],
          [
            48.2492333,
            -17.9538555
          ],
          [
            48.2486572,
            -17.9529724
          ],
          [
            48.2486038,
            -17.9528503
          ],
          [
            48.2485085,
            -17.9525108
          ],
          [
            48.2484932,
            -17.9522915
          ],
          [
            48.2485085,
            -17.9521465
          ],
          [
            48.2485504,
            -17.9519997
          ],
          [
            48.2486382,
            -17.9517841
          ],
          [
            48.2490501,
            -17.9509468
          ],
          [
            48.2491608,
            -17.9506779
          ],
          [
            48.2492065,
            -17.9504986
          ],
          [
            48.2491989,
            -17.9502354
          ],
          [
            48.2490768,
            -17.9496574
          ],
          [
            48.2486115,
            -17.9478741
          ],
          [
            48.2485789,
            -17.9477118
          ],
          [
            48.248539,
            -17.9475136
          ],
          [
            48.248497,
            -17.9473343
          ],
          [
            48.2483749,
            -17.9469585
          ],
          [
            48.2481766,
            -17.9461975
          ]
        ]
      },
      "id": "way/130793461"
    },
    {
      "type": "Feature",
      "properties": {
        "@id": "way/130793478",
        "bridge": "yes",
        "highway": "secondary",
        "layer": "1",
        "ref": "N 44",
        "source": "GPS",
        "surface": "asphalt"
      },
      "geometry": {
        "type": "LineString",
        "coordinates": [
          [
            48.2746757,
            -18.666422
          ],
          [
            48.2746496,
            -18.6661344
          ]
        ]
      },
      "id": "way/130793478"
    },
    {
      "type": "Feature",
      "properties": {
        "@id": "way/130793483",
        "bridge": "yes",
        "highway": "secondary",
        "layer": "1",
        "ref": "N 44",
        "source": "GPS",
        "surface": "asphalt"
      },
      "geometry": {
        "type": "LineString",
        "coordinates": [
          [
            48.2437488,
            -18.7884423
          ],
          [
            48.2438813,
            -18.7882008
          ]
        ]
      },
      "id": "way/130793483"
    },
    {
      "type": "Feature",
      "properties": {
        "@id": "way/130793484",
        "highway": "secondary",
        "ref": "N 44",
        "source": "GPS",
        "surface": "asphalt"
      },
      "geometry": {
        "type": "LineString",
        "coordinates": [
          [
            48.3240778,
            -17.8465851
          ],
          [
            48.3241549,
            -17.8465292
          ],
          [
            48.3243585,
            -17.8463815
          ],
          [
            48.327115,
            -17.8444528
          ]
        ]
      },
      "id": "way/130793484"
    },
    {
      "type": "Feature",
      "properties": {
        "@id": "way/130793486",
        "highway": "secondary",
        "ref": "N 44",
        "source": "GPS",
        "surface": "asphalt"
      },
      "geometry": {
        "type": "LineString",
        "coordinates": [
          [
            48.3205161,
            -17.8490975
          ],
          [
            48.3226743,
            -17.8475716
          ],
          [
            48.323719,
            -17.8468385
          ]
        ]
      },
      "id": "way/130793486"
    },
    {
      "type": "Feature",
      "properties": {
        "@id": "way/130793487",
        "highway": "secondary",
        "ref": "N 44",
        "source": "GPS",
        "surface": "asphalt"
      },
      "geometry": {
        "type": "LineString",
        "coordinates": [
          [
            48.2631281,
            -18.3260969
          ],
          [
            48.2631569,
            -18.325737
          ],
          [
            48.2631149,
            -18.3247051
          ],
          [
            48.2631302,
            -18.3243008
          ],
          [
            48.2637596,
            -18.3211899
          ],
          [
            48.2640648,
            -18.3198891
          ],
          [
            48.2642517,
            -18.319191
          ],
          [
            48.264473,
            -18.3181839
          ],
          [
            48.264637,
            -18.3172894
          ],
          [
            48.2649422,
            -18.3158722
          ],
          [
            48.2651177,
            -18.3147125
          ],
          [
            48.2659493,
            -18.3087616
          ],
          [
            48.2662315,
            -18.3069706
          ],
          [
            48.2663384,
            -18.306448
          ],
          [
            48.2664261,
            -18.3059006
          ],
          [
            48.266777,
            -18.3033524
          ],
          [
            48.2671585,
            -18.3008556
          ],
          [
            48.2672844,
            -18.2995415
          ],
          [
            48.2673111,
            -18.2994576
          ],
          [
            48.2673798,
            -18.2988739
          ],
          [
            48.2673645,
            -18.2985497
          ],
          [
            48.2673225,
            -18.2984257
          ],
          [
            48.2672272,
            -18.2982445
          ],
          [
            48.2671814,
            -18.2981033
          ],
          [
            48.26717,
            -18.297945
          ],
          [
            48.2671852,
            -18.297842
          ],
          [
            48.2677536,
            -18.2959003
          ],
          [
            48.2678833,
            -18.2955837
          ],
          [
            48.2680855,
            -18.2953033
          ],
          [
            48.2689476,
            -18.2943993
          ],
          [
            48.2693481,
            -18.2939472
          ],
          [
            48.2699089,
            -18.2932777
          ],
          [
            48.2699966,
            -18.2931519
          ],
          [
            48.2700717,
            -18.2930197
          ],
          [
            48.270105,
            -18.2928846
          ],
          [
            48.27012,
            -18.2927151
          ]
        ]
      },
      "id": "way/130793487"
    },
    {
      "type": "Feature",
      "properties": {
        "@id": "way/130793490",
        "highway": "secondary",
        "ref": "N 44",
        "source": "GPS",
        "surface": "asphalt"
      },
      "geometry": {
        "type": "LineString",
        "coordinates": [
          [
            48.2684861,
            -17.8737909
          ],
          [
            48.2700119,
            -17.8724594
          ],
          [
            48.2706947,
            -17.8718796
          ],
          [
            48.2725014,
            -17.8702684
          ]
        ]
      },
      "id": "way/130793490"
    },
    {
      "type": "Feature",
      "properties": {
        "@id": "way/130793491",
        "bridge": "yes",
        "highway": "secondary",
        "layer": "1",
        "ref": "N 44",
        "source": "GPS",
        "surface": "asphalt"
      },
      "geometry": {
        "type": "LineString",
        "coordinates": [
          [
            48.27012,
            -18.2927151
          ],
          [
            48.2701109,
            -18.292513
          ]
        ]
      },
      "id": "way/130793491"
    },
    {
      "type": "Feature",
      "properties": {
        "@id": "way/130793492",
        "highway": "secondary",
        "ref": "N 44",
        "source": "GPS",
        "surface": "asphalt"
      },
      "geometry": {
        "type": "LineString",
        "coordinates": [
          [
            48.3935807,
            -17.8675387
          ],
          [
            48.3943326,
            -17.8671602
          ],
          [
            48.3951158,
            -17.8667659
          ],
          [
            48.3955152,
            -17.8665394
          ],
          [
            48.3975082,
            -17.8653269
          ]
        ]
      },
      "id": "way/130793492"
    },
    {
      "type": "Feature",
      "properties": {
        "@id": "way/130793495",
        "highway": "secondary",
        "ref": "N 44",
        "source": "GPS",
        "surface": "asphalt"
      },
      "geometry": {
        "type": "LineString",
        "coordinates": [
          [
            48.3661074,
            -17.8526729
          ],
          [
            48.3683777,
            -17.8531647
          ],
          [
            48.3707047,
            -17.8537159
          ],
          [
            48.3709831,
            -17.853796
          ],
          [
            48.3712463,
            -17.8538952
          ],
          [
            48.3716736,
            -17.8540821
          ],
          [
            48.3721809,
            -17.8543415
          ],
          [
            48.3731308,
            -17.8548832
          ],
          [
            48.3738518,
            -17.8551807
          ],
          [
            48.3739929,
            -17.855257
          ],
          [
            48.3742027,
            -17.8554001
          ],
          [
            48.3744011,
            -17.8556042
          ],
          [
            48.3746796,
            -17.8560047
          ],
          [
            48.3754768,
            -17.8574314
          ],
          [
            48.3765182,
            -17.8592491
          ],
          [
            48.3781967,
            -17.8622532
          ],
          [
            48.3783302,
            -17.8624497
          ],
          [
            48.37854,
            -17.8627033
          ],
          [
            48.3791046,
            -17.8632774
          ],
          [
            48.3792877,
            -17.863493
          ],
          [
            48.3794022,
            -17.8636494
          ],
          [
            48.3794975,
            -17.8638172
          ],
          [
            48.3795967,
            -17.8640862
          ],
          [
            48.3796349,
            -17.8643704
          ],
          [
            48.3796196,
            -17.8648491
          ],
          [
            48.3795204,
            -17.8660889
          ],
          [
            48.3795242,
            -17.8663559
          ],
          [
            48.3795471,
            -17.8665276
          ],
          [
            48.3795891,
            -17.8666935
          ],
          [
            48.3796845,
            -17.8669281
          ],
          [
            48.3797646,
            -17.8670769
          ],
          [
            48.3799515,
            -17.8673248
          ],
          [
            48.3800583,
            -17.8674259
          ],
          [
            48.3802147,
            -17.8675461
          ],
          [
            48.3803711,
            -17.8676376
          ],
          [
            48.3805733,
            -17.8677292
          ],
          [
            48.3807449,
            -17.8677807
          ],
          [
            48.3815231,
            -17.8679638
          ],
          [
            48.3817635,
            -17.8680859
          ],
          [
            48.3819046,
            -17.8681927
          ],
          [
            48.382061,
            -17.8683624
          ],
          [
            48.3821983,
            -17.8686199
          ],
          [
            48.3822784,
            -17.8689175
          ],
          [
            48.3823547,
            -17.8693924
          ],
          [
            48.3823967,
            -17.8695335
          ],
          [
            48.3824463,
            -17.8696327
          ],
          [
            48.3825111,
            -17.8697319
          ],
          [
            48.3826752,
            -17.8699207
          ],
          [
            48.3828621,
            -17.870079
          ],
          [
            48.3830757,
            -17.8702049
          ],
          [
            48.3834854,
            -17.8703958
          ],
          [
            48.3837384,
            -17.8705136
          ]
        ]
      },
      "id": "way/130793495"
    },
    {
      "type": "Feature",
      "properties": {
        "@id": "way/130793499",
        "highway": "secondary",
        "ref": "N 44",
        "smoothness": "bad",
        "source": "GPS",
        "surface": "asphalt"
      },
      "geometry": {
        "type": "LineString",
        "coordinates": [
          [
            48.2533051,
            -18.1559572
          ],
          [
            48.2532044,
            -18.1555981
          ],
          [
            48.252987,
            -18.1540833
          ],
          [
            48.2528928,
            -18.1534311
          ],
          [
            48.2528696,
            -18.1529235
          ],
          [
            48.2529086,
            -18.152523
          ],
          [
            48.2529787,
            -18.1523426
          ],
          [
            48.2530718,
            -18.1521729
          ],
          [
            48.2534411,
            -18.1516692
          ],
          [
            48.2534871,
            -18.1515395
          ],
          [
            48.2534955,
            -18.1514097
          ],
          [
            48.2534932,
            -18.15112
          ],
          [
            48.2535366,
            -18.1506247
          ],
          [
            48.2534969,
            -18.1504212
          ],
          [
            48.2533991,
            -18.1502415
          ],
          [
            48.2530767,
            -18.1497816
          ],
          [
            48.2528353,
            -18.1494757
          ],
          [
            48.2527785,
            -18.1493491
          ],
          [
            48.2527674,
            -18.1492454
          ],
          [
            48.2527778,
            -18.149107
          ],
          [
            48.2529113,
            -18.1487769
          ],
          [
            48.2529566,
            -18.1486014
          ],
          [
            48.2529711,
            -18.1483841
          ],
          [
            48.2529646,
            -18.1482181
          ],
          [
            48.2529034,
            -18.147672
          ],
          [
            48.2527141,
            -18.1471545
          ],
          [
            48.2526362,
            -18.1469209
          ],
          [
            48.2525969,
            -18.1467087
          ],
          [
            48.2526003,
            -18.1465428
          ],
          [
            48.2526526,
            -18.1463521
          ],
          [
            48.2527361,
            -18.1461462
          ],
          [
            48.2529531,
            -18.1457088
          ],
          [
            48.2532026,
            -18.1452636
          ],
          [
            48.2533511,
            -18.144956
          ],
          [
            48.2534696,
            -18.1447074
          ],
          [
            48.2537365,
            -18.1441517
          ],
          [
            48.254141,
            -18.1433919
          ],
          [
            48.2542321,
            -18.1431593
          ],
          [
            48.2543435,
            -18.142732
          ],
          [
            48.254615,
            -18.1413823
          ],
          [
            48.2547176,
            -18.1410065
          ],
          [
            48.2548602,
            -18.1406818
          ],
          [
            48.2551347,
            -18.1402902
          ],
          [
            48.2555343,
            -18.1398546
          ],
          [
            48.2560836,
            -18.1391634
          ],
          [
            48.2561987,
            -18.138998
          ],
          [
            48.2563896,
            -18.1387965
          ],
          [
            48.2565171,
            -18.1386693
          ],
          [
            48.2567624,
            -18.1384182
          ],
          [
            48.2569352,
            -18.1382689
          ],
          [
            48.2571355,
            -18.1381386
          ],
          [
            48.2576311,
            -18.1378143
          ],
          [
            48.2581358,
            -18.1374507
          ],
          [
            48.2585632,
            -18.1371633
          ],
          [
            48.2591296,
            -18.1368162
          ],
          [
            48.2593563,
            -18.1366571
          ],
          [
            48.259582,
            -18.1365166
          ],
          [
            48.2598242,
            -18.1363519
          ],
          [
            48.2599739,
            -18.1362349
          ],
          [
            48.2601398,
            -18.1360911
          ],
          [
            48.2603095,
            -18.1358268
          ],
          [
            48.260478,
            -18.1353156
          ],
          [
            48.2607951,
            -18.1345782
          ],
          [
            48.2611004,
            -18.1340433
          ],
          [
            48.2613047,
            -18.1337268
          ],
          [
            48.2614305,
            -18.1334744
          ],
          [
            48.2615677,
            -18.1331972
          ],
          [
            48.2618949,
            -18.1321093
          ],
          [
            48.2620285,
            -18.1316376
          ],
          [
            48.2620903,
            -18.1313514
          ],
          [
            48.2621283,
            -18.1311397
          ],
          [
            48.2622109,
            -18.1309769
          ],
          [
            48.2624047,
            -18.1307526
          ],
          [
            48.2626019,
            -18.1305733
          ],
          [
            48.2630448,
            -18.1302516
          ],
          [
            48.2639891,
            -18.1294746
          ],
          [
            48.2646708,
            -18.1289266
          ],
          [
            48.2650347,
            -18.1286411
          ],
          [
            48.2655586,
            -18.1282146
          ],
          [
            48.2658274,
            -18.1279609
          ],
          [
            48.2660636,
            -18.1276977
          ],
          [
            48.2661804,
            -18.1274954
          ],
          [
            48.2662291,
            -18.1273053
          ],
          [
            48.2662256,
            -18.127047
          ],
          [
            48.2661657,
            -18.1265716
          ],
          [
            48.2660238,
            -18.1256976
          ],
          [
            48.2659577,
            -18.1255173
          ],
          [
            48.2658433,
            -18.1252205
          ],
          [
            48.2656891,
            -18.1249178
          ],
          [
            48.2652547,
            -18.1241651
          ],
          [
            48.2646261,
            -18.1230186
          ],
          [
            48.2644068,
            -18.1227334
          ],
          [
            48.2639618,
            -18.122242
          ],
          [
            48.2638664,
            -18.1221142
          ],
          [
            48.2637978,
            -18.1219616
          ],
          [
            48.2637634,
            -18.1217995
          ],
          [
            48.2637777,
            -18.1216401
          ],
          [
            48.2638084,
            -18.1214485
          ],
          [
            48.2643718,
            -18.1198137
          ],
          [
            48.2646668,
            -18.119156
          ],
          [
            48.2649484,
            -18.1186003
          ],
          [
            48.2655814,
            -18.1177055
          ],
          [
            48.2656498,
            -18.1175245
          ],
          [
            48.2656525,
            -18.1172874
          ],
          [
            48.265623,
            -18.1171205
          ],
          [
            48.2655855,
            -18.11697
          ],
          [
            48.2643127,
            -18.1145585
          ],
          [
            48.2642363,
            -18.114352
          ],
          [
            48.2640727,
            -18.1137746
          ],
          [
            48.2640003,
            -18.1136394
          ],
          [
            48.2639252,
            -18.1135553
          ],
          [
            48.2637803,
            -18.1134686
          ],
          [
            48.2615447,
            -18.112658
          ],
          [
            48.2613543,
            -18.1125687
          ],
          [
            48.261196,
            -18.1124464
          ],
          [
            48.2607508,
            -18.111883
          ],
          [
            48.2606408,
            -18.1117377
          ],
          [
            48.2605121,
            -18.1116076
          ],
          [
            48.259761,
            -18.1111054
          ],
          [
            48.2595974,
            -18.1109805
          ],
          [
            48.2595035,
            -18.1108836
          ],
          [
            48.259415,
            -18.1107511
          ],
          [
            48.2592139,
            -18.1103559
          ],
          [
            48.2590985,
            -18.110189
          ],
          [
            48.2590261,
            -18.1100997
          ],
          [
            48.2582201,
            -18.1092992
          ],
          [
            48.2580967,
            -18.1092011
          ],
          [
            48.2579412,
            -18.1091628
          ],
          [
            48.2577816,
            -18.1091386
          ],
          [
            48.2550766,
            -18.1089398
          ],
          [
            48.2548781,
            -18.1088939
          ],
          [
            48.2546085,
            -18.1087549
          ],
          [
            48.2543604,
            -18.1085306
          ],
          [
            48.2535195,
            -18.1076409
          ],
          [
            48.2534136,
            -18.1074905
          ],
          [
            48.2532379,
            -18.1071081
          ],
          [
            48.2531749,
            -18.1070074
          ],
          [
            48.2531118,
            -18.1069474
          ],
          [
            48.2528745,
            -18.106755
          ],
          [
            48.2527699,
            -18.1066543
          ],
          [
            48.2526131,
            -18.1063843
          ],
          [
            48.2522938,
            -18.1057964
          ],
          [
            48.2520256,
            -18.1052609
          ],
          [
            48.251915,
            -18.1049252
          ],
          [
            48.251929,
            -18.1043534
          ],
          [
            48.2519424,
            -18.1039455
          ],
          [
            48.2519639,
            -18.1033528
          ],
          [
            48.2519183,
            -18.1031208
          ],
          [
            48.2517493,
            -18.1026338
          ],
          [
            48.2515535,
            -18.1022132
          ],
          [
            48.2512584,
            -18.1015376
          ],
          [
            48.2512343,
            -18.1014279
          ],
          [
            48.2512289,
            -18.1012342
          ],
          [
            48.2513523,
            -18.1004872
          ],
          [
            48.2514489,
            -18.1003215
          ],
          [
            48.2515481,
            -18.1001736
          ],
          [
            48.2517278,
            -18.0998549
          ],
          [
            48.2517573,
            -18.0996331
          ],
          [
            48.2517198,
            -18.0993858
          ],
          [
            48.2515964,
            -18.0990697
          ],
          [
            48.2513389,
            -18.0987178
          ],
          [
            48.2512021,
            -18.0985164
          ],
          [
            48.2511511,
            -18.0983941
          ],
          [
            48.2510251,
            -18.0979683
          ],
          [
            48.2509392,
            -18.0977771
          ],
          [
            48.2508481,
            -18.0976547
          ],
          [
            48.2505879,
            -18.0974711
          ],
          [
            48.2505128,
            -18.0973539
          ],
          [
            48.2502043,
            -18.0954902
          ],
          [
            48.2501966,
            -18.0954249
          ],
          [
            48.2501695,
            -18.095197
          ],
          [
            48.2502231,
            -18.0940751
          ],
          [
            48.2502767,
            -18.0936009
          ],
          [
            48.250376,
            -18.093346
          ],
          [
            48.250604,
            -18.0928513
          ],
          [
            48.2507086,
            -18.0926066
          ],
          [
            48.2513416,
            -18.0906281
          ],
          [
            48.2513824,
            -18.0903519
          ],
          [
            48.2513872,
            -18.0903196
          ],
          [
            48.2514515,
            -18.0899473
          ],
          [
            48.2515588,
            -18.0895649
          ],
          [
            48.2517198,
            -18.0891238
          ],
          [
            48.2517694,
            -18.0889989
          ],
          [
            48.2518083,
            -18.0887516
          ],
          [
            48.2518204,
            -18.0884354
          ],
          [
            48.2518525,
            -18.0874882
          ],
          [
            48.2518297,
            -18.0872779
          ],
          [
            48.2517855,
            -18.087144
          ],
          [
            48.251595,
            -18.08649
          ],
          [
            48.2513027,
            -18.0855224
          ],
          [
            48.2513002,
            -18.0853452
          ],
          [
            48.2513,
            -18.0853274
          ],
          [
            48.2513697,
            -18.085182
          ],
          [
            48.251882,
            -18.0847014
          ],
          [
            48.2520719,
            -18.0845856
          ],
          [
            48.2521878,
            -18.0845356
          ],
          [
            48.2524117,
            -18.0844656
          ],
          [
            48.2526304,
            -18.0843635
          ],
          [
            48.2528811,
            -18.0842475
          ],
          [
            48.2529911,
            -18.0841685
          ],
          [
            48.253085,
            -18.0840295
          ],
          [
            48.2536241,
            -18.0828388
          ],
          [
            48.2537341,
            -18.0827177
          ],
          [
            48.2538374,
            -18.0826502
          ],
          [
            48.2539621,
            -18.082589
          ],
          [
            48.2547333,
            -18.0823621
          ],
          [
            48.2548674,
            -18.0823455
          ],
          [
            48.2549988,
            -18.0823697
          ],
          [
            48.2551356,
            -18.0824182
          ],
          [
            48.2553622,
            -18.0825239
          ],
          [
            48.2557699,
            -18.0826718
          ],
          [
            48.2559952,
            -18.0827267
          ],
          [
            48.2563385,
            -18.0827203
          ],
          [
            48.256431,
            -18.0827139
          ],
          [
            48.2566497,
            -18.0827343
          ],
          [
            48.2573162,
            -18.0829804
          ],
          [
            48.258082,
            -18.0832595
          ],
          [
            48.2582054,
            -18.0832876
          ],
          [
            48.2583475,
            -18.0832952
          ],
          [
            48.2584923,
            -18.0832646
          ],
          [
            48.2585862,
            -18.083206
          ],
          [
            48.2586801,
            -18.0830989
          ],
          [
            48.2591414,
            -18.0823671
          ],
          [
            48.2591951,
            -18.0820841
          ],
          [
            48.2592152,
            -18.0819375
          ],
          [
            48.2592018,
            -18.0817998
          ],
          [
            48.2591414,
            -18.0816736
          ],
          [
            48.2589302,
            -18.0814724
          ],
          [
            48.2588234,
            -18.0813656
          ],
          [
            48.2586365,
            -18.0812111
          ],
          [
            48.2572517,
            -18.0801163
          ],
          [
            48.2571678,
            -18.0800343
          ],
          [
            48.2566681,
            -18.0793686
          ],
          [
            48.2566071,
            -18.0792542
          ],
          [
            48.2565865,
            -18.0791618
          ],
          [
            48.2565765,
            -18.0791168
          ],
          [
            48.2566032,
            -18.0789757
          ],
          [
            48.2566795,
            -18.0788441
          ],
          [
            48.257119,
            -18.0782935
          ],
          [
            48.2573113,
            -18.0780422
          ],
          [
            48.2574959,
            -18.0778008
          ],
          [
            48.2576065,
            -18.0776558
          ],
          [
            48.2577305,
            -18.077452
          ],
          [
            48.2577899,
            -18.0773404
          ],
          [
            48.2579099,
            -18.0771147
          ],
          [
            48.2580941,
            -18.07665
          ],
          [
            48.2581963,
            -18.0763558
          ],
          [
            48.2582544,
            -18.075868
          ],
          [
            48.2582465,
            -18.075737
          ],
          [
            48.2580185,
            -18.0744057
          ],
          [
            48.2579569,
            -18.0740202
          ],
          [
            48.257892,
            -18.0735792
          ],
          [
            48.2578289,
            -18.0732364
          ],
          [
            48.2577369,
            -18.0726066
          ],
          [
            48.2575448,
            -18.0714689
          ],
          [
            48.2574578,
            -18.0708224
          ],
          [
            48.2574461,
            -18.0707355
          ],
          [
            48.2574184,
            -18.0703848
          ],
          [
            48.2575465,
            -18.0684354
          ],
          [
            48.2575689,
            -18.0679474
          ],
          [
            48.2576032,
            -18.0673859
          ],
          [
            48.2575989,
            -18.066658
          ],
          [
            48.2576065,
            -18.0659981
          ],
          [
            48.2575913,
            -18.0658531
          ],
          [
            48.2575531,
            -18.0657196
          ],
          [
            48.2572594,
            -18.0648804
          ],
          [
            48.2571869,
            -18.0644417
          ],
          [
            48.2570496,
            -18.0640373
          ],
          [
            48.2570305,
            -18.0639248
          ],
          [
            48.2570152,
            -18.0636559
          ],
          [
            48.2570381,
            -18.0631313
          ],
          [
            48.2569962,
            -18.0624237
          ],
          [
            48.2570419,
            -18.0614567
          ],
          [
            48.2570267,
            -18.0612793
          ],
          [
            48.2569733,
            -18.061039
          ],
          [
            48.2568436,
            -18.0606136
          ],
          [
            48.2567635,
            -18.0604057
          ],
          [
            48.2566452,
            -18.0599728
          ],
          [
            48.2565117,
            -18.0597076
          ],
          [
            48.2562103,
            -18.0592899
          ],
          [
            48.2559853,
            -18.0590515
          ],
          [
            48.2556419,
            -18.0585365
          ],
          [
            48.255455,
            -18.0581455
          ],
          [
            48.254879,
            -18.0572109
          ],
          [
            48.2546616,
            -18.0567493
          ],
          [
            48.2543945,
            -18.0563316
          ],
          [
            48.2542076,
            -18.0561295
          ],
          [
            48.2535019,
            -18.0556622
          ],
          [
            48.2527885,
            -18.0550823
          ],
          [
            48.2525139,
            -18.0547924
          ],
          [
            48.2523422,
            -18.0545292
          ],
          [
            48.2522545,
            -18.0543156
          ],
          [
            48.2521133,
            -18.0538693
          ],
          [
            48.2520065,
            -18.0535832
          ],
          [
            48.2518539,
            -18.0533314
          ],
          [
            48.2515984,
            -18.0530109
          ],
          [
            48.2514725,
            -18.0528126
          ],
          [
            48.2512016,
            -18.0522518
          ],
          [
            48.2510986,
            -18.0519409
          ],
          [
            48.2510757,
            -18.0517521
          ],
          [
            48.2510834,
            -18.0515633
          ],
          [
            48.2511215,
            -18.0513668
          ],
          [
            48.2512131,
            -18.051096
          ],
          [
            48.2512589,
            -18.0507774
          ],
          [
            48.2512627,
            -18.0502777
          ],
          [
            48.2512512,
            -18.0501709
          ],
          [
            48.2512093,
            -18.050066
          ],
          [
            48.2510948,
            -18.0499325
          ],
          [
            48.2508659,
            -18.0497284
          ],
          [
            48.2508202,
            -18.0496903
          ],
          [
            48.2507172,
            -18.0496407
          ],
          [
            48.2505341,
            -18.0496025
          ],
          [
            48.2503548,
            -18.0495949
          ],
          [
            48.2499619,
            -18.0496864
          ],
          [
            48.2498169,
            -18.0496883
          ],
          [
            48.2496872,
            -18.0496445
          ],
          [
            48.24963,
            -18.0496044
          ],
          [
            48.2495461,
            -18.0495014
          ],
          [
            48.2495194,
            -18.0494442
          ],
          [
            48.2494316,
            -18.0490189
          ],
          [
            48.2494316,
            -18.0488873
          ],
          [
            48.2494736,
            -18.0485992
          ],
          [
            48.2494927,
            -18.048151
          ],
          [
            48.2494125,
            -18.0474167
          ],
          [
            48.2493057,
            -18.0470676
          ],
          [
            48.2491646,
            -18.0465107
          ],
          [
            48.2490311,
            -18.0461102
          ],
          [
            48.2490234,
            -18.0459499
          ],
          [
            48.2490425,
            -18.0457897
          ],
          [
            48.2491722,
            -18.0451794
          ],
          [
            48.2496033,
            -18.0434761
          ],
          [
            48.24963,
            -18.0432529
          ],
          [
            48.2496185,
            -18.0431137
          ],
          [
            48.2495499,
            -18.0428181
          ],
          [
            48.2493973,
            -18.0423718
          ],
          [
            48.2492256,
            -18.0420036
          ],
          [
            48.2488632,
            -18.0411472
          ],
          [
            48.2486916,
            -18.0406723
          ],
          [
            48.2485466,
            -18.0403957
          ],
          [
            48.2480202,
            -18.0391369
          ],
          [
            48.2479515,
            -18.0388641
          ],
          [
            48.2479401,
            -18.0386925
          ],
          [
            48.2479591,
            -18.0384655
          ],
          [
            48.2480316,
            -18.0381203
          ],
          [
            48.2481613,
            -18.0377941
          ],
          [
            48.2491053,
            -18.0360688
          ]
        ]
      },
      "id": "way/130793499"
    },
    {
      "type": "Feature",
      "properties": {
        "@id": "way/130793524",
        "highway": "secondary",
        "ref": "N 44",
        "surface": "asphalt"
      },
      "geometry": {
        "type": "LineString",
        "coordinates": [
          [
            48.232608,
            -18.944622
          ],
          [
            48.2326554,
            -18.9445624
          ],
          [
            48.2331006,
            -18.9440896
          ],
          [
            48.2331831,
            -18.9439748
          ],
          [
            48.2331917,
            -18.9439628
          ],
          [
            48.2332293,
            -18.9438207
          ],
          [
            48.2332185,
            -18.9437244
          ],
          [
            48.2332157,
            -18.9437069
          ],
          [
            48.2331901,
            -18.943549
          ]
        ]
      },
      "id": "way/130793524"
    },
    {
      "type": "Feature",
      "properties": {
        "@id": "way/130793525",
        "highway": "secondary",
        "ref": "N 44",
        "source": "GPS",
        "surface": "asphalt"
      },
      "geometry": {
        "type": "LineString",
        "coordinates": [
          [
            48.2727169,
            -17.8700794
          ],
          [
            48.2733269,
            -17.869585
          ],
          [
            48.2735367,
            -17.869381
          ],
          [
            48.2737885,
            -17.8690891
          ],
          [
            48.2743225,
            -17.8683395
          ],
          [
            48.2754707,
            -17.8668442
          ],
          [
            48.2761002,
            -17.8659973
          ],
          [
            48.2769852,
            -17.864872
          ],
          [
            48.2772293,
            -17.864603
          ],
          [
            48.2774353,
            -17.8644199
          ],
          [
            48.2777481,
            -17.8642349
          ],
          [
            48.2784538,
            -17.8638878
          ],
          [
            48.2816773,
            -17.8623867
          ],
          [
            48.2831879,
            -17.861723
          ],
          [
            48.2850533,
            -17.8608685
          ],
          [
            48.2854271,
            -17.8607197
          ],
          [
            48.2857132,
            -17.8606224
          ],
          [
            48.2869263,
            -17.8602619
          ],
          [
            48.2890968,
            -17.8595715
          ],
          [
            48.2903976,
            -17.8591983
          ],
          [
            48.2922478,
            -17.8586674
          ],
          [
            48.2925682,
            -17.8585453
          ],
          [
            48.292717,
            -17.8584652
          ],
          [
            48.2928581,
            -17.858366
          ],
          [
            48.2929802,
            -17.8582573
          ],
          [
            48.293129,
            -17.8580685
          ],
          [
            48.2932854,
            -17.8577843
          ],
          [
            48.2934924,
            -17.8572427
          ],
          [
            48.2935368,
            -17.8571304
          ],
          [
            48.2935833,
            -17.8570138
          ],
          [
            48.2936466,
            -17.8568757
          ],
          [
            48.2937125,
            -17.8567434
          ],
          [
            48.2938392,
            -17.856564
          ],
          [
            48.2940108,
            -17.856407
          ],
          [
            48.2942038,
            -17.8562818
          ],
          [
            48.2942801,
            -17.8562437
          ],
          [
            48.2945584,
            -17.8561286
          ],
          [
            48.2951706,
            -17.8559564
          ],
          [
            48.2955132,
            -17.8558998
          ],
          [
            48.2957726,
            -17.8558922
          ],
          [
            48.2960358,
            -17.8559246
          ],
          [
            48.2962837,
            -17.8559933
          ],
          [
            48.2966829,
            -17.8561402
          ],
          [
            48.2976112,
            -17.8564816
          ],
          [
            48.2983148,
            -17.856734
          ],
          [
            48.2985965,
            -17.8568782
          ],
          [
            48.2989756,
            -17.8570795
          ],
          [
            48.2997468,
            -17.8574917
          ],
          [
            48.3000564,
            -17.8575902
          ],
          [
            48.3002427,
            -17.8576226
          ],
          [
            48.3005075,
            -17.8576545
          ],
          [
            48.3008023,
            -17.8576189
          ],
          [
            48.301315,
            -17.8575204
          ],
          [
            48.3044853,
            -17.8567753
          ],
          [
            48.3062152,
            -17.8563556
          ],
          [
            48.3069607,
            -17.8561718
          ],
          [
            48.3074909,
            -17.856041
          ],
          [
            48.3086973,
            -17.8557695
          ],
          [
            48.3087659,
            -17.8557541
          ],
          [
            48.3088538,
            -17.8557397
          ],
          [
            48.3093013,
            -17.8556545
          ],
          [
            48.3104894,
            -17.8553675
          ],
          [
            48.3110942,
            -17.855227
          ],
          [
            48.3113437,
            -17.8551493
          ],
          [
            48.3116685,
            -17.8550483
          ],
          [
            48.3119609,
            -17.8549585
          ],
          [
            48.3121669,
            -17.8548504
          ],
          [
            48.3123476,
            -17.8547474
          ],
          [
            48.3129297,
            -17.8543591
          ],
          [
            48.3129956,
            -17.8543123
          ],
          [
            48.3136608,
            -17.8538392
          ],
          [
            48.3141595,
            -17.8534845
          ],
          [
            48.3144133,
            -17.8533041
          ],
          [
            48.3144798,
            -17.8532568
          ],
          [
            48.3158998,
            -17.8522723
          ],
          [
            48.3165144,
            -17.8518423
          ],
          [
            48.3178902,
            -17.8509026
          ],
          [
            48.318882,
            -17.8502312
          ],
          [
            48.3200011,
            -17.8494564
          ]
        ]
      },
      "id": "way/130793525"
    },
    {
      "type": "Feature",
      "properties": {
        "@id": "way/130793530",
        "highway": "secondary",
        "ref": "N 44",
        "source": "GPS",
        "surface": "asphalt"
      },
      "geometry": {
        "type": "LineString",
        "coordinates": [
          [
            48.3275894,
            -17.8441248
          ],
          [
            48.3282736,
            -17.8436263
          ],
          [
            48.3283041,
            -17.8436043
          ],
          [
            48.3283978,
            -17.8435368
          ],
          [
            48.3289056,
            -17.843171
          ],
          [
            48.3293189,
            -17.842889
          ],
          [
            48.330307,
            -17.842226
          ],
          [
            48.3309174,
            -17.841816
          ],
          [
            48.3317986,
            -17.8411942
          ],
          [
            48.3320694,
            -17.8410378
          ],
          [
            48.3322169,
            -17.8409803
          ],
          [
            48.3322945,
            -17.84095
          ],
          [
            48.3325272,
            -17.8408794
          ],
          [
            48.3328819,
            -17.8408394
          ],
          [
            48.3331757,
            -17.8408394
          ],
          [
            48.3389854,
            -17.8412342
          ],
          [
            48.3395233,
            -17.8412418
          ],
          [
            48.3397141,
            -17.8412189
          ],
          [
            48.3399963,
            -17.8411598
          ],
          [
            48.3403473,
            -17.8410358
          ],
          [
            48.3408546,
            -17.8407784
          ],
          [
            48.3417969,
            -17.8402596
          ],
          [
            48.3420792,
            -17.8401508
          ],
          [
            48.3422737,
            -17.8401127
          ],
          [
            48.3425751,
            -17.8401012
          ],
          [
            48.3427658,
            -17.840126
          ],
          [
            48.3433418,
            -17.8402481
          ],
          [
            48.343483,
            -17.8402653
          ],
          [
            48.3437729,
            -17.8402672
          ],
          [
            48.3439217,
            -17.8402424
          ],
          [
            48.3440704,
            -17.8401871
          ],
          [
            48.3442078,
            -17.8400993
          ],
          [
            48.3443832,
            -17.839922
          ],
          [
            48.3445244,
            -17.8397198
          ],
          [
            48.3446617,
            -17.8394375
          ],
          [
            48.3451691,
            -17.8381424
          ],
          [
            48.3453102,
            -17.837841
          ],
          [
            48.3453789,
            -17.8377323
          ],
          [
            48.3455086,
            -17.8375778
          ],
          [
            48.3456116,
            -17.8374882
          ],
          [
            48.3457871,
            -17.8373795
          ],
          [
            48.3459854,
            -17.8373184
          ],
          [
            48.3461952,
            -17.837307
          ],
          [
            48.346405,
            -17.8373375
          ],
          [
            48.3466034,
            -17.83741
          ],
          [
            48.3468552,
            -17.8375664
          ],
          [
            48.3496392,
            -17.839784
          ],
          [
            48.3510857,
            -17.8408814
          ],
          [
            48.3518219,
            -17.841404
          ],
          [
            48.3524704,
            -17.8418007
          ],
          [
            48.3560257,
            -17.8437557
          ],
          [
            48.3563576,
            -17.843956
          ],
          [
            48.3565102,
            -17.8440704
          ],
          [
            48.3567123,
            -17.8442593
          ],
          [
            48.3570747,
            -17.8446808
          ],
          [
            48.3579369,
            -17.8458366
          ],
          [
            48.3586502,
            -17.8467407
          ],
          [
            48.359375,
            -17.8477097
          ],
          [
            48.3603096,
            -17.8488331
          ],
          [
            48.3607521,
            -17.8493004
          ],
          [
            48.3618164,
            -17.8503456
          ],
          [
            48.3628082,
            -17.8512726
          ],
          [
            48.3632431,
            -17.8517055
          ],
          [
            48.3634262,
            -17.8518639
          ],
          [
            48.3636284,
            -17.852005
          ],
          [
            48.3638535,
            -17.8521175
          ],
          [
            48.3644638,
            -17.8522911
          ],
          [
            48.3658264,
            -17.8526067
          ]
        ]
      },
      "id": "way/130793530"
    },
    {
      "type": "Feature",
      "properties": {
        "@id": "way/130793534",
        "highway": "secondary",
        "ref": "N 44",
        "smoothness": "intermediate",
        "source": "GPS",
        "surface": "asphalt"
      },
      "geometry": {
        "type": "LineString",
        "coordinates": [
          [
            48.2599716,
            -18.544342
          ],
          [
            48.259655,
            -18.5429153
          ],
          [
            48.2595635,
            -18.5423527
          ],
          [
            48.2594299,
            -18.5418396
          ],
          [
            48.2593689,
            -18.5415058
          ],
          [
            48.2592583,
            -18.5410652
          ],
          [
            48.2592011,
            -18.5407295
          ],
          [
            48.2590637,
            -18.5400944
          ],
          [
            48.2590065,
            -18.5399265
          ],
          [
            48.2588959,
            -18.5394535
          ],
          [
            48.2588005,
            -18.5391502
          ],
          [
            48.2586289,
            -18.5384235
          ],
          [
            48.2583313,
            -18.5368977
          ],
          [
            48.2579498,
            -18.5350838
          ],
          [
            48.2578888,
            -18.5346737
          ],
          [
            48.2578926,
            -18.5345135
          ],
          [
            48.2579422,
            -18.5341015
          ],
          [
            48.2581062,
            -18.5331936
          ],
          [
            48.2584101,
            -18.5314598
          ],
          [
            48.2584622,
            -18.5310841
          ],
          [
            48.2586381,
            -18.5303312
          ],
          [
            48.2587328,
            -18.5301005
          ],
          [
            48.2589617,
            -18.529644
          ],
          [
            48.2591608,
            -18.5292473
          ],
          [
            48.2592876,
            -18.5289943
          ],
          [
            48.2593841,
            -18.528792
          ],
          [
            48.2597097,
            -18.5281524
          ],
          [
            48.2597936,
            -18.5279757
          ],
          [
            48.2602096,
            -18.527167
          ],
          [
            48.2605029,
            -18.526584
          ],
          [
            48.2607201,
            -18.5262254
          ],
          [
            48.2622393,
            -18.5239595
          ],
          [
            48.2623163,
            -18.52381
          ],
          [
            48.2623343,
            -18.5237077
          ],
          [
            48.2623239,
            -18.5236168
          ],
          [
            48.2621801,
            -18.5232404
          ],
          [
            48.2621639,
            -18.5231431
          ],
          [
            48.262165,
            -18.5230186
          ],
          [
            48.2623395,
            -18.5220979
          ],
          [
            48.2623669,
            -18.5217794
          ],
          [
            48.2624649,
            -18.5198488
          ]
        ]
      },
      "id": "way/130793534"
    },
    {
      "type": "Feature",
      "properties": {
        "@id": "way/130793540",
        "highway": "secondary",
        "ref": "N 44",
        "source": "GPS",
        "surface": "asphalt"
      },
      "geometry": {
        "type": "LineString",
        "coordinates": [
          [
            48.2548533,
            -17.8855753
          ],
          [
            48.2550915,
            -17.8854319
          ],
          [
            48.2552643,
            -17.8853188
          ],
          [
            48.2559242,
            -17.8847275
          ],
          [
            48.2593727,
            -17.8817499
          ],
          [
            48.2618523,
            -17.8795834
          ],
          [
            48.268333,
            -17.8739227
          ]
        ]
      },
      "id": "way/130793540"
    },
    {
      "type": "Feature",
      "properties": {
        "@id": "way/130793542",
        "highway": "secondary",
        "ref": "N 44",
        "smoothness": "bad",
        "source": "GPS",
        "surface": "asphalt"
      },
      "geometry": {
        "type": "LineString",
        "coordinates": [
          [
            48.2706544,
            -18.2160588
          ],
          [
            48.2707775,
            -18.2154261
          ],
          [
            48.270892,
            -18.2149764
          ],
          [
            48.270951,
            -18.2144336
          ],
          [
            48.2709475,
            -18.2137775
          ],
          [
            48.2708807,
            -18.2132103
          ],
          [
            48.2707152,
            -18.2124596
          ],
          [
            48.2706564,
            -18.2120898
          ],
          [
            48.270547,
            -18.2110506
          ],
          [
            48.2704043,
            -18.2105598
          ],
          [
            48.2701863,
            -18.2099131
          ],
          [
            48.2701276,
            -18.2095787
          ],
          [
            48.2698937,
            -18.2079582
          ],
          [
            48.2698256,
            -18.2067852
          ],
          [
            48.2697806,
            -18.206532
          ],
          [
            48.2697335,
            -18.2063107
          ],
          [
            48.2696802,
            -18.2061251
          ],
          [
            48.2695968,
            -18.2059554
          ],
          [
            48.2693843,
            -18.2056299
          ],
          [
            48.2692321,
            -18.2054741
          ],
          [
            48.2690982,
            -18.2054074
          ],
          [
            48.2689028,
            -18.2053305
          ],
          [
            48.268593,
            -18.205223
          ],
          [
            48.2672017,
            -18.2047366
          ],
          [
            48.2668062,
            -18.2045922
          ],
          [
            48.2662634,
            -18.2043912
          ],
          [
            48.2652818,
            -18.2040232
          ],
          [
            48.2646106,
            -18.2037459
          ],
          [
            48.2636524,
            -18.2033735
          ],
          [
            48.2633656,
            -18.2032603
          ],
          [
            48.2631465,
            -18.2031859
          ],
          [
            48.2629428,
            -18.203153
          ],
          [
            48.2627148,
            -18.2031561
          ],
          [
            48.2622525,
            -18.2031726
          ],
          [
            48.261998,
            -18.2031984
          ],
          [
            48.2618531,
            -18.2032102
          ],
          [
            48.2617455,
            -18.2032012
          ],
          [
            48.2616421,
            -18.203165
          ],
          [
            48.2610512,
            -18.2028122
          ],
          [
            48.2609329,
            -18.2027206
          ],
          [
            48.2607651,
            -18.2026291
          ],
          [
            48.2603569,
            -18.2023544
          ],
          [
            48.2594833,
            -18.2018833
          ],
          [
            48.2594147,
            -18.2018299
          ],
          [
            48.2592926,
            -18.2017193
          ],
          [
            48.2590752,
            -18.2014675
          ],
          [
            48.258812,
            -18.2010174
          ],
          [
            48.2585602,
            -18.200697
          ],
          [
            48.2584114,
            -18.20047
          ],
          [
            48.2581825,
            -18.2002068
          ],
          [
            48.2580719,
            -18.2001114
          ],
          [
            48.2575531,
            -18.1997414
          ],
          [
            48.2571411,
            -18.1995087
          ],
          [
            48.2569504,
            -18.1993675
          ],
          [
            48.2565117,
            -18.1989956
          ],
          [
            48.2564278,
            -18.1988735
          ],
          [
            48.2563782,
            -18.1987381
          ],
          [
            48.2564018,
            -18.1984012
          ],
          [
            48.2564125,
            -18.1982479
          ],
          [
            48.256485,
            -18.1977482
          ],
          [
            48.2566032,
            -18.1971073
          ],
          [
            48.2569847,
            -18.1958923
          ],
          [
            48.2571398,
            -18.1955192
          ],
          [
            48.2573762,
            -18.1947402
          ],
          [
            48.2574282,
            -18.1944852
          ],
          [
            48.2574412,
            -18.194298
          ],
          [
            48.2574616,
            -18.1933911
          ],
          [
            48.2574769,
            -18.1929487
          ],
          [
            48.2574708,
            -18.1926673
          ]
        ]
      },
      "id": "way/130793542"
    },
    {
      "type": "Feature",
      "properties": {
        "@id": "way/130793546",
        "highway": "secondary",
        "maxspeed:forward": "80",
        "ref": "N 44",
        "smoothness": "intermediate",
        "source": "GPS",
        "surface": "asphalt"
      },
      "geometry": {
        "type": "LineString",
        "coordinates": [
          [
            48.2612519,
            -18.469734
          ],
          [
            48.261158,
            -18.4693108
          ],
          [
            48.2609978,
            -18.4677982
          ],
          [
            48.2609634,
            -18.4670658
          ],
          [
            48.260952,
            -18.4664059
          ],
          [
            48.2609634,
            -18.4663029
          ],
          [
            48.2610283,
            -18.4659901
          ],
          [
            48.2611008,
            -18.4657879
          ],
          [
            48.2611466,
            -18.4656925
          ],
          [
            48.261322,
            -18.465435
          ],
          [
            48.2621651,
            -18.464325
          ],
          [
            48.2627792,
            -18.4636288
          ],
          [
            48.2632523,
            -18.4630623
          ],
          [
            48.2641258,
            -18.4618721
          ],
          [
            48.2643051,
            -18.4615288
          ],
          [
            48.2643852,
            -18.4611759
          ],
          [
            48.2644348,
            -18.4607391
          ],
          [
            48.2644348,
            -18.4605675
          ],
          [
            48.2644157,
            -18.4599514
          ],
          [
            48.2643585,
            -18.4591274
          ],
          [
            48.2642174,
            -18.4579372
          ],
          [
            48.2642059,
            -18.4576778
          ],
          [
            48.2642212,
            -18.4575901
          ],
          [
            48.2643509,
            -18.4571781
          ],
          [
            48.264492,
            -18.4568272
          ],
          [
            48.2646484,
            -18.4563675
          ],
          [
            48.2646942,
            -18.4561043
          ],
          [
            48.2647247,
            -18.4557514
          ],
          [
            48.2647362,
            -18.4553814
          ],
          [
            48.2647247,
            -18.4545517
          ],
          [
            48.2646828,
            -18.4540367
          ],
          [
            48.2646027,
            -18.4535675
          ],
          [
            48.2644959,
            -18.4532433
          ],
          [
            48.2643585,
            -18.4530106
          ],
          [
            48.2639618,
            -18.4524441
          ],
          [
            48.263813,
            -18.4522591
          ],
          [
            48.2636414,
            -18.4519768
          ],
          [
            48.263279,
            -18.4515591
          ],
          [
            48.2630119,
            -18.4511986
          ],
          [
            48.2628899,
            -18.4509449
          ],
          [
            48.2628632,
            -18.4508476
          ],
          [
            48.2628365,
            -18.4505501
          ],
          [
            48.2628746,
            -18.4503441
          ],
          [
            48.2630572,
            -18.4497088
          ],
          [
            48.2635561,
            -18.4479728
          ],
          [
            48.2635452,
            -18.4477397
          ],
          [
            48.263492,
            -18.4475198
          ],
          [
            48.2633927,
            -18.447301
          ],
          [
            48.2631751,
            -18.4468503
          ]
        ]
      },
      "id": "way/130793546"
    },
    {
      "type": "Feature",
      "properties": {
        "@id": "way/130793547",
        "highway": "secondary",
        "ref": "N 44",
        "source": "GPS",
        "surface": "asphalt"
      },
      "geometry": {
        "type": "LineString",
        "coordinates": [
          [
            48.2714727,
            -18.5837922
          ],
          [
            48.2713983,
            -18.5836662
          ],
          [
            48.2713692,
            -18.5835585
          ],
          [
            48.271345,
            -18.5834068
          ],
          [
            48.2714233,
            -18.5822678
          ],
          [
            48.2713928,
            -18.5819492
          ],
          [
            48.2713471,
            -18.5817089
          ],
          [
            48.2712898,
            -18.5815525
          ],
          [
            48.2712059,
            -18.5813961
          ],
          [
            48.270958,
            -18.5810184
          ],
          [
            48.2707748,
            -18.5808106
          ],
          [
            48.2706451,
            -18.5806408
          ],
          [
            48.2705688,
            -18.580513
          ],
          [
            48.2703896,
            -18.5801563
          ],
          [
            48.2703323,
            -18.5800076
          ],
          [
            48.2702637,
            -18.5797195
          ],
          [
            48.2700462,
            -18.5786228
          ],
          [
            48.2700195,
            -18.5778313
          ],
          [
            48.2700157,
            -18.5769081
          ],
          [
            48.2699852,
            -18.5763359
          ],
          [
            48.269928,
            -18.5758686
          ],
          [
            48.2698059,
            -18.5754395
          ],
          [
            48.26968,
            -18.5751877
          ],
          [
            48.2695236,
            -18.5749626
          ],
          [
            48.2693024,
            -18.5747032
          ],
          [
            48.2682419,
            -18.5736675
          ],
          [
            48.2671623,
            -18.5725842
          ],
          [
            48.2668343,
            -18.5722885
          ],
          [
            48.2653389,
            -18.5708675
          ],
          [
            48.2640572,
            -18.5695725
          ],
          [
            48.2637444,
            -18.5692368
          ],
          [
            48.2635155,
            -18.5689507
          ],
          [
            48.2634468,
            -18.5688286
          ],
          [
            48.2633858,
            -18.5686436
          ],
          [
            48.2633133,
            -18.5683403
          ],
          [
            48.2632332,
            -18.5681019
          ],
          [
            48.2632065,
            -18.5679741
          ],
          [
            48.2631989,
            -18.5677643
          ],
          [
            48.2632523,
            -18.5673809
          ],
          [
            48.2633858,
            -18.5667725
          ],
          [
            48.2635002,
            -18.5661488
          ],
          [
            48.2635651,
            -18.5656891
          ],
          [
            48.2636414,
            -18.5653076
          ],
          [
            48.2636948,
            -18.5648975
          ],
          [
            48.2637291,
            -18.5645657
          ],
          [
            48.263752,
            -18.5640755
          ],
          [
            48.2637329,
            -18.5638599
          ],
          [
            48.263649,
            -18.5635757
          ],
          [
            48.2634811,
            -18.5632801
          ],
          [
            48.2631645,
            -18.5629444
          ],
          [
            48.262207,
            -18.5621128
          ],
          [
            48.2603798,
            -18.5605907
          ],
          [
            48.2599754,
            -18.5602226
          ],
          [
            48.2597427,
            -18.5599709
          ],
          [
            48.2596054,
            -18.5597725
          ],
          [
            48.2595367,
            -18.5596333
          ],
          [
            48.2591476,
            -18.5585671
          ],
          [
            48.2590485,
            -18.5583305
          ],
          [
            48.2587814,
            -18.5575371
          ],
          [
            48.2581825,
            -18.5553284
          ],
          [
            48.2581253,
            -18.55509
          ],
          [
            48.2581101,
            -18.5549355
          ],
          [
            48.2581215,
            -18.5547791
          ],
          [
            48.2581749,
            -18.5545635
          ],
          [
            48.2584305,
            -18.5539436
          ],
          [
            48.258503,
            -18.553812
          ],
          [
            48.2586174,
            -18.5535412
          ],
          [
            48.2589455,
            -18.5529194
          ],
          [
            48.2597084,
            -18.5516071
          ]
        ]
      },
      "id": "way/130793547"
    },
    {
      "type": "Feature",
      "properties": {
        "@id": "way/130793548",
        "highway": "secondary",
        "ref": "N 44",
        "smoothness": "intermediate",
        "source": "GPS",
        "surface": "asphalt"
      },
      "geometry": {
        "type": "LineString",
        "coordinates": [
          [
            48.269094,
            -18.3985605
          ],
          [
            48.2691231,
            -18.3977013
          ],
          [
            48.2691193,
            -18.3973293
          ],
          [
            48.2691574,
            -18.3965664
          ],
          [
            48.2691765,
            -18.3957558
          ],
          [
            48.2691345,
            -18.394659
          ],
          [
            48.2690773,
            -18.3938141
          ],
          [
            48.269034,
            -18.3923678
          ]
        ]
      },
      "id": "way/130793548"
    },
    {
      "type": "Feature",
      "properties": {
        "@id": "way/130793549",
        "highway": "secondary",
        "ref": "N 44",
        "source": "GPS",
        "surface": "asphalt"
      },
      "geometry": {
        "type": "LineString",
        "coordinates": [
          [
            48.2701109,
            -18.292513
          ],
          [
            48.2700688,
            -18.2923547
          ],
          [
            48.2699685,
            -18.292193
          ],
          [
            48.2695313,
            -18.2915726
          ],
          [
            48.2689629,
            -18.2906494
          ],
          [
            48.2688294,
            -18.2905083
          ],
          [
            48.2686729,
            -18.29039
          ],
          [
            48.2683868,
            -18.2902641
          ]
        ]
      },
      "id": "way/130793549"
    },
    {
      "type": "Feature",
      "properties": {
        "@id": "way/130793550",
        "highway": "secondary",
        "ref": "N 44",
        "smoothness": "bad",
        "source": "GPS",
        "surface": "asphalt"
      },
      "geometry": {
        "type": "LineString",
        "coordinates": [
          [
            48.2578107,
            -18.0182212
          ],
          [
            48.2578194,
            -18.0181838
          ],
          [
            48.2578376,
            -18.0181062
          ],
          [
            48.2578735,
            -18.0178604
          ],
          [
            48.2579002,
            -18.0178013
          ],
          [
            48.2579918,
            -18.0176945
          ],
          [
            48.2581062,
            -18.0176067
          ],
          [
            48.2582321,
            -18.0175362
          ],
          [
            48.2587051,
            -18.0173855
          ],
          [
            48.2587624,
            -18.0173473
          ],
          [
            48.2589836,
            -18.0170956
          ],
          [
            48.2591705,
            -18.0168304
          ],
          [
            48.2593269,
            -18.0166874
          ],
          [
            48.2595215,
            -18.0165844
          ],
          [
            48.260025,
            -18.0164356
          ],
          [
            48.2601547,
            -18.0163765
          ],
          [
            48.2604408,
            -18.0161667
          ],
          [
            48.2606735,
            -18.0159473
          ],
          [
            48.2608643,
            -18.0157375
          ],
          [
            48.2609634,
            -18.0156059
          ],
          [
            48.2610169,
            -18.0155125
          ],
          [
            48.2611275,
            -18.0152283
          ],
          [
            48.261158,
            -18.0149727
          ],
          [
            48.2611427,
            -18.0146332
          ],
          [
            48.261158,
            -18.0145645
          ],
          [
            48.2611771,
            -18.0144997
          ],
          [
            48.2612495,
            -18.0143776
          ],
          [
            48.2614327,
            -18.0141525
          ],
          [
            48.2614822,
            -18.014019
          ],
          [
            48.2615204,
            -18.0135059
          ],
          [
            48.2615089,
            -18.0131359
          ],
          [
            48.2615351,
            -18.013062
          ],
          [
            48.2615624,
            -18.0129852
          ],
          [
            48.2616577,
            -18.0128059
          ],
          [
            48.2620087,
            -18.0124912
          ],
          [
            48.2623634,
            -18.0120812
          ],
          [
            48.2624817,
            -18.0118427
          ],
          [
            48.262566,
            -18.0117376
          ],
          [
            48.2625517,
            -18.0116075
          ],
          [
            48.2624851,
            -18.0114024
          ],
          [
            48.2624626,
            -18.0113641
          ],
          [
            48.2623978,
            -18.0112896
          ],
          [
            48.2611466,
            -18.0098915
          ],
          [
            48.2605171,
            -18.0092144
          ],
          [
            48.260216,
            -18.0087757
          ],
          [
            48.2598452,
            -18.0084975
          ],
          [
            48.2596297,
            -18.0083054
          ],
          [
            48.2594932,
            -18.008125
          ],
          [
            48.2592863,
            -18.0077995
          ],
          [
            48.2591494,
            -18.0074449
          ],
          [
            48.2590841,
            -18.0071996
          ],
          [
            48.259107,
            -18.0067762
          ],
          [
            48.2592481,
            -18.0063833
          ],
          [
            48.2593397,
            -18.0062555
          ],
          [
            48.2596886,
            -18.0059859
          ],
          [
            48.2602065,
            -18.0057585
          ],
          [
            48.2604942,
            -18.0056286
          ],
          [
            48.2606239,
            -18.0055714
          ],
          [
            48.2607269,
            -18.0055485
          ],
          [
            48.2607918,
            -18.0055523
          ],
          [
            48.260891,
            -18.0055924
          ],
          [
            48.2613792,
            -18.0056877
          ],
          [
            48.2617566,
            -18.005616
          ],
          [
            48.2620744,
            -18.0055515
          ],
          [
            48.2622005,
            -18.0054542
          ],
          [
            48.2623215,
            -18.0053177
          ],
          [
            48.262574,
            -18.0049672
          ],
          [
            48.2627432,
            -18.004807
          ],
          [
            48.2629206,
            -18.0047004
          ],
          [
            48.2630548,
            -18.0046671
          ],
          [
            48.2631569,
            -18.00457
          ],
          [
            48.263298,
            -18.0043259
          ],
          [
            48.2633781,
            -18.0041142
          ],
          [
            48.2634504,
            -18.0038431
          ],
          [
            48.2634427,
            -18.0037439
          ],
          [
            48.2634046,
            -18.0036524
          ],
          [
            48.2633435,
            -18.0035627
          ],
          [
            48.2630891,
            -18.0032296
          ],
          [
            48.262982,
            -18.0030117
          ],
          [
            48.2628822,
            -18.0028
          ],
          [
            48.2628063,
            -18.0022391
          ]
        ]
      },
      "id": "way/130793550"
    },
    {
      "type": "Feature",
      "properties": {
        "@id": "way/130793552",
        "highway": "secondary",
        "ref": "N 44",
        "smoothness": "intermediate",
        "source": "GPS",
        "surface": "asphalt"
      },
      "geometry": {
        "type": "LineString",
        "coordinates": [
          [
            48.2615453,
            -17.9121558
          ],
          [
            48.2616844,
            -17.9120426
          ],
          [
            48.2618141,
            -17.9119625
          ],
          [
            48.2620544,
            -17.9118977
          ],
          [
            48.2621536,
            -17.9118958
          ],
          [
            48.2624054,
            -17.9119606
          ],
          [
            48.2627144,
            -17.9120178
          ],
          [
            48.2628517,
            -17.9120808
          ],
          [
            48.2630615,
            -17.9122124
          ],
          [
            48.2633057,
            -17.9123421
          ],
          [
            48.2635994,
            -17.9124565
          ],
          [
            48.263899,
            -17.9126703
          ],
          [
            48.2640973,
            -17.9127408
          ],
          [
            48.2643072,
            -17.9127713
          ],
          [
            48.2646009,
            -17.9127523
          ],
          [
            48.264723,
            -17.9127313
          ],
          [
            48.264949,
            -17.9126702
          ],
          [
            48.2652101,
            -17.9125671
          ],
          [
            48.2654123,
            -17.9124641
          ],
          [
            48.265542,
            -17.9123802
          ],
          [
            48.2656298,
            -17.9122753
          ],
          [
            48.2656603,
            -17.9121914
          ],
          [
            48.2656603,
            -17.9121456
          ],
          [
            48.2655992,
            -17.912014
          ],
          [
            48.2650871,
            -17.9114437
          ],
          [
            48.2646866,
            -17.9108887
          ],
          [
            48.2642479,
            -17.9104347
          ],
          [
            48.2641144,
            -17.9102135
          ],
          [
            48.2640266,
            -17.9101009
          ],
          [
            48.2638054,
            -17.9098606
          ],
          [
            48.2633972,
            -17.9093723
          ],
          [
            48.2631149,
            -17.9090214
          ],
          [
            48.2629509,
            -17.9087753
          ],
          [
            48.2623253,
            -17.9079876
          ],
          [
            48.2610092,
            -17.9064007
          ],
          [
            48.2603722,
            -17.9055042
          ],
          [
            48.2599678,
            -17.9048901
          ],
          [
            48.2598801,
            -17.9047833
          ],
          [
            48.2595825,
            -17.9044972
          ],
          [
            48.259407,
            -17.9043026
          ],
          [
            48.2589684,
            -17.9036408
          ],
          [
            48.2586327,
            -17.9032154
          ],
          [
            48.2582626,
            -17.902771
          ],
          [
            48.2580223,
            -17.9025116
          ],
          [
            48.2575111,
            -17.9018765
          ],
          [
            48.2574504,
            -17.9018099
          ],
          [
            48.2571602,
            -17.9014912
          ],
          [
            48.2563705,
            -17.9005241
          ],
          [
            48.2561073,
            -17.9001598
          ],
          [
            48.2557793,
            -17.8996449
          ],
          [
            48.2552605,
            -17.8986454
          ],
          [
            48.2552033,
            -17.8984985
          ],
          [
            48.255146,
            -17.8982754
          ],
          [
            48.255085,
            -17.897686
          ],
          [
            48.255085,
            -17.8973846
          ],
          [
            48.255146,
            -17.8968849
          ],
          [
            48.2553024,
            -17.8962975
          ],
          [
            48.2553253,
            -17.8961544
          ],
          [
            48.255314,
            -17.8960657
          ],
          [
            48.2553041,
            -17.8959883
          ],
          [
            48.2552862,
            -17.8958479
          ],
          [
            48.2552123,
            -17.8953196
          ],
          [
            48.255151,
            -17.8949432
          ],
          [
            48.2550636,
            -17.8946844
          ],
          [
            48.2550342,
            -17.8945177
          ],
          [
            48.2547914,
            -17.8938302
          ],
          [
            48.2546869,
            -17.8935858
          ],
          [
            48.2543907,
            -17.8930969
          ],
          [
            48.2541199,
            -17.8926392
          ],
          [
            48.2540398,
            -17.8924732
          ],
          [
            48.2539635,
            -17.8921795
          ],
          [
            48.2539177,
            -17.8916969
          ],
          [
            48.253933,
            -17.8914509
          ],
          [
            48.2539825,
            -17.8912697
          ],
          [
            48.2541351,
            -17.8908405
          ],
          [
            48.2543524,
            -17.8903552
          ],
          [
            48.254364,
            -17.8903294
          ],
          [
            48.2544746,
            -17.8899746
          ],
          [
            48.2545013,
            -17.8896236
          ],
          [
            48.2545166,
            -17.8895187
          ],
          [
            48.2545891,
            -17.8892574
          ],
          [
            48.2546349,
            -17.8888493
          ],
          [
            48.2547302,
            -17.8874817
          ],
          [
            48.2547798,
            -17.8869724
          ],
          [
            48.254837,
            -17.886364
          ],
          [
            48.2548637,
            -17.8859024
          ],
          [
            48.2548909,
            -17.8857403
          ],
          [
            48.2548533,
            -17.8855753
          ]
        ]
      },
      "id": "way/130793552"
    },
    {
      "type": "Feature",
      "properties": {
        "@id": "way/130793554",
        "highway": "secondary",
        "ref": "N 44",
        "source": "GPS",
        "surface": "asphalt"
      },
      "geometry": {
        "type": "LineString",
        "coordinates": [
          [
            48.2331901,
            -18.943549
          ],
          [
            48.2331535,
            -18.9433659
          ],
          [
            48.2331194,
            -18.9432273
          ],
          [
            48.233006,
            -18.9426732
          ],
          [
            48.2329915,
            -18.9425266
          ],
          [
            48.2329743,
            -18.9423517
          ],
          [
            48.2329919,
            -18.9421125
          ],
          [
            48.2331398,
            -18.9414584
          ],
          [
            48.2331613,
            -18.941344
          ],
          [
            48.233241,
            -18.9409192
          ],
          [
            48.2332796,
            -18.9406255
          ],
          [
            48.2334041,
            -18.9401676
          ],
          [
            48.2334426,
            -18.9399454
          ],
          [
            48.2334524,
            -18.9398893
          ],
          [
            48.2335035,
            -18.9395727
          ],
          [
            48.2335185,
            -18.9392552
          ],
          [
            48.2335086,
            -18.9389709
          ],
          [
            48.2334967,
            -18.9386468
          ],
          [
            48.2334985,
            -18.93838
          ],
          [
            48.233504,
            -18.9376509
          ],
          [
            48.2335051,
            -18.9375112
          ],
          [
            48.2335099,
            -18.9373782
          ],
          [
            48.2335168,
            -18.9371868
          ],
          [
            48.2335161,
            -18.9370864
          ],
          [
            48.2335151,
            -18.9369253
          ],
          [
            48.2335018,
            -18.936698
          ],
          [
            48.2334568,
            -18.9364784
          ],
          [
            48.2333867,
            -18.9362747
          ],
          [
            48.233261,
            -18.935941
          ],
          [
            48.2330941,
            -18.9355007
          ],
          [
            48.2330402,
            -18.9353585
          ],
          [
            48.2328836,
            -18.9349457
          ],
          [
            48.2327576,
            -18.9346133
          ],
          [
            48.2323609,
            -18.9335671
          ],
          [
            48.2321802,
            -18.9330905
          ],
          [
            48.2321271,
            -18.9329499
          ],
          [
            48.2320066,
            -18.9326309
          ],
          [
            48.231924,
            -18.932412
          ],
          [
            48.2318641,
            -18.9322536
          ],
          [
            48.2317918,
            -18.9320621
          ],
          [
            48.2317573,
            -18.9319722
          ],
          [
            48.23165,
            -18.9316922
          ],
          [
            48.2316128,
            -18.9315953
          ],
          [
            48.2315251,
            -18.9312901
          ],
          [
            48.2315235,
            -18.9310024
          ],
          [
            48.2315209,
            -18.9305132
          ],
          [
            48.2315351,
            -18.9298493
          ],
          [
            48.2315051,
            -18.9295448
          ],
          [
            48.2314385,
            -18.9293186
          ],
          [
            48.2313406,
            -18.9290656
          ],
          [
            48.2309893,
            -18.9283179
          ],
          [
            48.230704,
            -18.9276932
          ],
          [
            48.2303966,
            -18.9270326
          ],
          [
            48.2302844,
            -18.9267843
          ],
          [
            48.2302658,
            -18.9267432
          ],
          [
            48.2301681,
            -18.9265271
          ],
          [
            48.23012,
            -18.926347
          ],
          [
            48.2300968,
            -18.9261768
          ],
          [
            48.2300848,
            -18.9257579
          ],
          [
            48.2300751,
            -18.9254216
          ],
          [
            48.230056,
            -18.9243171
          ],
          [
            48.23005,
            -18.92397
          ],
          [
            48.2300492,
            -18.9237665
          ],
          [
            48.2300509,
            -18.923462
          ],
          [
            48.2300473,
            -18.9233148
          ],
          [
            48.230049,
            -18.9231246
          ],
          [
            48.2300451,
            -18.92278
          ],
          [
            48.2300359,
            -18.9217061
          ],
          [
            48.2300301,
            -18.9210326
          ],
          [
            48.2300001,
            -18.9201083
          ],
          [
            48.2299853,
            -18.9200039
          ],
          [
            48.2299656,
            -18.9198653
          ],
          [
            48.2299523,
            -18.9197714
          ],
          [
            48.2298429,
            -18.9192584
          ],
          [
            48.2292807,
            -18.9166218
          ],
          [
            48.229181,
            -18.9161373
          ],
          [
            48.2288094,
            -18.9143313
          ],
          [
            48.2285398,
            -18.9129742
          ],
          [
            48.2283776,
            -18.9121579
          ],
          [
            48.2282534,
            -18.9115452
          ],
          [
            48.22824,
            -18.9113868
          ],
          [
            48.228291,
            -18.9111685
          ]
        ]
      },
      "id": "way/130793554"
    },
    {
      "type": "Feature",
      "properties": {
        "@id": "way/130793555",
        "highway": "secondary",
        "ref": "N 44",
        "smoothness": "intermediate",
        "source": "GPS",
        "surface": "asphalt"
      },
      "geometry": {
        "type": "LineString",
        "coordinates": [
          [
            48.2690322,
            -18.3921536
          ],
          [
            48.2690273,
            -18.3918664
          ],
          [
            48.269001,
            -18.3913841
          ],
          [
            48.2689743,
            -18.3908653
          ],
          [
            48.2690582,
            -18.3904896
          ],
          [
            48.269165,
            -18.3901691
          ],
          [
            48.2692857,
            -18.3896895
          ],
          [
            48.2693214,
            -18.3895474
          ],
          [
            48.269474,
            -18.3890209
          ],
          [
            48.2696762,
            -18.3884621
          ],
          [
            48.2701239,
            -18.3870029
          ],
          [
            48.2701951,
            -18.386771
          ],
          [
            48.2702866,
            -18.3863621
          ],
          [
            48.2703364,
            -18.3861509
          ],
          [
            48.270393,
            -18.3859029
          ],
          [
            48.2704691,
            -18.3854708
          ],
          [
            48.2704905,
            -18.3851814
          ],
          [
            48.2704493,
            -18.3849163
          ],
          [
            48.2701073,
            -18.3836384
          ],
          [
            48.2700043,
            -18.3831196
          ],
          [
            48.2698708,
            -18.3821125
          ],
          [
            48.2698288,
            -18.3815804
          ],
          [
            48.2696915,
            -18.3805885
          ],
          [
            48.2694206,
            -18.378933
          ],
          [
            48.2694054,
            -18.3787689
          ],
          [
            48.2693749,
            -18.3779755
          ],
          [
            48.2693863,
            -18.3773193
          ],
          [
            48.2694969,
            -18.3761883
          ],
          [
            48.2696915,
            -18.3746662
          ],
          [
            48.2697716,
            -18.3735733
          ],
          [
            48.2697716,
            -18.3727074
          ],
          [
            48.2697105,
            -18.37043
          ],
          [
            48.269722,
            -18.3700714
          ],
          [
            48.2697487,
            -18.3699188
          ],
          [
            48.2697945,
            -18.3697891
          ],
          [
            48.2698822,
            -18.369648
          ],
          [
            48.270031,
            -18.3694897
          ],
          [
            48.27034,
            -18.3692398
          ],
          [
            48.2706451,
            -18.3689575
          ],
          [
            48.2707214,
            -18.3688278
          ],
          [
            48.2707481,
            -18.3686905
          ],
          [
            48.2707329,
            -18.3685761
          ],
          [
            48.2706947,
            -18.3684959
          ],
          [
            48.2705841,
            -18.3683472
          ],
          [
            48.2704735,
            -18.368227
          ],
          [
            48.2701988,
            -18.3676739
          ],
          [
            48.2696419,
            -18.3663406
          ],
          [
            48.2687035,
            -18.3639774
          ],
          [
            48.2683754,
            -18.3632736
          ],
          [
            48.2681465,
            -18.3626499
          ],
          [
            48.2677765,
            -18.3610497
          ],
          [
            48.2677307,
            -18.3607845
          ],
          [
            48.2676468,
            -18.3599072
          ],
          [
            48.267612,
            -18.3589229
          ],
          [
            48.2675663,
            -18.3580764
          ],
          [
            48.2675075,
            -18.3574416
          ],
          [
            48.2672551,
            -18.3565701
          ],
          [
            48.2671679,
            -18.3560672
          ],
          [
            48.2671587,
            -18.3554147
          ],
          [
            48.2672363,
            -18.3544288
          ],
          [
            48.2672969,
            -18.3528156
          ],
          [
            48.2672937,
            -18.3523762
          ],
          [
            48.2672785,
            -18.3520653
          ],
          [
            48.2672143,
            -18.3517505
          ],
          [
            48.2666283,
            -18.3496819
          ],
          [
            48.2663803,
            -18.3486271
          ],
          [
            48.2663384,
            -18.3483982
          ],
          [
            48.2662201,
            -18.34795
          ],
          [
            48.2659416,
            -18.347208
          ],
          [
            48.2655144,
            -18.3462009
          ],
          [
            48.2648583,
            -18.3448105
          ],
          [
            48.2644615,
            -18.3438454
          ],
          [
            48.2633781,
            -18.3410931
          ],
          [
            48.2628365,
            -18.3395004
          ],
          [
            48.2625313,
            -18.3387833
          ],
          [
            48.2623901,
            -18.3385296
          ],
          [
            48.2621307,
            -18.3382053
          ],
          [
            48.2618713,
            -18.3380013
          ],
          [
            48.261116,
            -18.3374691
          ],
          [
            48.2610392,
            -18.3373648
          ],
          [
            48.2610092,
            -18.3373241
          ],
          [
            48.2609482,
            -18.3371429
          ],
          [
            48.2609634,
            -18.3369961
          ],
          [
            48.2610474,
            -18.3366661
          ],
          [
            48.2610817,
            -18.3364105
          ],
          [
            48.2611237,
            -18.3362541
          ],
          [
            48.2616997,
            -18.3345375
          ],
          [
            48.2617259,
            -18.3344511
          ],
          [
            48.2620316,
            -18.3334427
          ],
          [
            48.2626,
            -18.3316765
          ],
          [
            48.2627449,
            -18.3309689
          ],
          [
            48.2627678,
            -18.3304691
          ],
          [
            48.2627893,
            -18.3301164
          ],
          [
            48.2627948,
            -18.3296753
          ],
          [
            48.2628062,
            -18.3292634
          ],
          [
            48.2630081,
            -18.3270226
          ],
          [
            48.2631073,
            -18.3263512
          ],
          [
            48.2631281,
            -18.3260969
          ]
        ]
      },
      "id": "way/130793555"
    },
    {
      "type": "Feature",
      "properties": {
        "@id": "way/130798179",
        "highway": "secondary",
        "ref": "N 44",
        "smoothness": "intermediate",
        "source": "GPS",
        "surface": "asphalt"
      },
      "geometry": {
        "type": "LineString",
        "coordinates": [
          [
            48.2481766,
            -17.9461975
          ],
          [
            48.2481499,
            -17.945982
          ],
          [
            48.2481728,
            -17.945797
          ],
          [
            48.2482262,
            -17.9456024
          ],
          [
            48.2485201,
            -17.9448116
          ],
          [
            48.2488861,
            -17.9438267
          ],
          [
            48.2489662,
            -17.9435711
          ],
          [
            48.24926,
            -17.9422722
          ],
          [
            48.2495842,
            -17.9410496
          ],
          [
            48.2496376,
            -17.9407024
          ],
          [
            48.2496719,
            -17.9400959
          ],
          [
            48.2498398,
            -17.9396019
          ],
          [
            48.2500343,
            -17.9387589
          ],
          [
            48.2500916,
            -17.9383164
          ],
          [
            48.2500916,
            -17.9380188
          ],
          [
            48.2500681,
            -17.9370588
          ],
          [
            48.2500681,
            -17.9368738
          ],
          [
            48.2501101,
            -17.9363817
          ],
          [
            48.2501353,
            -17.9360558
          ],
          [
            48.250132,
            -17.9358497
          ],
          [
            48.2501538,
            -17.9357066
          ],
          [
            48.2501691,
            -17.935575
          ],
          [
            48.2502339,
            -17.9354014
          ],
          [
            48.2503026,
            -17.9352984
          ],
          [
            48.25052,
            -17.9350657
          ],
          [
            48.2509651,
            -17.9346544
          ],
          [
            48.2511251,
            -17.9344915
          ],
          [
            48.2512967,
            -17.9343046
          ],
          [
            48.2515523,
            -17.9339556
          ],
          [
            48.251724,
            -17.9336904
          ],
          [
            48.2518766,
            -17.9334177
          ],
          [
            48.2522493,
            -17.932436
          ],
          [
            48.2523404,
            -17.93223
          ],
          [
            48.2524452,
            -17.9320202
          ],
          [
            48.2526097,
            -17.9317872
          ],
          [
            48.2527698,
            -17.93164
          ],
          [
            48.252981,
            -17.9315131
          ],
          [
            48.2535822,
            -17.9310938
          ],
          [
            48.254933,
            -17.9302678
          ],
          [
            48.255097,
            -17.9302049
          ],
          [
            48.2552725,
            -17.9301687
          ],
          [
            48.2557619,
            -17.930161
          ],
          [
            48.2559826,
            -17.9301375
          ],
          [
            48.2561351,
            -17.9300993
          ],
          [
            48.2562648,
            -17.930023
          ],
          [
            48.2563945,
            -17.9298571
          ],
          [
            48.2565263,
            -17.9295653
          ],
          [
            48.2565424,
            -17.9295297
          ],
          [
            48.2566791,
            -17.9293214
          ],
          [
            48.2567771,
            -17.9291719
          ],
          [
            48.2569193,
            -17.9289845
          ],
          [
            48.2569894,
            -17.9288921
          ],
          [
            48.2571449,
            -17.9286518
          ],
          [
            48.257221,
            -17.9285048
          ],
          [
            48.2573166,
            -17.928196
          ],
          [
            48.2575531,
            -17.9273167
          ],
          [
            48.2576291,
            -17.9271095
          ],
          [
            48.2581373,
            -17.9257248
          ],
          [
            48.2581869,
            -17.9254456
          ],
          [
            48.2582232,
            -17.925169
          ],
          [
            48.2582079,
            -17.9248142
          ],
          [
            48.2581431,
            -17.9243183
          ],
          [
            48.2579842,
            -17.9236774
          ],
          [
            48.257843,
            -17.9231243
          ],
          [
            48.2575951,
            -17.9223805
          ],
          [
            48.2575455,
            -17.9220943
          ],
          [
            48.257515,
            -17.9215908
          ],
          [
            48.2575188,
            -17.9213047
          ],
          [
            48.2575417,
            -17.9210892
          ],
          [
            48.2577744,
            -17.9199143
          ],
          [
            48.2578621,
            -17.9193573
          ],
          [
            48.2584534,
            -17.9164658
          ],
          [
            48.2587166,
            -17.9152985
          ],
          [
            48.2587814,
            -17.9151001
          ],
          [
            48.2588425,
            -17.9149723
          ],
          [
            48.2589569,
            -17.9147892
          ],
          [
            48.2590942,
            -17.9146195
          ],
          [
            48.259346,
            -17.9143543
          ],
          [
            48.2607193,
            -17.9129639
          ],
          [
            48.2613441,
            -17.9123598
          ]
        ]
      },
      "id": "way/130798179"
    },
    {
      "type": "Feature",
      "properties": {
        "@id": "way/135910388",
        "highway": "secondary",
        "ref": "N 44",
        "smoothness": "intermediate",
        "source": "GPS",
        "surface": "asphalt"
      },
      "geometry": {
        "type": "LineString",
        "coordinates": [
          [
            48.4329922,
            -17.8162392
          ],
          [
            48.4329469,
            -17.8165589
          ],
          [
            48.4328361,
            -17.8168731
          ],
          [
            48.4327479,
            -17.8170525
          ],
          [
            48.4326346,
            -17.8172884
          ],
          [
            48.432317,
            -17.8179372
          ],
          [
            48.4321445,
            -17.8183677
          ],
          [
            48.4320668,
            -17.818597
          ],
          [
            48.4320362,
            -17.8186874
          ],
          [
            48.4319614,
            -17.8189533
          ],
          [
            48.4319189,
            -17.8190853
          ],
          [
            48.4318405,
            -17.8193287
          ],
          [
            48.4318023,
            -17.8194839
          ],
          [
            48.4317821,
            -17.819566
          ],
          [
            48.4315239,
            -17.820616
          ],
          [
            48.4315116,
            -17.8206661
          ],
          [
            48.431459,
            -17.8208801
          ],
          [
            48.431224,
            -17.8218351
          ]
        ]
      },
      "id": "way/135910388"
    },
    {
      "type": "Feature",
      "properties": {
        "@id": "way/135910390",
        "highway": "secondary",
        "ref": "N 44",
        "source": "GPS",
        "surface": "asphalt"
      },
      "geometry": {
        "type": "LineString",
        "coordinates": [
          [
            48.431224,
            -17.8218351
          ],
          [
            48.4312187,
            -17.8219999
          ],
          [
            48.431161,
            -17.8222593
          ],
          [
            48.4309929,
            -17.8229943
          ],
          [
            48.4309303,
            -17.8233313
          ],
          [
            48.4307788,
            -17.8242326
          ],
          [
            48.4305775,
            -17.8253629
          ],
          [
            48.4305748,
            -17.8253781
          ],
          [
            48.4305126,
            -17.825676
          ],
          [
            48.4305032,
            -17.8261072
          ],
          [
            48.4304757,
            -17.8266257
          ],
          [
            48.4304394,
            -17.8267824
          ],
          [
            48.4302699,
            -17.8270617
          ],
          [
            48.4301527,
            -17.8272548
          ],
          [
            48.4298546,
            -17.8276821
          ],
          [
            48.4296954,
            -17.8279224
          ],
          [
            48.4294118,
            -17.828376
          ],
          [
            48.4292487,
            -17.8286516
          ],
          [
            48.4289621,
            -17.8291107
          ],
          [
            48.4287053,
            -17.8295214
          ],
          [
            48.4281451,
            -17.8303966
          ],
          [
            48.4280883,
            -17.8304896
          ],
          [
            48.4276314,
            -17.8312375
          ],
          [
            48.4273725,
            -17.8316614
          ],
          [
            48.4273144,
            -17.8317565
          ],
          [
            48.4271769,
            -17.8319817
          ],
          [
            48.4267203,
            -17.8326951
          ],
          [
            48.4263122,
            -17.8333993
          ],
          [
            48.4262913,
            -17.8334354
          ],
          [
            48.4260582,
            -17.8338376
          ],
          [
            48.4256902,
            -17.8344339
          ],
          [
            48.4256758,
            -17.834449
          ],
          [
            48.4254596,
            -17.8348176
          ],
          [
            48.4254175,
            -17.8348893
          ],
          [
            48.4252411,
            -17.8351767
          ],
          [
            48.4252053,
            -17.835235
          ],
          [
            48.4250978,
            -17.8354102
          ],
          [
            48.4250096,
            -17.8355731
          ],
          [
            48.4245184,
            -17.8364801
          ],
          [
            48.4244222,
            -17.8366685
          ],
          [
            48.4243789,
            -17.8367533
          ],
          [
            48.4243264,
            -17.8368783
          ],
          [
            48.4243199,
            -17.8368937
          ],
          [
            48.4242904,
            -17.8370418
          ],
          [
            48.4242904,
            -17.8372614
          ],
          [
            48.4243011,
            -17.8374197
          ],
          [
            48.424328,
            -17.837578
          ],
          [
            48.4244433,
            -17.8379048
          ],
          [
            48.4244996,
            -17.8380401
          ],
          [
            48.4245506,
            -17.8381729
          ],
          [
            48.4245694,
            -17.8383363
          ],
          [
            48.424564,
            -17.8384844
          ],
          [
            48.4245292,
            -17.8386452
          ],
          [
            48.4244312,
            -17.8389197
          ],
          [
            48.4242738,
            -17.8393603
          ],
          [
            48.424023,
            -17.8400561
          ],
          [
            48.4239026,
            -17.84025
          ],
          [
            48.4237573,
            -17.8404109
          ],
          [
            48.4236734,
            -17.8404613
          ],
          [
            48.4236175,
            -17.8404948
          ],
          [
            48.4235126,
            -17.8405228
          ],
          [
            48.4233438,
            -17.8405382
          ],
          [
            48.4229883,
            -17.8405277
          ],
          [
            48.4227764,
            -17.8405174
          ],
          [
            48.4222747,
            -17.840493
          ],
          [
            48.4221316,
            -17.840486
          ],
          [
            48.4219008,
            -17.8404748
          ],
          [
            48.4218145,
            -17.8404706
          ]
        ]
      },
      "id": "way/135910390"
    },
    {
      "type": "Feature",
      "properties": {
        "@id": "way/140161032",
        "highway": "secondary",
        "ref": "N 44",
        "smoothness": "intermediate",
        "source": "GPS",
        "surface": "asphalt"
      },
      "geometry": {
        "type": "LineString",
        "coordinates": [
          [
            48.4392589,
            -17.7727971
          ],
          [
            48.4393072,
            -17.7726926
          ],
          [
            48.4394293,
            -17.7724281
          ],
          [
            48.4395489,
            -17.7722446
          ],
          [
            48.4397407,
            -17.7720468
          ],
          [
            48.440035,
            -17.7718702
          ],
          [
            48.440353,
            -17.771676
          ],
          [
            48.4408108,
            -17.7713571
          ],
          [
            48.4409049,
            -17.7712652
          ],
          [
            48.4409316,
            -17.7711368
          ],
          [
            48.4409822,
            -17.7708988
          ],
          [
            48.4410595,
            -17.7706357
          ],
          [
            48.4411617,
            -17.7704455
          ],
          [
            48.4412592,
            -17.7702617
          ],
          [
            48.4414097,
            -17.7701153
          ],
          [
            48.4419476,
            -17.7696404
          ],
          [
            48.4420391,
            -17.769545
          ],
          [
            48.4421345,
            -17.7694134
          ],
          [
            48.4422146,
            -17.7692418
          ],
          [
            48.4422871,
            -17.7689233
          ],
          [
            48.4424171,
            -17.7685089
          ],
          [
            48.4424896,
            -17.7682076
          ],
          [
            48.442585,
            -17.7674408
          ],
          [
            48.4425845,
            -17.766886
          ],
          [
            48.4426376,
            -17.7664753
          ],
          [
            48.4426682,
            -17.7661177
          ],
          [
            48.4426608,
            -17.7658803
          ],
          [
            48.4426396,
            -17.7654441
          ],
          [
            48.4425548,
            -17.7650898
          ],
          [
            48.4424142,
            -17.7645579
          ]
        ]
      },
      "id": "way/140161032"
    },
    {
      "type": "Feature",
      "properties": {
        "@id": "way/140162701",
        "highway": "secondary",
        "ref": "N 44",
        "smoothness": "intermediate",
        "source": "GPS",
        "surface": "unpaved"
      },
      "geometry": {
        "type": "LineString",
        "coordinates": [
          [
            48.5105874,
            -17.629876
          ],
          [
            48.5109002,
            -17.6294189
          ],
          [
            48.5113412,
            -17.6287062
          ],
          [
            48.5116093,
            -17.6282604
          ],
          [
            48.5117672,
            -17.6278941
          ],
          [
            48.511943,
            -17.6273944
          ],
          [
            48.5120592,
            -17.6269673
          ],
          [
            48.5136616,
            -17.6223404
          ],
          [
            48.5152323,
            -17.6178953
          ],
          [
            48.515407,
            -17.6174604
          ],
          [
            48.51552,
            -17.6170083
          ],
          [
            48.515569,
            -17.6166876
          ],
          [
            48.5156186,
            -17.6164001
          ],
          [
            48.5158817,
            -17.6146656
          ],
          [
            48.5160317,
            -17.6136533
          ],
          [
            48.5161613,
            -17.6126848
          ],
          [
            48.5162215,
            -17.6123852
          ],
          [
            48.5164156,
            -17.6117956
          ],
          [
            48.5166213,
            -17.6112937
          ],
          [
            48.5169766,
            -17.6103807
          ],
          [
            48.5175401,
            -17.6089603
          ],
          [
            48.5191445,
            -17.604856
          ],
          [
            48.5212382,
            -17.5994999
          ],
          [
            48.5214685,
            -17.5987895
          ],
          [
            48.5216247,
            -17.5985117
          ],
          [
            48.5217546,
            -17.5980776
          ],
          [
            48.521842,
            -17.5977397
          ],
          [
            48.5219555,
            -17.5969356
          ],
          [
            48.5227569,
            -17.5916149
          ],
          [
            48.5228608,
            -17.5909674
          ],
          [
            48.5229339,
            -17.589999
          ],
          [
            48.5229847,
            -17.589279
          ],
          [
            48.5229919,
            -17.5886296
          ],
          [
            48.5228797,
            -17.5862597
          ],
          [
            48.5227114,
            -17.5816134
          ],
          [
            48.5224371,
            -17.5769077
          ],
          [
            48.5223734,
            -17.5755622
          ]
        ]
      },
      "id": "way/140162701"
    },
    {
      "type": "Feature",
      "properties": {
        "@id": "way/140172232",
        "bridge": "yes",
        "highway": "secondary",
        "layer": "1",
        "ref": "N 44",
        "smoothness": "intermediate",
        "source": "GPS",
        "surface": "unpaved"
      },
      "geometry": {
        "type": "LineString",
        "coordinates": [
          [
            48.5105874,
            -17.629876
          ],
          [
            48.5104841,
            -17.6299885
          ]
        ]
      },
      "id": "way/140172232"
    },
    {
      "type": "Feature",
      "properties": {
        "@id": "way/140172233",
        "highway": "secondary",
        "ref": "N 44",
        "smoothness": "intermediate",
        "source": "GPS",
        "surface": "unpaved"
      },
      "geometry": {
        "type": "LineString",
        "coordinates": [
          [
            48.5104841,
            -17.6299885
          ],
          [
            48.5103321,
            -17.6302469
          ],
          [
            48.5101355,
            -17.6306983
          ],
          [
            48.5099733,
            -17.6310365
          ],
          [
            48.509732,
            -17.6316356
          ],
          [
            48.5096707,
            -17.6317718
          ],
          [
            48.509443,
            -17.6322773
          ],
          [
            48.509294,
            -17.6326266
          ],
          [
            48.5092046,
            -17.6328253
          ],
          [
            48.50914,
            -17.6329585
          ],
          [
            48.5091148,
            -17.6330217
          ],
          [
            48.5090627,
            -17.633089
          ],
          [
            48.5090014,
            -17.6331094
          ],
          [
            48.5089512,
            -17.6331173
          ],
          [
            48.5088424,
            -17.6331247
          ],
          [
            48.5087178,
            -17.6331505
          ],
          [
            48.5085673,
            -17.6331994
          ],
          [
            48.5084283,
            -17.6333561
          ],
          [
            48.5083123,
            -17.6335393
          ],
          [
            48.5082467,
            -17.6336355
          ],
          [
            48.508189,
            -17.6337478
          ],
          [
            48.5080479,
            -17.6340577
          ],
          [
            48.5078756,
            -17.6346091
          ],
          [
            48.5074625,
            -17.635682
          ],
          [
            48.507221,
            -17.636022
          ],
          [
            48.5071299,
            -17.6361622
          ],
          [
            48.5049656,
            -17.6398109
          ],
          [
            48.5043918,
            -17.6407782
          ],
          [
            48.5040866,
            -17.6413825
          ],
          [
            48.503959,
            -17.6416348
          ],
          [
            48.503838,
            -17.6418907
          ],
          [
            48.503743,
            -17.6421568
          ],
          [
            48.5034819,
            -17.6427939
          ],
          [
            48.502917,
            -17.644179
          ],
          [
            48.5027447,
            -17.6445745
          ],
          [
            48.5025586,
            -17.6449286
          ]
        ]
      },
      "id": "way/140172233"
    },
    {
      "type": "Feature",
      "properties": {
        "@id": "way/140173740",
        "highway": "secondary",
        "ref": "N 44",
        "smoothness": "intermediate",
        "source": "GPS",
        "surface": "asphalt"
      },
      "geometry": {
        "type": "LineString",
        "coordinates": [
          [
            48.4607311,
            -17.70883
          ],
          [
            48.4610053,
            -17.70829
          ],
          [
            48.4611656,
            -17.7079205
          ],
          [
            48.4622638,
            -17.70501
          ],
          [
            48.4630003,
            -17.7030582
          ],
          [
            48.4632634,
            -17.7023845
          ],
          [
            48.4633056,
            -17.7022766
          ],
          [
            48.4633586,
            -17.7020818
          ],
          [
            48.4634132,
            -17.7020065
          ],
          [
            48.4634598,
            -17.7019422
          ],
          [
            48.4636861,
            -17.7017737
          ],
          [
            48.466888,
            -17.6996973
          ],
          [
            48.4671929,
            -17.6995233
          ],
          [
            48.4673633,
            -17.6994185
          ],
          [
            48.4674008,
            -17.6993912
          ],
          [
            48.4675233,
            -17.6992763
          ],
          [
            48.4678578,
            -17.6989499
          ],
          [
            48.4751256,
            -17.6871274
          ],
          [
            48.4752486,
            -17.68691
          ],
          [
            48.4752764,
            -17.6866913
          ]
        ]
      },
      "id": "way/140173740"
    },
    {
      "type": "Feature",
      "properties": {
        "@id": "way/140173741",
        "bridge": "yes",
        "highway": "secondary",
        "ref": "N 44",
        "smoothness": "intermediate",
        "source": "GPS",
        "surface": "asphalt"
      },
      "geometry": {
        "type": "LineString",
        "coordinates": [
          [
            48.4606393,
            -17.7090963
          ],
          [
            48.4607311,
            -17.70883
          ]
        ]
      },
      "id": "way/140173741"
    },
    {
      "type": "Feature",
      "properties": {
        "@id": "way/140514501",
        "highway": "tertiary",
        "ref": "N 44",
        "smoothness": "intermediate",
        "source": "GPS",
        "surface": "unpaved"
      },
      "geometry": {
        "type": "LineString",
        "coordinates": [
          [
            48.5924332,
            -17.4300884
          ],
          [
            48.5928222,
            -17.4299968
          ],
          [
            48.5928689,
            -17.4299858
          ],
          [
            48.5931078,
            -17.4298995
          ],
          [
            48.5932232,
            -17.4298499
          ],
          [
            48.5933974,
            -17.4297751
          ],
          [
            48.593564,
            -17.4296681
          ],
          [
            48.5937015,
            -17.4295403
          ],
          [
            48.5949976,
            -17.4280136
          ],
          [
            48.5951315,
            -17.4278098
          ],
          [
            48.5952872,
            -17.4276164
          ],
          [
            48.5954392,
            -17.4274679
          ],
          [
            48.5955732,
            -17.4273746
          ],
          [
            48.5957252,
            -17.4273159
          ],
          [
            48.5958809,
            -17.4272883
          ],
          [
            48.5960546,
            -17.4272952
          ],
          [
            48.6038609,
            -17.4287307
          ],
          [
            48.604692,
            -17.4288651
          ],
          [
            48.6048938,
            -17.4289018
          ],
          [
            48.6051498,
            -17.4289263
          ],
          [
            48.6054365,
            -17.428936
          ],
          [
            48.6087361,
            -17.4288532
          ],
          [
            48.60919,
            -17.4288418
          ],
          [
            48.6097166,
            -17.4288286
          ]
        ]
      },
      "id": "way/140514501"
    },
    {
      "type": "Feature",
      "properties": {
        "@id": "way/140546278",
        "highway": "secondary",
        "ref": "N 44",
        "smoothness": "intermediate",
        "source": "GPS",
        "surface": "unpaved"
      },
      "geometry": {
        "type": "LineString",
        "coordinates": [
          [
            48.5273333,
            -17.5472185
          ],
          [
            48.5274358,
            -17.5469601
          ],
          [
            48.5275334,
            -17.5464153
          ],
          [
            48.5279728,
            -17.5433289
          ],
          [
            48.5280544,
            -17.5428564
          ],
          [
            48.528186,
            -17.5425354
          ],
          [
            48.5283016,
            -17.5422656
          ],
          [
            48.5286089,
            -17.5417781
          ],
          [
            48.5289946,
            -17.5412509
          ],
          [
            48.52945,
            -17.5405884
          ],
          [
            48.5300606,
            -17.5397722
          ],
          [
            48.5306105,
            -17.5389372
          ],
          [
            48.5313535,
            -17.5378439
          ],
          [
            48.5320037,
            -17.5368537
          ],
          [
            48.5322888,
            -17.536216
          ],
          [
            48.5331869,
            -17.5346118
          ],
          [
            48.5332935,
            -17.5344602
          ],
          [
            48.5335977,
            -17.5339643
          ],
          [
            48.5336548,
            -17.5336939
          ],
          [
            48.5336636,
            -17.5333801
          ],
          [
            48.5338159,
            -17.5274175
          ],
          [
            48.5337941,
            -17.5268383
          ],
          [
            48.5337429,
            -17.526346
          ],
          [
            48.5335207,
            -17.5247795
          ],
          [
            48.5334163,
            -17.5242566
          ],
          [
            48.5331906,
            -17.5233947
          ],
          [
            48.5330874,
            -17.5229493
          ]
        ]
      },
      "id": "way/140546278"
    },
    {
      "type": "Feature",
      "properties": {
        "@id": "way/140546301",
        "highway": "secondary",
        "ref": "N 44",
        "smoothness": "intermediate",
        "source": "GPS",
        "surface": "unpaved"
      },
      "geometry": {
        "type": "LineString",
        "coordinates": [
          [
            48.5542861,
            -17.5122659
          ],
          [
            48.5543823,
            -17.5115852
          ],
          [
            48.5544392,
            -17.511338
          ],
          [
            48.5544815,
            -17.5111542
          ],
          [
            48.5546074,
            -17.5104504
          ],
          [
            48.5547409,
            -17.5099258
          ],
          [
            48.5548286,
            -17.5097084
          ],
          [
            48.555275,
            -17.5088062
          ],
          [
            48.5554619,
            -17.5083752
          ],
          [
            48.5555382,
            -17.5080032
          ],
          [
            48.5556221,
            -17.5071907
          ],
          [
            48.5556412,
            -17.5068932
          ],
          [
            48.5556374,
            -17.506588
          ],
          [
            48.5555725,
            -17.5061226
          ],
          [
            48.555336,
            -17.5051975
          ],
          [
            48.5549316,
            -17.5040093
          ],
          [
            48.5546989,
            -17.5032616
          ],
          [
            48.5544357,
            -17.5022583
          ],
          [
            48.5541151,
            -17.5009163
          ],
          [
            48.5540543,
            -17.5006619
          ],
          [
            48.5534401,
            -17.4982472
          ],
          [
            48.5533566,
            -17.4977263
          ],
          [
            48.5532811,
            -17.497424
          ],
          [
            48.5531998,
            -17.4971275
          ],
          [
            48.5531627,
            -17.4969627
          ],
          [
            48.5530715,
            -17.4966291
          ],
          [
            48.5529366,
            -17.4961033
          ],
          [
            48.5527371,
            -17.49532
          ],
          [
            48.5524241,
            -17.4940808
          ],
          [
            48.5523453,
            -17.4938393
          ],
          [
            48.5523377,
            -17.4935741
          ],
          [
            48.5523758,
            -17.4933071
          ],
          [
            48.5524139,
            -17.4931736
          ],
          [
            48.5527229,
            -17.4923096
          ],
          [
            48.5527916,
            -17.4921493
          ],
          [
            48.5528085,
            -17.4921172
          ],
          [
            48.5529022,
            -17.4919395
          ],
          [
            48.5538101,
            -17.4896603
          ],
          [
            48.5541316,
            -17.4887585
          ],
          [
            48.5543785,
            -17.4881058
          ],
          [
            48.5544739,
            -17.4878311
          ],
          [
            48.5546265,
            -17.4874649
          ],
          [
            48.5548504,
            -17.4868642
          ],
          [
            48.5549393,
            -17.4866257
          ],
          [
            48.5550537,
            -17.4863834
          ],
          [
            48.5552635,
            -17.486002
          ],
          [
            48.5554733,
            -17.4854507
          ],
          [
            48.5557365,
            -17.4848728
          ],
          [
            48.5558548,
            -17.4845161
          ],
          [
            48.5562172,
            -17.483654
          ],
          [
            48.5563622,
            -17.4832497
          ],
          [
            48.5566292,
            -17.4826088
          ],
          [
            48.5569115,
            -17.4818287
          ],
          [
            48.5571899,
            -17.4811382
          ],
          [
            48.557682,
            -17.4798126
          ],
          [
            48.5578346,
            -17.4794559
          ],
          [
            48.5579796,
            -17.4791889
          ],
          [
            48.5581017,
            -17.4790077
          ],
          [
            48.5582504,
            -17.4788399
          ],
          [
            48.5585175,
            -17.4786263
          ],
          [
            48.5587158,
            -17.4785137
          ],
          [
            48.5592766,
            -17.4782658
          ],
          [
            48.5602799,
            -17.4778633
          ],
          [
            48.5605278,
            -17.4777489
          ],
          [
            48.5607529,
            -17.4776096
          ],
          [
            48.5608521,
            -17.4775276
          ],
          [
            48.5610428,
            -17.4773426
          ],
          [
            48.5611267,
            -17.4772377
          ],
          [
            48.5614433,
            -17.4767685
          ],
          [
            48.5622101,
            -17.4754639
          ],
          [
            48.5626602,
            -17.4746513
          ],
          [
            48.563118,
            -17.4738941
          ],
          [
            48.5636292,
            -17.4729672
          ],
          [
            48.5640678,
            -17.4722233
          ],
          [
            48.5646744,
            -17.4712734
          ],
          [
            48.5648384,
            -17.4709778
          ],
          [
            48.5649872,
            -17.470665
          ],
          [
            48.5653915,
            -17.4699345
          ],
          [
            48.5655861,
            -17.4696331
          ],
          [
            48.5656738,
            -17.4694576
          ],
          [
            48.5657463,
            -17.4693413
          ],
          [
            48.5658951,
            -17.4691601
          ],
          [
            48.5662651,
            -17.4684734
          ],
          [
            48.5665207,
            -17.4680691
          ],
          [
            48.5666885,
            -17.4678497
          ],
          [
            48.5668793,
            -17.4676571
          ],
          [
            48.5670815,
            -17.4674892
          ],
          [
            48.5673676,
            -17.4673424
          ],
          [
            48.5675697,
            -17.4672127
          ],
          [
            48.568306,
            -17.4666443
          ],
          [
            48.5684738,
            -17.466568
          ],
          [
            48.5688629,
            -17.4664497
          ],
          [
            48.569252,
            -17.4663124
          ],
          [
            48.5702705,
            -17.4660854
          ],
          [
            48.5705833,
            -17.4660626
          ],
          [
            48.5713539,
            -17.4659576
          ],
          [
            48.5715866,
            -17.4659576
          ],
          [
            48.5719338,
            -17.4659958
          ],
          [
            48.5721588,
            -17.4660034
          ],
          [
            48.5722694,
            -17.4659882
          ],
          [
            48.5724716,
            -17.4659004
          ],
          [
            48.5727654,
            -17.4657135
          ],
          [
            48.5733299,
            -17.4652634
          ],
          [
            48.5735169,
            -17.4650955
          ],
          [
            48.5738678,
            -17.4647274
          ],
          [
            48.5741234,
            -17.4644318
          ],
          [
            48.5750084,
            -17.4635925
          ],
          [
            48.5751953,
            -17.4633942
          ],
          [
            48.5760841,
            -17.4622345
          ],
          [
            48.5763168,
            -17.4619484
          ],
          [
            48.5765533,
            -17.4616947
          ],
          [
            48.5767479,
            -17.4614258
          ],
          [
            48.5773125,
            -17.4603691
          ],
          [
            48.5775681,
            -17.4598236
          ],
          [
            48.5775948,
            -17.4596596
          ],
          [
            48.5775642,
            -17.4594059
          ],
          [
            48.5775732,
            -17.4593348
          ],
          [
            48.5775871,
            -17.4592247
          ],
          [
            48.5778847,
            -17.4583893
          ],
          [
            48.5780296,
            -17.4580555
          ],
          [
            48.578167,
            -17.4578533
          ],
          [
            48.5786247,
            -17.4573784
          ],
          [
            48.5787048,
            -17.4572697
          ],
          [
            48.5787735,
            -17.4571552
          ],
          [
            48.5789833,
            -17.4566612
          ],
          [
            48.5791092,
            -17.4564209
          ],
          [
            48.5794234,
            -17.4559481
          ],
          [
            48.5794907,
            -17.4558468
          ],
          [
            48.5795517,
            -17.4557304
          ],
          [
            48.5795975,
            -17.4556179
          ],
          [
            48.5796242,
            -17.4555016
          ],
          [
            48.5796394,
            -17.4552746
          ],
          [
            48.579628,
            -17.4551678
          ],
          [
            48.5796051,
            -17.4550629
          ],
          [
            48.5793953,
            -17.4544296
          ],
          [
            48.57938,
            -17.4542141
          ],
          [
            48.5793953,
            -17.4541073
          ],
          [
            48.5794334,
            -17.4539909
          ],
          [
            48.5795441,
            -17.453764
          ],
          [
            48.5796127,
            -17.4536552
          ],
          [
            48.5797691,
            -17.4534683
          ],
          [
            48.5798607,
            -17.4533978
          ],
          [
            48.5801582,
            -17.4532375
          ],
          [
            48.5805092,
            -17.4529877
          ],
          [
            48.5806465,
            -17.4528523
          ],
          [
            48.5808296,
            -17.4526272
          ],
          [
            48.5809898,
            -17.4525166
          ],
          [
            48.5814438,
            -17.4523525
          ],
          [
            48.5817413,
            -17.4522743
          ],
          [
            48.5819435,
            -17.4522343
          ],
          [
            48.5823784,
            -17.4521866
          ],
          [
            48.5824814,
            -17.4521637
          ],
          [
            48.5826721,
            -17.4520741
          ],
          [
            48.5827522,
            -17.4520092
          ],
          [
            48.5828209,
            -17.451931
          ],
          [
            48.5829201,
            -17.4517441
          ],
          [
            48.5830116,
            -17.4514008
          ],
          [
            48.5831337,
            -17.4510307
          ],
          [
            48.5834427,
            -17.450407
          ],
          [
            48.5840721,
            -17.4492188
          ],
          [
            48.5849075,
            -17.4477043
          ],
          [
            48.5854759,
            -17.4467144
          ],
          [
            48.5857022,
            -17.4463766
          ],
          [
            48.5857429,
            -17.4463158
          ],
          [
            48.5860329,
            -17.4459782
          ],
          [
            48.5862961,
            -17.4457092
          ],
          [
            48.5880928,
            -17.4443703
          ],
          [
            48.5886383,
            -17.4439182
          ],
          [
            48.5903969,
            -17.4426403
          ],
          [
            48.590519,
            -17.4425278
          ],
          [
            48.5906181,
            -17.4424057
          ],
          [
            48.5907707,
            -17.4420567
          ],
          [
            48.590847,
            -17.4418182
          ],
          [
            48.5909119,
            -17.4415245
          ],
          [
            48.5911751,
            -17.4400883
          ],
          [
            48.59132,
            -17.4394245
          ],
          [
            48.5914307,
            -17.4387417
          ],
          [
            48.5915299,
            -17.4379959
          ],
          [
            48.5916138,
            -17.437685
          ],
          [
            48.5917729,
            -17.4373612
          ],
          [
            48.5924757,
            -17.4360024
          ],
          [
            48.5928431,
            -17.4355034
          ],
          [
            48.5929719,
            -17.4353473
          ],
          [
            48.5930791,
            -17.4351094
          ],
          [
            48.5931462,
            -17.4348432
          ],
          [
            48.593191,
            -17.4346344
          ],
          [
            48.5932045,
            -17.4342709
          ],
          [
            48.5932007,
            -17.433815
          ],
          [
            48.5931854,
            -17.4334984
          ],
          [
            48.5931764,
            -17.4334424
          ],
          [
            48.5931549,
            -17.4333096
          ],
          [
            48.5929985,
            -17.4328842
          ],
          [
            48.592704,
            -17.4323542
          ],
          [
            48.5924221,
            -17.4318469
          ],
          [
            48.5923687,
            -17.4316448
          ],
          [
            48.5923611,
            -17.4314388
          ],
          [
            48.5924332,
            -17.4300884
          ]
        ]
      },
      "id": "way/140546301"
    },
    {
      "type": "Feature",
      "properties": {
        "@id": "way/140546332",
        "bridge": "yes",
        "highway": "secondary",
        "layer": "1",
        "ref": "N 44",
        "smoothness": "intermediate",
        "source": "GPS",
        "surface": "unpaved"
      },
      "geometry": {
        "type": "LineString",
        "coordinates": [
          [
            48.5271823,
            -17.5476041
          ],
          [
            48.5273333,
            -17.5472185
          ]
        ]
      },
      "id": "way/140546332"
    },
    {
      "type": "Feature",
      "properties": {
        "@id": "way/140546334",
        "ford": "yes",
        "highway": "secondary",
        "ref": "N 44",
        "smoothness": "intermediate",
        "source": "GPS",
        "surface": "unpaved"
      },
      "geometry": {
        "type": "LineString",
        "coordinates": [
          [
            48.5541843,
            -17.5126327
          ],
          [
            48.5542297,
            -17.5125313
          ],
          [
            48.5542526,
            -17.5124493
          ],
          [
            48.5542861,
            -17.5122659
          ]
        ]
      },
      "id": "way/140546334"
    },
    {
      "type": "Feature",
      "properties": {
        "@id": "way/170480330",
        "bridge": "yes",
        "highway": "tertiary",
        "layer": "1",
        "ref": "RIP 144.T",
        "surface": "unpaved"
      },
      "geometry": {
        "type": "LineString",
        "coordinates": [
          [
            46.944669,
            -20.4978762
          ],
          [
            46.9445303,
            -20.4977512
          ]
        ]
      },
      "id": "way/170480330"
    },
    {
      "type": "Feature",
      "properties": {
        "@id": "way/170480332",
        "highway": "tertiary",
        "ref": "RIP 144.T",
        "surface": "unpaved"
      },
      "geometry": {
        "type": "LineString",
        "coordinates": [
          [
            46.9465199,
            -20.5052888
          ],
          [
            46.9465457,
            -20.5049501
          ],
          [
            46.9465457,
            -20.5046635
          ],
          [
            46.9464906,
            -20.5044374
          ],
          [
            46.9463449,
            -20.5041696
          ],
          [
            46.9462424,
            -20.5039827
          ],
          [
            46.9462236,
            -20.5038905
          ],
          [
            46.946245,
            -20.5037767
          ],
          [
            46.9463206,
            -20.5036428
          ],
          [
            46.9463448,
            -20.5035494
          ],
          [
            46.9463489,
            -20.5034445
          ],
          [
            46.9463152,
            -20.5033144
          ],
          [
            46.9462289,
            -20.5031768
          ],
          [
            46.9460981,
            -20.5030669
          ],
          [
            46.9459592,
            -20.5030037
          ],
          [
            46.9457987,
            -20.5029595
          ],
          [
            46.9457205,
            -20.5029027
          ],
          [
            46.9456733,
            -20.5027967
          ],
          [
            46.9456529,
            -20.5027106
          ],
          [
            46.9456315,
            -20.5026553
          ],
          [
            46.9456153,
            -20.5025306
          ],
          [
            46.9455698,
            -20.5019252
          ],
          [
            46.9455889,
            -20.5017877
          ],
          [
            46.9456404,
            -20.5016394
          ],
          [
            46.9457205,
            -20.5015126
          ],
          [
            46.9465043,
            -20.5004605
          ],
          [
            46.9465653,
            -20.5003659
          ],
          [
            46.9466015,
            -20.5002712
          ],
          [
            46.9466206,
            -20.5001676
          ],
          [
            46.9466206,
            -20.5000658
          ],
          [
            46.9466015,
            -20.4999265
          ],
          [
            46.9465653,
            -20.4997925
          ],
          [
            46.9465062,
            -20.4997014
          ],
          [
            46.946449,
            -20.4996424
          ],
          [
            46.9463784,
            -20.4996085
          ],
          [
            46.9462888,
            -20.4995889
          ],
          [
            46.9460905,
            -20.4995674
          ],
          [
            46.9458713,
            -20.4995613
          ],
          [
            46.9457683,
            -20.499522
          ],
          [
            46.9456902,
            -20.499447
          ],
          [
            46.9456291,
            -20.4993434
          ],
          [
            46.9456101,
            -20.4992344
          ],
          [
            46.9456003,
            -20.4991064
          ],
          [
            46.9456022,
            -20.4989993
          ],
          [
            46.9455908,
            -20.4989135
          ],
          [
            46.9455317,
            -20.4987385
          ],
          [
            46.9455121,
            -20.4986975
          ],
          [
            46.9454592,
            -20.4985867
          ],
          [
            46.9452848,
            -20.4984017
          ],
          [
            46.9449938,
            -20.4981469
          ],
          [
            46.9448081,
            -20.4979865
          ],
          [
            46.944669,
            -20.4978762
          ]
        ]
      },
      "id": "way/170480332"
    },
    {
      "type": "Feature",
      "properties": {
        "@id": "way/170481111",
        "highway": "tertiary",
        "ref": "RIP 144.T",
        "surface": "unpaved"
      },
      "geometry": {
        "type": "LineString",
        "coordinates": [
          [
            46.9315929,
            -19.9273476
          ],
          [
            46.9316263,
            -19.9275253
          ],
          [
            46.9317285,
            -19.9276758
          ],
          [
            46.9320059,
            -19.9279322
          ],
          [
            46.9322554,
            -19.9281627
          ],
          [
            46.9323288,
            -19.9282651
          ],
          [
            46.9323443,
            -19.9283487
          ],
          [
            46.9323088,
            -19.9284658
          ],
          [
            46.9321736,
            -19.9287123
          ],
          [
            46.932122,
            -19.9288064
          ],
          [
            46.9315327,
            -19.9297458
          ],
          [
            46.9314284,
            -19.929912
          ],
          [
            46.9311928,
            -19.9302171
          ]
        ]
      },
      "id": "way/170481111"
    },
    {
      "type": "Feature",
      "properties": {
        "@id": "way/175156854",
        "highway": "tertiary",
        "ref": "RIP 144.T",
        "surface": "unpaved"
      },
      "geometry": {
        "type": "LineString",
        "coordinates": [
          [
            46.9475519,
            -20.5077952
          ],
          [
            46.9477049,
            -20.507055
          ],
          [
            46.9477075,
            -20.5068117
          ],
          [
            46.9476803,
            -20.506695
          ],
          [
            46.9476496,
            -20.5066013
          ],
          [
            46.9475078,
            -20.5064218
          ],
          [
            46.9473584,
            -20.5063311
          ],
          [
            46.9467248,
            -20.5061786
          ],
          [
            46.9465129,
            -20.5060841
          ],
          [
            46.9463818,
            -20.5059266
          ],
          [
            46.9463347,
            -20.5057344
          ],
          [
            46.9464381,
            -20.5054611
          ],
          [
            46.9465199,
            -20.5052888
          ]
        ]
      },
      "id": "way/175156854"
    },
    {
      "type": "Feature",
      "properties": {
        "@id": "way/175156861",
        "bridge": "yes",
        "highway": "tertiary",
        "layer": "1",
        "ref": "RIP 144.T",
        "surface": "unpaved"
      },
      "geometry": {
        "type": "LineString",
        "coordinates": [
          [
            46.94753,
            -20.5079399
          ],
          [
            46.9475519,
            -20.5077952
          ]
        ]
      },
      "id": "way/175156861"
    },
    {
      "type": "Feature",
      "properties": {
        "@id": "way/175156864",
        "bridge": "yes",
        "highway": "tertiary",
        "layer": "1",
        "ref": "RIP 144.T",
        "surface": "unpaved"
      },
      "geometry": {
        "type": "LineString",
        "coordinates": [
          [
            46.9613478,
            -20.5239191
          ],
          [
            46.9613555,
            -20.5237373
          ]
        ]
      },
      "id": "way/175156864"
    },
    {
      "type": "Feature",
      "properties": {
        "@id": "way/175156866",
        "highway": "tertiary",
        "ref": "RIP 144.T",
        "surface": "unpaved"
      },
      "geometry": {
        "type": "LineString",
        "coordinates": [
          [
            46.9679028,
            -20.5530626
          ],
          [
            46.9678244,
            -20.5525486
          ],
          [
            46.9675599,
            -20.5508144
          ],
          [
            46.9675524,
            -20.5507652
          ],
          [
            46.9674191,
            -20.5498911
          ],
          [
            46.9669975,
            -20.5467044
          ],
          [
            46.9663602,
            -20.5442638
          ],
          [
            46.9660558,
            -20.5433464
          ],
          [
            46.9644292,
            -20.5392668
          ],
          [
            46.964258,
            -20.538572
          ],
          [
            46.9636683,
            -20.5374051
          ],
          [
            46.9628502,
            -20.5362382
          ],
          [
            46.9627233,
            -20.536136
          ],
          [
            46.9625989,
            -20.5360919
          ],
          [
            46.9622054,
            -20.5360226
          ],
          [
            46.9619498,
            -20.5358588
          ],
          [
            46.9616875,
            -20.5355628
          ],
          [
            46.9615563,
            -20.5352762
          ],
          [
            46.9615462,
            -20.5346683
          ],
          [
            46.9614453,
            -20.5344195
          ],
          [
            46.9609678,
            -20.5338684
          ],
          [
            46.9607458,
            -20.5334842
          ],
          [
            46.9604498,
            -20.5327346
          ],
          [
            46.9604297,
            -20.5325236
          ],
          [
            46.9604734,
            -20.5323378
          ],
          [
            46.9605978,
            -20.5321583
          ],
          [
            46.9608063,
            -20.5320134
          ],
          [
            46.9614655,
            -20.5317362
          ],
          [
            46.9616841,
            -20.5315567
          ],
          [
            46.9617749,
            -20.5313709
          ],
          [
            46.961785,
            -20.5309552
          ],
          [
            46.9616841,
            -20.5298938
          ],
          [
            46.9617379,
            -20.5296355
          ],
          [
            46.961859,
            -20.5293552
          ],
          [
            46.9618623,
            -20.5290497
          ],
          [
            46.9617884,
            -20.5288072
          ],
          [
            46.9616807,
            -20.5286371
          ],
          [
            46.9614151,
            -20.5284198
          ],
          [
            46.9611191,
            -20.5282466
          ],
          [
            46.9605776,
            -20.5279694
          ],
          [
            46.9603994,
            -20.5277773
          ],
          [
            46.9602884,
            -20.5274813
          ],
          [
            46.9601404,
            -20.5267033
          ],
          [
            46.9601404,
            -20.5263758
          ],
          [
            46.9602312,
            -20.526086
          ],
          [
            46.9606348,
            -20.5253081
          ],
          [
            46.961183,
            -20.524338
          ],
          [
            46.9612973,
            -20.5241081
          ],
          [
            46.9613478,
            -20.5239191
          ]
        ]
      },
      "id": "way/175156866"
    },
    {
      "type": "Feature",
      "properties": {
        "@id": "way/175156869",
        "highway": "tertiary",
        "ref": "RIP 144.T",
        "surface": "unpaved"
      },
      "geometry": {
        "type": "LineString",
        "coordinates": [
          [
            46.9613555,
            -20.5237373
          ],
          [
            46.9613317,
            -20.5236438
          ],
          [
            46.961249,
            -20.5235602
          ],
          [
            46.9609059,
            -20.5234406
          ],
          [
            46.960499,
            -20.5233146
          ],
          [
            46.9602602,
            -20.523302
          ],
          [
            46.9600517,
            -20.5233744
          ],
          [
            46.9597625,
            -20.5235256
          ],
          [
            46.9595271,
            -20.5236453
          ],
          [
            46.9593152,
            -20.523661
          ],
          [
            46.9589284,
            -20.5235256
          ],
          [
            46.9586459,
            -20.5234847
          ],
          [
            46.9583163,
            -20.5234941
          ],
          [
            46.9575866,
            -20.523598
          ],
          [
            46.9571628,
            -20.5234941
          ],
          [
            46.9569711,
            -20.5233807
          ],
          [
            46.9567828,
            -20.5231539
          ],
          [
            46.9566617,
            -20.5228862
          ],
          [
            46.9565709,
            -20.5225051
          ],
          [
            46.9564902,
            -20.5222594
          ],
          [
            46.956238,
            -20.522039
          ],
          [
            46.9557436,
            -20.52185
          ],
          [
            46.9555485,
            -20.5217272
          ],
          [
            46.9554409,
            -20.5215917
          ],
          [
            46.9553905,
            -20.521472
          ],
          [
            46.9556292,
            -20.5204988
          ],
          [
            46.9556595,
            -20.5201996
          ],
          [
            46.9555956,
            -20.5198877
          ],
          [
            46.9553299,
            -20.5193838
          ],
          [
            46.9551988,
            -20.5192484
          ],
          [
            46.9550441,
            -20.5191759
          ],
          [
            46.9546573,
            -20.5190877
          ],
          [
            46.9539309,
            -20.5187948
          ],
          [
            46.9536417,
            -20.5187885
          ],
          [
            46.9531977,
            -20.5188672
          ],
          [
            46.9529354,
            -20.518842
          ],
          [
            46.9526428,
            -20.5186751
          ],
          [
            46.9518727,
            -20.5181082
          ],
          [
            46.9515868,
            -20.5178121
          ],
          [
            46.9506598,
            -20.5174501
          ],
          [
            46.9500292,
            -20.5174555
          ],
          [
            46.9498092,
            -20.5173542
          ],
          [
            46.948771,
            -20.5165569
          ],
          [
            46.9478631,
            -20.5157631
          ],
          [
            46.9476163,
            -20.5154528
          ],
          [
            46.9474983,
            -20.5151828
          ],
          [
            46.9475141,
            -20.514845
          ],
          [
            46.9475982,
            -20.5144009
          ],
          [
            46.9476432,
            -20.5138476
          ],
          [
            46.9476284,
            -20.5135549
          ],
          [
            46.9475184,
            -20.5132987
          ],
          [
            46.9473106,
            -20.5131015
          ],
          [
            46.9466279,
            -20.5126179
          ],
          [
            46.9465663,
            -20.5124785
          ],
          [
            46.9465837,
            -20.5123315
          ],
          [
            46.9467245,
            -20.5122009
          ],
          [
            46.9470544,
            -20.5121544
          ],
          [
            46.9472757,
            -20.5121305
          ],
          [
            46.9474809,
            -20.5120313
          ],
          [
            46.9475915,
            -20.511859
          ],
          [
            46.9476807,
            -20.5115377
          ],
          [
            46.9476686,
            -20.5113191
          ],
          [
            46.9475265,
            -20.5110541
          ],
          [
            46.9472475,
            -20.5108506
          ],
          [
            46.9470826,
            -20.510686
          ],
          [
            46.9470397,
            -20.5104838
          ],
          [
            46.9471274,
            -20.5102777
          ],
          [
            46.9473292,
            -20.5098997
          ],
          [
            46.9473932,
            -20.5094487
          ],
          [
            46.9473778,
            -20.5091613
          ],
          [
            46.9473501,
            -20.5089036
          ],
          [
            46.9473724,
            -20.508607
          ],
          [
            46.9474217,
            -20.5083982
          ],
          [
            46.94753,
            -20.5079399
          ]
        ]
      },
      "id": "way/175156869"
    },
    {
      "type": "Feature",
      "properties": {
        "@id": "way/180280485",
        "highway": "tertiary",
        "ref": "RIP 144.T",
        "surface": "unpaved"
      },
      "geometry": {
        "type": "LineString",
        "coordinates": [
          [
            46.883819,
            -19.995589
          ],
          [
            46.8847263,
            -19.997194
          ],
          [
            46.884871,
            -19.9975545
          ],
          [
            46.885,
            -19.9980215
          ],
          [
            46.8851509,
            -19.9985624
          ],
          [
            46.8851572,
            -19.9989613
          ],
          [
            46.8850975,
            -19.9992805
          ],
          [
            46.8849434,
            -19.9996943
          ],
          [
            46.8848805,
            -20.0000637
          ],
          [
            46.8848836,
            -20.0002736
          ],
          [
            46.8849465,
            -20.0004391
          ],
          [
            46.8851195,
            -20.0007051
          ],
          [
            46.8851981,
            -20.0009326
          ],
          [
            46.8852044,
            -20.0011247
          ],
          [
            46.885261,
            -20.0013287
          ],
          [
            46.8854057,
            -20.0015326
          ],
          [
            46.8855881,
            -20.0017513
          ],
          [
            46.8857817,
            -20.0019125
          ],
          [
            46.885975,
            -20.0020734
          ],
          [
            46.8863178,
            -20.0023069
          ],
          [
            46.8867424,
            -20.0024842
          ],
          [
            46.8869149,
            -20.0025423
          ],
          [
            46.887411,
            -20.0027276
          ],
          [
            46.8875758,
            -20.0027975
          ],
          [
            46.8876953,
            -20.0029098
          ],
          [
            46.8877928,
            -20.0030783
          ],
          [
            46.8879061,
            -20.003492
          ],
          [
            46.8879438,
            -20.0036782
          ],
          [
            46.8879532,
            -20.0038437
          ],
          [
            46.8879155,
            -20.0040003
          ],
          [
            46.8878148,
            -20.0041717
          ],
          [
            46.8876639,
            -20.0043993
          ],
          [
            46.8875999,
            -20.0045046
          ],
          [
            46.8875255,
            -20.0046269
          ],
          [
            46.8874091,
            -20.0049165
          ],
          [
            46.8868304,
            -20.0063291
          ],
          [
            46.8862895,
            -20.0079841
          ],
          [
            46.8855245,
            -20.0097804
          ],
          [
            46.8854391,
            -20.0115176
          ],
          [
            46.8857618,
            -20.0119863
          ],
          [
            46.8861627,
            -20.0125836
          ],
          [
            46.886591,
            -20.0129768
          ],
          [
            46.8866448,
            -20.0131054
          ],
          [
            46.8865959,
            -20.0132249
          ],
          [
            46.8863123,
            -20.0133351
          ],
          [
            46.8854575,
            -20.0134277
          ],
          [
            46.8848806,
            -20.0135747
          ],
          [
            46.8841324,
            -20.0139285
          ],
          [
            46.8836288,
            -20.014126
          ],
          [
            46.8832572,
            -20.0143466
          ],
          [
            46.8830567,
            -20.0147647
          ],
          [
            46.8829785,
            -20.0151138
          ],
          [
            46.8829638,
            -20.0180772
          ],
          [
            46.8828807,
            -20.018895
          ],
          [
            46.8823624,
            -20.0213804
          ],
          [
            46.8817352,
            -20.0242917
          ],
          [
            46.8816937,
            -20.0245905
          ],
          [
            46.8817076,
            -20.0247919
          ],
          [
            46.8817698,
            -20.0249219
          ],
          [
            46.881803,
            -20.0249872
          ],
          [
            46.8822953,
            -20.0259549
          ],
          [
            46.8824336,
            -20.0264552
          ],
          [
            46.8824198,
            -20.0268125
          ],
          [
            46.8822884,
            -20.0271828
          ],
          [
            46.8820326,
            -20.0277805
          ],
          [
            46.8817214,
            -20.0285537
          ],
          [
            46.8814655,
            -20.0289435
          ],
          [
            46.8807256,
            -20.0296971
          ],
          [
            46.8805735,
            -20.030022
          ],
          [
            46.8805942,
            -20.0303143
          ],
          [
            46.8807256,
            -20.0305547
          ],
          [
            46.88094,
            -20.0309705
          ],
          [
            46.8809469,
            -20.0311979
          ],
          [
            46.8808224,
            -20.0313603
          ],
          [
            46.8805182,
            -20.0316137
          ],
          [
            46.8802761,
            -20.0320165
          ],
          [
            46.8800341,
            -20.0322828
          ],
          [
            46.880011,
            -20.0323519
          ],
          [
            46.8799581,
            -20.0325102
          ],
          [
            46.879965,
            -20.0333938
          ],
          [
            46.8798543,
            -20.0342448
          ],
          [
            46.8797886,
            -20.0343585
          ],
          [
            46.8796745,
            -20.0343812
          ],
          [
            46.8794947,
            -20.0342838
          ],
          [
            46.8793253,
            -20.0340532
          ],
          [
            46.8788516,
            -20.0334944
          ],
          [
            46.8785681,
            -20.0334002
          ],
          [
            46.8782777,
            -20.0335464
          ],
          [
            46.8780495,
            -20.0336861
          ],
          [
            46.8779077,
            -20.0340044
          ],
          [
            46.8778006,
            -20.0343455
          ],
          [
            46.8773442,
            -20.0344917
          ],
          [
            46.8771194,
            -20.0346281
          ],
          [
            46.8766769,
            -20.0347483
          ],
          [
            46.8763366,
            -20.0348008
          ],
          [
            46.8759577,
            -20.034797
          ],
          [
            46.8754149,
            -20.0347288
          ],
          [
            46.8751867,
            -20.0346054
          ],
          [
            46.8749239,
            -20.0345794
          ],
          [
            46.8746058,
            -20.0347483
          ],
          [
            46.8744156,
            -20.034888
          ],
          [
            46.8743292,
            -20.0351056
          ],
          [
            46.8739077,
            -20.0362407
          ],
          [
            46.87375,
            -20.0365125
          ],
          [
            46.8735101,
            -20.0369261
          ],
          [
            46.8733545,
            -20.0370463
          ],
          [
            46.8730572,
            -20.0371535
          ],
          [
            46.8729154,
            -20.0372152
          ],
          [
            46.8726042,
            -20.0374361
          ],
          [
            46.8723864,
            -20.0376894
          ],
          [
            46.8723207,
            -20.037946
          ],
          [
            46.8721063,
            -20.0386606
          ],
          [
            46.8719231,
            -20.038875
          ],
          [
            46.8717329,
            -20.038966
          ],
          [
            46.8714252,
            -20.0391609
          ],
          [
            46.8712385,
            -20.0394045
          ],
          [
            46.8711452,
            -20.0396319
          ],
          [
            46.8708962,
            -20.0402458
          ],
          [
            46.8705124,
            -20.0408045
          ],
          [
            46.8703983,
            -20.0410221
          ],
          [
            46.8704294,
            -20.0413014
          ],
          [
            46.8703983,
            -20.0415743
          ],
          [
            46.870381,
            -20.0419121
          ],
          [
            46.8703603,
            -20.0421362
          ],
          [
            46.870184,
            -20.0423506
          ],
          [
            46.8699419,
            -20.0427891
          ],
          [
            46.8698105,
            -20.0429775
          ],
          [
            46.8696446,
            -20.0430392
          ],
          [
            46.8691984,
            -20.0433179
          ],
          [
            46.8687095,
            -20.043543
          ],
          [
            46.8682449,
            -20.0438646
          ],
          [
            46.8676288,
            -20.0440391
          ],
          [
            46.8674137,
            -20.0441999
          ],
          [
            46.8670866,
            -20.0444607
          ]
        ]
      },
      "id": "way/180280485"
    },
    {
      "type": "Feature",
      "properties": {
        "@id": "way/180285665",
        "highway": "tertiary",
        "ref": "RIP 144.T",
        "surface": "unpaved"
      },
      "geometry": {
        "type": "LineString",
        "coordinates": [
          [
            46.8896598,
            -20.2131796
          ],
          [
            46.8896807,
            -20.2132462
          ],
          [
            46.8897104,
            -20.2132885
          ],
          [
            46.8897692,
            -20.213349
          ],
          [
            46.8898066,
            -20.2133716
          ],
          [
            46.8898846,
            -20.2134188
          ],
          [
            46.8905899,
            -20.213838
          ],
          [
            46.891373,
            -20.2142337
          ],
          [
            46.8917001,
            -20.2143992
          ],
          [
            46.8921605,
            -20.2150251
          ],
          [
            46.8926407,
            -20.2158299
          ],
          [
            46.8930112,
            -20.2163988
          ],
          [
            46.893083,
            -20.2164529
          ],
          [
            46.8931664,
            -20.216513
          ],
          [
            46.8938438,
            -20.2168387
          ],
          [
            46.8941434,
            -20.2169698
          ],
          [
            46.8943497,
            -20.2170372
          ],
          [
            46.8945548,
            -20.2171071
          ],
          [
            46.8955346,
            -20.2172885
          ],
          [
            46.8958743,
            -20.217351
          ],
          [
            46.8961091,
            -20.2174134
          ],
          [
            46.8962083,
            -20.2174478
          ],
          [
            46.8968677,
            -20.2177987
          ],
          [
            46.8974961,
            -20.2181404
          ],
          [
            46.8982166,
            -20.2185635
          ],
          [
            46.8986882,
            -20.2188663
          ],
          [
            46.8987737,
            -20.2189101
          ],
          [
            46.8988442,
            -20.2189273
          ],
          [
            46.8989058,
            -20.2189264
          ],
          [
            46.898965,
            -20.2189105
          ],
          [
            46.8990273,
            -20.2188745
          ],
          [
            46.8991148,
            -20.2187854
          ],
          [
            46.8992214,
            -20.2186497
          ],
          [
            46.8993015,
            -20.2184998
          ],
          [
            46.8993353,
            -20.218397
          ],
          [
            46.8993522,
            -20.2182942
          ],
          [
            46.8993594,
            -20.2182053
          ],
          [
            46.8993551,
            -20.2181162
          ],
          [
            46.8993586,
            -20.2180686
          ],
          [
            46.8993884,
            -20.2179114
          ],
          [
            46.8994158,
            -20.2177908
          ],
          [
            46.8994299,
            -20.217764
          ],
          [
            46.8994553,
            -20.2177405
          ],
          [
            46.8994938,
            -20.2177189
          ]
        ]
      },
      "id": "way/180285665"
    },
    {
      "type": "Feature",
      "properties": {
        "@id": "way/180285667",
        "bridge": "yes",
        "highway": "tertiary",
        "layer": "1",
        "ref": "RIP 144.T",
        "surface": "paved"
      },
      "geometry": {
        "type": "LineString",
        "coordinates": [
          [
            46.8994938,
            -20.2177189
          ],
          [
            46.9000228,
            -20.2174798
          ]
        ]
      },
      "id": "way/180285667"
    },
    {
      "type": "Feature",
      "properties": {
        "@id": "way/180285668",
        "highway": "tertiary",
        "ref": "RIP 144.T",
        "surface": "unpaved"
      },
      "geometry": {
        "type": "LineString",
        "coordinates": [
          [
            46.9017243,
            -20.2287548
          ],
          [
            46.9016544,
            -20.2290046
          ],
          [
            46.9015692,
            -20.22932
          ],
          [
            46.9016483,
            -20.2297026
          ],
          [
            46.9019069,
            -20.2299653
          ],
          [
            46.9022477,
            -20.2301394
          ],
          [
            46.9023694,
            -20.230285
          ],
          [
            46.9024576,
            -20.230462
          ],
          [
            46.9025075,
            -20.2308672
          ],
          [
            46.902628,
            -20.2310328
          ],
          [
            46.9028216,
            -20.2310933
          ],
          [
            46.903751,
            -20.2311741
          ],
          [
            46.9043276,
            -20.2311902
          ],
          [
            46.9045428,
            -20.2312992
          ],
          [
            46.904745,
            -20.231489
          ],
          [
            46.905171,
            -20.2319008
          ],
          [
            46.9058243,
            -20.2324077
          ],
          [
            46.9059613,
            -20.2325333
          ],
          [
            46.9060064,
            -20.2326019
          ],
          [
            46.9060521,
            -20.2327104
          ],
          [
            46.9061981,
            -20.2331729
          ],
          [
            46.9063442,
            -20.2338866
          ],
          [
            46.9064781,
            -20.2344347
          ],
          [
            46.9065632,
            -20.2347573
          ],
          [
            46.9065541,
            -20.2349572
          ],
          [
            46.9059578,
            -20.2358679
          ],
          [
            46.9054862,
            -20.2365073
          ],
          [
            46.9054223,
            -20.2368385
          ],
          [
            46.9055379,
            -20.2371953
          ],
          [
            46.9058361,
            -20.2374123
          ],
          [
            46.9061829,
            -20.2376007
          ],
          [
            46.9066028,
            -20.2377549
          ],
          [
            46.9083219,
            -20.2380318
          ],
          [
            46.9087383,
            -20.2380773
          ],
          [
            46.9089319,
            -20.2380107
          ],
          [
            46.9090761,
            -20.2378432
          ],
          [
            46.9092116,
            -20.2376918
          ],
          [
            46.9094612,
            -20.2375828
          ],
          [
            46.9096785,
            -20.2374899
          ],
          [
            46.9101626,
            -20.2372113
          ],
          [
            46.9103282,
            -20.2370599
          ],
          [
            46.910349,
            -20.2368448
          ],
          [
            46.9103867,
            -20.2364907
          ],
          [
            46.9104653,
            -20.2362399
          ],
          [
            46.9105341,
            -20.2360827
          ],
          [
            46.9106475,
            -20.2359054
          ],
          [
            46.9108432,
            -20.235751
          ],
          [
            46.9115638,
            -20.2353545
          ],
          [
            46.912142,
            -20.2350185
          ],
          [
            46.9122777,
            -20.2349768
          ],
          [
            46.9124066,
            -20.2349726
          ],
          [
            46.9126913,
            -20.2350436
          ],
          [
            46.913205,
            -20.2352585
          ],
          [
            46.914148,
            -20.2357864
          ],
          [
            46.9143259,
            -20.2359033
          ],
          [
            46.9144549,
            -20.2360389
          ],
          [
            46.9150576,
            -20.2369091
          ],
          [
            46.9151932,
            -20.2370843
          ],
          [
            46.9153867,
            -20.2371574
          ],
          [
            46.9161006,
            -20.2371782
          ],
          [
            46.9162051,
            -20.2371469
          ],
          [
            46.9163608,
            -20.2370301
          ],
          [
            46.9165231,
            -20.236884
          ],
          [
            46.9166343,
            -20.2368256
          ],
          [
            46.9167322,
            -20.2368152
          ],
          [
            46.9168011,
            -20.2368381
          ],
          [
            46.9168389,
            -20.2369174
          ],
          [
            46.9168968,
            -20.2371636
          ],
          [
            46.9170658,
            -20.2376895
          ],
          [
            46.9173949,
            -20.2383822
          ],
          [
            46.9179731,
            -20.2389832
          ],
          [
            46.9182222,
            -20.2392753
          ],
          [
            46.9184001,
            -20.2397427
          ],
          [
            46.9184322,
            -20.2398354
          ],
          [
            46.918501,
            -20.2402916
          ],
          [
            46.918501,
            -20.2408205
          ],
          [
            46.9186688,
            -20.2415593
          ],
          [
            46.918725,
            -20.2417217
          ],
          [
            46.9187711,
            -20.2417855
          ],
          [
            46.9188965,
            -20.2418268
          ],
          [
            46.919069,
            -20.2418016
          ],
          [
            46.9193874,
            -20.2417491
          ],
          [
            46.9194864,
            -20.2416562
          ],
          [
            46.9195976,
            -20.241358
          ],
          [
            46.9196774,
            -20.2412901
          ],
          [
            46.9198012,
            -20.2412772
          ],
          [
            46.9199201,
            -20.2412948
          ],
          [
            46.92002,
            -20.2413413
          ],
          [
            46.9203513,
            -20.2417087
          ],
          [
            46.9209279,
            -20.2423425
          ],
          [
            46.9213065,
            -20.2431217
          ],
          [
            46.9216508,
            -20.2438686
          ],
          [
            46.9217842,
            -20.2442561
          ],
          [
            46.9218358,
            -20.2449869
          ],
          [
            46.9217842,
            -20.2454269
          ],
          [
            46.9217454,
            -20.2456611
          ],
          [
            46.9217799,
            -20.2459477
          ],
          [
            46.9221198,
            -20.2461899
          ],
          [
            46.9228771,
            -20.246525
          ],
          [
            46.9230966,
            -20.2466703
          ],
          [
            46.9232121,
            -20.2470151
          ],
          [
            46.9234194,
            -20.2480537
          ],
          [
            46.923476,
            -20.2482721
          ],
          [
            46.9235484,
            -20.2483931
          ],
          [
            46.9237528,
            -20.2485642
          ],
          [
            46.9239289,
            -20.2487324
          ],
          [
            46.9240358,
            -20.2489154
          ],
          [
            46.9240453,
            -20.2490806
          ],
          [
            46.9240767,
            -20.2492872
          ],
          [
            46.9241711,
            -20.2495468
          ],
          [
            46.9243095,
            -20.2501222
          ],
          [
            46.9244793,
            -20.2506091
          ],
          [
            46.9247026,
            -20.2509071
          ],
          [
            46.9254449,
            -20.251574
          ]
        ]
      },
      "id": "way/180285668"
    },
    {
      "type": "Feature",
      "properties": {
        "@id": "way/180285670",
        "highway": "tertiary",
        "ref": "RIP 144.T",
        "surface": "unpaved"
      },
      "geometry": {
        "type": "LineString",
        "coordinates": [
          [
            46.9000228,
            -20.2174798
          ],
          [
            46.9001922,
            -20.2174261
          ],
          [
            46.9003121,
            -20.2174051
          ],
          [
            46.9003558,
            -20.2174085
          ],
          [
            46.9003935,
            -20.2174253
          ],
          [
            46.9004366,
            -20.217459
          ],
          [
            46.9004625,
            -20.2174915
          ],
          [
            46.9004878,
            -20.2175232
          ],
          [
            46.9005517,
            -20.2176486
          ],
          [
            46.9006224,
            -20.2178529
          ],
          [
            46.9007706,
            -20.2181949
          ],
          [
            46.900831,
            -20.2182929
          ],
          [
            46.9008531,
            -20.2183401
          ],
          [
            46.9008682,
            -20.2183923
          ],
          [
            46.9008778,
            -20.2184567
          ],
          [
            46.9008724,
            -20.2186094
          ],
          [
            46.9008874,
            -20.2188864
          ],
          [
            46.9009345,
            -20.2194853
          ],
          [
            46.9009516,
            -20.2198823
          ],
          [
            46.9009854,
            -20.2201312
          ],
          [
            46.9009975,
            -20.2202524
          ],
          [
            46.9009939,
            -20.2203108
          ],
          [
            46.9009823,
            -20.2203605
          ],
          [
            46.9009594,
            -20.2203991
          ],
          [
            46.9008708,
            -20.2204766
          ],
          [
            46.9006441,
            -20.220678
          ],
          [
            46.9004358,
            -20.2208359
          ],
          [
            46.9002792,
            -20.2209366
          ],
          [
            46.8999861,
            -20.2211013
          ],
          [
            46.8996427,
            -20.2212741
          ],
          [
            46.8994712,
            -20.2213605
          ],
          [
            46.8992997,
            -20.2214743
          ],
          [
            46.8991599,
            -20.2215995
          ],
          [
            46.8990932,
            -20.2216789
          ],
          [
            46.8990513,
            -20.2217506
          ],
          [
            46.8990206,
            -20.2218298
          ],
          [
            46.8989516,
            -20.2220593
          ],
          [
            46.8988757,
            -20.2223959
          ],
          [
            46.8988144,
            -20.2226456
          ],
          [
            46.8987697,
            -20.2227743
          ],
          [
            46.8987132,
            -20.2228958
          ],
          [
            46.8986922,
            -20.2229634
          ],
          [
            46.8986818,
            -20.2230338
          ],
          [
            46.8986765,
            -20.2231811
          ],
          [
            46.898668,
            -20.2232607
          ],
          [
            46.8986448,
            -20.2234272
          ],
          [
            46.8986422,
            -20.2234904
          ],
          [
            46.8986518,
            -20.2235526
          ],
          [
            46.8986654,
            -20.2236081
          ]
        ]
      },
      "id": "way/180285670"
    },
    {
      "type": "Feature",
      "properties": {
        "@id": "way/182217908",
        "highway": "tertiary",
        "ref": "RIP 144.T",
        "surface": "unpaved"
      },
      "geometry": {
        "type": "LineString",
        "coordinates": [
          [
            46.8973748,
            -20.2090763
          ],
          [
            46.8972806,
            -20.2091701
          ],
          [
            46.8971803,
            -20.2092312
          ],
          [
            46.8969242,
            -20.2092292
          ],
          [
            46.89658,
            -20.2092696
          ],
          [
            46.896268,
            -20.2092413
          ],
          [
            46.8957634,
            -20.2090004
          ],
          [
            46.8949195,
            -20.208887
          ],
          [
            46.8942427,
            -20.2087736
          ],
          [
            46.8940556,
            -20.2087579
          ],
          [
            46.8938836,
            -20.2087778
          ],
          [
            46.8936613,
            -20.2088462
          ],
          [
            46.8933555,
            -20.2089789
          ],
          [
            46.8930356,
            -20.2091075
          ],
          [
            46.8926339,
            -20.2092409
          ],
          [
            46.8921334,
            -20.2093814
          ],
          [
            46.8916187,
            -20.2095483
          ],
          [
            46.8913794,
            -20.2096255
          ],
          [
            46.8912268,
            -20.2097
          ]
        ]
      },
      "id": "way/182217908"
    },
    {
      "type": "Feature",
      "properties": {
        "@id": "way/182217913",
        "highway": "tertiary",
        "ref": "RIP 144.T",
        "surface": "unpaved"
      },
      "geometry": {
        "type": "LineString",
        "coordinates": [
          [
            46.9014585,
            -20.2084924
          ],
          [
            46.901425,
            -20.2085524
          ],
          [
            46.9013946,
            -20.2087865
          ],
          [
            46.901279,
            -20.2090749
          ],
          [
            46.9011786,
            -20.2091948
          ],
          [
            46.9009686,
            -20.2092434
          ],
          [
            46.899605,
            -20.2093218
          ],
          [
            46.8992825,
            -20.2094246
          ],
          [
            46.8990817,
            -20.2095902
          ],
          [
            46.8987501,
            -20.2097958
          ],
          [
            46.8984823,
            -20.2097501
          ],
          [
            46.8982146,
            -20.2095731
          ],
          [
            46.8979286,
            -20.209022
          ],
          [
            46.8978478,
            -20.2089617
          ],
          [
            46.8977382,
            -20.2089152
          ],
          [
            46.8976461,
            -20.2089257
          ],
          [
            46.8975421,
            -20.2089772
          ]
        ]
      },
      "id": "way/182217913"
    },
    {
      "type": "Feature",
      "properties": {
        "@id": "way/182217914",
        "bridge": "yes",
        "highway": "tertiary",
        "layer": "1",
        "ref": "RIP 144.T",
        "surface": "unpaved"
      },
      "geometry": {
        "type": "LineString",
        "coordinates": [
          [
            46.9016024,
            -20.2084165
          ],
          [
            46.9014585,
            -20.2084924
          ]
        ]
      },
      "id": "way/182217914"
    },
    {
      "type": "Feature",
      "properties": {
        "@id": "way/182217915",
        "bridge": "yes",
        "highway": "tertiary",
        "layer": "1",
        "ref": "RIP 144.T",
        "surface": "paved"
      },
      "geometry": {
        "type": "LineString",
        "coordinates": [
          [
            46.8986654,
            -20.2236081
          ],
          [
            46.898715,
            -20.2237405
          ]
        ]
      },
      "id": "way/182217915"
    },
    {
      "type": "Feature",
      "properties": {
        "@id": "way/182217917",
        "bridge": "yes",
        "highway": "tertiary",
        "layer": "1",
        "ref": "RIP 144.T",
        "surface": "unpaved"
      },
      "geometry": {
        "type": "LineString",
        "coordinates": [
          [
            46.8975421,
            -20.2089772
          ],
          [
            46.8973748,
            -20.2090763
          ]
        ]
      },
      "id": "way/182217917"
    },
    {
      "type": "Feature",
      "properties": {
        "@id": "way/182217918",
        "bridge": "yes",
        "highway": "tertiary",
        "layer": "1",
        "ref": "RIP 144.T",
        "surface": "unpaved"
      },
      "geometry": {
        "type": "LineString",
        "coordinates": [
          [
            46.8477543,
            -20.0995309
          ],
          [
            46.8480367,
            -20.0995262
          ]
        ]
      },
      "id": "way/182217918"
    },
    {
      "type": "Feature",
      "properties": {
        "@id": "way/182217920",
        "bridge": "yes",
        "highway": "tertiary",
        "layer": "1",
        "ref": "RIP 144.T",
        "surface": "unpaved"
      },
      "geometry": {
        "type": "LineString",
        "coordinates": [
          [
            46.9016857,
            -20.2286109
          ],
          [
            46.9017243,
            -20.2287548
          ]
        ]
      },
      "id": "way/182217920"
    },
    {
      "type": "Feature",
      "properties": {
        "@id": "way/182217921",
        "highway": "tertiary",
        "ref": "RIP 144.T",
        "surface": "unpaved"
      },
      "geometry": {
        "type": "LineString",
        "coordinates": [
          [
            46.898715,
            -20.2237405
          ],
          [
            46.8987488,
            -20.2238603
          ],
          [
            46.8987974,
            -20.2240768
          ],
          [
            46.8988509,
            -20.2243391
          ],
          [
            46.8988955,
            -20.2245024
          ],
          [
            46.898966,
            -20.2246854
          ],
          [
            46.899077,
            -20.2249642
          ],
          [
            46.8992157,
            -20.2252415
          ],
          [
            46.8993455,
            -20.225452
          ],
          [
            46.8994207,
            -20.2255681
          ],
          [
            46.8994497,
            -20.2256344
          ],
          [
            46.8994681,
            -20.2257181
          ],
          [
            46.8994695,
            -20.2257709
          ],
          [
            46.8994606,
            -20.2258208
          ],
          [
            46.8994041,
            -20.2259851
          ],
          [
            46.8993553,
            -20.2261385
          ],
          [
            46.8993337,
            -20.2262162
          ],
          [
            46.8993273,
            -20.2262618
          ],
          [
            46.8993357,
            -20.2262936
          ],
          [
            46.8993553,
            -20.2263203
          ],
          [
            46.8994114,
            -20.2263645
          ],
          [
            46.899564,
            -20.2264611
          ],
          [
            46.8996004,
            -20.2264952
          ],
          [
            46.8996168,
            -20.2265321
          ],
          [
            46.8996211,
            -20.2265886
          ],
          [
            46.8996099,
            -20.226665
          ],
          [
            46.8995666,
            -20.2268324
          ],
          [
            46.8995349,
            -20.2269021
          ],
          [
            46.8994618,
            -20.2270108
          ],
          [
            46.8994291,
            -20.2270797
          ],
          [
            46.8993838,
            -20.2272335
          ],
          [
            46.8993458,
            -20.2273177
          ],
          [
            46.8993036,
            -20.227376
          ],
          [
            46.8992594,
            -20.2274342
          ],
          [
            46.8992248,
            -20.2274996
          ],
          [
            46.8991953,
            -20.2275778
          ],
          [
            46.8991736,
            -20.2276741
          ],
          [
            46.8991696,
            -20.2277377
          ],
          [
            46.8991766,
            -20.2277802
          ],
          [
            46.8991989,
            -20.2278199
          ],
          [
            46.8992367,
            -20.2278466
          ],
          [
            46.8992743,
            -20.2278634
          ],
          [
            46.899362,
            -20.2278828
          ],
          [
            46.8995042,
            -20.227898
          ],
          [
            46.8997025,
            -20.2279055
          ],
          [
            46.8998731,
            -20.2279021
          ],
          [
            46.9001381,
            -20.2278787
          ],
          [
            46.9004755,
            -20.2278891
          ],
          [
            46.900725,
            -20.2280547
          ],
          [
            46.9009014,
            -20.2283696
          ],
          [
            46.9011897,
            -20.228523
          ],
          [
            46.9014866,
            -20.2285271
          ],
          [
            46.9016243,
            -20.228515
          ],
          [
            46.9016857,
            -20.2286109
          ]
        ]
      },
      "id": "way/182217921"
    },
    {
      "type": "Feature",
      "properties": {
        "@id": "way/182217922",
        "highway": "tertiary",
        "ref": "RIP 144.T",
        "surface": "unpaved"
      },
      "geometry": {
        "type": "LineString",
        "coordinates": [
          [
            46.8480367,
            -20.0995262
          ],
          [
            46.8482258,
            -20.0994741
          ],
          [
            46.8490905,
            -20.0989153
          ],
          [
            46.8493023,
            -20.0986644
          ],
          [
            46.8494287,
            -20.0984297
          ],
          [
            46.8497389,
            -20.0984063
          ],
          [
            46.8498637,
            -20.0985269
          ],
          [
            46.8503807,
            -20.09923
          ],
          [
            46.8507194,
            -20.099816
          ],
          [
            46.8509548,
            -20.1000872
          ],
          [
            46.8515178,
            -20.1005154
          ],
          [
            46.8516073,
            -20.1005828
          ],
          [
            46.8520851,
            -20.1009243
          ],
          [
            46.8525236,
            -20.1014735
          ],
          [
            46.8528196,
            -20.101882
          ],
          [
            46.8529871,
            -20.1022503
          ],
          [
            46.8531832,
            -20.1025349
          ],
          [
            46.8542119,
            -20.1037994
          ],
          [
            46.8543259,
            -20.1039396
          ],
          [
            46.8543615,
            -20.1040936
          ],
          [
            46.8543758,
            -20.1046561
          ],
          [
            46.8544542,
            -20.1049173
          ],
          [
            46.8546682,
            -20.1050981
          ],
          [
            46.8549534,
            -20.1051115
          ],
          [
            46.8555382,
            -20.1050311
          ],
          [
            46.8557958,
            -20.1051121
          ],
          [
            46.856116,
            -20.1052542
          ],
          [
            46.8561235,
            -20.1053489
          ],
          [
            46.8560756,
            -20.1054152
          ],
          [
            46.8559798,
            -20.1054176
          ],
          [
            46.8558361,
            -20.1053892
          ],
          [
            46.8557403,
            -20.1053892
          ],
          [
            46.8556268,
            -20.1054649
          ],
          [
            46.8555588,
            -20.1056898
          ],
          [
            46.8555789,
            -20.1059384
          ],
          [
            46.8553092,
            -20.1065706
          ],
          [
            46.854931,
            -20.1071057
          ],
          [
            46.8549093,
            -20.1073422
          ],
          [
            46.8549057,
            -20.1079884
          ],
          [
            46.8549842,
            -20.1083166
          ],
          [
            46.8556652,
            -20.1094148
          ],
          [
            46.8558328,
            -20.1095822
          ],
          [
            46.8561466,
            -20.109676
          ],
          [
            46.8563783,
            -20.1097764
          ],
          [
            46.8569595,
            -20.109994
          ],
          [
            46.8570665,
            -20.1101246
          ],
          [
            46.8573018,
            -20.1105364
          ],
          [
            46.8572982,
            -20.1106838
          ],
          [
            46.8572127,
            -20.1108411
          ],
          [
            46.8569345,
            -20.1117552
          ],
          [
            46.856931,
            -20.1119326
          ],
          [
            46.8569488,
            -20.1124549
          ],
          [
            46.8568918,
            -20.1126793
          ],
          [
            46.8568311,
            -20.1130074
          ],
          [
            46.856849,
            -20.1131848
          ],
          [
            46.8569916,
            -20.1136603
          ],
          [
            46.8570914,
            -20.1138344
          ],
          [
            46.8572393,
            -20.1139509
          ],
          [
            46.8573125,
            -20.1140018
          ],
          [
            46.8583287,
            -20.1143567
          ],
          [
            46.8589241,
            -20.1145609
          ],
          [
            46.8593484,
            -20.1146212
          ],
          [
            46.8597763,
            -20.1145509
          ],
          [
            46.8608923,
            -20.1141792
          ],
          [
            46.8616803,
            -20.1140386
          ],
          [
            46.8622366,
            -20.1140888
          ],
          [
            46.8624933,
            -20.1141759
          ],
          [
            46.862643,
            -20.1142562
          ],
          [
            46.8627072,
            -20.114427
          ],
          [
            46.8626894,
            -20.1146881
          ],
          [
            46.8624648,
            -20.1157662
          ],
          [
            46.8623257,
            -20.1160106
          ],
          [
            46.8621943,
            -20.1162034
          ],
          [
            46.8621546,
            -20.1162617
          ],
          [
            46.8620369,
            -20.1165095
          ],
          [
            46.8616105,
            -20.1173571
          ],
          [
            46.861204,
            -20.1179899
          ],
          [
            46.8608475,
            -20.1183147
          ],
          [
            46.860605,
            -20.1184586
          ],
          [
            46.8604374,
            -20.1186629
          ],
          [
            46.8603091,
            -20.1189073
          ],
          [
            46.8601843,
            -20.1193325
          ],
          [
            46.860088,
            -20.1199887
          ],
          [
            46.860113,
            -20.1204473
          ],
          [
            46.8610827,
            -20.1244715
          ],
          [
            46.8610934,
            -20.1246322
          ],
          [
            46.8612752,
            -20.1257337
          ],
          [
            46.861589,
            -20.1265204
          ],
          [
            46.86273,
            -20.1288739
          ],
          [
            46.8636499,
            -20.1304173
          ],
          [
            46.8643321,
            -20.1315448
          ],
          [
            46.8645873,
            -20.1319045
          ],
          [
            46.8646707,
            -20.1320221
          ],
          [
            46.8647163,
            -20.1320863
          ],
          [
            46.864866,
            -20.1323877
          ],
          [
            46.8650042,
            -20.1326735
          ],
          [
            46.8650794,
            -20.1328873
          ],
          [
            46.8652832,
            -20.1332246
          ],
          [
            46.8655221,
            -20.133613
          ],
          [
            46.865786,
            -20.1340314
          ],
          [
            46.8663279,
            -20.1344767
          ],
          [
            46.866631,
            -20.134711
          ],
          [
            46.8673655,
            -20.1349922
          ],
          [
            46.8678326,
            -20.1352533
          ],
          [
            46.8685386,
            -20.135789
          ],
          [
            46.8689486,
            -20.1360434
          ],
          [
            46.869323,
            -20.136358
          ],
          [
            46.8699149,
            -20.1367263
          ],
          [
            46.8703499,
            -20.1371046
          ],
          [
            46.8705028,
            -20.1372968
          ],
          [
            46.8706594,
            -20.1375945
          ],
          [
            46.8707389,
            -20.1377627
          ],
          [
            46.8707715,
            -20.1380045
          ],
          [
            46.8707914,
            -20.1382065
          ],
          [
            46.8707979,
            -20.1385156
          ],
          [
            46.8708219,
            -20.1387665
          ],
          [
            46.8709426,
            -20.1392953
          ],
          [
            46.8712495,
            -20.1399879
          ],
          [
            46.8712967,
            -20.140348
          ],
          [
            46.8713321,
            -20.1407801
          ],
          [
            46.871515,
            -20.1412399
          ],
          [
            46.8714973,
            -20.1416665
          ],
          [
            46.8714147,
            -20.1423645
          ],
          [
            46.8713321,
            -20.1424753
          ],
          [
            46.871161,
            -20.1426637
          ],
          [
            46.8711197,
            -20.1428908
          ],
          [
            46.8712141,
            -20.1430182
          ],
          [
            46.8713793,
            -20.1431346
          ],
          [
            46.8718396,
            -20.1435556
          ],
          [
            46.871993,
            -20.1438492
          ],
          [
            46.8721641,
            -20.1444752
          ],
          [
            46.8723529,
            -20.1449904
          ],
          [
            46.8723883,
            -20.1455112
          ],
          [
            46.8723808,
            -20.1456246
          ],
          [
            46.8723529,
            -20.146043
          ],
          [
            46.8722585,
            -20.1462535
          ],
          [
            46.871934,
            -20.1466856
          ],
          [
            46.871875,
            -20.1469682
          ],
          [
            46.871692,
            -20.1472562
          ],
          [
            46.8714737,
            -20.1474778
          ],
          [
            46.8714206,
            -20.1476385
          ],
          [
            46.8716153,
            -20.1488683
          ],
          [
            46.8717334,
            -20.1491896
          ],
          [
            46.8718809,
            -20.1494721
          ],
          [
            46.8719104,
            -20.149666
          ],
          [
            46.8718455,
            -20.1497879
          ],
          [
            46.8713439,
            -20.150148
          ],
          [
            46.871161,
            -20.1503474
          ],
          [
            46.8710075,
            -20.1505856
          ],
          [
            46.8708187,
            -20.1506299
          ],
          [
            46.8705945,
            -20.1507186
          ],
          [
            46.870146,
            -20.1509734
          ],
          [
            46.8698628,
            -20.1513113
          ],
          [
            46.8698215,
            -20.1515661
          ],
          [
            46.8698687,
            -20.1517766
          ],
          [
            46.86991,
            -20.1521035
          ],
          [
            46.8697035,
            -20.1527184
          ],
          [
            46.8696385,
            -20.1532003
          ],
          [
            46.8695205,
            -20.1534385
          ],
          [
            46.8688478,
            -20.1538651
          ],
          [
            46.868482,
            -20.1542141
          ],
          [
            46.8680748,
            -20.1544523
          ],
          [
            46.8678093,
            -20.1550117
          ],
          [
            46.8677031,
            -20.1554106
          ],
          [
            46.8678152,
            -20.1558371
          ],
          [
            46.8680689,
            -20.1562138
          ],
          [
            46.8684525,
            -20.1566514
          ],
          [
            46.8691134,
            -20.1571832
          ],
          [
            46.8695559,
            -20.1577316
          ],
          [
            46.870919,
            -20.1584185
          ],
          [
            46.8718573,
            -20.1588783
          ],
          [
            46.8724297,
            -20.1592882
          ],
          [
            46.8729548,
            -20.1597978
          ],
          [
            46.873244,
            -20.1601246
          ],
          [
            46.8737278,
            -20.1603739
          ],
          [
            46.8741999,
            -20.1608004
          ],
          [
            46.8747546,
            -20.1612547
          ],
          [
            46.8753388,
            -20.16208
          ],
          [
            46.875563,
            -20.1623957
          ],
          [
            46.87574,
            -20.1627669
          ],
          [
            46.8762593,
            -20.1642015
          ],
          [
            46.8762888,
            -20.1646114
          ],
          [
            46.876336,
            -20.1650823
          ],
          [
            46.8764304,
            -20.1653537
          ],
          [
            46.8769851,
            -20.1661735
          ],
          [
            46.8773392,
            -20.166672
          ],
          [
            46.8775103,
            -20.1671871
          ],
          [
            46.8776283,
            -20.1676856
          ],
          [
            46.8775398,
            -20.1680346
          ],
          [
            46.877469,
            -20.1689264
          ],
          [
            46.8773805,
            -20.1700508
          ],
          [
            46.8774513,
            -20.1702391
          ],
          [
            46.878006,
            -20.171227
          ],
          [
            46.8781253,
            -20.1716187
          ],
          [
            46.8781881,
            -20.1718063
          ],
          [
            46.8782509,
            -20.1719637
          ],
          [
            46.8782955,
            -20.1720557
          ],
          [
            46.8784004,
            -20.1721946
          ],
          [
            46.8785626,
            -20.1723809
          ],
          [
            46.8787444,
            -20.1725649
          ],
          [
            46.8789106,
            -20.1727071
          ],
          [
            46.8790641,
            -20.1728316
          ],
          [
            46.8791922,
            -20.1729145
          ],
          [
            46.8793763,
            -20.1730272
          ],
          [
            46.8796171,
            -20.1731596
          ],
          [
            46.8798184,
            -20.1732628
          ],
          [
            46.8799508,
            -20.1733189
          ],
          [
            46.8800292,
            -20.1733424
          ],
          [
            46.8801001,
            -20.1733565
          ],
          [
            46.8801868,
            -20.1733681
          ],
          [
            46.8805079,
            -20.1733728
          ],
          [
            46.8807935,
            -20.1733754
          ],
          [
            46.8808973,
            -20.1733836
          ],
          [
            46.8809858,
            -20.1733854
          ],
          [
            46.8810568,
            -20.1733794
          ],
          [
            46.8812071,
            -20.1733467
          ],
          [
            46.8818651,
            -20.1731581
          ],
          [
            46.8821779,
            -20.1731692
          ],
          [
            46.8823903,
            -20.1733188
          ],
          [
            46.8825555,
            -20.1736013
          ],
          [
            46.8832872,
            -20.1751521
          ],
          [
            46.8836472,
            -20.1754512
          ],
          [
            46.8838891,
            -20.1756008
          ],
          [
            46.8851637,
            -20.176066
          ],
          [
            46.8882322,
            -20.1769522
          ],
          [
            46.8888459,
            -20.1772513
          ],
          [
            46.8898608,
            -20.1776003
          ],
          [
            46.8911472,
            -20.1780323
          ],
          [
            46.8915661,
            -20.1782704
          ],
          [
            46.8920736,
            -20.1786858
          ],
          [
            46.8926471,
            -20.1793534
          ],
          [
            46.8935215,
            -20.1801641
          ],
          [
            46.8938193,
            -20.1805342
          ],
          [
            46.8941224,
            -20.1811132
          ],
          [
            46.8944952,
            -20.1818584
          ],
          [
            46.8947446,
            -20.1823518
          ],
          [
            46.8948841,
            -20.1828377
          ],
          [
            46.895037,
            -20.1832783
          ],
          [
            46.8953589,
            -20.1837339
          ],
          [
            46.895721,
            -20.1844992
          ],
          [
            46.8962547,
            -20.1858763
          ],
          [
            46.8968605,
            -20.1865691
          ],
          [
            46.897463,
            -20.1873445
          ],
          [
            46.8978416,
            -20.1877564
          ],
          [
            46.8980826,
            -20.188233
          ],
          [
            46.8982547,
            -20.1891215
          ],
          [
            46.8983235,
            -20.1899453
          ],
          [
            46.898358,
            -20.1914073
          ],
          [
            46.8984698,
            -20.1926834
          ],
          [
            46.8986334,
            -20.1929257
          ],
          [
            46.8996058,
            -20.1937738
          ],
          [
            46.9000017,
            -20.1940888
          ],
          [
            46.9005783,
            -20.1947915
          ],
          [
            46.9010516,
            -20.1952842
          ],
          [
            46.9018778,
            -20.1959384
          ],
          [
            46.9023339,
            -20.1965199
          ],
          [
            46.9025921,
            -20.1969641
          ],
          [
            46.9029879,
            -20.197788
          ],
          [
            46.9037538,
            -20.1989106
          ],
          [
            46.9041755,
            -20.1998798
          ],
          [
            46.9047349,
            -20.2013336
          ],
          [
            46.9047435,
            -20.2018262
          ],
          [
            46.9045284,
            -20.2023512
          ],
          [
            46.9036334,
            -20.2037807
          ],
          [
            46.9032977,
            -20.2047903
          ],
          [
            46.9027384,
            -20.2063086
          ],
          [
            46.9022478,
            -20.2077381
          ],
          [
            46.9021187,
            -20.2080692
          ],
          [
            46.9016024,
            -20.2084165
          ]
        ]
      },
      "id": "way/182217922"
    },
    {
      "type": "Feature",
      "properties": {
        "@id": "way/182217924",
        "highway": "tertiary",
        "ref": "RIP 144.T",
        "surface": "unpaved"
      },
      "geometry": {
        "type": "LineString",
        "coordinates": [
          [
            46.8912268,
            -20.2097
          ],
          [
            46.8910183,
            -20.2098988
          ],
          [
            46.8907946,
            -20.2101273
          ],
          [
            46.8906683,
            -20.2102791
          ],
          [
            46.8905639,
            -20.2104452
          ],
          [
            46.8904623,
            -20.2106887
          ],
          [
            46.8899201,
            -20.2118732
          ],
          [
            46.8898105,
            -20.2121332
          ],
          [
            46.8897534,
            -20.2122985
          ],
          [
            46.8897249,
            -20.2124668
          ],
          [
            46.889666,
            -20.2131055
          ],
          [
            46.8896598,
            -20.2131796
          ]
        ]
      },
      "id": "way/182217924"
    },
    {
      "type": "Feature",
      "properties": {
        "@id": "way/183331590",
        "highway": "tertiary",
        "ref": "N 44",
        "smoothness": "intermediate",
        "source": "Bing",
        "surface": "unpaved"
      },
      "geometry": {
        "type": "LineString",
        "coordinates": [
          [
            48.6363499,
            -17.4042057
          ],
          [
            48.6364243,
            -17.4045869
          ],
          [
            48.6363889,
            -17.404777
          ],
          [
            48.6361824,
            -17.4050942
          ],
          [
            48.6356799,
            -17.4054297
          ],
          [
            48.6354894,
            -17.4057992
          ],
          [
            48.6354903,
            -17.4061218
          ],
          [
            48.6359061,
            -17.4070766
          ],
          [
            48.6359622,
            -17.4078224
          ],
          [
            48.6358591,
            -17.4087153
          ],
          [
            48.6357293,
            -17.4093596
          ],
          [
            48.6356629,
            -17.4100816
          ],
          [
            48.635519,
            -17.4104543
          ],
          [
            48.6351561,
            -17.4110475
          ],
          [
            48.6347779,
            -17.4118263
          ],
          [
            48.6345358,
            -17.4126229
          ],
          [
            48.6344997,
            -17.4127441
          ],
          [
            48.6340773,
            -17.4130782
          ],
          [
            48.6337495,
            -17.4133465
          ],
          [
            48.6335295,
            -17.4135615
          ],
          [
            48.6334321,
            -17.4137684
          ],
          [
            48.6328678,
            -17.4155993
          ],
          [
            48.6323504,
            -17.4166203
          ],
          [
            48.6318874,
            -17.4171431
          ],
          [
            48.6312063,
            -17.4180177
          ],
          [
            48.6305731,
            -17.418602
          ],
          [
            48.629901,
            -17.4190521
          ],
          [
            48.6295366,
            -17.4193719
          ],
          [
            48.6291955,
            -17.4197474
          ],
          [
            48.6288018,
            -17.4202876
          ],
          [
            48.6284696,
            -17.4206107
          ],
          [
            48.6276215,
            -17.4211753
          ],
          [
            48.6271211,
            -17.4216573
          ],
          [
            48.6269619,
            -17.4218381
          ],
          [
            48.6266524,
            -17.4219404
          ],
          [
            48.6264378,
            -17.4219301
          ],
          [
            48.6261637,
            -17.4219139
          ],
          [
            48.6259432,
            -17.4218275
          ],
          [
            48.6257619,
            -17.421797
          ],
          [
            48.6255652,
            -17.4218563
          ],
          [
            48.6253703,
            -17.4219762
          ],
          [
            48.6250963,
            -17.4222185
          ],
          [
            48.6239799,
            -17.4238057
          ],
          [
            48.6222655,
            -17.4260876
          ],
          [
            48.6219415,
            -17.4266229
          ],
          [
            48.6216903,
            -17.4272633
          ],
          [
            48.6213859,
            -17.4285969
          ],
          [
            48.6212986,
            -17.4288928
          ],
          [
            48.6206748,
            -17.4294662
          ],
          [
            48.620243,
            -17.4295486
          ]
        ]
      },
      "id": "way/183331590"
    },
    {
      "type": "Feature",
      "properties": {
        "@id": "way/183331591",
        "highway": "tertiary",
        "ref": "N 44",
        "smoothness": "intermediate",
        "source": "Bing",
        "surface": "unpaved"
      },
      "geometry": {
        "type": "LineString",
        "coordinates": [
          [
            48.600588,
            -17.328635
          ],
          [
            48.6009246,
            -17.3289269
          ],
          [
            48.6014235,
            -17.3297002
          ],
          [
            48.6015017,
            -17.3298193
          ],
          [
            48.6017431,
            -17.3301874
          ],
          [
            48.6019801,
            -17.3305487
          ],
          [
            48.6021155,
            -17.3307551
          ],
          [
            48.6023354,
            -17.3313593
          ],
          [
            48.6023392,
            -17.3314615
          ],
          [
            48.6023462,
            -17.3316512
          ],
          [
            48.6022711,
            -17.3319943
          ],
          [
            48.6022678,
            -17.3323478
          ],
          [
            48.6022657,
            -17.3325679
          ],
          [
            48.6022819,
            -17.3328643
          ],
          [
            48.6023387,
            -17.3339046
          ],
          [
            48.6023516,
            -17.3341413
          ],
          [
            48.6024893,
            -17.3356931
          ],
          [
            48.6025315,
            -17.3359793
          ],
          [
            48.6027137,
            -17.3372153
          ],
          [
            48.60273,
            -17.3373334
          ],
          [
            48.6028451,
            -17.33817
          ],
          [
            48.6028557,
            -17.3382184
          ],
          [
            48.6029907,
            -17.3388355
          ],
          [
            48.6031398,
            -17.339517
          ],
          [
            48.6032936,
            -17.3403783
          ],
          [
            48.6033907,
            -17.3408824
          ],
          [
            48.6044197,
            -17.3441682
          ],
          [
            48.6045402,
            -17.344371
          ],
          [
            48.6047925,
            -17.3444697
          ],
          [
            48.6051381,
            -17.3445062
          ],
          [
            48.6054361,
            -17.3447089
          ],
          [
            48.6056325,
            -17.3451673
          ],
          [
            48.6058804,
            -17.3454919
          ],
          [
            48.6062735,
            -17.3458517
          ],
          [
            48.6062524,
            -17.3460883
          ],
          [
            48.6060047,
            -17.3469005
          ],
          [
            48.6057321,
            -17.347232
          ],
          [
            48.605681,
            -17.3473696
          ],
          [
            48.6056492,
            -17.3474553
          ],
          [
            48.6054471,
            -17.3484821
          ],
          [
            48.6054338,
            -17.3485498
          ],
          [
            48.6051106,
            -17.349244
          ],
          [
            48.6050622,
            -17.3496703
          ],
          [
            48.6050498,
            -17.3502339
          ],
          [
            48.6051379,
            -17.3509446
          ],
          [
            48.6052718,
            -17.3510882
          ],
          [
            48.6073182,
            -17.3530356
          ],
          [
            48.6073505,
            -17.3530638
          ],
          [
            48.6084477,
            -17.3540218
          ],
          [
            48.6094226,
            -17.3548558
          ],
          [
            48.6109673,
            -17.3558399
          ],
          [
            48.6125878,
            -17.3568722
          ],
          [
            48.6126775,
            -17.3569294
          ],
          [
            48.6127532,
            -17.357054
          ],
          [
            48.6130841,
            -17.3576552
          ],
          [
            48.6131957,
            -17.3578579
          ],
          [
            48.6133486,
            -17.3581753
          ],
          [
            48.6135739,
            -17.3584979
          ],
          [
            48.613936,
            -17.3588256
          ],
          [
            48.6146361,
            -17.359184
          ],
          [
            48.6153039,
            -17.3595347
          ],
          [
            48.6153883,
            -17.359598
          ],
          [
            48.615717,
            -17.3598445
          ],
          [
            48.6165619,
            -17.3606995
          ],
          [
            48.6177581,
            -17.3619539
          ],
          [
            48.6182463,
            -17.3623635
          ],
          [
            48.6190456,
            -17.3628141
          ],
          [
            48.6195905,
            -17.3630465
          ],
          [
            48.6207016,
            -17.363449
          ],
          [
            48.6220511,
            -17.3637791
          ],
          [
            48.6222788,
            -17.3639214
          ],
          [
            48.6223124,
            -17.3639746
          ],
          [
            48.6224753,
            -17.3642334
          ],
          [
            48.6225669,
            -17.3644942
          ],
          [
            48.6226155,
            -17.36469
          ],
          [
            48.6226636,
            -17.3652638
          ],
          [
            48.6226881,
            -17.3655558
          ],
          [
            48.6228422,
            -17.3664828
          ],
          [
            48.6231947,
            -17.3676777
          ],
          [
            48.6234448,
            -17.3682403
          ],
          [
            48.6238562,
            -17.3691658
          ],
          [
            48.6247936,
            -17.3706731
          ],
          [
            48.625833,
            -17.3723255
          ],
          [
            48.6262469,
            -17.373193
          ],
          [
            48.6264146,
            -17.3737848
          ],
          [
            48.6266355,
            -17.3749621
          ],
          [
            48.6269256,
            -17.3765092
          ],
          [
            48.6274356,
            -17.3785267
          ],
          [
            48.6275822,
            -17.3788846
          ],
          [
            48.6281705,
            -17.38017
          ],
          [
            48.628471,
            -17.3809398
          ],
          [
            48.6292366,
            -17.3828604
          ],
          [
            48.6293932,
            -17.3832426
          ],
          [
            48.6296754,
            -17.3838233
          ],
          [
            48.6296989,
            -17.3838834
          ],
          [
            48.630347,
            -17.3855436
          ],
          [
            48.6314051,
            -17.3882147
          ],
          [
            48.6314832,
            -17.3888234
          ],
          [
            48.6316198,
            -17.3892364
          ],
          [
            48.6317874,
            -17.3894318
          ],
          [
            48.6320407,
            -17.3897968
          ],
          [
            48.6323472,
            -17.3900228
          ],
          [
            48.6328751,
            -17.3903627
          ],
          [
            48.6330689,
            -17.3905675
          ],
          [
            48.6331437,
            -17.39083
          ],
          [
            48.6331875,
            -17.3911943
          ],
          [
            48.6332575,
            -17.3924474
          ],
          [
            48.6336278,
            -17.3938982
          ],
          [
            48.63413,
            -17.3953723
          ],
          [
            48.6348277,
            -17.3976011
          ],
          [
            48.6355545,
            -17.3997912
          ]
        ]
      },
      "id": "way/183331591"
    },
    {
      "type": "Feature",
      "properties": {
        "@id": "way/183331592",
        "highway": "tertiary",
        "ref": "N 44",
        "smoothness": "intermediate",
        "source": "Bing",
        "surface": "unpaved"
      },
      "geometry": {
        "type": "LineString",
        "coordinates": [
          [
            48.6355545,
            -17.3997912
          ],
          [
            48.6360291,
            -17.401056
          ],
          [
            48.6362068,
            -17.4025355
          ]
        ]
      },
      "id": "way/183331592"
    },
    {
      "type": "Feature",
      "properties": {
        "@id": "way/186217514",
        "highway": "tertiary",
        "ref": "RIP 144.T",
        "surface": "unpaved"
      },
      "geometry": {
        "type": "LineString",
        "coordinates": [
          [
            46.9076079,
            -20.3300811
          ],
          [
            46.9070693,
            -20.3302647
          ],
          [
            46.9066646,
            -20.3305469
          ],
          [
            46.9063044,
            -20.3307182
          ],
          [
            46.9059633,
            -20.3311861
          ],
          [
            46.9058997,
            -20.3312734
          ],
          [
            46.9054831,
            -20.3318673
          ],
          [
            46.9054063,
            -20.3320971
          ],
          [
            46.9054211,
            -20.3331938
          ],
          [
            46.905272,
            -20.3340614
          ],
          [
            46.9052213,
            -20.3341294
          ],
          [
            46.9051462,
            -20.3341697
          ],
          [
            46.9047046,
            -20.334433
          ],
          [
            46.9043173,
            -20.3346026
          ],
          [
            46.90399,
            -20.3348874
          ],
          [
            46.9038025,
            -20.3353593
          ],
          [
            46.9034891,
            -20.336608
          ],
          [
            46.9034873,
            -20.3366149
          ],
          [
            46.9034724,
            -20.3367403
          ],
          [
            46.903553,
            -20.3369991
          ],
          [
            46.9036446,
            -20.3371843
          ],
          [
            46.9041619,
            -20.3381887
          ],
          [
            46.9045293,
            -20.3388879
          ],
          [
            46.9046381,
            -20.3391114
          ],
          [
            46.9046251,
            -20.3394744
          ],
          [
            46.9045525,
            -20.3415134
          ],
          [
            46.9045871,
            -20.3419067
          ],
          [
            46.9048188,
            -20.3421628
          ]
        ]
      },
      "id": "way/186217514"
    },
    {
      "type": "Feature",
      "properties": {
        "@id": "way/186217515",
        "highway": "tertiary",
        "ref": "RIP 144.T",
        "surface": "unpaved"
      },
      "geometry": {
        "type": "LineString",
        "coordinates": [
          [
            46.9158722,
            -20.4287223
          ],
          [
            46.9166948,
            -20.4286813
          ],
          [
            46.9179418,
            -20.4288962
          ],
          [
            46.9198747,
            -20.429615
          ],
          [
            46.9202279,
            -20.4298771
          ],
          [
            46.920581,
            -20.430197
          ],
          [
            46.9207856,
            -20.4306097
          ],
          [
            46.9209162,
            -20.4310225
          ],
          [
            46.9209151,
            -20.4314409
          ],
          [
            46.920877,
            -20.4318131
          ],
          [
            46.9195364,
            -20.4357791
          ],
          [
            46.9193968,
            -20.4361292
          ],
          [
            46.919083,
            -20.4366828
          ],
          [
            46.9188979,
            -20.436951
          ],
          [
            46.9185653,
            -20.4373833
          ],
          [
            46.9176111,
            -20.4384183
          ],
          [
            46.9174093,
            -20.4387029
          ],
          [
            46.9172714,
            -20.439009
          ],
          [
            46.917243,
            -20.4393815
          ],
          [
            46.917291,
            -20.4397378
          ],
          [
            46.917658,
            -20.440257
          ],
          [
            46.9186611,
            -20.4411618
          ],
          [
            46.9190038,
            -20.4414709
          ],
          [
            46.9195436,
            -20.4422937
          ],
          [
            46.9196731,
            -20.4429141
          ],
          [
            46.9196587,
            -20.4437908
          ],
          [
            46.9197008,
            -20.4441641
          ],
          [
            46.9199404,
            -20.4445491
          ],
          [
            46.92029,
            -20.4447172
          ],
          [
            46.9205584,
            -20.4447484
          ],
          [
            46.9210464,
            -20.4447172
          ],
          [
            46.9220157,
            -20.4445036
          ],
          [
            46.9232745,
            -20.4444733
          ],
          [
            46.9236427,
            -20.4445111
          ],
          [
            46.9239446,
            -20.4446058
          ],
          [
            46.9239964,
            -20.4446423
          ],
          [
            46.9242114,
            -20.4447939
          ],
          [
            46.9244431,
            -20.4451582
          ],
          [
            46.9245511,
            -20.4458104
          ],
          [
            46.9247041,
            -20.4463401
          ],
          [
            46.9248712,
            -20.4466826
          ],
          [
            46.9250386,
            -20.4469447
          ],
          [
            46.925295,
            -20.4471751
          ],
          [
            46.9258164,
            -20.4474985
          ],
          [
            46.9266974,
            -20.4479246
          ],
          [
            46.9270284,
            -20.4482685
          ],
          [
            46.927453,
            -20.4488956
          ],
          [
            46.9278489,
            -20.4493137
          ],
          [
            46.9279588,
            -20.4497179
          ],
          [
            46.9277769,
            -20.450251
          ],
          [
            46.9274818,
            -20.4507163
          ],
          [
            46.927014,
            -20.4508714
          ],
          [
            46.9261936,
            -20.450831
          ],
          [
            46.9254938,
            -20.4508589
          ]
        ]
      },
      "id": "way/186217515"
    },
    {
      "type": "Feature",
      "properties": {
        "@id": "way/186217516",
        "bridge": "yes",
        "highway": "tertiary",
        "layer": "1",
        "ref": "RIP 144.T",
        "surface": "unpaved"
      },
      "geometry": {
        "type": "LineString",
        "coordinates": [
          [
            46.9129851,
            -20.2859138
          ],
          [
            46.9130786,
            -20.2860414
          ]
        ]
      },
      "id": "way/186217516"
    },
    {
      "type": "Feature",
      "properties": {
        "@id": "way/186217517",
        "bridge": "yes",
        "highway": "tertiary",
        "layer": "1",
        "ref": "RIP 144.T",
        "surface": "unpaved"
      },
      "geometry": {
        "type": "LineString",
        "coordinates": [
          [
            46.912685,
            -20.3712043
          ],
          [
            46.912673,
            -20.3713777
          ]
        ]
      },
      "id": "way/186217517"
    },
    {
      "type": "Feature",
      "properties": {
        "@id": "way/186217518",
        "bridge": "yes",
        "highway": "tertiary",
        "layer": "1",
        "ref": "RIP 144.T",
        "surface": "unpaved"
      },
      "geometry": {
        "type": "LineString",
        "coordinates": [
          [
            46.9192729,
            -19.952518
          ],
          [
            46.919182,
            -19.9526024
          ]
        ]
      },
      "id": "way/186217518"
    },
    {
      "type": "Feature",
      "properties": {
        "@id": "way/186217520",
        "highway": "tertiary",
        "ref": "RIP 144.T",
        "surface": "unpaved"
      },
      "geometry": {
        "type": "LineString",
        "coordinates": [
          [
            46.9187264,
            -20.2653039
          ],
          [
            46.9180893,
            -20.2655493
          ],
          [
            46.9176562,
            -20.2654385
          ],
          [
            46.9173478,
            -20.2654631
          ],
          [
            46.9171969,
            -20.2657278
          ],
          [
            46.9169016,
            -20.2663988
          ],
          [
            46.9166522,
            -20.266565
          ],
          [
            46.91595,
            -20.2666882
          ],
          [
            46.9153725,
            -20.2665342
          ],
          [
            46.9149854,
            -20.2662203
          ],
          [
            46.9145588,
            -20.2657832
          ],
          [
            46.9143554,
            -20.265774
          ],
          [
            46.9141454,
            -20.2658078
          ],
          [
            46.9139945,
            -20.2660171
          ],
          [
            46.9138238,
            -20.2667805
          ],
          [
            46.9133448,
            -20.2672299
          ],
          [
            46.9129642,
            -20.2677962
          ],
          [
            46.9125682,
            -20.2680269
          ],
          [
            46.9122466,
            -20.268347
          ],
          [
            46.9117085,
            -20.2687594
          ],
          [
            46.9115707,
            -20.2689195
          ],
          [
            46.911551,
            -20.269492
          ],
          [
            46.9114291,
            -20.2698656
          ]
        ]
      },
      "id": "way/186217520"
    },
    {
      "type": "Feature",
      "properties": {
        "@id": "way/186217521",
        "highway": "tertiary",
        "ref": "RIP 144.T",
        "surface": "unpaved"
      },
      "geometry": {
        "type": "LineString",
        "coordinates": [
          [
            46.9049428,
            -20.3422504
          ],
          [
            46.9054986,
            -20.342655
          ],
          [
            46.9057256,
            -20.3436813
          ],
          [
            46.9060474,
            -20.344911
          ],
          [
            46.9061333,
            -20.3454166
          ],
          [
            46.9065121,
            -20.3472753
          ],
          [
            46.9067616,
            -20.3488029
          ],
          [
            46.9068682,
            -20.3492015
          ],
          [
            46.9069943,
            -20.3494932
          ],
          [
            46.9073036,
            -20.3500219
          ],
          [
            46.9077855,
            -20.3508914
          ],
          [
            46.9083756,
            -20.3518571
          ],
          [
            46.9087967,
            -20.3525785
          ]
        ]
      },
      "id": "way/186217521"
    },
    {
      "type": "Feature",
      "properties": {
        "@id": "way/186217522",
        "highway": "tertiary",
        "ref": "RIP 144.T",
        "surface": "unpaved"
      },
      "geometry": {
        "type": "LineString",
        "coordinates": [
          [
            46.912673,
            -20.3713777
          ],
          [
            46.9126618,
            -20.3715113
          ],
          [
            46.9126984,
            -20.3716315
          ],
          [
            46.9130212,
            -20.372331
          ],
          [
            46.91315,
            -20.3726302
          ],
          [
            46.913243,
            -20.3729205
          ],
          [
            46.9133654,
            -20.373534
          ],
          [
            46.9134423,
            -20.3737768
          ],
          [
            46.9136025,
            -20.374386
          ],
          [
            46.913673,
            -20.3745336
          ],
          [
            46.9137642,
            -20.3746618
          ],
          [
            46.913886,
            -20.3747741
          ]
        ]
      },
      "id": "way/186217522"
    },
    {
      "type": "Feature",
      "properties": {
        "@id": "way/186217523",
        "highway": "tertiary",
        "ref": "RIP 144.T",
        "surface": "unpaved"
      },
      "geometry": {
        "type": "LineString",
        "coordinates": [
          [
            46.9250782,
            -20.4509097
          ],
          [
            46.9245108,
            -20.4509903
          ],
          [
            46.9241869,
            -20.4513207
          ],
          [
            46.9235829,
            -20.4527188
          ],
          [
            46.9235411,
            -20.4529996
          ],
          [
            46.9236398,
            -20.4532626
          ],
          [
            46.924548,
            -20.4538124
          ],
          [
            46.924725,
            -20.4539808
          ],
          [
            46.9248752,
            -20.4542246
          ],
          [
            46.9248839,
            -20.4544941
          ],
          [
            46.9246734,
            -20.4553773
          ],
          [
            46.924645,
            -20.4557309
          ],
          [
            46.9248251,
            -20.4561467
          ],
          [
            46.9248441,
            -20.4564417
          ],
          [
            46.9247853,
            -20.4567083
          ],
          [
            46.9245324,
            -20.4574368
          ],
          [
            46.924503,
            -20.4578606
          ],
          [
            46.9246043,
            -20.4580369
          ],
          [
            46.9248059,
            -20.4581583
          ],
          [
            46.9251081,
            -20.4580908
          ],
          [
            46.9255399,
            -20.4580841
          ],
          [
            46.9265115,
            -20.4584213
          ],
          [
            46.9268426,
            -20.4585157
          ],
          [
            46.9283539,
            -20.4583943
          ],
          [
            46.9285214,
            -20.4584466
          ],
          [
            46.9285814,
            -20.4585565
          ],
          [
            46.9288561,
            -20.4602868
          ],
          [
            46.929619,
            -20.4618579
          ],
          [
            46.9300796,
            -20.4624648
          ],
          [
            46.9305077,
            -20.4627672
          ],
          [
            46.9308429,
            -20.4629083
          ],
          [
            46.9312599,
            -20.4627817
          ],
          [
            46.9328212,
            -20.4625057
          ],
          [
            46.9333974,
            -20.4625591
          ],
          [
            46.9337573,
            -20.4627817
          ],
          [
            46.9340091,
            -20.4631458
          ],
          [
            46.9349735,
            -20.4645483
          ],
          [
            46.9352078,
            -20.4656802
          ],
          [
            46.9354341,
            -20.4665036
          ],
          [
            46.9357508,
            -20.4672723
          ],
          [
            46.9357148,
            -20.467751
          ],
          [
            46.9355565,
            -20.4682163
          ],
          [
            46.9353838,
            -20.4685601
          ],
          [
            46.935283,
            -20.468904
          ],
          [
            46.9353094,
            -20.4689583
          ],
          [
            46.9354989,
            -20.469349
          ],
          [
            46.9357468,
            -20.4694653
          ],
          [
            46.9373053,
            -20.4693423
          ],
          [
            46.938097,
            -20.4689917
          ],
          [
            46.9382697,
            -20.4690321
          ],
          [
            46.9387833,
            -20.4695978
          ],
          [
            46.9389175,
            -20.4709335
          ],
          [
            46.9388311,
            -20.4713381
          ],
          [
            46.9384764,
            -20.4720614
          ],
          [
            46.9381884,
            -20.4722731
          ],
          [
            46.9378114,
            -20.4722966
          ],
          [
            46.9374169,
            -20.472207
          ],
          [
            46.9368443,
            -20.4722721
          ],
          [
            46.9366802,
            -20.4723912
          ],
          [
            46.9366846,
            -20.4725857
          ],
          [
            46.9370584,
            -20.4729226
          ],
          [
            46.9372118,
            -20.4732394
          ],
          [
            46.9370316,
            -20.4735816
          ],
          [
            46.9369455,
            -20.4737451
          ],
          [
            46.9370031,
            -20.4740148
          ],
          [
            46.9373917,
            -20.4743654
          ],
          [
            46.937694,
            -20.474898
          ],
          [
            46.9377373,
            -20.4752831
          ],
          [
            46.9376364,
            -20.4754981
          ],
          [
            46.9373269,
            -20.4757341
          ],
          [
            46.9370885,
            -20.4758428
          ],
          [
            46.93678,
            -20.4759835
          ],
          [
            46.9365209,
            -20.4763341
          ],
          [
            46.9364705,
            -20.4767791
          ],
          [
            46.9366432,
            -20.4771095
          ],
          [
            46.9366576,
            -20.4774398
          ],
          [
            46.936446,
            -20.4777771
          ],
          [
            46.9362199,
            -20.4781374
          ],
          [
            46.9357708,
            -20.4789394
          ],
          [
            46.9354293,
            -20.4792462
          ],
          [
            46.9353638,
            -20.4794741
          ],
          [
            46.9354646,
            -20.4797372
          ],
          [
            46.9356798,
            -20.4798336
          ],
          [
            46.9359111,
            -20.4798088
          ],
          [
            46.9363976,
            -20.4796508
          ],
          [
            46.9368888,
            -20.4796771
          ],
          [
            46.9373018,
            -20.4798655
          ],
          [
            46.937832,
            -20.4803281
          ],
          [
            46.9379876,
            -20.4805899
          ],
          [
            46.9380008,
            -20.480663
          ],
          [
            46.9379774,
            -20.4809711
          ],
          [
            46.9377169,
            -20.4822745
          ],
          [
            46.9374419,
            -20.482931
          ],
          [
            46.9373405,
            -20.4831449
          ],
          [
            46.9372444,
            -20.4834481
          ],
          [
            46.9372835,
            -20.4835453
          ],
          [
            46.9373321,
            -20.4836173
          ],
          [
            46.9373968,
            -20.4836754
          ],
          [
            46.9374696,
            -20.4837121
          ],
          [
            46.9375815,
            -20.4837436
          ],
          [
            46.9380252,
            -20.483774
          ],
          [
            46.9383569,
            -20.4837929
          ],
          [
            46.9385038,
            -20.4838155
          ],
          [
            46.9386562,
            -20.4838294
          ],
          [
            46.9388045,
            -20.4838648
          ],
          [
            46.9389245,
            -20.4839115
          ],
          [
            46.9390715,
            -20.4839848
          ],
          [
            46.9391591,
            -20.4840505
          ],
          [
            46.9392198,
            -20.4841313
          ],
          [
            46.9392643,
            -20.4842425
          ],
          [
            46.9392875,
            -20.484478
          ],
          [
            46.9393075,
            -20.4846392
          ],
          [
            46.9393142,
            -20.4847743
          ],
          [
            46.9393048,
            -20.4849069
          ],
          [
            46.9392441,
            -20.4851747
          ],
          [
            46.9392292,
            -20.4852354
          ],
          [
            46.9392238,
            -20.4853074
          ],
          [
            46.9392468,
            -20.4853768
          ],
          [
            46.9392886,
            -20.485421
          ],
          [
            46.9393788,
            -20.4854677
          ],
          [
            46.9395974,
            -20.4855246
          ],
          [
            46.9397025,
            -20.485565
          ],
          [
            46.9397713,
            -20.485618
          ],
          [
            46.9398509,
            -20.4857216
          ],
          [
            46.9400046,
            -20.4861018
          ],
          [
            46.9400491,
            -20.4861789
          ],
          [
            46.9401084,
            -20.4862484
          ],
          [
            46.9401799,
            -20.4863052
          ],
          [
            46.9406842,
            -20.4865907
          ],
          [
            46.9408069,
            -20.4866753
          ],
          [
            46.9409202,
            -20.4867776
          ],
          [
            46.9409916,
            -20.4868711
          ],
          [
            46.9410281,
            -20.4869456
          ],
          [
            46.941051,
            -20.4870543
          ],
          [
            46.9410496,
            -20.4871667
          ],
          [
            46.9410186,
            -20.4872968
          ],
          [
            46.9409701,
            -20.4873978
          ],
          [
            46.9406746,
            -20.4876949
          ],
          [
            46.9405628,
            -20.487845
          ],
          [
            46.9405022,
            -20.4879612
          ],
          [
            46.9404644,
            -20.488085
          ],
          [
            46.9404374,
            -20.4882707
          ],
          [
            46.9404132,
            -20.4885246
          ],
          [
            46.9404159,
            -20.4886749
          ],
          [
            46.9404334,
            -20.4887862
          ],
          [
            46.9405588,
            -20.4893015
          ],
          [
            46.940575,
            -20.4893862
          ],
          [
            46.9405804,
            -20.4894632
          ],
          [
            46.9405507,
            -20.489563
          ],
          [
            46.9404577,
            -20.4897411
          ],
          [
            46.9404186,
            -20.4898257
          ],
          [
            46.940397,
            -20.4899091
          ],
          [
            46.9404051,
            -20.4899836
          ],
          [
            46.9404267,
            -20.4900607
          ],
          [
            46.9405021,
            -20.490159
          ],
          [
            46.9406344,
            -20.4902969
          ],
          [
            46.9407179,
            -20.490355
          ],
          [
            46.9408324,
            -20.4903928
          ],
          [
            46.9409997,
            -20.4903966
          ],
          [
            46.9411264,
            -20.4903713
          ],
          [
            46.941268,
            -20.4903309
          ],
          [
            46.9416744,
            -20.4901701
          ],
          [
            46.9417816,
            -20.4901276
          ],
          [
            46.9419663,
            -20.4900733
          ],
          [
            46.9420809,
            -20.4900619
          ],
          [
            46.9421861,
            -20.4900783
          ],
          [
            46.9422872,
            -20.4901175
          ],
          [
            46.9424304,
            -20.4902161
          ],
          [
            46.9425127,
            -20.4903095
          ],
          [
            46.9425787,
            -20.4903714
          ],
          [
            46.9426084,
            -20.4904169
          ],
          [
            46.9426529,
            -20.4905116
          ],
          [
            46.9426974,
            -20.4906177
          ],
          [
            46.942746,
            -20.490696
          ],
          [
            46.9430979,
            -20.4910799
          ],
          [
            46.9431572,
            -20.4911494
          ],
          [
            46.9432031,
            -20.4912428
          ],
          [
            46.9432239,
            -20.4913169
          ],
          [
            46.9432239,
            -20.4914357
          ],
          [
            46.9432011,
            -20.4915312
          ],
          [
            46.9431916,
            -20.4915918
          ],
          [
            46.9429717,
            -20.491853
          ],
          [
            46.9426861,
            -20.4921474
          ],
          [
            46.9425757,
            -20.4922838
          ],
          [
            46.9425245,
            -20.4924859
          ],
          [
            46.9425245,
            -20.4927031
          ],
          [
            46.9425568,
            -20.4929052
          ],
          [
            46.9426431,
            -20.4932008
          ],
          [
            46.9426809,
            -20.4933751
          ],
          [
            46.9426917,
            -20.493509
          ],
          [
            46.9426782,
            -20.4936176
          ],
          [
            46.94267,
            -20.493749
          ],
          [
            46.9425273,
            -20.4940242
          ],
          [
            46.9425084,
            -20.4941581
          ],
          [
            46.9425192,
            -20.4942869
          ],
          [
            46.9425569,
            -20.4944132
          ],
          [
            46.9426136,
            -20.494532
          ],
          [
            46.9429318,
            -20.4949942
          ],
          [
            46.9430046,
            -20.4951534
          ],
          [
            46.9430586,
            -20.4953024
          ],
          [
            46.9431206,
            -20.4956222
          ],
          [
            46.9431502,
            -20.4957965
          ],
          [
            46.9432042,
            -20.4959657
          ],
          [
            46.9432644,
            -20.4960803
          ],
          [
            46.9432878,
            -20.4961249
          ],
          [
            46.9435139,
            -20.4964602
          ],
          [
            46.9437225,
            -20.4967909
          ],
          [
            46.9440797,
            -20.4972887
          ],
          [
            46.9441884,
            -20.4974208
          ],
          [
            46.9443753,
            -20.4975995
          ],
          [
            46.9445303,
            -20.4977512
          ]
        ]
      },
      "id": "way/186217523"
    },
    {
      "type": "Feature",
      "properties": {
        "@id": "way/186217524",
        "highway": "tertiary",
        "ref": "RIP 144.T",
        "surface": "unpaved"
      },
      "geometry": {
        "type": "LineString",
        "coordinates": [
          [
            46.9130786,
            -20.2860414
          ],
          [
            46.9131577,
            -20.2863088
          ],
          [
            46.9131281,
            -20.2867346
          ],
          [
            46.9132071,
            -20.2870864
          ],
          [
            46.913592,
            -20.287702
          ],
          [
            46.9136753,
            -20.2880142
          ],
          [
            46.9136216,
            -20.2883084
          ],
          [
            46.9134193,
            -20.2886972
          ],
          [
            46.9133502,
            -20.2891971
          ],
          [
            46.9131775,
            -20.2894887
          ],
          [
            46.9126999,
            -20.2905666
          ],
          [
            46.9126494,
            -20.2916132
          ],
          [
            46.9126396,
            -20.2919742
          ],
          [
            46.9124027,
            -20.2925481
          ],
          [
            46.9121388,
            -20.2929711
          ],
          [
            46.9118451,
            -20.2932702
          ],
          [
            46.9114947,
            -20.2934738
          ],
          [
            46.9103301,
            -20.293858
          ],
          [
            46.9099919,
            -20.2940178
          ],
          [
            46.9098563,
            -20.2941681
          ],
          [
            46.9096836,
            -20.2946587
          ],
          [
            46.9094762,
            -20.2963925
          ],
          [
            46.9096489,
            -20.2976808
          ],
          [
            46.9096734,
            -20.2981652
          ],
          [
            46.909799,
            -20.298535
          ],
          [
            46.9098648,
            -20.2990305
          ],
          [
            46.9103268,
            -20.299892
          ],
          [
            46.9106081,
            -20.3002391
          ],
          [
            46.9109338,
            -20.3005214
          ],
          [
            46.9114273,
            -20.3006788
          ],
          [
            46.9115429,
            -20.3008133
          ],
          [
            46.91171,
            -20.301277
          ],
          [
            46.9120061,
            -20.3016473
          ],
          [
            46.9124453,
            -20.3019018
          ],
          [
            46.9143594,
            -20.303219
          ],
          [
            46.9145327,
            -20.3034291
          ],
          [
            46.9146067,
            -20.3036698
          ],
          [
            46.9147992,
            -20.3048916
          ],
          [
            46.9151348,
            -20.3056368
          ],
          [
            46.9155201,
            -20.3062143
          ],
          [
            46.91663,
            -20.3074787
          ],
          [
            46.9172913,
            -20.3083939
          ],
          [
            46.9183177,
            -20.3104546
          ],
          [
            46.9184756,
            -20.3113524
          ],
          [
            46.9183937,
            -20.3121493
          ],
          [
            46.9183022,
            -20.3125897
          ],
          [
            46.9183232,
            -20.3129759
          ],
          [
            46.9184418,
            -20.3134667
          ],
          [
            46.9184558,
            -20.3139249
          ],
          [
            46.9188326,
            -20.3150898
          ],
          [
            46.9187,
            -20.3154564
          ],
          [
            46.9181208,
            -20.3158359
          ],
          [
            46.9178626,
            -20.3158948
          ],
          [
            46.9172066,
            -20.3156265
          ],
          [
            46.9168227,
            -20.3156723
          ],
          [
            46.9166064,
            -20.3159799
          ],
          [
            46.9165087,
            -20.3167391
          ],
          [
            46.9165366,
            -20.317158
          ],
          [
            46.9169832,
            -20.317891
          ],
          [
            46.9175625,
            -20.3185912
          ],
          [
            46.9178556,
            -20.3189643
          ],
          [
            46.9179044,
            -20.3193373
          ],
          [
            46.9179673,
            -20.3205088
          ],
          [
            46.9183302,
            -20.3218766
          ],
          [
            46.9187559,
            -20.3228321
          ],
          [
            46.9189346,
            -20.3233159
          ],
          [
            46.9189663,
            -20.3237881
          ],
          [
            46.9189435,
            -20.324094
          ],
          [
            46.9188348,
            -20.324356
          ],
          [
            46.9186163,
            -20.3248184
          ],
          [
            46.9182255,
            -20.325319
          ],
          [
            46.9179312,
            -20.3257806
          ],
          [
            46.9177546,
            -20.3262981
          ],
          [
            46.9176561,
            -20.3270972
          ],
          [
            46.9176172,
            -20.3277534
          ],
          [
            46.9175794,
            -20.3279461
          ],
          [
            46.9174369,
            -20.3281133
          ],
          [
            46.9172242,
            -20.3282215
          ],
          [
            46.9169295,
            -20.3282896
          ],
          [
            46.9165009,
            -20.3282558
          ],
          [
            46.9156991,
            -20.3281592
          ],
          [
            46.9151827,
            -20.3280021
          ],
          [
            46.9150597,
            -20.3279548
          ],
          [
            46.9149315,
            -20.3279956
          ],
          [
            46.9143195,
            -20.3283218
          ],
          [
            46.9141209,
            -20.3284227
          ],
          [
            46.9138497,
            -20.3284259
          ],
          [
            46.9133682,
            -20.3284144
          ],
          [
            46.9132768,
            -20.3285025
          ],
          [
            46.9131674,
            -20.3286697
          ],
          [
            46.9131768,
            -20.3288678
          ],
          [
            46.9133547,
            -20.3294091
          ],
          [
            46.9131875,
            -20.3301455
          ],
          [
            46.9131309,
            -20.3302458
          ],
          [
            46.9128797,
            -20.3303449
          ],
          [
            46.912238,
            -20.3306737
          ],
          [
            46.9118035,
            -20.3309302
          ],
          [
            46.9115397,
            -20.3310255
          ],
          [
            46.9109675,
            -20.3311825
          ],
          [
            46.9098868,
            -20.3313074
          ],
          [
            46.9097114,
            -20.3313125
          ],
          [
            46.9095599,
            -20.3312828
          ]
        ]
      },
      "id": "way/186217524"
    },
    {
      "type": "Feature",
      "properties": {
        "@id": "way/186217525",
        "bridge": "yes",
        "highway": "tertiary",
        "layer": "1",
        "ref": "RIP 144.T",
        "surface": "unpaved"
      },
      "geometry": {
        "type": "LineString",
        "coordinates": [
          [
            46.9048188,
            -20.3421628
          ],
          [
            46.9049428,
            -20.3422504
          ]
        ]
      },
      "id": "way/186217525"
    },
    {
      "type": "Feature",
      "properties": {
        "@id": "way/186217526",
        "bridge": "yes",
        "highway": "tertiary",
        "layer": "1",
        "name": "Sahamadio",
        "ref": "RIP 144.T",
        "surface": "unpaved"
      },
      "geometry": {
        "type": "LineString",
        "coordinates": [
          [
            46.9165961,
            -20.3876857
          ],
          [
            46.916503,
            -20.3880052
          ]
        ]
      },
      "id": "way/186217526"
    },
    {
      "type": "Feature",
      "properties": {
        "@id": "way/186217527",
        "bridge": "yes",
        "highway": "tertiary",
        "layer": "1",
        "ref": "RIP 144.T",
        "surface": "unpaved"
      },
      "geometry": {
        "type": "LineString",
        "coordinates": [
          [
            46.9114291,
            -20.2698656
          ],
          [
            46.9113163,
            -20.2700075
          ]
        ]
      },
      "id": "way/186217527"
    },
    {
      "type": "Feature",
      "properties": {
        "@id": "way/186217528",
        "highway": "tertiary",
        "ref": "RIP 144.T",
        "surface": "unpaved"
      },
      "geometry": {
        "type": "LineString",
        "coordinates": [
          [
            46.9246257,
            -20.2538321
          ],
          [
            46.9242852,
            -20.2537502
          ],
          [
            46.92396,
            -20.2536232
          ],
          [
            46.9238038,
            -20.2536489
          ],
          [
            46.9236688,
            -20.2537755
          ],
          [
            46.9234753,
            -20.2542103
          ],
          [
            46.9234183,
            -20.2545023
          ],
          [
            46.9232791,
            -20.2547679
          ],
          [
            46.9232597,
            -20.255124
          ],
          [
            46.9231538,
            -20.2552293
          ],
          [
            46.922945,
            -20.2551989
          ],
          [
            46.9226759,
            -20.255077
          ],
          [
            46.9220494,
            -20.2549855
          ],
          [
            46.9215426,
            -20.2549178
          ],
          [
            46.9213812,
            -20.2550247
          ],
          [
            46.9211631,
            -20.2554122
          ],
          [
            46.9208801,
            -20.2557865
          ],
          [
            46.9204936,
            -20.2560186
          ],
          [
            46.9202768,
            -20.2561479
          ],
          [
            46.9198917,
            -20.2561435
          ],
          [
            46.918908,
            -20.2558475
          ],
          [
            46.9186593,
            -20.2558468
          ],
          [
            46.9185135,
            -20.2559737
          ],
          [
            46.9184857,
            -20.2561783
          ],
          [
            46.9185228,
            -20.2567443
          ],
          [
            46.9184467,
            -20.2569999
          ],
          [
            46.9180634,
            -20.2574669
          ],
          [
            46.917669,
            -20.2578413
          ],
          [
            46.91714,
            -20.258133
          ],
          [
            46.9161377,
            -20.2589078
          ],
          [
            46.9158825,
            -20.2591821
          ],
          [
            46.9155113,
            -20.2594955
          ],
          [
            46.9153758,
            -20.2599541
          ],
          [
            46.9153071,
            -20.2603879
          ],
          [
            46.9153489,
            -20.2607013
          ],
          [
            46.9155285,
            -20.2609331
          ],
          [
            46.9159238,
            -20.2612153
          ],
          [
            46.9166916,
            -20.2612769
          ],
          [
            46.9168684,
            -20.26151
          ],
          [
            46.9169541,
            -20.2620341
          ],
          [
            46.9169344,
            -20.2626805
          ],
          [
            46.916945,
            -20.2630276
          ],
          [
            46.9171181,
            -20.2633084
          ],
          [
            46.917584,
            -20.2635793
          ],
          [
            46.9179122,
            -20.2636409
          ],
          [
            46.9184634,
            -20.2636163
          ],
          [
            46.9187774,
            -20.2639864
          ],
          [
            46.9187062,
            -20.2645581
          ],
          [
            46.9186078,
            -20.2648413
          ],
          [
            46.9187793,
            -20.2651867
          ]
        ]
      },
      "id": "way/186217528"
    },
    {
      "type": "Feature",
      "properties": {
        "@id": "way/186217529",
        "highway": "tertiary",
        "ref": "RIP 144.T",
        "surface": "unpaved"
      },
      "geometry": {
        "type": "LineString",
        "coordinates": [
          [
            46.9113163,
            -20.2700075
          ],
          [
            46.9110794,
            -20.2702144
          ],
          [
            46.9108843,
            -20.270993
          ],
          [
            46.9109237,
            -20.2716089
          ],
          [
            46.9111142,
            -20.2722252
          ],
          [
            46.911208,
            -20.2727108
          ],
          [
            46.911262,
            -20.2736657
          ],
          [
            46.9110455,
            -20.2745925
          ],
          [
            46.9108492,
            -20.2751892
          ],
          [
            46.9108836,
            -20.2756578
          ],
          [
            46.9107206,
            -20.2759891
          ],
          [
            46.9103214,
            -20.2762493
          ],
          [
            46.9099559,
            -20.2765604
          ],
          [
            46.9098794,
            -20.2769611
          ],
          [
            46.9101183,
            -20.2770873
          ],
          [
            46.9106191,
            -20.2772713
          ],
          [
            46.9108154,
            -20.2775697
          ],
          [
            46.9111437,
            -20.2787543
          ],
          [
            46.9112134,
            -20.2789857
          ],
          [
            46.9112756,
            -20.2791948
          ],
          [
            46.9114872,
            -20.279369
          ],
          [
            46.9126426,
            -20.2798613
          ],
          [
            46.9128997,
            -20.2800263
          ],
          [
            46.9136353,
            -20.2813079
          ],
          [
            46.9137118,
            -20.2815816
          ],
          [
            46.9136247,
            -20.2829068
          ],
          [
            46.9136314,
            -20.2830666
          ],
          [
            46.9137025,
            -20.283171
          ],
          [
            46.9138916,
            -20.2832515
          ],
          [
            46.9144588,
            -20.2832872
          ],
          [
            46.9152235,
            -20.2837506
          ],
          [
            46.9157649,
            -20.2840616
          ],
          [
            46.9159543,
            -20.2842711
          ],
          [
            46.916007,
            -20.2846517
          ],
          [
            46.9159205,
            -20.2850392
          ],
          [
            46.915643,
            -20.2851153
          ],
          [
            46.9152844,
            -20.2850709
          ],
          [
            46.9150543,
            -20.2851852
          ],
          [
            46.91387,
            -20.2853375
          ],
          [
            46.9130647,
            -20.2855597
          ],
          [
            46.9129293,
            -20.2857628
          ],
          [
            46.9129851,
            -20.2859138
          ]
        ]
      },
      "id": "way/186217529"
    },
    {
      "type": "Feature",
      "properties": {
        "@id": "way/186217530",
        "bridge": "yes",
        "highway": "tertiary",
        "layer": "1",
        "ref": "RIP 144.T",
        "surface": "unpaved"
      },
      "geometry": {
        "type": "LineString",
        "coordinates": [
          [
            46.9156769,
            -20.4287375
          ],
          [
            46.9158722,
            -20.4287223
          ]
        ]
      },
      "id": "way/186217530"
    },
    {
      "type": "Feature",
      "properties": {
        "@id": "way/186217531",
        "highway": "tertiary",
        "ref": "RIP 144.T",
        "surface": "unpaved"
      },
      "geometry": {
        "type": "LineString",
        "coordinates": [
          [
            46.916503,
            -20.3880052
          ],
          [
            46.9153572,
            -20.3892878
          ],
          [
            46.9139807,
            -20.390339
          ],
          [
            46.9137084,
            -20.3906616
          ],
          [
            46.913515,
            -20.3918541
          ],
          [
            46.9136371,
            -20.3924266
          ],
          [
            46.9144514,
            -20.393848
          ],
          [
            46.9146651,
            -20.3945444
          ],
          [
            46.9166396,
            -20.4040078
          ],
          [
            46.9177961,
            -20.4096392
          ],
          [
            46.9178475,
            -20.4101991
          ],
          [
            46.9173182,
            -20.4120115
          ],
          [
            46.9165255,
            -20.4136341
          ],
          [
            46.9144957,
            -20.4177593
          ],
          [
            46.9128237,
            -20.421157
          ],
          [
            46.9126592,
            -20.4216002
          ],
          [
            46.9126312,
            -20.4220438
          ],
          [
            46.9127737,
            -20.4223562
          ],
          [
            46.9130406,
            -20.4227175
          ],
          [
            46.9133233,
            -20.4231001
          ],
          [
            46.9134709,
            -20.4235222
          ],
          [
            46.9133895,
            -20.424197
          ],
          [
            46.9134794,
            -20.4248791
          ],
          [
            46.9139366,
            -20.4256993
          ],
          [
            46.9140703,
            -20.4260776
          ],
          [
            46.914049,
            -20.4264696
          ],
          [
            46.9138184,
            -20.4268835
          ],
          [
            46.9134334,
            -20.4273421
          ],
          [
            46.9131959,
            -20.4278041
          ],
          [
            46.9131995,
            -20.4282121
          ],
          [
            46.9134714,
            -20.4285961
          ],
          [
            46.9138734,
            -20.4288061
          ],
          [
            46.914102,
            -20.4288507
          ],
          [
            46.9143675,
            -20.428849
          ],
          [
            46.9156769,
            -20.4287375
          ]
        ]
      },
      "id": "way/186217531"
    },
    {
      "type": "Feature",
      "properties": {
        "@id": "way/186217533",
        "bridge": "yes",
        "highway": "tertiary",
        "layer": "1",
        "ref": "RIP 144.T",
        "surface": "unpaved"
      },
      "geometry": {
        "type": "LineString",
        "coordinates": [
          [
            46.9254938,
            -20.4508589
          ],
          [
            46.9250782,
            -20.4509097
          ]
        ]
      },
      "id": "way/186217533"
    },
    {
      "type": "Feature",
      "properties": {
        "@id": "way/186217534",
        "bridge": "yes",
        "highway": "tertiary",
        "layer": "1",
        "ref": "RIP 144.T",
        "surface": "unpaved"
      },
      "geometry": {
        "type": "LineString",
        "coordinates": [
          [
            46.9254449,
            -20.251574
          ],
          [
            46.9255392,
            -20.2516536
          ]
        ]
      },
      "id": "way/186217534"
    },
    {
      "type": "Feature",
      "properties": {
        "@id": "way/186217537",
        "bridge": "yes",
        "highway": "tertiary",
        "layer": "1",
        "ref": "RIP 144.T",
        "surface": "unpaved"
      },
      "geometry": {
        "type": "LineString",
        "coordinates": [
          [
            46.9187793,
            -20.2651867
          ],
          [
            46.9187646,
            -20.2652537
          ],
          [
            46.9187264,
            -20.2653039
          ]
        ]
      },
      "id": "way/186217537"
    },
    {
      "type": "Feature",
      "properties": {
        "@id": "way/186217538",
        "highway": "tertiary",
        "ref": "RIP 144.T",
        "surface": "unpaved"
      },
      "geometry": {
        "type": "LineString",
        "coordinates": [
          [
            46.9255392,
            -20.2516536
          ],
          [
            46.9256764,
            -20.2517698
          ],
          [
            46.9257553,
            -20.2518864
          ],
          [
            46.9258663,
            -20.2521464
          ],
          [
            46.9258726,
            -20.2523116
          ],
          [
            46.9257562,
            -20.2526037
          ],
          [
            46.9252561,
            -20.2532293
          ],
          [
            46.9246257,
            -20.2538321
          ]
        ]
      },
      "id": "way/186217538"
    },
    {
      "type": "Feature",
      "properties": {
        "@id": "way/187263429",
        "highway": "tertiary",
        "ref": "RIP 144.T",
        "surface": "unpaved"
      },
      "geometry": {
        "type": "LineString",
        "coordinates": [
          [
            46.9088536,
            -20.352697
          ],
          [
            46.9093005,
            -20.353571
          ],
          [
            46.9110183,
            -20.3572357
          ],
          [
            46.9118464,
            -20.3589989
          ],
          [
            46.912643,
            -20.3606736
          ],
          [
            46.9127167,
            -20.3608548
          ],
          [
            46.9131484,
            -20.3617705
          ],
          [
            46.9132197,
            -20.3619812
          ],
          [
            46.9132519,
            -20.3621447
          ],
          [
            46.9132767,
            -20.3624253
          ],
          [
            46.9131982,
            -20.3634729
          ],
          [
            46.9131357,
            -20.3640234
          ],
          [
            46.9130545,
            -20.3652021
          ],
          [
            46.9130273,
            -20.36571
          ],
          [
            46.9130561,
            -20.3661981
          ],
          [
            46.91304,
            -20.3663893
          ],
          [
            46.9129729,
            -20.3667916
          ],
          [
            46.9129997,
            -20.3671461
          ],
          [
            46.9130275,
            -20.3672971
          ],
          [
            46.9130158,
            -20.36739
          ],
          [
            46.9129756,
            -20.3675132
          ],
          [
            46.9127798,
            -20.3679256
          ],
          [
            46.9127306,
            -20.3681485
          ],
          [
            46.9127396,
            -20.3682475
          ],
          [
            46.9127664,
            -20.3683933
          ],
          [
            46.912922,
            -20.3688786
          ],
          [
            46.9129356,
            -20.3690955
          ],
          [
            46.9129019,
            -20.3696811
          ],
          [
            46.9129095,
            -20.3697902
          ],
          [
            46.9129327,
            -20.3698945
          ],
          [
            46.9130093,
            -20.3700973
          ],
          [
            46.9130239,
            -20.3702691
          ],
          [
            46.9130243,
            -20.3703977
          ],
          [
            46.912879,
            -20.3707645
          ],
          [
            46.9127128,
            -20.3711039
          ],
          [
            46.912685,
            -20.3712043
          ]
        ]
      },
      "id": "way/187263429"
    },
    {
      "type": "Feature",
      "properties": {
        "@id": "way/187263430",
        "highway": "tertiary",
        "ref": "RIP 144.T",
        "surface": "unpaved"
      },
      "geometry": {
        "type": "LineString",
        "coordinates": [
          [
            46.9141204,
            -20.3750205
          ],
          [
            46.9142094,
            -20.3751245
          ],
          [
            46.9142808,
            -20.3752783
          ],
          [
            46.9143634,
            -20.3756302
          ],
          [
            46.9144884,
            -20.3762962
          ],
          [
            46.9145363,
            -20.3765508
          ],
          [
            46.9145368,
            -20.3767967
          ],
          [
            46.914027,
            -20.3783454
          ],
          [
            46.9136019,
            -20.3795963
          ],
          [
            46.9135519,
            -20.3798723
          ],
          [
            46.9136113,
            -20.3800556
          ],
          [
            46.9136986,
            -20.3803825
          ],
          [
            46.9138206,
            -20.3806434
          ],
          [
            46.9139328,
            -20.3808168
          ],
          [
            46.9143099,
            -20.3813768
          ],
          [
            46.9145431,
            -20.381738
          ],
          [
            46.9147874,
            -20.3820955
          ],
          [
            46.9148295,
            -20.3821599
          ],
          [
            46.9151829,
            -20.382717
          ],
          [
            46.9153333,
            -20.3830132
          ],
          [
            46.9154034,
            -20.3831923
          ],
          [
            46.9154387,
            -20.3833342
          ],
          [
            46.9154683,
            -20.3835791
          ],
          [
            46.915467,
            -20.3837197
          ],
          [
            46.9154662,
            -20.3838126
          ],
          [
            46.9154835,
            -20.3847983
          ],
          [
            46.9155234,
            -20.3857829
          ],
          [
            46.9155398,
            -20.3859121
          ],
          [
            46.9156132,
            -20.3861121
          ],
          [
            46.9158303,
            -20.3863712
          ],
          [
            46.9166149,
            -20.3870558
          ],
          [
            46.9166988,
            -20.3873981
          ],
          [
            46.9165961,
            -20.3876857
          ]
        ]
      },
      "id": "way/187263430"
    },
    {
      "type": "Feature",
      "properties": {
        "@id": "way/187263431",
        "bridge": "yes",
        "highway": "tertiary",
        "layer": "1",
        "ref": "RIP 144.T",
        "surface": "unpaved"
      },
      "geometry": {
        "type": "LineString",
        "coordinates": [
          [
            46.913886,
            -20.3747741
          ],
          [
            46.9141204,
            -20.3750205
          ]
        ]
      },
      "id": "way/187263431"
    },
    {
      "type": "Feature",
      "properties": {
        "@id": "way/187263432",
        "bridge": "yes",
        "highway": "tertiary",
        "layer": "1",
        "ref": "RIP 144.T",
        "surface": "unpaved"
      },
      "geometry": {
        "type": "LineString",
        "coordinates": [
          [
            46.9087967,
            -20.3525785
          ],
          [
            46.9088536,
            -20.352697
          ]
        ]
      },
      "id": "way/187263432"
    },
    {
      "type": "Feature",
      "properties": {
        "@id": "way/187263433",
        "highway": "tertiary",
        "ref": "RIP 144.T",
        "surface": "unpaved"
      },
      "geometry": {
        "type": "LineString",
        "coordinates": [
          [
            46.9205217,
            -19.9472344
          ],
          [
            46.9205093,
            -19.9472588
          ],
          [
            46.9204956,
            -19.947339
          ],
          [
            46.9206841,
            -19.9475913
          ],
          [
            46.9207951,
            -19.9479953
          ],
          [
            46.9206646,
            -19.9488672
          ],
          [
            46.9206585,
            -19.9489078
          ],
          [
            46.9204192,
            -19.9495294
          ],
          [
            46.9203025,
            -19.9497993
          ],
          [
            46.9200339,
            -19.9501183
          ],
          [
            46.9195774,
            -19.9505117
          ],
          [
            46.9194324,
            -19.9507492
          ],
          [
            46.9193646,
            -19.9510922
          ],
          [
            46.919344,
            -19.9515851
          ],
          [
            46.9193327,
            -19.9518566
          ],
          [
            46.9193568,
            -19.9523498
          ],
          [
            46.9192729,
            -19.952518
          ]
        ]
      },
      "id": "way/187263433"
    },
    {
      "type": "Feature",
      "properties": {
        "@id": "way/187263434",
        "highway": "tertiary",
        "ref": "RIP 144.T",
        "surface": "unpaved"
      },
      "geometry": {
        "type": "LineString",
        "coordinates": [
          [
            46.8669698,
            -20.0445238
          ],
          [
            46.8662157,
            -20.0450221
          ],
          [
            46.8659663,
            -20.0453023
          ],
          [
            46.865404,
            -20.0460786
          ],
          [
            46.8645434,
            -20.0472637
          ],
          [
            46.8644163,
            -20.0474888
          ],
          [
            46.8637709,
            -20.0485683
          ],
          [
            46.8635313,
            -20.0489495
          ],
          [
            46.8631108,
            -20.0493905
          ],
          [
            46.8626658,
            -20.0497074
          ],
          [
            46.8624213,
            -20.0497625
          ],
          [
            46.8615412,
            -20.0494961
          ],
          [
            46.8611402,
            -20.0492435
          ],
          [
            46.8605975,
            -20.0488347
          ],
          [
            46.8602405,
            -20.048651
          ],
          [
            46.8600743,
            -20.0486647
          ],
          [
            46.8598005,
            -20.0487888
          ],
          [
            46.8594875,
            -20.0491333
          ],
          [
            46.8591844,
            -20.0492986
          ],
          [
            46.8588176,
            -20.0492527
          ],
          [
            46.85849,
            -20.0490644
          ],
          [
            46.858182,
            -20.0488668
          ],
          [
            46.8578641,
            -20.0488852
          ],
          [
            46.8569498,
            -20.0493767
          ],
          [
            46.8560256,
            -20.0500336
          ],
          [
            46.8557225,
            -20.0503551
          ],
          [
            46.8549157,
            -20.0509293
          ],
          [
            46.854544,
            -20.0512967
          ],
          [
            46.8543044,
            -20.0518525
          ],
          [
            46.8540013,
            -20.0524129
          ],
          [
            46.8536492,
            -20.052762
          ],
          [
            46.853351,
            -20.0528355
          ],
          [
            46.8528571,
            -20.052863
          ],
          [
            46.852593,
            -20.0529779
          ],
          [
            46.8526077,
            -20.0531157
          ],
          [
            46.8527349,
            -20.0532443
          ],
          [
            46.8533852,
            -20.0546222
          ],
          [
            46.8541284,
            -20.0561242
          ],
          [
            46.8542066,
            -20.0564136
          ],
          [
            46.8542066,
            -20.05668
          ],
          [
            46.8540609,
            -20.0570096
          ],
          [
            46.8540257,
            -20.057075
          ],
          [
            46.8537372,
            -20.057323
          ],
          [
            46.853483,
            -20.057447
          ],
          [
            46.8532385,
            -20.0574516
          ],
          [
            46.8527153,
            -20.0571117
          ],
          [
            46.8524953,
            -20.0570337
          ],
          [
            46.8522703,
            -20.0570888
          ],
          [
            46.8517325,
            -20.0573322
          ],
          [
            46.8513266,
            -20.0574562
          ],
          [
            46.8511164,
            -20.0576675
          ],
          [
            46.8509843,
            -20.0579201
          ],
          [
            46.8507545,
            -20.0584897
          ],
          [
            46.8506421,
            -20.0588755
          ],
          [
            46.85051,
            -20.0589903
          ],
          [
            46.850334,
            -20.0589719
          ],
          [
            46.8501042,
            -20.0588112
          ],
          [
            46.8491311,
            -20.0580304
          ],
          [
            46.8484515,
            -20.0573644
          ],
          [
            46.8482021,
            -20.0572541
          ],
          [
            46.8474149,
            -20.0571301
          ],
          [
            46.8471606,
            -20.056928
          ],
          [
            46.8470286,
            -20.056533
          ],
          [
            46.8468428,
            -20.0556695
          ],
          [
            46.8468672,
            -20.0554123
          ],
          [
            46.8467939,
            -20.0552469
          ],
          [
            46.8465445,
            -20.0547968
          ],
          [
            46.8463489,
            -20.0546452
          ],
          [
            46.8460947,
            -20.0545396
          ],
          [
            46.8456888,
            -20.0544844
          ],
          [
            46.845415,
            -20.0544477
          ],
          [
            46.8452781,
            -20.0545212
          ],
          [
            46.8448869,
            -20.0551505
          ],
          [
            46.8449162,
            -20.0553847
          ],
          [
            46.8454297,
            -20.0565606
          ],
          [
            46.8454737,
            -20.0568729
          ],
          [
            46.8454003,
            -20.0573138
          ],
          [
            46.8454297,
            -20.0576078
          ],
          [
            46.8456252,
            -20.0585586
          ],
          [
            46.8455861,
            -20.0591006
          ],
          [
            46.8456986,
            -20.0596885
          ],
          [
            46.8456301,
            -20.0605703
          ],
          [
            46.8456888,
            -20.0608
          ],
          [
            46.8456008,
            -20.0628714
          ],
          [
            46.8456204,
            -20.0632389
          ],
          [
            46.8454688,
            -20.0637073
          ],
          [
            46.8454052,
            -20.0646167
          ],
          [
            46.8454345,
            -20.0648602
          ],
          [
            46.8457133,
            -20.0655813
          ],
          [
            46.8459186,
            -20.0668994
          ],
          [
            46.8461044,
            -20.0674597
          ],
          [
            46.8464027,
            -20.0679098
          ],
          [
            46.8469895,
            -20.0683829
          ],
          [
            46.8471899,
            -20.0686447
          ],
          [
            46.8476349,
            -20.0688789
          ],
          [
            46.8480407,
            -20.0692601
          ],
          [
            46.8485681,
            -20.0694856
          ],
          [
            46.8487805,
            -20.0695867
          ],
          [
            46.8488354,
            -20.0696891
          ]
        ]
      },
      "id": "way/187263434"
    },
    {
      "type": "Feature",
      "properties": {
        "@id": "way/187263441",
        "bridge": "yes",
        "highway": "tertiary",
        "layer": "1",
        "ref": "RIP 144.T",
        "surface": "unpaved"
      },
      "geometry": {
        "type": "LineString",
        "coordinates": [
          [
            46.9205638,
            -19.9471776
          ],
          [
            46.9205217,
            -19.9472344
          ]
        ]
      },
      "id": "way/187263441"
    },
    {
      "type": "Feature",
      "properties": {
        "@id": "way/187263442",
        "bridge": "yes",
        "highway": "tertiary",
        "layer": "1",
        "ref": "RIP 144.T",
        "surface": "unpaved"
      },
      "geometry": {
        "type": "LineString",
        "coordinates": [
          [
            46.8670866,
            -20.0444607
          ],
          [
            46.8669698,
            -20.0445238
          ]
        ]
      },
      "id": "way/187263442"
    },
    {
      "type": "Feature",
      "properties": {
        "@id": "way/190984134",
        "highway": "tertiary",
        "ref": "RIP 144.T",
        "surface": "unpaved"
      },
      "geometry": {
        "type": "LineString",
        "coordinates": [
          [
            46.919182,
            -19.9526024
          ],
          [
            46.9191489,
            -19.9526604
          ],
          [
            46.9191448,
            -19.9527327
          ],
          [
            46.9192022,
            -19.95282
          ],
          [
            46.9192865,
            -19.9529007
          ],
          [
            46.9194535,
            -19.9530185
          ],
          [
            46.9204921,
            -19.9534539
          ],
          [
            46.9206511,
            -19.9535814
          ],
          [
            46.9206688,
            -19.9537873
          ],
          [
            46.9205716,
            -19.9538892
          ],
          [
            46.9201525,
            -19.9539897
          ],
          [
            46.9198933,
            -19.9540519
          ],
          [
            46.919794,
            -19.9540986
          ],
          [
            46.9197249,
            -19.954131
          ],
          [
            46.9195658,
            -19.9542674
          ],
          [
            46.9190202,
            -19.9548953
          ],
          [
            46.9182746,
            -19.9559647
          ],
          [
            46.917631,
            -19.9571748
          ],
          [
            46.9174747,
            -19.9574686
          ],
          [
            46.9168724,
            -19.958646
          ],
          [
            46.9164491,
            -19.9595035
          ],
          [
            46.9160388,
            -19.9602283
          ],
          [
            46.915873,
            -19.9605433
          ],
          [
            46.9156805,
            -19.9608026
          ],
          [
            46.9151364,
            -19.9615018
          ],
          [
            46.9150235,
            -19.9616663
          ],
          [
            46.914575,
            -19.9624288
          ],
          [
            46.914155,
            -19.9631166
          ],
          [
            46.9128157,
            -19.9653098
          ],
          [
            46.9124204,
            -19.9658641
          ],
          [
            46.9116903,
            -19.9667581
          ],
          [
            46.9109654,
            -19.9676456
          ],
          [
            46.9101164,
            -19.9687174
          ],
          [
            46.9099228,
            -19.9691024
          ],
          [
            46.9094773,
            -19.9701887
          ],
          [
            46.9093225,
            -19.9703518
          ],
          [
            46.9092217,
            -19.970458
          ],
          [
            46.909182,
            -19.9704999
          ],
          [
            46.9076054,
            -19.9713089
          ],
          [
            46.907278,
            -19.9717617
          ],
          [
            46.9068522,
            -19.9719464
          ],
          [
            46.9062525,
            -19.9720609
          ],
          [
            46.9050324,
            -19.9722938
          ],
          [
            46.9041529,
            -19.9728741
          ],
          [
            46.9033857,
            -19.9735161
          ],
          [
            46.90216,
            -19.9741492
          ],
          [
            46.9015191,
            -19.9749406
          ],
          [
            46.9014911,
            -19.9752528
          ],
          [
            46.9015659,
            -19.9761585
          ],
          [
            46.9014209,
            -19.9764443
          ],
          [
            46.9011579,
            -19.9766842
          ],
          [
            46.9004057,
            -19.976884
          ],
          [
            46.9002083,
            -19.9769309
          ],
          [
            46.8998163,
            -19.9770071
          ],
          [
            46.899573,
            -19.9769411
          ],
          [
            46.8985532,
            -19.9756397
          ],
          [
            46.8982631,
            -19.9754155
          ],
          [
            46.8977705,
            -19.9752562
          ],
          [
            46.8974866,
            -19.9752396
          ],
          [
            46.8972246,
            -19.9753407
          ],
          [
            46.8968223,
            -19.9755957
          ],
          [
            46.8959381,
            -19.9757892
          ],
          [
            46.8955124,
            -19.9757936
          ],
          [
            46.8950726,
            -19.9759563
          ],
          [
            46.8946656,
            -19.9759607
          ],
          [
            46.8944598,
            -19.9758947
          ],
          [
            46.8939265,
            -19.9755078
          ],
          [
            46.8934072,
            -19.975266
          ],
          [
            46.8925617,
            -19.9750949
          ],
          [
            46.8924463,
            -19.9752328
          ],
          [
            46.8923272,
            -19.9763831
          ],
          [
            46.8921155,
            -19.9768059
          ],
          [
            46.8917715,
            -19.9771479
          ],
          [
            46.8916325,
            -19.9773344
          ],
          [
            46.8916193,
            -19.9775459
          ],
          [
            46.8917864,
            -19.9782083
          ],
          [
            46.891831,
            -19.9783853
          ],
          [
            46.8918046,
            -19.9786464
          ],
          [
            46.8915333,
            -19.9792806
          ],
          [
            46.8913017,
            -19.9795418
          ],
          [
            46.8909048,
            -19.9798589
          ],
          [
            46.8899786,
            -19.9798029
          ],
          [
            46.8899102,
            -19.9798554
          ],
          [
            46.8899009,
            -19.9799192
          ],
          [
            46.8901254,
            -19.9801478
          ],
          [
            46.8903453,
            -19.9804907
          ],
          [
            46.8903687,
            -19.9808732
          ],
          [
            46.8902704,
            -19.9812074
          ],
          [
            46.8897044,
            -19.9818141
          ],
          [
            46.8894377,
            -19.9819328
          ],
          [
            46.8890728,
            -19.9819592
          ],
          [
            46.8882717,
            -19.9819045
          ],
          [
            46.8878416,
            -19.9820288
          ],
          [
            46.8876498,
            -19.9823708
          ],
          [
            46.887749,
            -19.98252
          ],
          [
            46.8879541,
            -19.9828496
          ],
          [
            46.8880366,
            -19.9835748
          ],
          [
            46.8879638,
            -19.9838857
          ],
          [
            46.8877984,
            -19.9842401
          ],
          [
            46.8875556,
            -19.9844585
          ],
          [
            46.8869574,
            -19.9848736
          ],
          [
            46.8867095,
            -19.9848296
          ],
          [
            46.8864335,
            -19.9847241
          ],
          [
            46.8862089,
            -19.9848956
          ],
          [
            46.8856335,
            -19.9850494
          ],
          [
            46.8853528,
            -19.9854539
          ],
          [
            46.885278,
            -19.9857001
          ],
          [
            46.8853107,
            -19.9859331
          ],
          [
            46.8848663,
            -19.9864959
          ],
          [
            46.8845201,
            -19.9864959
          ],
          [
            46.8838511,
            -19.9862936
          ],
          [
            46.8836359,
            -19.9863288
          ],
          [
            46.8831868,
            -19.986553
          ],
          [
            46.8826114,
            -19.9866893
          ],
          [
            46.8818161,
            -19.9869619
          ],
          [
            46.8812501,
            -19.9872081
          ],
          [
            46.881056,
            -19.9875028
          ],
          [
            46.8809366,
            -19.9879097
          ],
          [
            46.8809132,
            -19.9886351
          ],
          [
            46.8818302,
            -19.9914839
          ],
          [
            46.8820346,
            -19.9927944
          ],
          [
            46.8821936,
            -19.9931989
          ],
          [
            46.8830451,
            -19.9942188
          ],
          [
            46.883819,
            -19.995589
          ]
        ]
      },
      "id": "way/190984134"
    },
    {
      "type": "Feature",
      "properties": {
        "@id": "way/190984135",
        "highway": "tertiary",
        "ref": "RIP 144.T",
        "surface": "unpaved"
      },
      "geometry": {
        "type": "LineString",
        "coordinates": [
          [
            46.9311928,
            -19.9302171
          ],
          [
            46.930805,
            -19.9306435
          ],
          [
            46.9296776,
            -19.931611
          ],
          [
            46.9295093,
            -19.9318904
          ],
          [
            46.929177,
            -19.9324422
          ],
          [
            46.9285595,
            -19.9331503
          ],
          [
            46.9282741,
            -19.9335505
          ],
          [
            46.9276379,
            -19.9340167
          ],
          [
            46.9274739,
            -19.9342387
          ],
          [
            46.927432,
            -19.9345136
          ],
          [
            46.9280259,
            -19.9360374
          ],
          [
            46.9279934,
            -19.9364267
          ],
          [
            46.9277689,
            -19.9367917
          ],
          [
            46.9274882,
            -19.936994
          ],
          [
            46.9261172,
            -19.9374315
          ],
          [
            46.925907,
            -19.9375349
          ],
          [
            46.9257526,
            -19.9377328
          ],
          [
            46.9256403,
            -19.9381242
          ],
          [
            46.9256309,
            -19.938608
          ],
          [
            46.9257573,
            -19.938951
          ],
          [
            46.9257663,
            -19.9391774
          ],
          [
            46.9254899,
            -19.9395645
          ],
          [
            46.9253596,
            -19.939747
          ],
          [
            46.924892,
            -19.9406876
          ],
          [
            46.9243338,
            -19.9415681
          ],
          [
            46.924168,
            -19.941684
          ],
          [
            46.9240688,
            -19.941731
          ],
          [
            46.9236521,
            -19.9419282
          ],
          [
            46.9236114,
            -19.941969
          ],
          [
            46.9232635,
            -19.9423174
          ],
          [
            46.9230813,
            -19.9427814
          ],
          [
            46.9228518,
            -19.9431617
          ],
          [
            46.9225761,
            -19.9434366
          ],
          [
            46.9215843,
            -19.9441798
          ],
          [
            46.921313,
            -19.9444745
          ],
          [
            46.921135,
            -19.9449032
          ],
          [
            46.9208104,
            -19.9454947
          ],
          [
            46.9207495,
            -19.9457039
          ],
          [
            46.9207665,
            -19.9459137
          ],
          [
            46.9207728,
            -19.9459916
          ],
          [
            46.9207095,
            -19.9462379
          ],
          [
            46.9206908,
            -19.9463918
          ],
          [
            46.9207703,
            -19.9466073
          ],
          [
            46.9207516,
            -19.946814
          ],
          [
            46.9207111,
            -19.9468916
          ],
          [
            46.9206213,
            -19.9470639
          ],
          [
            46.9205638,
            -19.9471776
          ]
        ]
      },
      "id": "way/190984135"
    },
    {
      "type": "Feature",
      "properties": {
        "@id": "way/208570701",
        "highway": "tertiary",
        "ref": "N 44",
        "smoothness": "intermediate",
        "source": "Bing Low Res",
        "surface": "unpaved"
      },
      "geometry": {
        "type": "LineString",
        "coordinates": [
          [
            48.6198214,
            -17.4295486
          ],
          [
            48.6175838,
            -17.4294769
          ]
        ]
      },
      "id": "way/208570701"
    },
    {
      "type": "Feature",
      "properties": {
        "@id": "way/208570702",
        "bridge": "yes",
        "highway": "tertiary",
        "layer": "1",
        "ref": "N 44",
        "smoothness": "intermediate",
        "source": "Bing Low Res",
        "surface": "unpaved"
      },
      "geometry": {
        "type": "LineString",
        "coordinates": [
          [
            48.6175838,
            -17.4294769
          ],
          [
            48.6172143,
            -17.429467
          ]
        ]
      },
      "id": "way/208570702"
    },
    {
      "type": "Feature",
      "properties": {
        "@id": "way/208570703",
        "bridge": "yes",
        "highway": "tertiary",
        "layer": "1",
        "ref": "N 44",
        "smoothness": "intermediate",
        "source": "Bing Low Res",
        "surface": "unpaved"
      },
      "geometry": {
        "type": "LineString",
        "coordinates": [
          [
            48.620243,
            -17.4295486
          ],
          [
            48.6198214,
            -17.4295486
          ]
        ]
      },
      "id": "way/208570703"
    },
    {
      "type": "Feature",
      "properties": {
        "@id": "way/208570704",
        "bridge": "yes",
        "highway": "tertiary",
        "layer": "1",
        "ref": "N 44",
        "smoothness": "intermediate",
        "source": "Bing",
        "surface": "unpaved"
      },
      "geometry": {
        "type": "LineString",
        "coordinates": [
          [
            48.6362068,
            -17.4025355
          ],
          [
            48.6362842,
            -17.4032883
          ],
          [
            48.6363499,
            -17.4042057
          ]
        ]
      },
      "id": "way/208570704"
    },
    {
      "type": "Feature",
      "properties": {
        "@id": "way/208570705",
        "highway": "tertiary",
        "ref": "N 44",
        "smoothness": "intermediate",
        "source": "Bing Low Res",
        "surface": "unpaved"
      },
      "geometry": {
        "type": "LineString",
        "coordinates": [
          [
            48.6172143,
            -17.429467
          ],
          [
            48.6164373,
            -17.4294262
          ],
          [
            48.6163046,
            -17.4294192
          ],
          [
            48.6127704,
            -17.429465
          ],
          [
            48.6122403,
            -17.4293933
          ],
          [
            48.6120768,
            -17.4293506
          ],
          [
            48.6102281,
            -17.4288675
          ],
          [
            48.6097166,
            -17.4288286
          ]
        ]
      },
      "id": "way/208570705"
    },
    {
      "type": "Feature",
      "properties": {
        "@id": "way/226100018",
        "highway": "secondary",
        "maxspeed:forward": "50",
        "ref": "N 44",
        "source": "GPS",
        "surface": "asphalt"
      },
      "geometry": {
        "type": "LineString",
        "coordinates": [
          [
            48.2768288,
            -18.6167336
          ],
          [
            48.2769051,
            -18.6163006
          ],
          [
            48.2770119,
            -18.6158447
          ],
          [
            48.2770729,
            -18.6154347
          ],
          [
            48.2771269,
            -18.6151808
          ],
          [
            48.2771568,
            -18.6150398
          ],
          [
            48.2774239,
            -18.6138592
          ],
          [
            48.2775688,
            -18.613266
          ],
          [
            48.2776317,
            -18.613061
          ],
          [
            48.2776871,
            -18.6128635
          ],
          [
            48.2777939,
            -18.6123982
          ],
          [
            48.2778053,
            -18.6121559
          ],
          [
            48.277771,
            -18.6118622
          ],
          [
            48.2776718,
            -18.611599
          ],
          [
            48.2775192,
            -18.6110821
          ],
          [
            48.2774239,
            -18.6108799
          ],
          [
            48.2773895,
            -18.6108284
          ],
          [
            48.2773285,
            -18.6107998
          ],
          [
            48.2773056,
            -18.6107597
          ],
          [
            48.2772217,
            -18.610487
          ],
          [
            48.2772141,
            -18.6101818
          ],
          [
            48.2772484,
            -18.6097984
          ],
          [
            48.2773514,
            -18.6090279
          ],
          [
            48.2773743,
            -18.6086941
          ],
          [
            48.2774582,
            -18.6080456
          ],
          [
            48.2778893,
            -18.605814
          ],
          [
            48.2779999,
            -18.6053429
          ],
          [
            48.27808,
            -18.6050835
          ],
          [
            48.2781286,
            -18.6048351
          ],
          [
            48.2782478,
            -18.6042252
          ],
          [
            48.2783127,
            -18.6039734
          ],
          [
            48.2783394,
            -18.6037026
          ],
          [
            48.2786217,
            -18.602438
          ],
          [
            48.2786636,
            -18.602169
          ],
          [
            48.2786675,
            -18.6020412
          ],
          [
            48.2786484,
            -18.6018314
          ],
          [
            48.278492,
            -18.6010666
          ],
          [
            48.2785149,
            -18.6007309
          ],
          [
            48.278595,
            -18.600172
          ],
          [
            48.2785988,
            -18.6000271
          ],
          [
            48.2786027,
            -18.5997467
          ]
        ]
      },
      "id": "way/226100018"
    },
    {
      "type": "Feature",
      "properties": {
        "@id": "way/226100019",
        "highway": "secondary",
        "ref": "N 44",
        "source": "GPS",
        "surface": "asphalt"
      },
      "geometry": {
        "type": "LineString",
        "coordinates": [
          [
            48.2717057,
            -18.5840749
          ],
          [
            48.2715289,
            -18.583861
          ]
        ]
      },
      "id": "way/226100019"
    },
    {
      "type": "Feature",
      "properties": {
        "@id": "way/226100020",
        "bridge": "yes",
        "highway": "secondary",
        "layer": "1",
        "ref": "N 44",
        "source": "GPS",
        "surface": "asphalt"
      },
      "geometry": {
        "type": "LineString",
        "coordinates": [
          [
            48.2717442,
            -18.5841178
          ],
          [
            48.2717057,
            -18.5840749
          ]
        ]
      },
      "id": "way/226100020"
    },
    {
      "type": "Feature",
      "properties": {
        "@id": "way/307642742",
        "bridge": "yes",
        "highway": "tertiary",
        "layer": "1",
        "ref": "RIP 144.T",
        "surface": "unpaved"
      },
      "geometry": {
        "type": "LineString",
        "coordinates": [
          [
            46.8488354,
            -20.0696891
          ],
          [
            46.848833,
            -20.0698314
          ]
        ]
      },
      "id": "way/307642742"
    },
    {
      "type": "Feature",
      "properties": {
        "@id": "way/307642743",
        "highway": "tertiary",
        "ref": "RIP 144.T",
        "surface": "unpaved"
      },
      "geometry": {
        "type": "LineString",
        "coordinates": [
          [
            46.848833,
            -20.0698314
          ],
          [
            46.8487326,
            -20.0701167
          ],
          [
            46.8483561,
            -20.0709434
          ],
          [
            46.8478892,
            -20.071827
          ],
          [
            46.8475709,
            -20.0724594
          ],
          [
            46.8475296,
            -20.0725415
          ],
          [
            46.8473014,
            -20.0730611
          ],
          [
            46.8467413,
            -20.0735287
          ],
          [
            46.8463125,
            -20.0736976
          ],
          [
            46.8458769,
            -20.073756
          ],
          [
            46.844729,
            -20.0735027
          ],
          [
            46.8445354,
            -20.0735612
          ],
          [
            46.8440044,
            -20.0739914
          ],
          [
            46.8436464,
            -20.0740719
          ],
          [
            46.8433287,
            -20.074214
          ],
          [
            46.8431169,
            -20.0743892
          ],
          [
            46.8430564,
            -20.0745124
          ],
          [
            46.8431119,
            -20.0746165
          ],
          [
            46.8435808,
            -20.0746639
          ],
          [
            46.8436766,
            -20.0747681
          ],
          [
            46.8442767,
            -20.0756964
          ],
          [
            46.8447255,
            -20.0767099
          ],
          [
            46.8448465,
            -20.077264
          ],
          [
            46.8448364,
            -20.0777755
          ],
          [
            46.8446397,
            -20.0784386
          ],
          [
            46.8443674,
            -20.0791584
          ],
          [
            46.844317,
            -20.0795326
          ],
          [
            46.8443977,
            -20.0799446
          ],
          [
            46.8445893,
            -20.0801388
          ],
          [
            46.8449171,
            -20.0802856
          ],
          [
            46.8454516,
            -20.0804324
          ],
          [
            46.8459407,
            -20.0806597
          ],
          [
            46.8462301,
            -20.0807974
          ],
          [
            46.8467072,
            -20.0810244
          ],
          [
            46.846929,
            -20.0813465
          ],
          [
            46.8469946,
            -20.081517
          ],
          [
            46.8469391,
            -20.0821421
          ],
          [
            46.846808,
            -20.0826015
          ],
          [
            46.8466063,
            -20.0829614
          ],
          [
            46.8461323,
            -20.0834918
          ],
          [
            46.8459911,
            -20.083757
          ],
          [
            46.8458903,
            -20.0846237
          ],
          [
            46.8459104,
            -20.0849078
          ],
          [
            46.8460012,
            -20.0850925
          ],
          [
            46.8462937,
            -20.0857035
          ],
          [
            46.8463038,
            -20.0860539
          ],
          [
            46.8462281,
            -20.0866554
          ],
          [
            46.8463088,
            -20.0876262
          ],
          [
            46.8462634,
            -20.0879672
          ],
          [
            46.8460264,
            -20.0889569
          ],
          [
            46.8460718,
            -20.0892174
          ],
          [
            46.8459861,
            -20.0893879
          ],
          [
            46.8458651,
            -20.0894684
          ],
          [
            46.8458751,
            -20.0896341
          ],
          [
            46.8459004,
            -20.0899041
          ],
          [
            46.8460807,
            -20.0906983
          ],
          [
            46.8465748,
            -20.0916738
          ],
          [
            46.8466706,
            -20.0919817
          ],
          [
            46.8467715,
            -20.0925641
          ],
          [
            46.8469581,
            -20.0930803
          ],
          [
            46.8471144,
            -20.093284
          ],
          [
            46.8472808,
            -20.093284
          ],
          [
            46.8475127,
            -20.0930661
          ],
          [
            46.8475632,
            -20.0928625
          ],
          [
            46.8476489,
            -20.0926873
          ],
          [
            46.8477901,
            -20.0927488
          ],
          [
            46.8478153,
            -20.0929619
          ],
          [
            46.8479615,
            -20.0935349
          ],
          [
            46.8479313,
            -20.0942263
          ],
          [
            46.8478758,
            -20.0945294
          ],
          [
            46.8474522,
            -20.0950124
          ],
          [
            46.847306,
            -20.0952208
          ],
          [
            46.8472203,
            -20.0954765
          ],
          [
            46.8470438,
            -20.095647
          ],
          [
            46.8469429,
            -20.095737
          ],
          [
            46.8469076,
            -20.0958127
          ],
          [
            46.8466505,
            -20.0967598
          ],
          [
            46.8465428,
            -20.0973931
          ],
          [
            46.8465748,
            -20.0976596
          ],
          [
            46.8467765,
            -20.0979105
          ],
          [
            46.8470438,
            -20.0982325
          ],
          [
            46.8471217,
            -20.0986786
          ],
          [
            46.8471946,
            -20.099235
          ],
          [
            46.8473408,
            -20.0994197
          ],
          [
            46.8476484,
            -20.0995286
          ],
          [
            46.8477543,
            -20.0995309
          ]
        ]
      },
      "id": "way/307642743"
    },
    {
      "type": "Feature",
      "properties": {
        "@id": "way/497497102",
        "highway": "secondary",
        "ref": "N 44",
        "smoothness": "intermediate",
        "source": "GPS",
        "surface": "asphalt"
      },
      "geometry": {
        "type": "LineString",
        "coordinates": [
          [
            48.442319,
            -17.76418
          ],
          [
            48.442239,
            -17.7638112
          ],
          [
            48.4416261,
            -17.7609842
          ],
          [
            48.4415673,
            -17.7606064
          ],
          [
            48.441548,
            -17.7603084
          ],
          [
            48.4415697,
            -17.7599824
          ],
          [
            48.4416542,
            -17.7596464
          ],
          [
            48.441663,
            -17.7596214
          ],
          [
            48.4417608,
            -17.7593425
          ],
          [
            48.4430295,
            -17.7559852
          ],
          [
            48.4432369,
            -17.7554365
          ],
          [
            48.4469042,
            -17.7457318
          ],
          [
            48.4473488,
            -17.7445552
          ],
          [
            48.4510325,
            -17.7348065
          ],
          [
            48.45347,
            -17.7283555
          ],
          [
            48.4558448,
            -17.7220702
          ],
          [
            48.4573079,
            -17.7181597
          ],
          [
            48.4601219,
            -17.7106386
          ],
          [
            48.4606393,
            -17.7090963
          ]
        ]
      },
      "id": "way/497497102"
    },
    {
      "type": "Feature",
      "properties": {
        "@id": "way/497497103",
        "bridge": "yes",
        "highway": "secondary",
        "layer": "1",
        "ref": "N 44",
        "smoothness": "intermediate",
        "source": "GPS",
        "surface": "asphalt"
      },
      "geometry": {
        "type": "LineString",
        "coordinates": [
          [
            48.4424142,
            -17.7645579
          ],
          [
            48.442319,
            -17.76418
          ]
        ]
      },
      "id": "way/497497103"
    },
    {
      "type": "Feature",
      "properties": {
        "@id": "way/497497104",
        "highway": "secondary",
        "ref": "N 44",
        "smoothness": "intermediate",
        "source": "GPS",
        "surface": "unpaved"
      },
      "geometry": {
        "type": "LineString",
        "coordinates": [
          [
            48.4758156,
            -17.6802527
          ],
          [
            48.4758532,
            -17.6801147
          ],
          [
            48.4759605,
            -17.6800585
          ],
          [
            48.4761643,
            -17.6800534
          ],
          [
            48.4771299,
            -17.6801505
          ],
          [
            48.4775698,
            -17.6801556
          ],
          [
            48.4778917,
            -17.6801556
          ],
          [
            48.4782243,
            -17.680084
          ],
          [
            48.4786427,
            -17.6799614
          ],
          [
            48.4790343,
            -17.6798183
          ],
          [
            48.4798524,
            -17.6795448
          ],
          [
            48.4802574,
            -17.6793889
          ],
          [
            48.4810245,
            -17.679118
          ],
          [
            48.4813034,
            -17.67898
          ],
          [
            48.4814912,
            -17.6788676
          ],
          [
            48.4816682,
            -17.6787398
          ],
          [
            48.4817896,
            -17.6786377
          ]
        ]
      },
      "id": "way/497497104"
    },
    {
      "type": "Feature",
      "properties": {
        "@id": "way/497497105",
        "highway": "secondary",
        "ref": "N 44",
        "smoothness": "intermediate",
        "source": "GPS",
        "surface": "asphalt"
      },
      "geometry": {
        "type": "LineString",
        "coordinates": [
          [
            48.4838913,
            -17.673579
          ],
          [
            48.4850612,
            -17.6721413
          ],
          [
            48.4862065,
            -17.6706437
          ],
          [
            48.4886942,
            -17.6672488
          ],
          [
            48.4903854,
            -17.6648704
          ]
        ]
      },
      "id": "way/497497105"
    },
    {
      "type": "Feature",
      "properties": {
        "@id": "way/497497107",
        "highway": "secondary",
        "ref": "N 44",
        "smoothness": "intermediate",
        "source": "GPS",
        "surface": "unpaved"
      },
      "geometry": {
        "type": "LineString",
        "coordinates": [
          [
            48.5223734,
            -17.5755622
          ],
          [
            48.5223578,
            -17.5750981
          ],
          [
            48.5224061,
            -17.5745068
          ]
        ]
      },
      "id": "way/497497107"
    },
    {
      "type": "Feature",
      "properties": {
        "@id": "way/497497108",
        "highway": "secondary",
        "ref": "N 44",
        "smoothness": "intermediate",
        "source": "GPS",
        "surface": "unpaved"
      },
      "geometry": {
        "type": "LineString",
        "coordinates": [
          [
            48.5224061,
            -17.5745068
          ],
          [
            48.5224702,
            -17.5739324
          ],
          [
            48.5225066,
            -17.5730756
          ],
          [
            48.5225518,
            -17.5725307
          ],
          [
            48.5226277,
            -17.5715012
          ],
          [
            48.522657,
            -17.5711043
          ],
          [
            48.5227989,
            -17.5691793
          ],
          [
            48.5228069,
            -17.5690714
          ],
          [
            48.5229222,
            -17.5680087
          ],
          [
            48.5229907,
            -17.5669461
          ],
          [
            48.5230451,
            -17.5664008
          ],
          [
            48.5230887,
            -17.5658346
          ],
          [
            48.5231154,
            -17.5650562
          ],
          [
            48.5232532,
            -17.5630287
          ],
          [
            48.5234993,
            -17.5601286
          ],
          [
            48.5236893,
            -17.5574008
          ]
        ]
      },
      "id": "way/497497108"
    },
    {
      "type": "Feature",
      "properties": {
        "@id": "way/497497109",
        "highway": "secondary",
        "ref": "N 44",
        "smoothness": "intermediate",
        "source": "GPS",
        "surface": "unpaved"
      },
      "geometry": {
        "type": "LineString",
        "coordinates": [
          [
            48.5236893,
            -17.5574008
          ],
          [
            48.5237349,
            -17.5567666
          ],
          [
            48.5238308,
            -17.5561612
          ],
          [
            48.5239456,
            -17.5557257
          ],
          [
            48.5240976,
            -17.5551908
          ],
          [
            48.5242746,
            -17.554689
          ],
          [
            48.5244904,
            -17.5541823
          ],
          [
            48.5246909,
            -17.5537098
          ],
          [
            48.5252282,
            -17.5523096
          ],
          [
            48.5257177,
            -17.5510991
          ],
          [
            48.5268462,
            -17.5482748
          ],
          [
            48.5270485,
            -17.5478887
          ],
          [
            48.5271823,
            -17.5476041
          ]
        ]
      },
      "id": "way/497497109"
    },
    {
      "type": "Feature",
      "properties": {
        "@id": "way/497497114",
        "highway": "secondary",
        "ref": "N 44",
        "smoothness": "intermediate",
        "source": "GPS",
        "surface": "unpaved"
      },
      "geometry": {
        "type": "LineString",
        "coordinates": [
          [
            48.5330874,
            -17.5229493
          ],
          [
            48.5331612,
            -17.5226898
          ],
          [
            48.5331802,
            -17.5225658
          ],
          [
            48.5332565,
            -17.5223332
          ],
          [
            48.5333633,
            -17.5221252
          ],
          [
            48.5334282,
            -17.5220375
          ],
          [
            48.5335884,
            -17.5218849
          ],
          [
            48.5336838,
            -17.5218201
          ],
          [
            48.53405,
            -17.5216332
          ],
          [
            48.5341048,
            -17.5216163
          ],
          [
            48.5343094,
            -17.521553
          ],
          [
            48.5345764,
            -17.521513
          ],
          [
            48.5348612,
            -17.5214921
          ],
          [
            48.5351664,
            -17.5214425
          ],
          [
            48.5352808,
            -17.5214062
          ],
          [
            48.5354448,
            -17.5213032
          ],
          [
            48.5357231,
            -17.5210514
          ],
          [
            48.5359766,
            -17.520775
          ],
          [
            48.536181,
            -17.5205895
          ],
          [
            48.5364121,
            -17.5204083
          ],
          [
            48.5366953,
            -17.5203268
          ],
          [
            48.5371344,
            -17.5202594
          ],
          [
            48.5374489,
            -17.5202484
          ],
          [
            48.5387802,
            -17.5201225
          ],
          [
            48.539875,
            -17.5199089
          ],
          [
            48.5402756,
            -17.5197926
          ],
          [
            48.5411682,
            -17.5195675
          ],
          [
            48.5414009,
            -17.5194702
          ],
          [
            48.5417137,
            -17.5193024
          ],
          [
            48.5419083,
            -17.5192165
          ],
          [
            48.5420952,
            -17.5191822
          ],
          [
            48.5424728,
            -17.5191479
          ],
          [
            48.5427589,
            -17.5190888
          ],
          [
            48.5430718,
            -17.5190067
          ],
          [
            48.5437775,
            -17.5187855
          ],
          [
            48.5441818,
            -17.5186329
          ],
          [
            48.5447884,
            -17.5184345
          ],
          [
            48.5451202,
            -17.518364
          ],
          [
            48.5455895,
            -17.5183048
          ],
          [
            48.545948,
            -17.5182247
          ],
          [
            48.5465508,
            -17.5181732
          ],
          [
            48.5469093,
            -17.5181789
          ],
          [
            48.5472488,
            -17.5182285
          ],
          [
            48.5476151,
            -17.5183659
          ],
          [
            48.5477028,
            -17.5183868
          ],
          [
            48.5477943,
            -17.5183907
          ],
          [
            48.5483551,
            -17.5183258
          ],
          [
            48.5485382,
            -17.5183239
          ],
          [
            48.5487099,
            -17.5183468
          ],
          [
            48.5489273,
            -17.5184174
          ],
          [
            48.5491447,
            -17.5184574
          ],
          [
            48.5494728,
            -17.5184345
          ],
          [
            48.5496559,
            -17.5183792
          ],
          [
            48.54982,
            -17.5182667
          ],
          [
            48.5499458,
            -17.5181122
          ],
          [
            48.5500298,
            -17.5179215
          ],
          [
            48.5501671,
            -17.5175285
          ],
          [
            48.550251,
            -17.517355
          ],
          [
            48.5506134,
            -17.5168552
          ],
          [
            48.5509949,
            -17.5164051
          ],
          [
            48.5515862,
            -17.5158958
          ],
          [
            48.5519829,
            -17.5154724
          ],
          [
            48.5522003,
            -17.5151959
          ],
          [
            48.5525589,
            -17.5145912
          ],
          [
            48.5528221,
            -17.5142059
          ],
          [
            48.5529938,
            -17.5140457
          ],
          [
            48.5532837,
            -17.5138168
          ],
          [
            48.5537186,
            -17.5133648
          ],
          [
            48.5539551,
            -17.5130787
          ],
          [
            48.5541153,
            -17.5127907
          ],
          [
            48.5541843,
            -17.5126327
          ]
        ]
      },
      "id": "way/497497114"
    },
    {
      "type": "Feature",
      "properties": {
        "@id": "way/670986170",
        "bridge": "yes",
        "highway": "secondary",
        "layer": "1",
        "ref": "N 44",
        "source": "GPS",
        "surface": "asphalt"
      },
      "geometry": {
        "type": "LineString",
        "coordinates": [
          [
            48.2289787,
            -18.8771154
          ],
          [
            48.2289867,
            -18.8770608
          ]
        ]
      },
      "id": "way/670986170"
    },
    {
      "type": "Feature",
      "properties": {
        "@id": "way/670986171",
        "highway": "secondary",
        "ref": "N 44",
        "source": "GPS",
        "surface": "asphalt"
      },
      "geometry": {
        "type": "LineString",
        "coordinates": [
          [
            48.2333179,
            -18.895336
          ],
          [
            48.2337173,
            -18.8949993
          ],
          [
            48.2348595,
            -18.8939896
          ],
          [
            48.2352181,
            -18.8936653
          ],
          [
            48.2354546,
            -18.8934097
          ],
          [
            48.23592,
            -18.8927956
          ],
          [
            48.2360535,
            -18.8925266
          ],
          [
            48.2360916,
            -18.8923302
          ],
          [
            48.2360649,
            -18.8920136
          ],
          [
            48.2359848,
            -18.891695
          ],
          [
            48.2358398,
            -18.8912716
          ],
          [
            48.2356949,
            -18.8909912
          ],
          [
            48.2355614,
            -18.8908348
          ],
          [
            48.2354736,
            -18.8907661
          ],
          [
            48.2352753,
            -18.8906498
          ],
          [
            48.2348328,
            -18.8904381
          ],
          [
            48.234623,
            -18.8902931
          ],
          [
            48.2343483,
            -18.8900242
          ],
          [
            48.2341156,
            -18.8897171
          ],
          [
            48.2321053,
            -18.8867455
          ],
          [
            48.2292414,
            -18.8822111
          ],
          [
            48.2289176,
            -18.8817055
          ],
          [
            48.2286944,
            -18.8812076
          ],
          [
            48.228581,
            -18.8808117
          ],
          [
            48.2285118,
            -18.880394
          ],
          [
            48.2285316,
            -18.8801079
          ],
          [
            48.2285664,
            -18.8798407
          ],
          [
            48.2289787,
            -18.8771154
          ]
        ]
      },
      "id": "way/670986171"
    },
    {
      "type": "Feature",
      "properties": {
        "@id": "way/785437385",
        "bridge": "yes",
        "highway": "secondary",
        "layer": "1",
        "ref": "N 44",
        "source": "GPS",
        "surface": "asphalt"
      },
      "geometry": {
        "type": "LineString",
        "coordinates": [
          [
            48.2329475,
            -18.8486249
          ],
          [
            48.2329188,
            -18.8484671
          ]
        ]
      },
      "id": "way/785437385"
    },
    {
      "type": "Feature",
      "properties": {
        "@id": "way/785437386",
        "highway": "secondary",
        "ref": "N 44",
        "source": "GPS",
        "surface": "asphalt"
      },
      "geometry": {
        "type": "LineString",
        "coordinates": [
          [
            48.2289867,
            -18.8770608
          ],
          [
            48.2290994,
            -18.8762118
          ],
          [
            48.2292368,
            -18.8753173
          ],
          [
            48.2293555,
            -18.8745545
          ],
          [
            48.2301653,
            -18.8691073
          ],
          [
            48.2307009,
            -18.8654691
          ],
          [
            48.2310587,
            -18.8630952
          ],
          [
            48.2314116,
            -18.8607419
          ],
          [
            48.2315388,
            -18.859958
          ],
          [
            48.2316557,
            -18.8591786
          ],
          [
            48.2320696,
            -18.8564873
          ],
          [
            48.232193,
            -18.8554516
          ],
          [
            48.2323205,
            -18.8546211
          ],
          [
            48.2325337,
            -18.8532008
          ],
          [
            48.2327109,
            -18.8519216
          ],
          [
            48.2327408,
            -18.8517305
          ],
          [
            48.2329807,
            -18.8501981
          ],
          [
            48.2330226,
            -18.8497384
          ],
          [
            48.233015,
            -18.8493684
          ],
          [
            48.2329807,
            -18.8489831
          ],
          [
            48.2329475,
            -18.8486249
          ]
        ]
      },
      "id": "way/785437386"
    },
    {
      "type": "Feature",
      "properties": {
        "@id": "way/785950086",
        "bridge": "yes",
        "highway": "secondary",
        "layer": "1",
        "ref": "N 44",
        "source": "GPS",
        "surface": "asphalt"
      },
      "geometry": {
        "type": "LineString",
        "coordinates": [
          [
            48.2280709,
            -18.9075253
          ],
          [
            48.2281163,
            -18.9074512
          ]
        ]
      },
      "id": "way/785950086"
    },
    {
      "type": "Feature",
      "properties": {
        "@id": "way/785950087",
        "highway": "secondary",
        "ref": "N 44",
        "source": "GPS",
        "surface": "asphalt"
      },
      "geometry": {
        "type": "LineString",
        "coordinates": [
          [
            48.2283185,
            -18.9110403
          ],
          [
            48.2283977,
            -18.9106666
          ],
          [
            48.2283926,
            -18.9105317
          ],
          [
            48.2283,
            -18.9102182
          ],
          [
            48.2281792,
            -18.9098184
          ],
          [
            48.2281296,
            -18.9096808
          ],
          [
            48.2277997,
            -18.9087644
          ],
          [
            48.2277372,
            -18.908514
          ],
          [
            48.227717,
            -18.9082833
          ],
          [
            48.2277517,
            -18.908062
          ],
          [
            48.2278638,
            -18.9078594
          ],
          [
            48.2280709,
            -18.9075253
          ]
        ]
      },
      "id": "way/785950087"
    },
    {
      "type": "Feature",
      "properties": {
        "@id": "way/785950107",
        "bridge": "yes",
        "highway": "secondary",
        "layer": "1",
        "ref": "N 44",
        "source": "GPS",
        "surface": "asphalt"
      },
      "geometry": {
        "type": "LineString",
        "coordinates": [
          [
            48.228291,
            -18.9111685
          ],
          [
            48.2283185,
            -18.9110403
          ]
        ]
      },
      "id": "way/785950107"
    },
    {
      "type": "Feature",
      "properties": {
        "@id": "way/785950108",
        "highway": "secondary",
        "ref": "N 44",
        "source": "GPS",
        "surface": "asphalt"
      },
      "geometry": {
        "type": "LineString",
        "coordinates": [
          [
            48.2281163,
            -18.9074512
          ],
          [
            48.2282177,
            -18.9073006
          ],
          [
            48.2291535,
            -18.9059098
          ],
          [
            48.2311478,
            -18.9028015
          ],
          [
            48.2313232,
            -18.9025211
          ],
          [
            48.231411,
            -18.9023399
          ],
          [
            48.2314568,
            -18.9021626
          ],
          [
            48.2314644,
            -18.9020748
          ],
          [
            48.2314644,
            -18.9019833
          ],
          [
            48.2314301,
            -18.9018002
          ],
          [
            48.2313347,
            -18.9016132
          ],
          [
            48.231266,
            -18.9015217
          ],
          [
            48.2307434,
            -18.9009514
          ],
          [
            48.230587,
            -18.9007359
          ],
          [
            48.2304916,
            -18.9005013
          ],
          [
            48.2304688,
            -18.900383
          ],
          [
            48.2304535,
            -18.9002647
          ],
          [
            48.2304649,
            -18.9000492
          ],
          [
            48.2305677,
            -18.8997758
          ],
          [
            48.2308495,
            -18.8993236
          ],
          [
            48.231312,
            -18.8985502
          ],
          [
            48.2317898,
            -18.8977497
          ],
          [
            48.2319618,
            -18.8974185
          ],
          [
            48.2320173,
            -18.8972545
          ],
          [
            48.2320266,
            -18.8971271
          ],
          [
            48.2320274,
            -18.896815
          ],
          [
            48.2320615,
            -18.8966469
          ],
          [
            48.2321356,
            -18.8964724
          ],
          [
            48.2322118,
            -18.8963565
          ],
          [
            48.2323339,
            -18.8962179
          ],
          [
            48.2332282,
            -18.895417
          ]
        ]
      },
      "id": "way/785950108"
    },
    {
      "type": "Feature",
      "properties": {
        "@id": "way/796475829",
        "highway": "tertiary",
        "ref": "RIP 144.T",
        "surface": "unpaved"
      },
      "geometry": {
        "type": "LineString",
        "coordinates": [
          [
            46.9094638,
            -20.3312071
          ],
          [
            46.9090875,
            -20.3305769
          ],
          [
            46.9087914,
            -20.330148
          ],
          [
            46.9086521,
            -20.3300086
          ],
          [
            46.9084011,
            -20.3300085
          ]
        ]
      },
      "id": "way/796475829"
    },
    {
      "type": "Feature",
      "properties": {
        "@id": "way/796475830",
        "bridge": "yes",
        "highway": "tertiary",
        "layer": "1",
        "ref": "RIP 144.T",
        "surface": "unpaved"
      },
      "geometry": {
        "type": "LineString",
        "coordinates": [
          [
            46.9095599,
            -20.3312828
          ],
          [
            46.9094638,
            -20.3312071
          ]
        ]
      },
      "id": "way/796475830"
    },
    {
      "type": "Feature",
      "properties": {
        "@id": "way/970028245",
        "bridge": "yes",
        "highway": "tertiary",
        "layer": "1",
        "ref": "N 44",
        "smoothness": "intermediate",
        "source": "Bing",
        "surface": "unpaved"
      },
      "geometry": {
        "type": "LineString",
        "coordinates": [
          [
            48.5949942,
            -17.3116378
          ],
          [
            48.5950774,
            -17.3117838
          ]
        ]
      },
      "id": "way/970028245"
    },
    {
      "type": "Feature",
      "properties": {
        "@id": "way/970028246",
        "highway": "tertiary",
        "ref": "N 44",
        "smoothness": "intermediate",
        "source": "Bing",
        "surface": "unpaved"
      },
      "geometry": {
        "type": "LineString",
        "coordinates": [
          [
            48.5854897,
            -17.3038317
          ],
          [
            48.5855609,
            -17.3039453
          ],
          [
            48.5857755,
            -17.3043653
          ],
          [
            48.5860142,
            -17.3045855
          ],
          [
            48.5862604,
            -17.3046988
          ],
          [
            48.5864565,
            -17.3046997
          ],
          [
            48.5866112,
            -17.304689
          ],
          [
            48.5866553,
            -17.3046859
          ],
          [
            48.5867283,
            -17.3046808
          ],
          [
            48.5867733,
            -17.3046777
          ],
          [
            48.586961,
            -17.3046572
          ],
          [
            48.5873741,
            -17.3046009
          ],
          [
            48.5878655,
            -17.3044312
          ],
          [
            48.5883236,
            -17.3042731
          ],
          [
            48.589198,
            -17.3041681
          ],
          [
            48.5893589,
            -17.304099
          ],
          [
            48.589631,
            -17.3038857
          ],
          [
            48.590228,
            -17.3034178
          ],
          [
            48.5906893,
            -17.3029671
          ],
          [
            48.5908771,
            -17.3028083
          ],
          [
            48.5913867,
            -17.3026598
          ],
          [
            48.5916924,
            -17.3026649
          ],
          [
            48.5920948,
            -17.3028032
          ],
          [
            48.5925561,
            -17.3030004
          ],
          [
            48.5932267,
            -17.3033
          ],
          [
            48.5933822,
            -17.3034792
          ],
          [
            48.5935003,
            -17.3039095
          ],
          [
            48.5935335,
            -17.3040047
          ],
          [
            48.5936719,
            -17.3044011
          ],
          [
            48.5937256,
            -17.3048928
          ],
          [
            48.5936461,
            -17.3050634
          ],
          [
            48.5935539,
            -17.3052616
          ],
          [
            48.5933018,
            -17.3060298
          ],
          [
            48.5932212,
            -17.3067403
          ],
          [
            48.5931677,
            -17.3072129
          ],
          [
            48.5933018,
            -17.3081245
          ],
          [
            48.5932159,
            -17.3086674
          ],
          [
            48.593173,
            -17.3092
          ],
          [
            48.5932213,
            -17.3095893
          ],
          [
            48.5934734,
            -17.3105214
          ],
          [
            48.5937524,
            -17.3108287
          ],
          [
            48.5940143,
            -17.3110242
          ],
          [
            48.5943852,
            -17.3111676
          ],
          [
            48.5946912,
            -17.3113203
          ],
          [
            48.5949942,
            -17.3116378
          ]
        ]
      },
      "id": "way/970028246"
    },
    {
      "type": "Feature",
      "properties": {
        "@id": "way/978058399",
        "bridge": "yes",
        "highway": "tertiary",
        "layer": "1",
        "ref": "N 44",
        "smoothness": "intermediate",
        "source": "Bing",
        "surface": "unpaved"
      },
      "geometry": {
        "type": "LineString",
        "coordinates": [
          [
            48.6005356,
            -17.3285877
          ],
          [
            48.600588,
            -17.328635
          ]
        ]
      },
      "id": "way/978058399"
    },
    {
      "type": "Feature",
      "properties": {
        "@id": "way/978058400",
        "highway": "tertiary",
        "ref": "N 44",
        "smoothness": "intermediate",
        "source": "Bing",
        "surface": "unpaved"
      },
      "geometry": {
        "type": "LineString",
        "coordinates": [
          [
            48.5950774,
            -17.3117838
          ],
          [
            48.5951155,
            -17.3118534
          ],
          [
            48.595233,
            -17.312068
          ],
          [
            48.5953017,
            -17.3123379
          ],
          [
            48.5953242,
            -17.3124265
          ],
          [
            48.595244,
            -17.3128133
          ],
          [
            48.5952169,
            -17.3129438
          ],
          [
            48.595013,
            -17.3134047
          ],
          [
            48.594954,
            -17.3138042
          ],
          [
            48.5950023,
            -17.3142088
          ],
          [
            48.5949165,
            -17.3146185
          ],
          [
            48.5948735,
            -17.3147721
          ],
          [
            48.5947877,
            -17.3148848
          ],
          [
            48.594439,
            -17.3150435
          ],
          [
            48.5941493,
            -17.3151716
          ],
          [
            48.593804,
            -17.3157328
          ],
          [
            48.5937014,
            -17.315845
          ],
          [
            48.5932025,
            -17.316352
          ],
          [
            48.5931172,
            -17.316463
          ],
          [
            48.5930014,
            -17.3165774
          ],
          [
            48.5928887,
            -17.3167617
          ],
          [
            48.5926312,
            -17.3172559
          ],
          [
            48.5926312,
            -17.317471
          ],
          [
            48.5926634,
            -17.3178756
          ],
          [
            48.5926259,
            -17.3184338
          ],
          [
            48.5925615,
            -17.3188845
          ],
          [
            48.5924971,
            -17.3194017
          ],
          [
            48.5924005,
            -17.3198217
          ],
          [
            48.5924038,
            -17.3200268
          ],
          [
            48.5924059,
            -17.3201545
          ],
          [
            48.5924649,
            -17.3205182
          ],
          [
            48.5926366,
            -17.3208049
          ],
          [
            48.5928994,
            -17.321102
          ],
          [
            48.5936493,
            -17.321491
          ],
          [
            48.5946065,
            -17.3221614
          ],
          [
            48.5949451,
            -17.3226066
          ],
          [
            48.5955173,
            -17.3245946
          ],
          [
            48.5958499,
            -17.3253883
          ],
          [
            48.5961127,
            -17.3257263
          ],
          [
            48.5964668,
            -17.326008
          ],
          [
            48.597297,
            -17.326526
          ],
          [
            48.5981083,
            -17.3270322
          ],
          [
            48.6004098,
            -17.3284888
          ],
          [
            48.6005356,
            -17.3285877
          ]
        ]
      },
      "id": "way/978058400"
    },
    {
      "type": "Feature",
      "properties": {
        "@id": "way/1072920480",
        "highway": "secondary",
        "maxspeed:forward": "20",
        "ref": "N 44",
        "source": "GPS",
        "surface": "asphalt"
      },
      "geometry": {
        "type": "LineString",
        "coordinates": [
          [
            48.2596754,
            -18.7536594
          ],
          [
            48.2597431,
            -18.7534244
          ],
          [
            48.2598398,
            -18.7532298
          ],
          [
            48.2608281,
            -18.7514395
          ],
          [
            48.2608975,
            -18.7513223
          ],
          [
            48.2609858,
            -18.7511273
          ]
        ]
      },
      "id": "way/1072920480"
    },
    {
      "type": "Feature",
      "properties": {
        "@id": "way/1072920481",
        "highway": "secondary",
        "maxspeed:forward": "80",
        "ref": "N 44",
        "source": "GPS",
        "surface": "asphalt"
      },
      "geometry": {
        "type": "LineString",
        "coordinates": [
          [
            48.2490328,
            -18.7781531
          ],
          [
            48.2494265,
            -18.7768562
          ],
          [
            48.2496469,
            -18.776008
          ],
          [
            48.2499113,
            -18.7751719
          ],
          [
            48.2500421,
            -18.77472
          ],
          [
            48.2502426,
            -18.7740276
          ],
          [
            48.2503019,
            -18.7738436
          ],
          [
            48.2503748,
            -18.7736174
          ],
          [
            48.2504793,
            -18.7732436
          ],
          [
            48.2506725,
            -18.7726202
          ],
          [
            48.2508284,
            -18.7720909
          ],
          [
            48.2510169,
            -18.7715143
          ],
          [
            48.2510912,
            -18.7712644
          ],
          [
            48.2511554,
            -18.7710483
          ],
          [
            48.2514175,
            -18.7702458
          ],
          [
            48.251614,
            -18.7696114
          ],
          [
            48.2517815,
            -18.7690181
          ],
          [
            48.2518468,
            -18.7688655
          ],
          [
            48.2519101,
            -18.7687213
          ],
          [
            48.2519881,
            -18.7685845
          ],
          [
            48.2521675,
            -18.7684007
          ],
          [
            48.2526696,
            -18.7680161
          ],
          [
            48.2532293,
            -18.7677165
          ],
          [
            48.2534,
            -18.7676416
          ],
          [
            48.2535441,
            -18.76752
          ],
          [
            48.2536268,
            -18.7673845
          ],
          [
            48.2537103,
            -18.767203
          ],
          [
            48.2538479,
            -18.7668164
          ],
          [
            48.2539293,
            -18.7665711
          ],
          [
            48.2539931,
            -18.7663442
          ],
          [
            48.2540766,
            -18.7660961
          ],
          [
            48.2541724,
            -18.7658399
          ],
          [
            48.2544557,
            -18.765213
          ],
          [
            48.2555429,
            -18.7626953
          ],
          [
            48.255686,
            -18.762469
          ],
          [
            48.255989,
            -18.7619671
          ],
          [
            48.2563864,
            -18.7613944
          ]
        ]
      },
      "id": "way/1072920481"
    },
    {
      "type": "Feature",
      "properties": {
        "@id": "way/1075202469",
        "highway": "secondary",
        "maxspeed:forward": "20",
        "ref": "N 44",
        "source": "GPS",
        "surface": "asphalt"
      },
      "geometry": {
        "type": "LineString",
        "coordinates": [
          [
            48.2609858,
            -18.7511273
          ],
          [
            48.2610445,
            -18.7509944
          ],
          [
            48.2610829,
            -18.7508754
          ],
          [
            48.2611331,
            -18.7506848
          ],
          [
            48.2611691,
            -18.7504419
          ],
          [
            48.2612775,
            -18.7475148
          ]
        ]
      },
      "id": "way/1075202469"
    },
    {
      "type": "Feature",
      "properties": {
        "@id": "way/1076714205",
        "highway": "secondary",
        "maxspeed:forward": "80",
        "ref": "N 44",
        "smoothness": "intermediate",
        "source": "GPS",
        "surface": "asphalt"
      },
      "geometry": {
        "type": "LineString",
        "coordinates": [
          [
            48.2630952,
            -18.4466841
          ],
          [
            48.2630502,
            -18.4465933
          ]
        ]
      },
      "id": "way/1076714205"
    },
    {
      "type": "Feature",
      "properties": {
        "@id": "way/1076714206",
        "highway": "secondary",
        "maxspeed:forward": "80",
        "ref": "N 44",
        "smoothness": "intermediate",
        "source": "GPS",
        "surface": "asphalt"
      },
      "geometry": {
        "type": "LineString",
        "coordinates": [
          [
            48.2630502,
            -18.4465933
          ],
          [
            48.262909,
            -18.4463078
          ],
          [
            48.2627085,
            -18.4460088
          ]
        ]
      },
      "id": "way/1076714206"
    },
    {
      "type": "Feature",
      "properties": {
        "@id": "way/1076714207",
        "highway": "secondary",
        "maxspeed:forward": "50",
        "ref": "N 44",
        "smoothness": "intermediate",
        "source": "GPS",
        "surface": "asphalt"
      },
      "geometry": {
        "type": "LineString",
        "coordinates": [
          [
            48.2610592,
            -18.4799595
          ],
          [
            48.2610185,
            -18.4798564
          ],
          [
            48.2609956,
            -18.479748
          ],
          [
            48.2609877,
            -18.479638
          ],
          [
            48.2610065,
            -18.4795364
          ],
          [
            48.2610416,
            -18.4794163
          ],
          [
            48.2611305,
            -18.4792952
          ],
          [
            48.2612697,
            -18.4792058
          ],
          [
            48.2618294,
            -18.4789734
          ],
          [
            48.2619667,
            -18.4788857
          ],
          [
            48.2620964,
            -18.4787674
          ],
          [
            48.2621994,
            -18.4786243
          ],
          [
            48.2622337,
            -18.4785481
          ],
          [
            48.2622757,
            -18.4783859
          ],
          [
            48.2623024,
            -18.4780731
          ],
          [
            48.2622757,
            -18.4773789
          ],
          [
            48.2621536,
            -18.4762631
          ],
          [
            48.2621422,
            -18.4758263
          ]
        ]
      },
      "id": "way/1076714207"
    },
    {
      "type": "Feature",
      "properties": {
        "@id": "way/1078326838",
        "highway": "secondary",
        "maxspeed:forward": "50",
        "ref": "N 44",
        "source": "GPS",
        "surface": "asphalt"
      },
      "geometry": {
        "type": "LineString",
        "coordinates": [
          [
            48.2597084,
            -18.5516071
          ],
          [
            48.2598877,
            -18.5512009
          ],
          [
            48.2599449,
            -18.5509396
          ],
          [
            48.2599564,
            -18.5506764
          ],
          [
            48.2598724,
            -18.550045
          ],
          [
            48.2594223,
            -18.5480328
          ],
          [
            48.2593498,
            -18.5476475
          ],
          [
            48.2593422,
            -18.5474949
          ],
          [
            48.2593575,
            -18.5473595
          ],
          [
            48.2593788,
            -18.5472953
          ]
        ]
      },
      "id": "way/1078326838"
    },
    {
      "type": "Feature",
      "properties": {
        "@id": "way/1078326839",
        "highway": "secondary",
        "maxspeed:forward": "50",
        "ref": "N 44",
        "smoothness": "intermediate",
        "source": "GPS",
        "surface": "asphalt"
      },
      "geometry": {
        "type": "LineString",
        "coordinates": [
          [
            48.2593788,
            -18.5472953
          ],
          [
            48.2594948,
            -18.5469036
          ],
          [
            48.2599564,
            -18.5459652
          ],
          [
            48.2600555,
            -18.5457001
          ],
          [
            48.2600899,
            -18.5455685
          ],
          [
            48.2601166,
            -18.5453606
          ],
          [
            48.2600784,
            -18.5449352
          ],
          [
            48.2599716,
            -18.544342
          ]
        ]
      },
      "id": "way/1078326839"
    },
    {
      "type": "Feature",
      "properties": {
        "@id": "way/1081645507",
        "highway": "secondary",
        "ref": "N 44",
        "source": "GPS",
        "surface": "asphalt"
      },
      "geometry": {
        "type": "LineString",
        "coordinates": [
          [
            48.2563864,
            -18.7613944
          ],
          [
            48.2571844,
            -18.7602571
          ],
          [
            48.2580763,
            -18.7589735
          ],
          [
            48.2583652,
            -18.7585571
          ],
          [
            48.2584334,
            -18.7584261
          ],
          [
            48.2584967,
            -18.7582709
          ],
          [
            48.2592225,
            -18.7558885
          ],
          [
            48.259379,
            -18.7552723
          ],
          [
            48.2594393,
            -18.7549169
          ],
          [
            48.2596754,
            -18.7536594
          ]
        ]
      },
      "id": "way/1081645507"
    },
    {
      "type": "Feature",
      "properties": {
        "@id": "way/1081645508",
        "highway": "secondary",
        "ref": "N 44",
        "source": "GPS",
        "surface": "asphalt"
      },
      "geometry": {
        "type": "LineString",
        "coordinates": [
          [
            48.2438813,
            -18.7882008
          ],
          [
            48.2440593,
            -18.7878474
          ],
          [
            48.2444791,
            -18.7871341
          ],
          [
            48.244717,
            -18.786656
          ],
          [
            48.2449551,
            -18.7863553
          ],
          [
            48.2452168,
            -18.7860439
          ],
          [
            48.2456482,
            -18.7856163
          ],
          [
            48.2459357,
            -18.7853163
          ],
          [
            48.246082,
            -18.785041
          ],
          [
            48.2466145,
            -18.7838928
          ],
          [
            48.2467443,
            -18.7835889
          ],
          [
            48.2478307,
            -18.7811368
          ],
          [
            48.2482029,
            -18.780241
          ],
          [
            48.2485864,
            -18.7794495
          ],
          [
            48.2487712,
            -18.7789738
          ],
          [
            48.2489846,
            -18.7782633
          ],
          [
            48.2490328,
            -18.7781531
          ]
        ]
      },
      "id": "way/1081645508"
    },
    {
      "type": "Feature",
      "properties": {
        "@id": "way/1081930390",
        "highway": "secondary",
        "maxspeed:forward": "30",
        "ref": "N 44",
        "smoothness": "bad",
        "source": "GPS",
        "surface": "asphalt"
      },
      "geometry": {
        "type": "LineString",
        "coordinates": [
          [
            48.2578545,
            -18.1573525
          ],
          [
            48.2576414,
            -18.1572913
          ],
          [
            48.257013,
            -18.157243
          ],
          [
            48.2551603,
            -18.1571285
          ],
          [
            48.2547464,
            -18.1571095
          ],
          [
            48.2545895,
            -18.1570427
          ],
          [
            48.2543467,
            -18.1569219
          ],
          [
            48.2535687,
            -18.1563886
          ],
          [
            48.253437,
            -18.1562487
          ],
          [
            48.2533578,
            -18.1561083
          ],
          [
            48.2533051,
            -18.1559572
          ]
        ]
      },
      "id": "way/1081930390"
    },
    {
      "type": "Feature",
      "properties": {
        "@id": "way/1081930391",
        "highway": "secondary",
        "ref": "N 44",
        "smoothness": "bad",
        "source": "GPS",
        "surface": "asphalt"
      },
      "geometry": {
        "type": "LineString",
        "coordinates": [
          [
            48.258021,
            -18.1837873
          ],
          [
            48.2580507,
            -18.1832924
          ],
          [
            48.2581808,
            -18.1828028
          ],
          [
            48.2582514,
            -18.1823108
          ],
          [
            48.2582454,
            -18.1818295
          ],
          [
            48.2581896,
            -18.1813932
          ],
          [
            48.2581463,
            -18.1807008
          ],
          [
            48.2582016,
            -18.1801033
          ],
          [
            48.258316,
            -18.1795731
          ],
          [
            48.2583504,
            -18.1792755
          ],
          [
            48.2584152,
            -18.1789074
          ],
          [
            48.2584457,
            -18.1784687
          ],
          [
            48.258461,
            -18.1777229
          ],
          [
            48.2584152,
            -18.1771832
          ],
          [
            48.2582436,
            -18.1758137
          ],
          [
            48.2582626,
            -18.1753273
          ],
          [
            48.2582398,
            -18.1749725
          ],
          [
            48.2581825,
            -18.1745205
          ],
          [
            48.2581596,
            -18.1740818
          ],
          [
            48.2581024,
            -18.1737747
          ],
          [
            48.2581177,
            -18.1730957
          ],
          [
            48.2581062,
            -18.1718559
          ],
          [
            48.2580757,
            -18.1714306
          ],
          [
            48.2580986,
            -18.1711083
          ],
          [
            48.258091,
            -18.1709728
          ],
          [
            48.2581902,
            -18.1704159
          ],
          [
            48.2583275,
            -18.1699429
          ],
          [
            48.2584801,
            -18.1693306
          ],
          [
            48.2585449,
            -18.1690617
          ],
          [
            48.2585983,
            -18.1687279
          ],
          [
            48.2587471,
            -18.1681652
          ],
          [
            48.2588158,
            -18.1679459
          ],
          [
            48.2589111,
            -18.167738
          ],
          [
            48.2590599,
            -18.1674557
          ],
          [
            48.2593231,
            -18.1670342
          ],
          [
            48.2594261,
            -18.1668377
          ],
          [
            48.2594872,
            -18.1666431
          ],
          [
            48.2595139,
            -18.1663933
          ],
          [
            48.259491,
            -18.1662655
          ],
          [
            48.2593994,
            -18.1659584
          ],
          [
            48.2592659,
            -18.1656609
          ],
          [
            48.2590866,
            -18.1653252
          ],
          [
            48.2589035,
            -18.1649189
          ],
          [
            48.2586784,
            -18.1641712
          ],
          [
            48.2586021,
            -18.1637554
          ],
          [
            48.2586021,
            -18.1635361
          ],
          [
            48.2586632,
            -18.163063
          ],
          [
            48.2586981,
            -18.1625697
          ],
          [
            48.2586801,
            -18.1622399
          ],
          [
            48.2586365,
            -18.1618557
          ],
          [
            48.2585749,
            -18.1614288
          ],
          [
            48.2585182,
            -18.1610355
          ],
          [
            48.2585144,
            -18.1608105
          ],
          [
            48.2584953,
            -18.1600094
          ],
          [
            48.2585297,
            -18.1597824
          ],
          [
            48.2586365,
            -18.1586113
          ],
          [
            48.2586327,
            -18.1585178
          ],
          [
            48.2585945,
            -18.1583309
          ],
          [
            48.2584114,
            -18.1579247
          ],
          [
            48.2582626,
            -18.1576996
          ],
          [
            48.2581444,
            -18.1575642
          ],
          [
            48.2579651,
            -18.1574192
          ],
          [
            48.2578545,
            -18.1573525
          ]
        ]
      },
      "id": "way/1081930391"
    },
    {
      "type": "Feature",
      "properties": {
        "@id": "way/1083591944",
        "highway": "secondary",
        "maxspeed:forward": "50",
        "ref": "N 44",
        "source": "GPS",
        "surface": "asphalt"
      },
      "geometry": {
        "type": "LineString",
        "coordinates": [
          [
            48.2757425,
            -18.6379336
          ],
          [
            48.2757866,
            -18.6362643
          ],
          [
            48.275817,
            -18.6352734
          ],
          [
            48.2758551,
            -18.6345427
          ],
          [
            48.2758902,
            -18.633604
          ],
          [
            48.2759341,
            -18.6326405
          ],
          [
            48.2760167,
            -18.6315002
          ],
          [
            48.2760043,
            -18.6303213
          ]
        ]
      },
      "id": "way/1083591944"
    },
    {
      "type": "Feature",
      "properties": {
        "@id": "way/1083591945",
        "highway": "secondary",
        "maxspeed:forward": "20",
        "ref": "N 44",
        "source": "GPS",
        "surface": "asphalt"
      },
      "geometry": {
        "type": "LineString",
        "coordinates": [
          [
            48.2756729,
            -18.6392765
          ],
          [
            48.2757425,
            -18.6379336
          ]
        ]
      },
      "id": "way/1083591945"
    },
    {
      "type": "Feature",
      "properties": {
        "@id": "way/1083591946",
        "highway": "secondary",
        "maxspeed:forward": "50",
        "ref": "N 44",
        "source": "GPS",
        "surface": "asphalt"
      },
      "geometry": {
        "type": "LineString",
        "coordinates": [
          [
            48.2738195,
            -18.6526659
          ],
          [
            48.2736282,
            -18.6522942
          ],
          [
            48.273564,
            -18.6520893
          ],
          [
            48.2735683,
            -18.651823
          ],
          [
            48.2736491,
            -18.651388
          ],
          [
            48.2738477,
            -18.6502886
          ],
          [
            48.2739779,
            -18.6497668
          ],
          [
            48.2741702,
            -18.6490748
          ],
          [
            48.2747949,
            -18.6471056
          ],
          [
            48.2750814,
            -18.6459803
          ],
          [
            48.2751797,
            -18.6455013
          ],
          [
            48.2753592,
            -18.6446338
          ],
          [
            48.275438,
            -18.6438241
          ],
          [
            48.2755197,
            -18.6429804
          ],
          [
            48.275512,
            -18.6419729
          ],
          [
            48.2755116,
            -18.6419191
          ],
          [
            48.2755852,
            -18.6404495
          ],
          [
            48.2756729,
            -18.6392765
          ]
        ]
      },
      "id": "way/1083591946"
    },
    {
      "type": "Feature",
      "properties": {
        "@id": "way/1084071916",
        "highway": "secondary",
        "maxspeed:forward": "30",
        "ref": "N 44",
        "smoothness": "bad",
        "source": "GPS",
        "surface": "asphalt"
      },
      "geometry": {
        "type": "LineString",
        "coordinates": [
          [
            48.2491053,
            -18.0360688
          ],
          [
            48.2534866,
            -18.0280609
          ]
        ]
      },
      "id": "way/1084071916"
    },
    {
      "type": "Feature",
      "properties": {
        "@id": "way/1084071917",
        "highway": "secondary",
        "ref": "N 44",
        "smoothness": "bad",
        "source": "GPS",
        "surface": "asphalt"
      },
      "geometry": {
        "type": "LineString",
        "coordinates": [
          [
            48.2534866,
            -18.0280609
          ],
          [
            48.2536278,
            -18.0277615
          ],
          [
            48.2536659,
            -18.0276604
          ],
          [
            48.2536926,
            -18.0273457
          ],
          [
            48.2537384,
            -18.0271072
          ],
          [
            48.2537117,
            -18.0267983
          ],
          [
            48.2537117,
            -18.0265884
          ],
          [
            48.2536736,
            -18.0262451
          ],
          [
            48.2536812,
            -18.0258617
          ],
          [
            48.253624,
            -18.0248318
          ],
          [
            48.2536316,
            -18.0245495
          ],
          [
            48.2536736,
            -18.0243645
          ],
          [
            48.2537231,
            -18.0242557
          ],
          [
            48.2537956,
            -18.0241623
          ],
          [
            48.2539635,
            -18.0240192
          ],
          [
            48.2541962,
            -18.02384
          ],
          [
            48.2543602,
            -18.0237465
          ],
          [
            48.2544785,
            -18.0237179
          ],
          [
            48.2552795,
            -18.0236721
          ],
          [
            48.2555199,
            -18.0236759
          ],
          [
            48.2558479,
            -18.0237141
          ],
          [
            48.2559547,
            -18.0237064
          ],
          [
            48.2560997,
            -18.0236607
          ],
          [
            48.2561836,
            -18.0236015
          ],
          [
            48.2562561,
            -18.0235233
          ],
          [
            48.256321,
            -18.0233803
          ],
          [
            48.2563553,
            -18.0231686
          ],
          [
            48.2563477,
            -18.0228748
          ],
          [
            48.2563744,
            -18.0225391
          ],
          [
            48.25634,
            -18.0223522
          ],
          [
            48.2562675,
            -18.0222225
          ],
          [
            48.2561722,
            -18.0221462
          ],
          [
            48.2560959,
            -18.0221233
          ],
          [
            48.25597,
            -18.0221176
          ],
          [
            48.2558556,
            -18.0221424
          ],
          [
            48.2556648,
            -18.0222302
          ],
          [
            48.2554627,
            -18.0223026
          ],
          [
            48.2553368,
            -18.022295
          ],
          [
            48.255188,
            -18.0222302
          ],
          [
            48.2549286,
            -18.0220528
          ],
          [
            48.2548142,
            -18.021986
          ],
          [
            48.2547035,
            -18.021946
          ],
          [
            48.2544937,
            -18.0218086
          ],
          [
            48.2543526,
            -18.0217075
          ],
          [
            48.2542725,
            -18.0216103
          ],
          [
            48.2541199,
            -18.0213242
          ],
          [
            48.2540665,
            -18.0211945
          ],
          [
            48.2540283,
            -18.0210629
          ],
          [
            48.2540207,
            -18.0209713
          ],
          [
            48.2540436,
            -18.0208435
          ],
          [
            48.2540894,
            -18.0207424
          ],
          [
            48.2541618,
            -18.0206642
          ],
          [
            48.2543411,
            -18.0205612
          ],
          [
            48.2544823,
            -18.0205383
          ],
          [
            48.2547035,
            -18.0205364
          ],
          [
            48.2548752,
            -18.0205078
          ],
          [
            48.2549782,
            -18.0204716
          ],
          [
            48.2552834,
            -18.0203152
          ],
          [
            48.2557907,
            -18.0201206
          ],
          [
            48.2562523,
            -18.0199871
          ],
          [
            48.256527,
            -18.0198631
          ],
          [
            48.2567673,
            -18.0197926
          ],
          [
            48.2570534,
            -18.0196552
          ],
          [
            48.2571259,
            -18.0195961
          ],
          [
            48.2572212,
            -18.0194836
          ],
          [
            48.2574732,
            -18.019127
          ],
          [
            48.2577052,
            -18.0186867
          ],
          [
            48.257767,
            -18.0184104
          ]
        ]
      },
      "id": "way/1084071917"
    },
    {
      "type": "Feature",
      "properties": {
        "@id": "way/1084940391",
        "highway": "secondary",
        "ref": "N 44",
        "source": "GPS",
        "surface": "asphalt"
      },
      "geometry": {
        "type": "LineString",
        "coordinates": [
          [
            48.2786027,
            -18.5997467
          ],
          [
            48.2782898,
            -18.5987091
          ],
          [
            48.2780876,
            -18.5980892
          ],
          [
            48.2776489,
            -18.5965271
          ],
          [
            48.2775917,
            -18.5963936
          ],
          [
            48.2773933,
            -18.5956478
          ],
          [
            48.2773476,
            -18.5953922
          ],
          [
            48.2773285,
            -18.5948906
          ],
          [
            48.2773798,
            -18.5941487
          ],
          [
            48.2773972,
            -18.5938969
          ],
          [
            48.2773972,
            -18.5928536
          ],
          [
            48.2773666,
            -18.5926075
          ],
          [
            48.2772751,
            -18.5922833
          ],
          [
            48.2770348,
            -18.5918179
          ],
          [
            48.2765541,
            -18.5910587
          ],
          [
            48.2765198,
            -18.5909748
          ],
          [
            48.2764549,
            -18.5907002
          ],
          [
            48.2763977,
            -18.5903492
          ],
          [
            48.2763153,
            -18.5900832
          ],
          [
            48.2761945,
            -18.5899385
          ],
          [
            48.2760391,
            -18.5896797
          ],
          [
            48.2750473,
            -18.5882282
          ],
          [
            48.2746582,
            -18.5876083
          ],
          [
            48.2745705,
            -18.587389
          ],
          [
            48.2744255,
            -18.5867291
          ],
          [
            48.2743263,
            -18.5864983
          ],
          [
            48.2741394,
            -18.5862865
          ],
          [
            48.2721214,
            -18.584547
          ],
          [
            48.2717442,
            -18.5841178
          ]
        ]
      },
      "id": "way/1084940391"
    },
    {
      "type": "Feature",
      "properties": {
        "@id": "way/1084940392",
        "highway": "secondary",
        "ref": "N 44",
        "source": "GPS",
        "surface": "asphalt"
      },
      "geometry": {
        "type": "LineString",
        "coordinates": [
          [
            48.2760043,
            -18.6303213
          ],
          [
            48.2759761,
            -18.6293603
          ],
          [
            48.2758904,
            -18.6286278
          ],
          [
            48.2758865,
            -18.628273
          ],
          [
            48.275795,
            -18.6269684
          ],
          [
            48.2757874,
            -18.6265221
          ],
          [
            48.2757988,
            -18.6261368
          ],
          [
            48.2758789,
            -18.6249752
          ],
          [
            48.2758904,
            -18.6243954
          ],
          [
            48.2759514,
            -18.6237679
          ],
          [
            48.2759857,
            -18.6230755
          ],
          [
            48.2760506,
            -18.6223717
          ],
          [
            48.2760658,
            -18.6219578
          ],
          [
            48.2761154,
            -18.6213818
          ],
          [
            48.2761765,
            -18.6209774
          ],
          [
            48.2762794,
            -18.6205673
          ],
          [
            48.2763367,
            -18.6204052
          ],
          [
            48.2763672,
            -18.6202469
          ],
          [
            48.2763481,
            -18.6195221
          ],
          [
            48.2763939,
            -18.6188793
          ],
          [
            48.2764473,
            -18.6184216
          ],
          [
            48.2768288,
            -18.6167336
          ]
        ]
      },
      "id": "way/1084940392"
    },
    {
      "type": "Feature",
      "properties": {
        "@id": "way/1085384591",
        "highway": "secondary",
        "maxspeed": "20",
        "ref": "N 44",
        "source": "GPS",
        "surface": "asphalt"
      },
      "geometry": {
        "type": "LineString",
        "coordinates": [
          [
            48.2655241,
            -18.7293179
          ],
          [
            48.2655042,
            -18.7291064
          ],
          [
            48.2655306,
            -18.7289004
          ]
        ]
      },
      "id": "way/1085384591"
    },
    {
      "type": "Feature",
      "properties": {
        "@id": "way/1085384592",
        "highway": "secondary",
        "maxspeed": "20",
        "ref": "N 44",
        "source": "GPS",
        "surface": "asphalt"
      },
      "geometry": {
        "type": "LineString",
        "coordinates": [
          [
            48.2655306,
            -18.7289004
          ],
          [
            48.2656528,
            -18.728459
          ],
          [
            48.2658543,
            -18.7275658
          ],
          [
            48.266213,
            -18.7262945
          ],
          [
            48.2664156,
            -18.725519
          ],
          [
            48.2666747,
            -18.7245823
          ],
          [
            48.2668613,
            -18.7239177
          ]
        ]
      },
      "id": "way/1085384592"
    },
    {
      "type": "Feature",
      "properties": {
        "@id": "way/1085384593",
        "highway": "secondary",
        "ref": "N 44",
        "source": "GPS",
        "surface": "asphalt"
      },
      "geometry": {
        "type": "LineString",
        "coordinates": [
          [
            48.2612775,
            -18.7475148
          ],
          [
            48.2612939,
            -18.7473501
          ],
          [
            48.2613462,
            -18.7472032
          ],
          [
            48.261428,
            -18.7470517
          ],
          [
            48.261472,
            -18.7469976
          ],
          [
            48.2632687,
            -18.7447897
          ],
          [
            48.2636142,
            -18.7443561
          ],
          [
            48.2637694,
            -18.7441113
          ],
          [
            48.2639098,
            -18.7438322
          ],
          [
            48.264133,
            -18.7429627
          ],
          [
            48.2642456,
            -18.7427604
          ],
          [
            48.264335,
            -18.7426306
          ],
          [
            48.2646159,
            -18.742302
          ],
          [
            48.2647459,
            -18.7420584
          ],
          [
            48.2651657,
            -18.7410187
          ],
          [
            48.2654052,
            -18.7399319
          ],
          [
            48.2654147,
            -18.7394511
          ],
          [
            48.265386,
            -18.739146
          ],
          [
            48.265352,
            -18.7389331
          ],
          [
            48.265262,
            -18.7383297
          ],
          [
            48.2652555,
            -18.7381053
          ],
          [
            48.2652933,
            -18.7378821
          ],
          [
            48.2654859,
            -18.7370536
          ],
          [
            48.2658929,
            -18.7353279
          ],
          [
            48.2661726,
            -18.7342625
          ],
          [
            48.2662161,
            -18.7339942
          ],
          [
            48.2662234,
            -18.7338326
          ],
          [
            48.2661981,
            -18.7336668
          ],
          [
            48.2660593,
            -18.7327752
          ],
          [
            48.2657825,
            -18.7310624
          ],
          [
            48.2655241,
            -18.7293179
          ]
        ]
      },
      "id": "way/1085384593"
    },
    {
      "type": "Feature",
      "properties": {
        "@id": "way/1085905941",
        "highway": "secondary",
        "maxspeed:forward": "50",
        "ref": "N 44",
        "smoothness": "intermediate",
        "source": "GPS",
        "surface": "asphalt"
      },
      "geometry": {
        "type": "LineString",
        "coordinates": [
          [
            48.2638931,
            -18.4846973
          ],
          [
            48.2634926,
            -18.4843235
          ],
          [
            48.2633972,
            -18.4841404
          ],
          [
            48.2633591,
            -18.4838638
          ],
          [
            48.2633667,
            -18.4837456
          ],
          [
            48.2634201,
            -18.4835548
          ],
          [
            48.2636795,
            -18.4831562
          ],
          [
            48.2638359,
            -18.4829521
          ],
          [
            48.2640305,
            -18.4827595
          ],
          [
            48.2650403,
            -18.4820434
          ],
          [
            48.26515,
            -18.4818944
          ],
          [
            48.265195,
            -18.4817387
          ],
          [
            48.2651874,
            -18.4815582
          ],
          [
            48.2651266,
            -18.4813219
          ],
          [
            48.2650505,
            -18.4811422
          ],
          [
            48.2649214,
            -18.4809817
          ],
          [
            48.2647532,
            -18.4808389
          ],
          [
            48.2644562,
            -18.4806656
          ],
          [
            48.2642697,
            -18.4805873
          ],
          [
            48.2640787,
            -18.4805372
          ],
          [
            48.2638866,
            -18.4805159
          ],
          [
            48.2626309,
            -18.4805136
          ],
          [
            48.2622836,
            -18.4804323
          ],
          [
            48.2620694,
            -18.4804517
          ],
          [
            48.2618135,
            -18.4805111
          ],
          [
            48.2617121,
            -18.4805482
          ],
          [
            48.2614993,
            -18.4805317
          ],
          [
            48.261363,
            -18.4804883
          ],
          [
            48.2612592,
            -18.4803935
          ],
          [
            48.2611609,
            -18.4802855
          ],
          [
            48.2611123,
            -18.4801659
          ]
        ]
      },
      "id": "way/1085905941"
    },
    {
      "type": "Feature",
      "properties": {
        "@id": "way/1085905942",
        "highway": "secondary",
        "ref": "N 44",
        "smoothness": "intermediate",
        "source": "GPS",
        "surface": "asphalt"
      },
      "geometry": {
        "type": "LineString",
        "coordinates": [
          [
            48.2621422,
            -18.4758263
          ],
          [
            48.262104,
            -18.4753227
          ],
          [
            48.2620316,
            -18.474762
          ],
          [
            48.2619667,
            -18.4744759
          ],
          [
            48.2619515,
            -18.4743042
          ],
          [
            48.2618866,
            -18.4734383
          ],
          [
            48.2618866,
            -18.4730721
          ],
          [
            48.2617645,
            -18.4724598
          ],
          [
            48.2616615,
            -18.4720726
          ],
          [
            48.2615891,
            -18.4716835
          ],
          [
            48.2614479,
            -18.4706173
          ],
          [
            48.2612519,
            -18.469734
          ]
        ]
      },
      "id": "way/1085905942"
    },
    {
      "type": "Feature",
      "properties": {
        "@id": "way/1085916781",
        "highway": "secondary",
        "maxspeed:forward": "50",
        "ref": "N 44",
        "smoothness": "intermediate",
        "source": "GPS",
        "surface": "asphalt"
      },
      "geometry": {
        "type": "LineString",
        "coordinates": [
          [
            48.2624649,
            -18.5198488
          ],
          [
            48.2625117,
            -18.518926
          ],
          [
            48.2625435,
            -18.518699
          ],
          [
            48.2625867,
            -18.5185833
          ],
          [
            48.2626414,
            -18.5184905
          ],
          [
            48.2627685,
            -18.5183163
          ],
          [
            48.2628897,
            -18.5182151
          ],
          [
            48.2630464,
            -18.5181262
          ],
          [
            48.2638611,
            -18.5177364
          ],
          [
            48.2639388,
            -18.517697
          ],
          [
            48.2640151,
            -18.5176557
          ],
          [
            48.2640712,
            -18.5175896
          ],
          [
            48.2640785,
            -18.5174904
          ],
          [
            48.2641097,
            -18.5169957
          ],
          [
            48.2640873,
            -18.5168654
          ],
          [
            48.2639951,
            -18.5167636
          ],
          [
            48.2638848,
            -18.5166823
          ],
          [
            48.2633566,
            -18.516372
          ],
          [
            48.2631995,
            -18.5162245
          ],
          [
            48.263112,
            -18.5161025
          ],
          [
            48.263048,
            -18.5159562
          ],
          [
            48.2629787,
            -18.5157
          ],
          [
            48.2627872,
            -18.5146463
          ]
        ]
      },
      "id": "way/1085916781"
    },
    {
      "type": "Feature",
      "properties": {
        "@id": "way/1085916782",
        "highway": "secondary",
        "maxspeed:forward": "50",
        "ref": "N 44",
        "smoothness": "intermediate",
        "source": "GPS",
        "surface": "asphalt"
      },
      "geometry": {
        "type": "LineString",
        "coordinates": [
          [
            48.2627305,
            -18.5142543
          ],
          [
            48.2627188,
            -18.5139445
          ],
          [
            48.2627405,
            -18.513752
          ],
          [
            48.2627994,
            -18.5135346
          ],
          [
            48.2629015,
            -18.513305
          ],
          [
            48.2631579,
            -18.5128492
          ],
          [
            48.2631938,
            -18.5126941
          ],
          [
            48.2631938,
            -18.5124746
          ],
          [
            48.2631231,
            -18.5123106
          ],
          [
            48.263035,
            -18.5122019
          ],
          [
            48.2629969,
            -18.5121638
          ],
          [
            48.2628481,
            -18.5120589
          ],
          [
            48.2625887,
            -18.5119654
          ],
          [
            48.2624514,
            -18.5118834
          ],
          [
            48.2622549,
            -18.5116812
          ],
          [
            48.2622329,
            -18.5115795
          ],
          [
            48.2622338,
            -18.511528
          ],
          [
            48.2622566,
            -18.5114326
          ],
          [
            48.2625458,
            -18.5110537
          ],
          [
            48.2626677,
            -18.5108166
          ],
          [
            48.2626941,
            -18.5106926
          ],
          [
            48.2627139,
            -18.5104574
          ],
          [
            48.2626712,
            -18.5101777
          ],
          [
            48.2625832,
            -18.5099684
          ],
          [
            48.2623841,
            -18.5095653
          ],
          [
            48.2620249,
            -18.5088157
          ],
          [
            48.2619998,
            -18.5086937
          ],
          [
            48.2620005,
            -18.5085455
          ],
          [
            48.2620199,
            -18.5084311
          ],
          [
            48.2621218,
            -18.5080381
          ],
          [
            48.2621623,
            -18.5079244
          ],
          [
            48.2622326,
            -18.5077769
          ],
          [
            48.2623241,
            -18.5076446
          ],
          [
            48.2625187,
            -18.5074297
          ],
          [
            48.2630827,
            -18.5069275
          ]
        ]
      },
      "id": "way/1085916782"
    },
    {
      "type": "Feature",
      "properties": {
        "@id": "way/1316121993",
        "highway": "secondary",
        "ref": "N 44",
        "smoothness": "intermediate",
        "source": "GPS",
        "surface": "unpaved"
      },
      "geometry": {
        "type": "LineString",
        "coordinates": [
          [
            48.4903854,
            -17.6648704
          ],
          [
            48.4919829,
            -17.6624456
          ],
          [
            48.4927082,
            -17.6613153
          ],
          [
            48.494339,
            -17.6586573
          ],
          [
            48.5012054,
            -17.6472579
          ],
          [
            48.5025586,
            -17.6449286
          ]
        ]
      },
      "id": "way/1316121993"
    },
    {
      "type": "Feature",
      "properties": {
        "@id": "way/1316121994",
        "highway": "secondary",
        "ref": "N 44",
        "smoothness": "intermediate",
        "source": "GPS",
        "surface": "asphalt"
      },
      "geometry": {
        "type": "LineString",
        "coordinates": [
          [
            48.4817896,
            -17.6786377
          ],
          [
            48.4818688,
            -17.6782375
          ],
          [
            48.4822112,
            -17.6767037
          ],
          [
            48.4823273,
            -17.6762504
          ],
          [
            48.48242,
            -17.6758332
          ],
          [
            48.482481,
            -17.675652
          ],
          [
            48.4826184,
            -17.6753411
          ],
          [
            48.4828091,
            -17.6750263
          ],
          [
            48.4831734,
            -17.6745281
          ],
          [
            48.4834366,
            -17.6741676
          ],
          [
            48.4838913,
            -17.673579
          ]
        ]
      },
      "id": "way/1316121994"
    },
    {
      "type": "Feature",
      "properties": {
        "@id": "way/1316121995",
        "highway": "secondary",
        "ref": "N 44",
        "smoothness": "intermediate",
        "source": "GPS",
        "surface": "unpaved"
      },
      "geometry": {
        "type": "LineString",
        "coordinates": [
          [
            48.4752764,
            -17.6866913
          ],
          [
            48.475396,
            -17.6856888
          ],
          [
            48.4758156,
            -17.6802527
          ]
        ]
      },
      "id": "way/1316121995"
    },
    {
      "type": "Feature",
      "properties": {
        "@id": "way/1316121996",
        "highway": "secondary",
        "ref": "N 44",
        "smoothness": "intermediate",
        "source": "GPS",
        "surface": "unpaved"
      },
      "geometry": {
        "type": "LineString",
        "coordinates": [
          [
            48.435271,
            -17.7815183
          ],
          [
            48.4353971,
            -17.7796252
          ],
          [
            48.4354282,
            -17.7793336
          ],
          [
            48.435449,
            -17.7789832
          ],
          [
            48.4354726,
            -17.7785507
          ],
          [
            48.4354596,
            -17.7778499
          ],
          [
            48.4354557,
            -17.7776841
          ],
          [
            48.4354626,
            -17.7775077
          ],
          [
            48.435584,
            -17.777163
          ],
          [
            48.4357687,
            -17.7768788
          ],
          [
            48.4357994,
            -17.7767904
          ],
          [
            48.4360036,
            -17.7765392
          ],
          [
            48.4361863,
            -17.7763663
          ],
          [
            48.4365937,
            -17.7760412
          ],
          [
            48.4369668,
            -17.7757098
          ],
          [
            48.4373634,
            -17.7752764
          ],
          [
            48.4376492,
            -17.7749816
          ],
          [
            48.4378857,
            -17.7746955
          ],
          [
            48.438406,
            -17.7742079
          ],
          [
            48.438744,
            -17.7738537
          ],
          [
            48.4389274,
            -17.7735788
          ],
          [
            48.439089,
            -17.7732122
          ],
          [
            48.4392589,
            -17.7727971
          ]
        ]
      },
      "id": "way/1316121996"
    },
    {
      "type": "Feature",
      "properties": {
        "@id": "way/1316121997",
        "highway": "secondary",
        "ref": "N 44",
        "smoothness": "intermediate",
        "source": "GPS",
        "surface": "asphalt"
      },
      "geometry": {
        "type": "LineString",
        "coordinates": [
          [
            48.4354192,
            -17.8028979
          ],
          [
            48.4355093,
            -17.8023253
          ],
          [
            48.4355707,
            -17.8016521
          ],
          [
            48.4357451,
            -17.8004106
          ],
          [
            48.4357527,
            -17.7997201
          ],
          [
            48.4357313,
            -17.7992077
          ],
          [
            48.435716,
            -17.7980079
          ],
          [
            48.4356664,
            -17.7972488
          ],
          [
            48.4355291,
            -17.7966594
          ],
          [
            48.4354284,
            -17.7961731
          ],
          [
            48.4353134,
            -17.7955565
          ],
          [
            48.4352568,
            -17.7953339
          ],
          [
            48.43515,
            -17.7948589
          ],
          [
            48.4350506,
            -17.7944045
          ],
          [
            48.4349936,
            -17.7940903
          ],
          [
            48.4347914,
            -17.7929764
          ],
          [
            48.4346738,
            -17.7918806
          ],
          [
            48.4346574,
            -17.7914408
          ],
          [
            48.434654,
            -17.7913502
          ],
          [
            48.4346492,
            -17.7912211
          ],
          [
            48.4346478,
            -17.7911841
          ],
          [
            48.4346506,
            -17.7910728
          ],
          [
            48.4346592,
            -17.7907264
          ],
          [
            48.4346689,
            -17.7905822
          ],
          [
            48.4346724,
            -17.7905302
          ],
          [
            48.434724,
            -17.7897587
          ],
          [
            48.4347355,
            -17.7895877
          ],
          [
            48.4347359,
            -17.7895737
          ],
          [
            48.4347646,
            -17.7888752
          ],
          [
            48.4347729,
            -17.7887377
          ],
          [
            48.4347905,
            -17.788506
          ],
          [
            48.4348713,
            -17.7872269
          ],
          [
            48.4349854,
            -17.785396
          ],
          [
            48.4351095,
            -17.7833596
          ],
          [
            48.4351698,
            -17.782643
          ],
          [
            48.435271,
            -17.7815183
          ]
        ]
      },
      "id": "way/1316121997"
    },
    {
      "type": "Feature",
      "properties": {
        "@id": "way/1428458690",
        "bridge": "yes",
        "highway": "secondary",
        "layer": "1",
        "ref": "N 44",
        "smoothness": "bad",
        "source": "GPS",
        "surface": "asphalt"
      },
      "geometry": {
        "type": "LineString",
        "coordinates": [
          [
            48.2580508,
            -18.1839882
          ],
          [
            48.258021,
            -18.1837873
          ]
        ]
      },
      "id": "way/1428458690"
    },
    {
      "type": "Feature",
      "properties": {
        "@id": "way/1428458691",
        "highway": "secondary",
        "ref": "N 44",
        "smoothness": "bad",
        "source": "GPS",
        "surface": "asphalt"
      },
      "geometry": {
        "type": "LineString",
        "coordinates": [
          [
            48.2574703,
            -18.19248
          ],
          [
            48.2574637,
            -18.1922274
          ],
          [
            48.2574666,
            -18.1919839
          ],
          [
            48.2574737,
            -18.1917225
          ],
          [
            48.2575299,
            -18.191327
          ],
          [
            48.2575777,
            -18.1911049
          ],
          [
            48.2576228,
            -18.1908851
          ],
          [
            48.2576332,
            -18.1906204
          ],
          [
            48.2576485,
            -18.1904545
          ],
          [
            48.2576461,
            -18.1900214
          ],
          [
            48.257588,
            -18.1893908
          ],
          [
            48.2575517,
            -18.189156
          ],
          [
            48.2574635,
            -18.1886901
          ],
          [
            48.2573842,
            -18.1881555
          ],
          [
            48.2573674,
            -18.1879329
          ],
          [
            48.2573929,
            -18.1878033
          ],
          [
            48.2574806,
            -18.1877232
          ],
          [
            48.2575843,
            -18.1876667
          ],
          [
            48.2579817,
            -18.1875337
          ],
          [
            48.2582831,
            -18.1873441
          ],
          [
            48.2583748,
            -18.1871457
          ],
          [
            48.2583849,
            -18.1869055
          ],
          [
            48.2583693,
            -18.1862869
          ],
          [
            48.2583862,
            -18.1857919
          ],
          [
            48.2583709,
            -18.1854421
          ],
          [
            48.2581422,
            -18.184552
          ],
          [
            48.2580508,
            -18.1839882
          ]
        ]
      },
      "id": "way/1428458691"
    },
    {
      "type": "Feature",
      "properties": {
        "@id": "way/1436537373",
        "bridge": "yes",
        "highway": "secondary",
        "layer": "1",
        "ref": "N 44",
        "smoothness": "intermediate",
        "source": "GPS",
        "surface": "asphalt"
      },
      "geometry": {
        "type": "LineString",
        "coordinates": [
          [
            48.4353733,
            -17.8032791
          ],
          [
            48.4354192,
            -17.8028979
          ]
        ]
      },
      "id": "way/1436537373"
    },
    {
      "type": "Feature",
      "properties": {
        "@id": "way/1436537374",
        "highway": "secondary",
        "ref": "N 44",
        "smoothness": "intermediate",
        "source": "GPS",
        "surface": "asphalt"
      },
      "geometry": {
        "type": "LineString",
        "coordinates": [
          [
            48.4329922,
            -17.8162392
          ],
          [
            48.4330673,
            -17.8158569
          ],
          [
            48.4331703,
            -17.8151875
          ],
          [
            48.4332509,
            -17.8146283
          ],
          [
            48.4332809,
            -17.81442
          ],
          [
            48.4333066,
            -17.8142488
          ],
          [
            48.433382,
            -17.8137479
          ],
          [
            48.4335122,
            -17.8128596
          ],
          [
            48.4336961,
            -17.8119287
          ],
          [
            48.4339002,
            -17.8106092
          ],
          [
            48.4341878,
            -17.8088411
          ],
          [
            48.4345267,
            -17.8071721
          ],
          [
            48.4346319,
            -17.8066779
          ],
          [
            48.4350016,
            -17.8055495
          ],
          [
            48.4351507,
            -17.8048689
          ],
          [
            48.4353733,
            -17.8032791
          ]
        ]
      },
      "id": "way/1436537374"
    }
  ]
}